ply
format ascii 1.0
comment Created by Open3D
element vertex 25000
property double x
property double y
property double z
end_header
1.1592 -29.7401 -3.1655
1.0195 -30.8253 -3.6431
1.1858 -29.694 -3.0903
1.1782 -30.4999 -3.1894
1.0948 -31.2014 -3.4795
1.0884 -31.2991 -3.5062
1.1266 -31.1742 -3.3925
1.3089 -30.5265 -2.8445
1.3252 -30.4425 -2.7929
1.1977 -31.3907 -3.2246
1.2465 -31.3279 -3.0887
1.1529 -32.4767 -3.45
1.2144 -32.1119 -3.2508
1.1914 -32.376 -3.3377
1.1874 -32.619 -3.3722
1.1607 -32.8543 -3.4661
1.1547 -32.9762 -3.4941
1.1485 -33.4764 -3.5596
1.1691 -34.629 -3.6175
1.181 -35.0596 -3.6279
1.2082 -35.1444 -3.5641
1.2309 -35.4479 -3.5334
1.2732 -36.4529 -3.5193
1.2739 -36.6905 -3.5406
1.2774 -36.8018 -3.5424
1.221 -37.4814 -3.7586
1.1655 -38.5053 -4.0063
1.2495 -38.2306 -3.7563
1.0578 -30.1632 -3.4891
1.1068 -30.2071 -3.3632
1.134 -30.1026 -3.2806
1.2182 -29.7455 -3.0219
1.1478 -31.3287 -3.3638
1.1824 -31.2817 -3.2672
1.2937 -30.7134 -2.9159
1.2193 -31.2734 -3.1684
1.0798 -32.2761 -3.6372
1.1612 -31.7494 -3.3694
1.3595 -30.5084 -2.721
1.3483 -30.6113 -2.7607
1.1828 -32.087 -3.3449
1.2169 -32.2051 -3.2657
1.2105 -32.3027 -3.2924
1.2282 -32.398 -3.2547
1.2127 -32.5305 -3.3089
1.1679 -33.1313 -3.4867
1.1939 -32.9543 -3.4002
1.1591 -33.3796 -3.5343
1.0952 -33.8949 -3.7545
1.1097 -33.7965 -3.7064
1.1964 -33.2063 -3.4181
1.1472 -33.73 -3.6002
1.1462 -34.0599 -3.6351
1.1335 -34.1727 -3.6797
1.1735 -34.8432 -3.6389
1.1927 -35.2246 -3.6253
1.2534 -36.0776 -3.5473
1.2437 -36.1707 -3.5823
1.2628 -36.5521 -3.5686
1.245 -36.8351 -3.6438
1.2118 -37.1681 -3.7643
1.2314 -37.5738 -3.752
1.2339 -37.8258 -3.7699
1.245 -37.912 -3.7489
1.2667 -37.7645 -3.6768
1.2086 -38.2405 -3.8778
1.2289 -38.1028 -3.8105
1.214 -38.4728 -3.886
1.092 -30.3016 -3.2616
1.0356 -31.0878 -3.4879
1.0515 -30.9796 -3.435
1.2231 -30.6483 -2.9468
1.0165 -32.1859 -3.6456
1.0361 -32.1064 -3.5857
1.2665 -30.6491 -2.8314
1.289 -30.5499 -2.7619
1.0273 -32.3547 -3.6333
1.1877 -31.5344 -3.1272
1.1421 -33.0813 -3.3989
1.1378 -33.4067 -3.4422
1.1241 -33.5535 -3.4929
1.1157 -34.7136 -3.6282
1.0885 -34.9248 -3.7209
1.0467 -29.9905 -3.3516
1.0663 -29.911 -3.2918
1.0325 -30.3023 -3.4198
1.0984 -29.908 -3.2061
1.0157 -30.6579 -3.4989
1.0354 -30.5785 -3.439
1.1675 -30.2993 -3.0605
1.0313 -31.4132 -3.5311
1.2157 -30.2948 -2.932
1.0475 -31.5184 -3.4983
1.2643 -30.3146 -2.8048
0.9901 -32.3387 -3.7308
1.1546 -31.6782 -3.2291
1.0813 -32.3108 -3.4856
1.1861 -31.7335 -3.1508
1.1301 -32.248 -3.3496
1.0573 -33.6034 -3.6751
1.0655 -33.7093 -3.6638
1.1067 -34.2633 -3.6082
1.0871 -34.6387 -3.6969
1.0971 -35.0549 -3.7108
1.2073 -36.7813 -3.586
1.176 -37.7204 -3.7608
1.1711 -37.9149 -3.7927
1.1931 -37.9808 -3.7406
1.1754 -38.1813 -3.8071
1.1961 -38.0678 -3.7411
1.0142 -29.7912 -3.2647
1.0159 -30.5866 -3.3376
1.0596 -30.5049 -3.2135
1.0579 -30.5972 -3.227
1.1212 -30.4361 -3.043
0.8627 -32.2453 -3.9061
1.1715 -30.3634 -2.9023
0.917 -32.119 -3.7496
1.0763 -31.3328 -3.2497
1.0955 -31.2292 -3.1885
1.121 -31.1104 -3.1094
1.1161 -31.3049 -3.1412
1.1291 -31.2163 -3.098
1.1 -31.6023 -3.2129
1.0618 -32.3189 -3.3841
1.1188 -32.0662 -3.208
1.1284 -32.1623 -3.1918
1.1031 -32.3878 -3.281
0.9549 -33.5562 -3.7887
1.0089 -33.2164 -3.6122
1.0585 -32.9062 -3.4501
1.0502 -32.9894 -3.4802
1.0041 -33.5176 -3.6541
1.0237 -34.3259 -3.6806
1.0209 -34.4523 -3.7003
0.9851 -35.0183 -3.8506
1.0025 -34.9003 -3.7929
1.0168 -34.9911 -3.7636
1.1262 -36.3731 -3.6073
1.1317 -37.008 -3.6545
1.1276 -37.251 -3.689
1.1096 -37.4273 -3.7541
1.1179 -37.6399 -3.7527
1.1393 -37.5749 -3.6893
1.1396 -37.7883 -3.7094
1.0905 -38.2295 -3.8829
1.1049 -38.1311 -3.8348
0.9289 -29.891 -3.2915
0.9569 -29.835 -3.2115
0.8857 -30.3995 -3.4557
0.9256 -30.1823 -3.3286
0.9462 -30.258 -3.2813
0.7911 -31.7957 -3.8432
0.8226 -31.851 -3.7649
0.8908 -31.4953 -3.549
0.9268 -31.4386 -3.4476
0.9399 -31.3501 -3.4044
1.11 -30.2475 -2.8446
0.9178 -32.0652 -3.5327
0.9341 -31.9812 -3.4812
0.9881 -31.9374 -3.3334
0.9997 -31.8587 -3.295
0.9864 -32.0297 -3.347
0.9028 -32.6245 -3.6271
0.9768 -32.8213 -3.4495
1.0147 -32.7789 -3.3446
0.9112 -33.5357 -3.6933
1.0405 -32.6844 -3.2668
0.9581 -33.3518 -3.5508
0.9459 -33.4888 -3.5967
0.9409 -33.5766 -3.6186
1.0064 -33.1581 -3.4036
1.0094 -33.2451 -3.404
0.939 -33.8581 -3.6508
0.9743 -34.0488 -3.5756
0.9763 -34.1699 -3.5822
0.9779 -34.2668 -3.5874
0.9746 -34.5581 -3.6245
0.9618 -34.8601 -3.6878
0.9738 -35.3974 -3.7082
0.9754 -35.4943 -3.7135
1.0334 -35.9885 -3.6076
1.069 -36.2035 -3.5337
1.0694 -36.8195 -3.5925
1.0327 -37.2304 -3.7302
1.005 -37.4998 -3.8302
1.0518 -37.3159 -3.6877
1.0263 -37.6239 -3.7856
1.033 -37.7397 -3.779
0.9405 -38.476 -4.0967
1.0563 -37.689 -3.7121
1.0526 -37.9562 -3.7479
1.0557 -38.0432 -3.7483
1.0572 -38.1401 -3.7536
1.0425 -38.321 -3.8104
0.826 -29.8263 -3.3149
0.8668 -29.7643 -3.2004
0.8864 -29.6848 -3.1405
0.9045 -29.8044 -3.1042
0.7812 -31.3149 -3.5792
0.8707 -31.3793 -3.3475
0.9471 -31.1296 -3.1202
0.9677 -31.0161 -3.0542
0.935 -31.3733 -3.1761
0.9806 -31.1168 -3.0297
1.014 -30.9972 -2.9292
0.8175 -32.5485 -3.6031
0.8591 -32.5349 -3.4912
0.8887 -32.5758 -3.4164
0.9191 -32.3692 -3.3155
0.9529 -32.2739 -3.2162
0.9291 -32.4895 -3.3006
0.9919 -32.1975 -3.1052
0.7882 -33.6087 -3.7844
0.9635 -32.5251 -3.2127
0.927 -32.8535 -3.3416
0.9308 -32.989 -3.3447
0.8868 -33.3424 -3.4963
0.9523 -32.9239 -3.2813
0.9311 -33.2024 -3.3648
0.9427 -33.1237 -3.3263
0.8737 -34.2119 -3.616
0.888 -34.3028 -3.5867
0.8896 -34.3996 -3.5919
0.8822 -34.638 -3.6347
0.8872 -34.8461 -3.6417
0.89 -35.0157 -3.6509
0.8707 -35.3085 -3.7308
0.9032 -35.3297 -3.6464
0.9434 -35.9178 -3.597
0.9622 -36.3817 -3.5921
0.9592 -36.5906 -3.6205
0.9645 -36.7162 -3.6187
0.9929 -36.6845 -3.54
0.9426 -37.053 -3.7096
0.9808 -36.9281 -3.596
0.9711 -37.0212 -3.6309
0.9625 -37.1869 -3.6698
0.9345 -37.5388 -3.7786
0.9275 -37.8014 -3.8227
0.956 -37.7697 -3.7441
0.9627 -37.8855 -3.7375
0.9356 -38.0966 -3.8301
0.8909 -38.5082 -3.9892
0.9665 -38.0209 -3.7405
0.954 -38.2404 -3.7951
0.5458 -29.7625 -3.2765
0.4208 -30.7735 -3.7073
0.5539 -29.8684 -3.2651
0.5859 -29.7587 -3.1694
0.4794 -30.6176 -3.5364
0.4595 -30.7796 -3.605
0.6158 -29.7171 -3.0859
0.4626 -31.7543 -3.6917
0.5176 -31.9723 -3.5667
0.658 -31.018 -3.1004
0.5438 -31.9019 -3.4902
0.669 -31.1043 -3.0794
0.6901 -31.015 -3.0148
0.7227 -30.847 -2.9116
0.5691 -31.9723 -3.4298
0.7526 -30.8054 -2.8282
0.6288 -31.8891 -3.2629
0.6585 -31.7408 -3.1694
0.5954 -32.3046 -3.3922
0.645 -31.9943 -3.2301
0.6609 -31.8861 -3.1772
0.6455 -32.1252 -3.2414
0.6073 -32.4393 -3.3738
0.6261 -32.3114 -3.3113
0.6646 -32.2108 -3.199
0.6235 -32.5445 -3.341
0.5987 -33.386 -3.489
0.6768 -32.8548 -3.2294
0.5875 -33.4889 -3.5287
0.5778 -33.582 -3.5637
0.5428 -33.9006 -3.6878
0.6571 -33.1234 -3.308
0.68 -33.0485 -3.2399
0.7089 -32.8518 -3.1437
0.65 -33.2793 -3.3421
0.5524 -33.9967 -3.6716
0.6103 -33.6032 -3.4793
0.6798 -33.2377 -3.2586
0.5715 -34.0823 -3.6291
0.5929 -34.0172 -3.5658
0.6115 -34.2677 -3.5408
0.596 -34.4001 -3.595
0.5924 -34.774 -3.6408
0.5935 -35.0358 -3.6634
0.5937 -35.1425 -3.6735
0.6049 -35.3355 -3.6625
0.6233 -35.7752 -3.6563
0.6758 -36.0371 -3.5421
0.6786 -36.2066 -3.5513
0.6777 -36.3474 -3.5674
0.6704 -36.5858 -3.6102
0.6605 -37.164 -3.6927
0.6928 -36.9718 -3.5883
0.8426 -33.885 -3.6667
0.6496 -37.4803 -3.7525
0.6707 -37.391 -3.6878
0.6423 -37.7187 -3.7953
0.6586 -37.6347 -3.7437
0.6704 -37.7694 -3.7253
0.671 -37.9003 -3.7367
0.6348 -38.4422 -3.8856
0.6697 -38.3128 -3.7803
0.668 -38.4051 -3.7938
0.5087 -29.712 -3.1177
0.375 -30.6754 -3.5673
0.3416 -31.6826 -3.7542
0.3721 -31.5828 -3.6633
0.4757 -30.9327 -3.3246
0.4886 -31.0334 -3.3001
0.54 -30.7375 -3.1345
0.5639 -30.6285 -3.0602
0.5416 -30.8344 -3.1397
0.5048 -31.1386 -3.2673
0.632 -30.4621 -2.8631
0.6387 -30.5779 -2.8565
0.6194 -30.8707 -2.9365
0.4943 -31.775 -3.3572
0.6177 -30.9631 -2.95
0.6691 -30.6672 -2.7844
0.6659 -30.7693 -2.8027
0.526 -31.7478 -3.2702
0.5247 -31.8644 -3.2851
0.5745 -31.7675 -3.143
0.5283 -32.3782 -3.3256
0.5322 -32.6204 -3.3387
0.5576 -32.5016 -3.2596
0.567 -32.6802 -3.2521
0.5701 -32.8739 -3.2625
0.5604 -32.967 -3.2975
0.513 -33.3159 -3.4574
0.5004 -33.4286 -3.502
0.4539 -33.8259 -3.6645
0.5628 -33.1123 -3.3053
0.4966 -33.5891 -3.5277
0.4493 -33.9379 -3.6876
0.5578 -33.2001 -3.3272
0.534 -33.4158 -3.4115
0.4914 -33.7594 -3.5583
0.5598 -33.3212 -3.3337
0.5283 -33.5619 -3.4407
0.4864 -34.1431 -3.6089
0.4801 -34.3474 -3.6456
0.5118 -34.3202 -3.5586
0.5076 -34.4564 -3.583
0.4796 -34.8083 -3.6918
0.4944 -34.7341 -3.645
0.4941 -35.0058 -3.6725
0.4882 -35.2344 -3.7105
0.5 -35.3691 -3.6921
0.5724 -36.0608 -3.5669
0.5676 -36.2553 -3.5988
0.5922 -36.9758 -3.6034
0.5711 -37.2543 -3.6868
0.5654 -37.4003 -3.7161
0.575 -37.4965 -3.6999
0.5546 -37.8234 -3.7859
0.5479 -38.0035 -3.8213
0.5708 -37.9286 -3.7531
0.5452 -38.1299 -3.841
0.5501 -38.2313 -3.8379
0.5748 -38.1708 -3.7662
0.5557 -38.3811 -3.8374
0.5786 -38.3062 -3.7692
0.5559 -38.4879 -3.8474
0.357 -30.0041 -3.2895
0.3278 -30.2834 -3.3943
0.3909 -30.0155 -3.2003
0.3532 -32.0225 -3.4966
0.3798 -31.9764 -3.4214
0.406 -31.906 -3.3449
0.4743 -31.4678 -3.1204
0.3652 -32.2639 -3.4882
0.4653 -31.7985 -3.1767
0.3963 -32.295 -3.4087
0.4558 -32.5902 -3.2792
0.4376 -32.849 -3.353
0.4593 -32.7014 -3.2809
0.4694 -32.9284 -3.2761
0.4175 -33.3893 -3.4591
0.4382 -33.2758 -3.3931
0.4689 -33.0934 -3.2935
0.384 -33.6981 -3.5784
0.4075 -33.5649 -3.5028
0.4937 -33.0329 -3.2218
1.096 -33.6095 -3.5728
0.4525 -33.3666 -3.3638
0.4407 -33.5278 -3.411
0.3789 -33.9751 -3.619
0.4946 -33.188 -3.2345
0.4179 -34.1945 -3.5367
0.4061 -34.3557 -3.5839
0.374 -34.6547 -3.6984
0.3684 -34.8007 -3.7276
0.3898 -34.7356 -3.6642
0.386 -34.8961 -3.69
0.3796 -34.9937 -3.7166
0.3712 -35.2662 -3.7655
0.4045 -35.3358 -3.6838
0.4603 -36.0873 -3.6088
0.4972 -36.3749 -3.5388
0.5109 -36.524 -3.5169
0.4846 -36.7836 -3.6122
0.5111 -36.6307 -3.527
0.5159 -36.7321 -3.5239
0.4546 -37.2036 -3.7331
0.4893 -36.9675 -3.6178
0.5037 -36.8691 -3.5697
0.4861 -37.0696 -3.6361
0.4624 -37.5812 -3.7492
0.4574 -37.669 -3.7711
0.4871 -37.5207 -3.6776
0.4877 -37.6516 -3.6889
0.4643 -37.8915 -3.7745
1.2323 -30.4243 -2.9005
0.486 -37.7439 -3.7024
0.4568 -38.0232 -3.8073
0.4471 -38.1163 -3.8422
0.5531 -31.8326 -3.2064
0.4505 -38.2275 -3.8439
0.4529 -38.3728 -3.8518
0.4828 -38.3312 -3.7683
0.4767 -38.4531 -3.7962
0.3322 -29.7224 -3.0788
0.2061 -30.6608 -3.5056
0.2143 -30.7668 -3.4942
0.3017 -30.8992 -3.2747
0.3162 -30.8008 -3.2267
0.34 -30.8811 -3.1711
0.3695 -30.8152 -3.0864
0.4026 -30.7781 -2.9946
0.4512 -30.7978 -2.8674
0.302 -31.8937 -3.371
0.4778 -30.7517 -2.7922
0.3558 -31.7431 -3.2133
0.2944 -32.2145 -3.4225
0.3415 -31.9482 -3.2714
0.3977 -31.647 -3.0927
0.2997 -32.3402 -3.4207
0.3229 -32.1828 -3.3438
0.2778 -32.5702 -3.5015
0.3259 -32.2698 -3.3443
0.3178 -32.4598 -3.3844
0.3755 -32.7405 -3.2584
0.3683 -33.0856 -3.3112
0.2668 -33.8568 -3.6563
0.3193 -33.5268 -3.4846
0.3645 -33.2461 -3.337
0.3992 -33.01 -3.2216
0.3147 -33.6388 -3.5078
0.3892 -33.1855 -3.2653
0.3499 -33.5337 -3.4038
0.2968 -33.9219 -3.5829
0.3753 -33.4148 -3.3247
0.3912 -33.3066 -3.2718
0.3007 -34.0574 -3.5859
0.2806 -34.3018 -3.6632
0.3191 -34.2012 -3.5509
0.2491 -34.7317 -3.7889
0.316 -34.3033 -3.5692
0.294 -34.5334 -3.65
0.2971 -34.6204 -3.6504
0.2776 -34.8066 -3.7203
0.2749 -34.933 -3.7399
0.2531 -35.2697 -3.8307
0.3002 -35.0034 -3.6796
0.2864 -35.3394 -3.749
0.3055 -35.4249 -3.7065
0.2988 -35.605 -3.7419
0.3808 -35.801 -3.5429
0.3938 -35.9017 -3.5184
0.3869 -36.4602 -3.5912
0.4083 -36.3951 -3.5279
0.4107 -36.5404 -3.5357
0.4109 -36.6471 -3.5457
0.403 -36.7546 -3.5772
0.4235 -36.8303 -3.5299
0.3857 -37.4645 -3.6923
0.3458 -37.8709 -3.8382
0.3897 -37.7067 -3.7054
0.3793 -37.858 -3.7477
0.3748 -37.97 -3.7709
0.3899 -38.1093 -3.7442
0.4007 -38.2781 -3.7319
0.9669 -31.2636 -3.0804
0.391 -38.3711 -3.7668
0.3813 -38.4642 -3.8018
0.1991 -29.7537 -3.1762
0.2293 -29.7363 -3.094
0.2167 -29.8491 -3.1385
0.2586 -29.753 -3.0179
0.1177 -30.7656 -3.4915
0.18 -30.9343 -3.3424
0.2091 -30.8443 -3.2563
0.2434 -30.8799 -3.1684
0.2743 -30.8042 -3.0788
0.1683 -31.6874 -3.4471
0.2065 -31.5625 -3.3334
0.2033 -31.6647 -3.3518
0.1984 -32.0484 -3.4024
0.2015 -32.1354 -3.4028
0.2333 -31.9189 -3.2971
0.2276 -32.065 -3.3263
0.2286 -32.2202 -3.3389
0.2201 -32.3859 -3.3778
0.2264 -32.4775 -3.3699
0.2588 -32.392 -3.2755
0.2484 -32.5433 -3.3179
0.2722 -32.8127 -3.2811
0.3049 -32.7514 -3.188
0.3032 -32.8438 -3.2015
0.2073 -33.6581 -3.5361
0.2848 -33.1851 -3.284
0.3025 -33.0912 -3.2276
0.2723 -33.4046 -3.3386
0.2615 -33.5317 -3.3796
0.2359 -33.733 -3.4674
0.2009 -34.2408 -3.6102
0.9484 -38.3864 -3.8244
0.2125 -34.1621 -3.5718
0.1793 -34.6843 -3.7111
0.1664 -34.8795 -3.7644
0.1809 -34.7812 -3.7163
0.1728 -34.9711 -3.7565
0.1975 -34.9106 -3.6848
0.2024 -35.012 -3.6817
0.1873 -35.1686 -3.7372
0.1776 -35.2617 -3.7721
0.278 -35.7907 -3.5569
0.337 -35.955 -3.4161
0.3161 -36.151 -3.4908
0.331 -36.0768 -3.444
0.3288 -36.8192 -3.5225
0.3003 -37.0402 -3.6199
0.2953 -37.128 -3.6418
0.6322 -33.3732 -3.3985
0.2744 -37.324 -3.7164
0.3026 -37.3747 -3.6465
0.2973 -37.7342 -3.6958
0.2799 -38.3374 -3.801
0.2948 -38.2632 -3.7542
0.3005 -38.4131 -3.7537
0.0871 -29.8347 -3.231
0.1104 -29.784 -3.1641
0.1366 -29.7136 -3.0876
0.1476 -29.7999 -3.0666
0.0674 -30.8843 -3.386
0.1049 -30.8177 -3.2798
0.1487 -30.8427 -3.1657
0.1956 -30.7656 -3.0332
0.0979 -32.1573 -3.429
0.1067 -32.5008 -3.439
0.097 -32.5939 -3.474
0.2189 -31.7918 -3.0715
0.1867 -33.0609 -3.2811
0.1224 -33.552 -3.5
0.1011 -33.7238 -3.5734
0.1792 -33.1926 -3.3138
0.2139 -32.9565 -3.1985
0.2025 -33.1419 -3.247
0.0919 -33.9478 -3.6197
0.1914 -33.3515 -3.2968
0.0684 -34.3769 -3.7241
0.0650001 -34.5616 -3.7512
0.0484 -34.7281 -3.8115
0.0793 -34.6524 -3.7219
0.1085 -35.4501 -3.7221
0.1841 -35.7437 -3.5498
0.2417 -36.0245 -3.4239
0.2203 -36.3855 -3.5161
0.2469 -36.3394 -3.4409
0.2004 -36.7367 -3.6034
0.2388 -36.5293 -3.4811
0.2141 -36.8858 -3.5815
0.2256 -36.8071 -3.5431
0.1595 -37.2838 -3.7655
0.1989 -37.0424 -3.637
0.1879 -37.252 -3.6868
0.1635 -37.526 -3.7786
0.197 -37.5131 -3.6881
0.191 -37.635 -3.716
0.1711 -37.7969 -3.7846
0.1926 -37.7318 -3.7213
0.2022 -37.828 -3.7051
0.2064 -37.9876 -3.7094
0.1964 -38.1632 -3.7531
0.1858 -38.3971 -3.8042
0.00349998 -29.7971 -3.1916
1.0658 -30.3719 -3.3381
0.0184 -29.7229 -3.1448
-0.0834 -31.3575 -3.575
0.0674 -30.3586 -3.0765
-0.0235 -31.0851 -3.3893
0.0501 -30.7726 -3.1629
-0.00839996 -31.2244 -3.3626
0.00320005 -31.1457 -3.3241
0.0162001 -31.0571 -3.2809
-0.0181 -31.3174 -3.3975
0.0908 -30.6038 -3.0384
0.0876 -30.706 -3.0567
0.1188 -30.5478 -2.9584
0.027 -31.2259 -3.2686
0.1255 -30.6636 -2.9518
0.0488 -31.966 -3.2829
0.0406001 -32.0493 -3.313
0.0721 -31.9153 -3.216
0.0301 -32.3898 -3.3741
0.0677 -32.1341 -3.2492
0.0618 -32.3626 -3.2871
0.0492001 -32.4754 -3.3317
0.1258 -31.954 -3.077
0.0179 -32.8227 -3.4488
0.0199 -32.9438 -3.4553
0.0471001 -32.8394 -3.3727
0.0183001 -33.628 -3.5264
0.0466 -33.4895 -3.4377
0.0976 -33.1694 -3.2708
-0.00779998 -33.9942 -3.6317
0.0514001 -33.5909 -3.4346
0.9864 -36.1903 -3.5091
0.0316 -33.7528 -3.5032
-0.0505 -34.527 -3.7972
-0.075 -34.801 -3.8889
-0.0128 -34.3779 -3.6823
-0.0429 -34.7979 -3.8033
-0.0240999 -35.1552 -3.7883
-0.0353 -35.2581 -3.8281
-0.00639999 -35.0613 -3.732
0.00540006 -35.3852 -3.7323
0.0316 -35.3149 -3.6558
0.0629001 -35.5593 -3.5963
0.133 -35.8098 -3.4345
0.1379 -36.2072 -3.4602
0.1641 -36.1368 -3.3837
0.1332 -36.5084 -3.5021
0.1593 -36.3313 -3.4156
0.1167 -36.6749 -3.5624
0.0725 -37.2175 -3.7328
0.0683 -37.3537 -3.7572
0.0949 -37.3075 -3.682
0.094 -37.4483 -3.6982
0.0727 -37.6201 -3.7716
0.0989 -37.5497 -3.6951
0.0919 -38.0015 -3.7579
0.1184 -37.9554 -3.6828
0.1155 -38.4601 -3.7399
-0.1037 -29.7089 -3.2107
-0.0738 -29.6673 -3.1272
-0.0692 -30.3363 -3.1804
-0.049 -30.1986 -3.1131
-0.00469995 -30.0586 -2.9815
-0.0232999 -30.2932 -3.054
1.107 -32.4054 -3.4266
-0.0331 -30.3863 -3.089
-0.1629 -31.2959 -3.5229
-0.1264 -31.2633 -3.4228
-0.0743001 -30.9092 -3.2498
-0.0857999 -31.0946 -3.2982
-0.0178 -30.6322 -3.0723
-0.1211 -31.389 -3.421
-0.1348 -31.5358 -3.4717
-0.0274 -30.832 -3.1173
-0.00829995 -30.9176 -3.0749
0.0305001 -30.7344 -2.9539
0.015 -30.8669 -3.008
-0.12 -32.2426 -3.5013
-0.1363 -32.6225 -3.5816
0.6443 -37.8398 -3.8018
-0.0867 -32.3123 -3.4195
-0.0664999 -32.1746 -3.3522
-0.1031 -32.5855 -3.4898
-0.1218 -32.8201 -3.5624
-0.0451 -32.2987 -3.3076
0.0228 -32.0255 -3.1005
0.0242 -32.3116 -3.1245
0.049 -32.2511 -3.0528
-0.0086 -33.1539 -3.2939
-0.0685999 -33.6155 -3.4984
-0.1003 -33.9386 -3.6142
-0.0812 -34.0242 -3.5717
-0.1325 -34.4267 -3.7474
-0.1079 -34.2595 -3.6657
-0.1143 -34.3571 -3.6923
-0.1511 -34.6613 -3.8199
-0.1828 -34.9845 -3.9357
-0.1597 -34.8271 -3.8588
-0.1213 -34.6197 -3.7364
-0.1382 -34.762 -3.7954
-0.1629 -35.1184 -3.8959
-0.162 -35.2736 -3.9085
-0.1275 -35.12 -3.8019
-0.1367 -35.344 -3.8482
-0.1071 -35.3849 -3.7734
0.00600004 -35.612 -3.4949
0.0141 -35.7179 -3.4835
0.026 -35.8526 -3.4651
0.0649 -36.2613 -3.4017
0.0407 -36.4528 -3.4847
-0.0105 -36.9621 -3.6704
0.0213 -36.7456 -3.5646
0.4311 -32.9466 -3.3797
0.0420001 -36.6321 -3.4987
0.0583 -36.5481 -3.4471
-0.00730002 -37.1558 -3.6808
0.0433 -36.8115 -3.5126
0.0235 -36.9734 -3.5812
-0.0303 -37.4199 -3.7678
0.00600004 -37.2807 -3.6576
-0.0369999 -37.6 -3.8031
-0.00450003 -37.6212 -3.7188
-0.0153 -37.7484 -3.7598
-0.00129998 -38.1109 -3.758
0.0193 -37.9974 -3.692
0.3588 -38.0783 -3.8237
-0.0271 -38.5014 -3.8646
0.0124 -38.26 -3.7361
0.0371 -38.1994 -3.6644
0.0377001 -38.3304 -3.6758
0.0279 -38.4234 -3.7107
-0.3235 -30.7087 -3.6377
-0.3024 -30.6195 -3.573
-0.3215 -30.8298 -3.6443
-0.2982 -30.7791 -3.5774
-0.2543 -30.6149 -3.4445
-0.1852 -30.4144 -3.2413
-0.1535 -30.3872 -3.1543
-0.1206 -30.4326 -3.0712
-0.2274 -31.374 -3.447
-0.1962 -31.2159 -3.3487
-0.1946 -31.3127 -3.3539
-0.2024 -31.5269 -3.3954
-0.0482 -30.8285 -2.9173
0.00380003 -30.6635 -2.763
0.0351 -30.6121 -2.6747
0.0167 -30.7642 -2.7385
-0.2059 -32.4926 -3.4988
-0.2068 -32.6333 -3.515
-0.1669 -32.4162 -3.3878
-0.1806 -32.563 -3.4385
-0.129 -32.3738 -3.2829
-0.0761 -32.364 -3.1413
-0.05 -32.1869 -3.0548
-0.2097 -34.0258 -3.6586
-0.1033 -33.3561 -3.3103
-0.168 -33.823 -3.5279
-0.2185 -34.2741 -3.7062
-0.1729 -34.0175 -3.5598
-0.1381 -33.7814 -3.4444
-0.2259 -34.5124 -3.749
-0.2743 -34.8953 -3.915
-0.2551 -34.7917 -3.8539
-0.2818 -35.027 -3.9478
0.14 -33.6474 -3.4624
-0.2336 -34.7266 -3.7905
-0.2422 -34.8923 -3.8294
-0.2566 -35.2866 -3.9062
-0.1174 -35.4434 -3.5513
-0.0906 -35.5039 -3.4861
-0.1058 -35.6606 -3.5416
-0.0843 -35.5955 -3.4782
-0.0754 -35.7499 -3.4695
-0.0357 -36.207 -3.4086
-0.0749 -32.447 -3.4011
-0.0294 -36.2986 -3.4007
-0.0707 -36.8215 -3.5615
-0.0273 -36.5264 -3.4173
-0.077 -37.0258 -3.5982
-0.1283 -37.4284 -3.7739
-0.0899 -37.2211 -3.6515
-0.1325 -37.5646 -3.7983
-0.0941 -37.3573 -3.676
-0.1206 -37.6994 -3.7799
-0.1304 -37.7924 -3.8149
-0.1105 -37.9264 -3.7751
-0.099 -38.0369 -3.7554
-0.0841 -38.2586 -3.7374
-0.0733 -38.4274 -3.7252
-0.2999 -31.489 -3.3991
-0.3055 -31.635 -3.4284
0.7854 -33.7351 -3.804
-0.2345 -31.2597 -3.2029
-0.2307 -31.3952 -3.2059
-0.2049 -31.3006 -3.1281
-0.0931 -30.5673 -2.7593
-0.1072 -30.6899 -2.8087
-0.1816 -31.2499 -3.0612
-0.1132 -30.8117 -2.8366
-0.1442 -31.0766 -2.945
-0.0628 -30.5499 -2.6771
-0.3251 -32.4955 -3.5646
-0.0556999 -30.6899 -2.6718
-0.1055 -31.0827 -2.8427
-0.2013 -32.2995 -3.2162
-0.2435 -32.6673 -3.3644
-0.2004 -32.4547 -3.2289
-0.1723 -32.3987 -3.1489
-0.2059 -32.7074 -3.2682
-0.2184 -33.1161 -3.3415
-0.2408 -33.3219 -3.4211
-0.1902 -32.9776 -3.2528
-0.1706 -32.8982 -3.193
-0.2439 -33.4241 -3.4394
-0.2504 -33.5217 -3.4661
-0.2553 -33.6095 -3.4879
-0.1801 -33.098 -3.2379
-0.3351 -34.2331 -3.761
-0.3221 -34.1445 -3.7177
-0.3048 -34.0265 -3.6601
-0.2093 -33.3772 -3.3428
0.4849 -31.7191 -3.1168
-0.192 -33.2592 -3.2851
-0.345 -34.5153 -3.8147
-0.303 -34.2301 -3.6753
-0.369 -34.8135 -3.9078
-0.3169 -34.4594 -3.7347
-0.3197 -34.5857 -3.7544
-0.3377 -34.7621 -3.8195
-0.3481 -34.9134 -3.8619
-0.3546 -35.2002 -3.9073
-0.3358 -35.0724 -3.8448
-0.209 -35.4485 -3.5444
-0.1597 -35.5167 -3.4198
-0.1761 -35.7899 -3.4901
-0.1693 -35.9057 -3.4835
-0.1311 -36.0767 -3.3987
-0.1061 -36.2296 -3.3471
-0.1056 -36.3605 -3.3584
-0.2005 -37.1407 -3.687
-0.2264 -37.4245 -3.7836
-0.1938 -37.2565 -3.6805
-0.1174 -36.8176 -3.4344
-0.2323 -37.6531 -3.8216
-0.234 -37.7454 -3.8351
-0.1718 -37.3224 -3.6284
-0.1211 -36.9781 -3.4602
-0.2231 -37.9142 -3.8228
-0.205 -37.8445 -3.7678
-0.0648 -37.0795 -3.3203
-0.1926 -38.1102 -3.7607
-0.1807 -38.2449 -3.7424
-0.1691 -38.1662 -3.7039
-0.1649 -38.3259 -3.7082
0.6992 -32.9449 -3.1787
-0.1425 -38.416 -3.6575
-0.2937 -31.2007 -3.101
-0.2023 -30.6876 -2.8082
-0.2584 -31.0955 -2.997
-0.1776 -30.6271 -2.7365
-0.3133 -31.576 -3.1897
-0.2915 -31.4285 -3.1176
-0.205 -30.9207 -2.8379
-0.1887 -30.8367 -2.7863
-0.1633 -30.7179 -2.7072
-0.2179 -31.116 -2.8912
-0.1873 -31.0161 -2.8003
-0.2767 -31.6502 -3.0996
-0.3072 -32.046 -3.2193
-0.2832 -31.937 -3.1451
-0.264 -31.8334 -3.0839
-0.3593 -32.696 -3.4212
-0.2551 -31.9878 -3.0751
-0.3415 -32.6022 -3.3648
-0.2359 -31.8841 -3.0139
-0.3445 -32.8111 -3.3932
-0.3257 -32.6832 -3.3307
-0.2701 -32.547 -3.1694
-0.3153 -33.1237 -3.3459
-0.2936 -32.9761 -3.2738
-0.3453 -33.3545 -3.4482
-0.3528 -33.4861 -3.481
-0.29 -33.1941 -3.2856
-0.4466 -34.339 -3.8135
-0.3807 -33.9447 -3.5998
-0.353 -33.8645 -3.5185
-0.48 -34.7544 -3.9428
-0.4149 -34.3118 -3.7265
-0.4623 -34.6606 -3.8864
-0.487 -35.017 -3.9869
-0.4479 -34.7514 -3.8571
-0.4243 -34.6183 -3.7815
-0.4593 -34.9368 -3.9056
-0.4421 -35.3039 -3.8955
-0.2677 -35.5447 -3.4553
-0.254 -35.6938 -3.4334
-0.241 -35.6052 -3.3901
-0.2644 -35.8451 -3.4758
-0.254 -35.9897 -3.4622
-0.3507 -37.1581 -3.8331
-0.1946 -36.1782 -3.3227
-0.2145 -36.3401 -3.3913
-0.223 -36.5058 -3.4302
-0.3337 -37.3117 -3.8029
-0.3192 -37.2134 -3.7549
-0.2247 -36.5982 -3.4437
-0.1921 -36.4302 -3.3406
-0.3357 -37.4865 -3.8252
-0.3193 -37.4026 -3.7736
-0.3374 -37.5789 -3.8388
-0.1933 -36.6534 -3.3655
-0.2016 -36.7367 -3.3956
-0.2 -36.8335 -3.4009
-0.1734 -36.7874 -3.3257
-0.3264 -37.8544 -3.8365
-0.1809 -36.9191 -3.3584
-0.3062 -38.0125 -3.798
-0.2866 -37.9331 -3.7382
-0.1679 -37.1264 -3.344
-0.1355 -37.0409 -3.2496
-0.2718 -38.0481 -3.7102
-0.254 -38.2502 -3.6826
-0.2634 -38.3675 -3.7188
-0.2505 -38.4682 -3.6944
-0.4125 -29.7468 -3.0227
-0.4265 -31.053 -3.1874
-0.3534 -30.6096 -2.9496
-0.3936 -31.0985 -3.1043
-0.3222 -30.7474 -2.8801
-0.2603 -30.5961 -2.7009
-0.3797 -31.461 -3.1025
-0.3894 -31.5541 -3.1375
-0.3185 -31.072 -2.9019
-0.262 -30.6884 -2.7144
-0.3471 -31.4822 -3.0181
-0.329 -31.4126 -2.9631
-0.4025 -32.1277 -3.2283
-0.9707 -36.5272 -5.1678
-0.3941 -32.743 -3.2658
-0.355 -32.4774 -3.136
-0.9625 -36.6332 -5.1564
-0.4387 -33.2613 -3.4349
-0.4462 -33.393 -3.4677
-0.3984 -33.0684 -3.3091
-0.9379 -36.7618 -5.1035
-0.4049 -33.166 -3.3357
-0.3493 -32.9231 -3.1644
-0.3765 -33.1342 -3.257
-0.4718 -33.8902 -3.5844
-0.538 -34.3669 -3.8068
-0.4464 -33.7714 -3.5052
-0.4287 -33.6776 -3.4489
-0.509 -34.2769 -3.7207
-0.4745 -34.1233 -3.6141
-0.8753 -36.9549 -4.9557
-0.5583 -34.8005 -3.9029
-0.5301 -34.8513 -3.833
-0.5459 -35.0662 -3.8959
-0.5249 -34.9769 -3.8312
-0.5606 -35.247 -3.9527
-0.5597 -35.4022 -3.9654
-0.5177 -35.1169 -3.8259
-0.5339 -35.3076 -3.8876
-0.3411 -35.6922 -3.4123
-0.3299 -35.8852 -3.4014
-0.3545 -36.3483 -3.5119
-0.3099 -36.1259 -3.3716
-0.4589 -37.2458 -3.8768
-0.4308 -37.1898 -3.7968
-0.4565 -37.3911 -3.8847
-0.4207 -37.4169 -3.792
-0.3295 -36.7971 -3.4891
-0.4096 -37.5032 -3.771
-0.2974 -36.7941 -3.4035
-0.4246 -37.7665 -3.8365
-0.405 -37.6871 -3.7767
-0.4222 -37.9118 -3.8444
-0.3946 -37.8316 -3.7631
-0.2745 -37.0151 -3.3641
-0.2743 -37.1218 -3.3741
-0.3991 -38.0503 -3.7963
-0.3824 -38.2864 -3.7748
-0.3633 -38.372 -3.7324
0.953 -36.0139 -3.5808
-0.3451 -38.3024 -3.6774
-0.3489 -38.4628 -3.7031
-1.4817 -34.5008 -6.0698
-1.4569 -34.4403 -5.9981
-1.4907 -35.1274 -6.1549
-1.4891 -35.2243 -6.1602
-1.4575 -35.0904 -6.0631
-1.4592 -35.1827 -6.0767
-1.4351 -35.4764 -6.0412
-1.3887 -35.2683 -5.8974
-1.427 -35.5823 -6.0298
-1.3943 -35.4143 -5.9267
-1.4055 -35.5172 -5.9665
-1.3028 -35.8957 -5.7304
-1.3218 -36.2128 -5.8116
-1.2885 -35.9865 -5.7011
-0.4215 -30.3899 -2.8505
-0.4369 -30.629 -2.9147
-0.4072 -30.4807 -2.8212
-0.4056 -30.5776 -2.8265
-0.4727 -31.1951 -3.065
-0.4265 -31.0695 -2.93
-0.4702 -31.4471 -3.0829
-0.382 -31.0362 -2.8085
-0.4579 -31.606 -3.0658
-0.3515 -30.9363 -2.7176
-0.4699 -31.9564 -3.1318
-0.4351 -31.7203 -3.0164
-0.4821 -32.0934 -3.1777
-0.4522 -32.0518 -3.0942
-0.4406 -31.9731 -3.0557
-0.4225 -31.9035 -3.0007
-0.4542 -32.2266 -3.1165
-0.4588 -32.3386 -3.1396
-0.47 -32.4415 -3.1794
-0.4635 -32.6398 -3.1815
-0.4786 -32.7964 -3.237
-0.5444 -33.2974 -3.4607
-0.4539 -32.7359 -3.1653
-1.0277 -36.6898 -5.0763
-0.491 -33.1226 -3.3017
-0.4602 -32.9402 -3.202
-0.4443 -32.832 -3.1491
-0.9919 -36.7155 -4.9836
-0.4686 -33.2127 -3.2509
-0.1077 -34.0703 -3.6469
-1.0037 -36.8767 -5.0308
-0.5018 -33.5456 -3.3715
-0.979 -36.8162 -4.9591
-0.5016 -33.6524 -3.3816
-0.6571 -34.7632 -3.9033
-0.65 -34.9032 -3.8981
-0.6351 -34.8291 -3.8513
-0.6486 -35.1893 -3.9221
-0.6174 -35.0311 -3.8237
-0.6143 -35.1182 -3.8242
-0.6338 -35.3043 -3.8941
-0.4778 -35.6972 -3.5176
-0.4817 -36.0469 -3.5622
-0.4621 -35.9674 -3.5023
-0.0108 -32.3343 -3.2197
-0.4458 -35.8834 -3.4507
-0.5538 -37.048 -3.8514
-0.5627 -37.1896 -3.889
-0.5655 -37.3159 -3.9086
-0.5277 -37.1669 -3.7937
-0.5342 -37.2645 -3.8203
-0.5326 -37.3614 -3.8256
-0.5222 -37.5059 -3.812
-0.518 -37.6656 -3.8163
-0.5152 -37.8351 -3.8255
-0.4989 -37.7511 -3.7739
-0.1549 -35.5748 -2.6473
-0.5654 -38.4996 -4.0238
-0.121 -35.5862 -2.5582
0.5963 -34.9095 -3.6438
-0.0868 -35.5151 -2.4602
0.9035 -30.3057 -3.3993
-0.4709 -38.1803 -3.7415
-0.0895 -35.6415 -2.4799
-0.4599 -38.2665 -3.7205
-1.6497 -35.4074 -6.3477
0.9708 -31.2744 -3.3148
-1.5982 -35.1115 -6.1821
-1.5718 -34.9587 -6.0968
-1.6201 -35.4483 -6.2729
-1.5404 -34.9072 -6.0085
-1.5878 -35.2561 -6.1685
-0.6025 -29.799 -3.0174
-0.5738 -30.2765 -2.9876
-0.5517 -30.1532 -2.9168
-0.5233 -31.0091 -2.9246
-0.5851 -31.4563 -3.1326
-0.5362 -31.2044 -2.9779
-0.5412 -31.2921 -2.9997
-0.489 -30.938 -2.8267
-0.5501 -31.4337 -3.0373
-0.4422 -30.7541 -2.6842
-0.5533 -31.5358 -3.0557
-0.6133 -31.9974 -3.2602
-0.5656 -31.862 -3.1203
-0.5498 -31.943 -3.0862
-0.5248 -31.8 -3.0058
-1.1756 -36.2751 -5.1717
-1.1882 -36.3878 -5.2163
-1.1565 -36.3606 -5.1293
-0.5629 -32.3274 -3.1583
-0.5269 -32.164 -3.0468
-0.5652 -32.478 -3.1793
-0.5822 -32.6203 -3.2383
-0.5963 -32.7429 -3.2876
-1.1548 -36.5642 -5.1446
-0.5264 -32.2949 -3.0582
-0.3699 -32.8474 -3.2116
-0.5339 -32.4266 -3.091
-0.5352 -32.5431 -3.1058
-0.6375 -33.3725 -3.4585
-0.5937 -33.1016 -3.3156
-0.5693 -33.0168 -3.2426
-0.5447 -32.8496 -3.1609
-0.546 -32.9662 -3.1757
-0.6607 -33.8258 -3.5642
-0.5651 -33.1765 -3.2469
-0.6704 -33.9188 -3.5992
-0.6166 -33.7683 -3.4414
-0.581 -33.5806 -3.3286
-0.6456 -37.22 -3.8545
-0.636 -37.3161 -3.8383
-0.6457 -37.4092 -3.8733
-0.6219 -37.4894 -3.8178
-0.6267 -37.6839 -3.8496
-0.5987 -37.6279 -3.7696
-0.5953 -37.7392 -3.7714
-0.5911 -37.8989 -3.7757
-0.2004 -35.3253 -2.4865
-0.5782 -37.9995 -3.7512
-0.1999 -35.4563 -2.4979
-0.5828 -38.1115 -3.7744
-0.2063 -35.5539 -2.5245
-0.2315 -35.8861 -2.6237
-0.4292 -34.2209 -3.7558
-0.598 -38.4574 -3.8487
-0.2057 -35.7915 -2.5459
-0.573 -38.3143 -3.7683
-0.5616 -38.4248 -3.7486
-0.2309 -36.3129 -2.6639
-0.2408 -36.5952 -2.7176
-0.1879 -36.2895 -2.5471
-0.2183 -36.792 -2.6769
-0.2163 -36.9131 -2.6835
-0.1829 -36.7935 -2.5829
-0.1873 -37.1189 -2.6262
-0.1674 -37.2529 -2.5864
-0.7966 -29.8423 -3.027
-0.7852 -29.9528 -3.0073
-0.8187 -31.3627 -3.2331
-0.784 -31.3158 -3.1365
-0.7887 -31.4278 -3.1597
-0.7436 -31.2295 -3.0207
-0.7023 -31.0025 -2.8887
-0.6776 -30.8353 -2.807
-0.754 -31.3809 -3.0631
-0.654 -30.7021 -2.7314
-0.6923 -31.1229 -2.8738
-0.7476 -31.5792 -3.0652
-0.6621 -30.9988 -2.7816
-0.6425 -30.9193 -2.7218
-0.7801 -31.9606 -3.1885
-0.7528 -31.8561 -3.1059
-0.7475 -31.9818 -3.1041
-0.7113 -31.7359 -2.9839
-0.7477 -32.171 -3.1229
-0.7602 -32.3904 -3.1775
-0.7725 -32.5274 -3.2233
-0.7804 -32.6349 -3.2548
-0.721 -32.2315 -3.0577
-0.7331 -32.4752 -3.1136
-0.7425 -32.5925 -3.1499
-0.7581 -32.7249 -3.2041
-0.7906 -32.9996 -3.3173
-0.7938 -33.1018 -3.3356
-0.7503 -32.8067 -3.1914
-0.7393 -32.893 -3.1704
-0.8022 -33.3742 -3.3845
-0.838 -33.7511 -3.516
-0.7737 -33.4492 -3.3159
-0.7728 -33.6043 -3.3285
-0.8539 -37.2452 -3.8972
-0.8569 -37.454 -3.9255
-0.8271 -37.4124 -3.8421
-0.8441 -37.5547 -3.9011
-0.8133 -37.9641 -3.859
-0.4031 -35.1803 -2.4986
-0.3744 -35.066 -2.4112
-0.3729 -35.1629 -2.4165
-0.4087 -35.433 -2.538
-0.7883 -38.117 -3.8074
-0.4093 -35.598 -2.5554
-0.7868 -38.2139 -3.8127
-0.4065 -35.7675 -2.5646
-0.7687 -38.3335 -3.7764
-0.7555 -38.4584 -3.7532
-0.395 -36.2807 -2.5837
-0.4011 -36.4025 -2.6117
-0.4026 -36.7082 -2.6453
-0.4054 -36.8346 -2.665
-0.3921 -36.9595 -2.6418
-0.3949 -37.0859 -2.6614
-0.3834 -37.1964 -2.6417
-0.362 -37.1313 -2.5784
-0.3738 -37.2925 -2.6256
-0.3548 -37.378 -2.5831
-0.8511 -31.4829 -3.0787
-0.7511 -30.8041 -2.7471
-0.8261 -31.3398 -2.9983
-0.7967 -31.1673 -2.9035
-0.7735 -31.0099 -2.8266
-0.8553 -31.6191 -3.1031
-0.714 -30.7133 -2.6395
-0.7672 -31.1015 -2.8187
-0.7915 -31.2929 -2.9017
-0.8085 -31.4352 -2.9607
-0.8762 -31.9218 -3.1879
-0.8585 -32.0172 -3.1503
-0.8422 -32.2291 -3.1275
-0.8241 -32.1595 -3.0724
-0.8374 -32.3305 -3.1244
-0.8478 -32.4818 -3.1668
-0.8421 -32.6317 -3.1663
-0.8562 -32.7543 -3.2157
-0.9014 -33.1417 -3.3734
-0.8966 -33.2431 -3.3703
-0.8614 -33.0313 -3.2563
-0.8233 -32.7997 -3.1326
-0.9419 -33.8198 -3.5468
-0.8854 -33.4361 -3.3593
-0.8819 -33.6541 -3.3711
-0.9412 -37.6325 -3.9149
-0.9179 -37.5818 -3.848
-0.9371 -37.7922 -3.9192
-0.9285 -37.9224 -3.9091
-0.907 -37.8573 -3.8458
-0.503 -35.1952 -2.5136
-0.4581 -34.8902 -2.3646
-0.9156 -38.023 -3.8846
-0.4867 -35.1112 -2.462
-0.8927 -37.9481 -3.8164
-0.5087 -35.3412 -2.5428
-0.482 -35.4018 -2.4777
-0.8855 -38.1949 -3.8212
0.9866 -32.0718 -3.107
-0.4843 -35.5524 -2.4986
-0.3399 -31.7289 -3.0229
-0.8706 -38.4166 -3.8032
-0.475 -35.731 -2.4911
-0.8419 -38.3024 -3.7158
-0.8371 -38.4038 -3.7128
-0.4812 -36.042 -2.5378
-0.4968 -36.1745 -2.592
-0.4901 -36.2903 -2.5854
-0.4688 -36.4144 -2.5408
-0.4959 -36.6255 -2.6335
-0.4976 -36.7178 -2.647
-0.5028 -36.9948 -2.6876
-0.4965 -37.0864 -2.6797
-0.4675 -36.8897 -2.5836
-0.4982 -37.1787 -2.6932
-0.4754 -37.293 -2.6438
-0.4373 -37.4641 -2.559
-0.9051 -31.1758 -2.9385
-0.9337 -31.3967 -3.0359
-0.9434 -31.4898 -3.0708
-0.9159 -31.3029 -2.9795
-0.872 -31.1387 -2.8467
-0.986 -31.9401 -3.2277
-0.8006 -30.6809 -2.6125
-0.9276 -31.5708 -3.0367
-0.9001 -31.3839 -2.9454
-0.8509 -31.0494 -2.782
-0.9563 -31.981 -3.1529
-0.9494 -32.3102 -3.1664
-0.9554 -32.432 -3.1944
-0.9621 -32.6121 -3.2297
0.633 -30.7239 -2.8858
-0.9255 -32.3904 -3.1109
-0.9688 -32.7922 -3.2651
-0.9323 -32.5705 -3.1462
-0.9658 -32.8793 -3.2655
-0.9374 -32.8475 -3.1868
-1.0136 -33.4998 -3.4529
-0.9944 -33.3961 -3.3917
-0.9654 -33.1994 -3.2956
-0.9374 -33.1434 -3.2156
-1.0307 -33.8313 -3.5307
-0.9857 -33.633 -3.3917
-1.0576 -37.5108 -3.9601
-1.0295 -37.7507 -3.9089
-1.0374 -37.8582 -3.9403
-0.5839 -34.9925 -2.456
-1.0209 -37.9876 -3.9088
-0.5633 -34.879 -2.39
-0.5871 -35.0946 -2.4743
-0.9818 -38.0179 -3.8079
-0.6034 -35.4745 -2.5547
-0.9874 -38.1639 -3.8371
-0.6051 -35.5669 -2.5682
-0.5972 -35.7553 -2.5656
-0.6116 -35.9604 -2.6237
-0.9724 -38.4924 -3.8292
-0.9363 -38.4357 -3.7278
-0.5985 -36.1678 -2.6092
-0.5855 -36.0792 -2.5659
1.2517 -30.7028 -3.0265
-0.5871 -36.2782 -2.5895
-0.585 -36.506 -2.6061
-0.5914 -36.6037 -2.6327
-0.5654 -36.4266 -2.5462
-0.5612 -36.5863 -2.5505
-0.5676 -36.6839 -2.5772
-0.5918 -36.8754 -2.6602
0.0483 -32.6161 -3.3478
-0.5887 -37.0691 -2.6706
-0.5666 -36.9458 -2.5999
-0.5679 -37.3582 -2.6435
-0.5516 -37.5701 -2.6207
-0.5319 -37.4907 -2.5608
-2.0616 -34.8279 -6.1083
-0.9576 -30.9064 -2.7931
-0.9847 -31.1176 -2.8857
-1.0553 -31.6239 -3.1225
-1.0389 -31.5399 -3.0709
-0.9984 -31.2644 -2.9364
-1.0241 -31.4657 -3.0242
-0.9064 -30.693 -2.6363
-1.0522 -31.7109 -3.1229
-1.0059 -31.3961 -2.9691
-0.9736 -31.2039 -2.8647
-0.9474 -31.1335 -2.7882
-0.9717 -31.325 -2.8712
-0.9901 -31.4771 -2.935
-1.086 -32.2089 -3.2609
-1.0631 -32.1339 -3.1927
-1.0312 -31.9175 -3.087
-1.0116 -31.8381 -3.0271
-1.0613 -32.3375 -3.2079
-1.0382 -32.476 -3.1598
-1.0516 -32.8363 -3.2305
-1.0503 -33.0156 -3.2444
-1.0494 -33.1708 -3.2571
-1.0178 -33.0368 -3.1601
-1.0176 -33.1435 -3.1701
-1.0893 -33.6839 -3.413
-1.0353 -33.3441 -3.2365
-1.0208 -33.2457 -3.1884
-1.1619 -37.62 -3.9883
-1.147 -37.8417 -3.9703
-1.1191 -37.9749 -3.9091
-1.0962 -37.9 -3.8409
-0.7054 -35.3262 -2.5522
-1.0866 -37.9961 -3.8247
-0.7012 -35.4859 -2.5565
-1.0933 -38.1762 -3.86
-0.7315 -35.7992 -2.6675
-1.0658 -38.2852 -3.7975
-0.734 -36.139 -2.7071
-1.0525 -38.4101 -3.7743
-0.3909 -34.2028 -3.6522
-0.6997 -36.0679 -2.6092
-0.6996 -36.1746 -2.6193
-0.6916 -36.4698 -2.6266
-0.5932 -33.952 -3.6543
-0.6811 -36.721 -2.623
-0.6666 -36.6227 -2.575
-0.6707 -36.8656 -2.6094
-0.6767 -36.9874 -2.6374
-0.6784 -37.0798 -2.6509
-0.6928 -37.2849 -2.709
-0.6746 -37.2152 -2.6539
-0.67 -37.3991 -2.6595
-0.6291 -37.4438 -2.555
-2.1311 -35.1936 -6.0796
-2.1374 -35.3979 -6.1163
-1.097 -31.2351 -2.9462
-1.0854 -31.1564 -2.9077
-1.0057 -30.6154 -2.6434
-1.1469 -31.6279 -3.117
-1.0658 -31.077 -2.8479
-1.047 -30.9491 -2.7854
-1.1044 -31.4735 -2.9889
-1.1151 -31.6007 -3.03
-1.0481 -31.1723 -2.8102
-1.0304 -31.0785 -2.7539
-1.1169 -31.693 -3.0435
-1.1631 -32.1145 -3.2073
-0.7107 -35.2006 -2.554
-1.1467 -32.0305 -3.1558
-1.107 -32.2984 -3.0761
-1.1182 -32.4014 -3.1159
-1.1282 -32.5769 -3.1595
-1.1437 -33.0053 -3.2425
-1.1307 -32.9167 -3.1992
-1.2209 -33.7984 -3.5246
-1.1169 -33.1725 -3.1873
1.0433 -34.8382 -3.6784
-1.1773 -33.6099 -3.3905
-1.2504 -37.711 -3.9834
-1.2078 -37.8526 -3.8841
-0.7871 -35.048 -2.4931
-0.7694 -35.1434 -2.4555
-1.1853 -38.0493 -3.8434
-1.1918 -38.147 -3.87
-1.1633 -38.1152 -3.7913
-1.157 -38.2068 -3.7835
-1.1627 -38.3528 -3.8127
-1.1414 -38.4769 -3.7681
-0.7781 -36.6819 -2.6281
-0.7789 -36.9294 -2.6543
-0.7334 -36.8621 -2.5267
-0.7152 -36.7925 -2.4716
-0.7655 -37.161 -2.6411
-0.7737 -37.351 -2.6813
-0.7452 -37.6151 -2.6314
-0.7219 -37.5644 -2.5645
-2.3274 -34.812 -6.3003
-2.3008 -34.7659 -6.2251
-2.3062 -35.4213 -6.3032
-2.2543 -35.1496 -6.1389
-2.234 -35.3078 -6.1004
-1.2114 -30.1619 -2.8815
-1.1647 -30.4631 -2.7866
-1.2426 -31.5037 -3.0949
-1.1861 -31.12 -2.9075
-0.562 -33.7938 -3.556
-1.133 -30.921 -2.7471
-1.1873 -31.3433 -2.9323
-1.0975 -30.7333 -2.6344
-1.2198 -31.618 -3.0455
-1.2649 -32.0055 -3.2032
-1.2533 -31.9268 -3.1647
-1.1183 -31.0361 -2.7191
-1.2352 -31.8571 -3.1097
-1.216 -31.7535 -3.0485
-1.2648 -32.1122 -3.2132
-1.2314 -31.9926 -3.1127
0.0974 -31.9857 -3.1557
-1.2206 -32.1614 -3.1004
-1.2415 -32.3574 -3.1751
-1.2182 -32.3067 -3.1082
-1.2195 -32.4232 -3.1231
-1.2157 -32.5587 -3.1261
-1.2046 -32.645 -3.1051
-1.2396 -32.9636 -3.2291
-1.2193 -32.8259 -3.1619
-1.242 -33.1142 -3.2501
-1.3266 -33.7431 -3.5362
-1.3074 -33.6394 -3.475
-1.2085 -32.9946 -3.1496
-1.3337 -33.899 -3.5703
-1.2638 -33.451 -3.3409
-1.2355 -33.3125 -3.2522
-1.2182 -33.1944 -3.1945
-1.2037 -33.096 -3.1465
-1.293 -33.7302 -3.4457
-1.2495 -33.5418 -3.3116
-1.3666 -37.5936 -4.0173
-1.3323 -37.6292 -3.9294
-0.9562 -35.3431 -2.7074
-1.3232 -37.8903 -3.9307
-0.9133 -35.2129 -2.5807
-0.8728 -34.9375 -2.4462
-0.8811 -35.0207 -2.4763
-1.3161 -38.0303 -3.9254
-0.9157 -35.3635 -2.6016
-1.2913 -37.9698 -3.8537
-1.2689 -38.3558 -3.8318
-1.2764 -38.4874 -3.8645
-1.2462 -38.47 -3.7823
-0.7954 -37.6811 -3.7839
-0.8291 -36.8204 -2.5134
-0.8403 -36.9233 -2.5531
-0.8859 -37.2865 -2.7095
-0.8781 -37.3683 -2.6968
-0.2959 -36.4884 -3.3698
-0.7635 -36.8045 -2.3372
-0.8373 -37.6022 -2.6111
-2.3373 -35.0921 -6.1034
-2.3302 -35.2321 -6.0981
-2.3106 -35.1526 -6.0382
-2.083 -35.597 -5.4764
-2.1046 -35.8513 -5.5585
-2.0767 -35.6886 -5.4685
-2.1125 -35.9587 -5.59
-2.0784 -35.7809 -5.482
-2.1011 -36.0692 -5.5703
-1.2203 -30.7041 -2.7069
-1.2807 -31.1415 -2.9101
-1.3484 -31.628 -3.1373
-1.304 -31.4881 -3.0057
-1.2602 -31.2172 -2.8628
-0.172 -32.6121 -3.169
-1.3198 -31.703 -3.0686
-1.3436 -31.9187 -3.1529
-1.2017 -30.9546 -2.6819
-1.3119 -31.8914 -3.066
-1.2968 -36.0698 -5.7312
-1.3546 -32.235 -3.2128
-1.3114 -32.0224 -3.0773
-1.3236 -32.1593 -3.1232
-1.3275 -32.3198 -3.1489
-1.344 -32.4863 -3.2092
-1.3526 -32.652 -3.2481
-1.3202 -32.5665 -3.1537
-1.3327 -32.786 -3.2083
-1.3022 -32.6861 -3.1174
-1.3271 -32.9358 -3.2078
-1.43 -33.8235 -3.5678
-1.3999 -33.6994 -3.4756
-1.3778 -33.576 -3.4048
-1.331 -33.2854 -3.2523
-1.2948 -33.0395 -3.1321
-1.3356 -33.3974 -3.2755
-1.3304 -33.5231 -3.2737
-2.3253 -35.3335 -6.095
-1.4496 -37.5605 -3.9831
-1.4528 -37.6627 -4.0015
-1.0437 -35.2328 -2.6775
-1.0127 -35.1572 -2.5879
-0.972 -34.9884 -2.4633
-1.3901 -37.8557 -3.8537
-1.4082 -38.032 -3.9188
-1.3867 -37.9669 -3.8554
-1.3887 -38.1418 -3.8777
-1.3587 -38.2069 -3.8042
-1.3443 -38.2977 -3.7749
-1.362 -38.4982 -3.8413
-0.9749 -36.8903 -2.6557
-0.9696 -37.0159 -2.6539
-0.9844 -37.1968 -2.7107
-0.953 -37.1453 -2.6224
-0.9787 -37.3466 -2.7102
-0.9536 -37.6062 -2.6687
-2.4747 -34.8264 -6.1832
-2.4764 -34.9187 -6.1967
-2.4839 -35.0504 -6.2295
-2.4556 -35.2079 -6.1696
-2.3331 -35.7203 -5.8936
-2.3099 -35.5629 -5.8167
-2.2566 -36.1691 -5.734
-2.2099 -35.8785 -5.5815
-2.2326 -36.0601 -5.6597
-2.2536 -36.2561 -5.7344
-2.1822 -35.7983 -5.5002
-2.1951 -35.9935 -5.5535
-1.3856 -31.1104 -2.9256
-1.3674 -31.0408 -2.8705
-1.451 -31.6356 -3.1506
-1.346 -30.9757 -2.8071
-1.4566 -31.7817 -3.1798
-1.4099 -31.4911 -3.0273
-1.3647 -31.2103 -2.8796
-1.314 -30.866 -2.7114
-1.3903 -31.4116 -2.9675
-1.4131 -31.5932 -3.0457
-1.3378 -31.0817 -2.7957
-1.4286 -31.7257 -3.0999
-1.3091 -30.9674 -2.7083
-1.4353 -31.9058 -3.1352
-1.2656 -30.779 -2.5742
-1.2782 -30.8918 -2.6187
0.8149 -33.6693 -3.7192
-1.4106 -31.8452 -3.0635
-1.43 -32.0314 -3.1335
-1.4553 -32.2569 -3.2226
-1.435 -32.1192 -3.1553
-1.402 -31.9754 -3.0535
-1.4581 -32.3833 -3.2422
-1.4192 -32.2002 -3.1212
-1.4594 -32.4998 -3.2571
-1.4267 -32.3319 -3.1539
-1.4313 -32.4439 -3.1771
-1.4374 -32.5657 -3.205
-1.4448 -32.8041 -3.2478
-1.4457 -32.9449 -3.264
-1.4209 -32.8843 -3.1923
-1.4534 -33.159 -3.3055
-1.439 -33.0606 -3.2574
-1.5383 -33.8704 -3.6004
-1.4124 -33.0145 -3.1822
-1.5082 -33.7463 -3.5082
-1.417 -33.1265 -3.2054
-1.4495 -33.4012 -3.3185
-1.478 -33.6222 -3.416
-1.4227 -33.4618 -3.2534
-1.5302 -37.6097 -3.9432
-1.5429 -37.7224 -3.9878
-1.5186 -37.8269 -3.9336
-1.5027 -37.7187 -3.8807
-1.509 -37.923 -3.9174
-1.0777 -34.9914 -2.485
-1.4857 -37.8723 -3.8505
-1.0681 -35.0875 -2.4688
-1.4861 -38.144 -3.878
-1.4614 -38.0835 -3.8063
-1.4481 -38.2083 -3.7831
-1.446 -38.4361 -3.7997
-1.0868 -37.2868 -2.7329
-0.7928 -35.6924 -1.796
-0.8119 -35.9028 -1.8672
-0.7762 -35.8218 -1.7645
-0.7873 -36.0314 -1.8143
-0.8072 -36.1934 -1.8829
-0.7931 -36.3667 -1.8623
-0.8408 -31.9233 -3.0939
-0.7786 -36.2683 -1.8142
-2.5396 -35.8862 -5.9524
-2.506 -35.6841 -5.8431
-2.5234 -35.9914 -5.9196
-2.4714 -35.6372 -5.7465
-2.4966 -35.8627 -5.8357
-2.4836 -35.7742 -5.7924
-0.866 -33.1433 -3.2794
-2.3539 -36.3199 -5.5012
-1.6099 -31.3117 -3.0333
-1.5907 -31.208 -2.9721
-1.6651 -31.768 -3.2246
-1.5696 -31.1187 -2.9074
-1.5533 -31.0348 -2.8558
-1.5385 -30.9606 -2.8091
-1.5763 -31.2989 -2.9428
-1.239 -32.6094 -3.1929
-1.615 -31.5887 -3.0739
-1.6257 -31.7158 -3.1149
-1.5925 -31.4896 -3.0044
-1.5795 -31.401 -2.9611
-0.3222 -34.3337 -3.7365
-0.9603 -31.0328 -2.8128
-1.5016 -30.9523 -2.7103
-1.6498 -32.014 -3.208
-1.5748 -31.5849 -2.9668
-1.4721 -30.8865 -2.6255
-1.4562 -30.7782 -2.5726
-1.6658 -32.3114 -3.2796
-1.6375 -32.1729 -3.1909
-1.6115 -31.9959 -3.1044
-1.6702 -32.5301 -3.3128
-1.6279 -32.269 -3.1747
-1.6316 -32.4295 -3.2005
-1.6348 -32.5317 -3.2188
-1.6388 -32.7746 -3.2533
-1.6434 -32.8866 -3.2764
-1.6056 -32.7375 -3.1615
-1.6135 -32.845 -3.193
-1.6243 -32.9721 -3.234
-1.6419 -33.1727 -3.3004
-0.3056 -36.3923 -3.386
-1.626 -33.0644 -3.2476
-1.732 -33.9476 -3.6159
-1.7045 -33.7607 -3.5246
-1.6597 -33.4557 -3.3756
-0.5537 -37.4506 -3.8902
-1.5961 -33.0228 -3.1641
-1.7095 -33.8484 -3.5464
0.0926 -36.973 -3.6554
-1.6286 -33.2975 -3.2772
-1.6021 -33.1447 -3.192
-1.6331 -33.4095 -3.3004
-1.633 -33.5162 -3.3104
-1.7465 -37.5484 -4.0068
-1.7198 -37.6089 -3.9417
-1.6779 -37.8088 -3.8499
-1.6934 -37.9412 -3.904
-1.679 -38.032 -3.8747
-1.6576 -37.9669 -3.8114
-1.7225 -38.5163 -4.0377
-1.6494 -38.0729 -3.8
-1.6415 -38.2613 -3.7973
-1.6554 -38.4906 -3.8567
-1.256 -36.959 -2.6453
-1.2798 -37.1747 -2.7296
-1.264 -37.2557 -2.6955
-0.5091 -31.2276 -3.1651
-0.9918 -35.9155 -1.8408
-0.9898 -36.0366 -1.8473
-0.9665 -35.9859 -1.7804
-0.9792 -36.2879 -1.8437
-0.9809 -36.3802 -1.8573
-0.9901 -36.6042 -1.9036
-0.9592 -36.5286 -1.814
-0.9615 -36.6792 -1.8349
-2.5918 -35.7574 -5.8264
-2.5997 -35.8649 -5.8579
-2.5901 -35.961 -5.8417
-1.6756 -31.1406 -2.9392
-1.7142 -31.4304 -3.0703
-1.6104 -30.8046 -2.733
-2.4198 -36.338 -5.4259
-1.7228 -31.5962 -3.1092
-1.6848 -31.3646 -2.9855
-2.3969 -36.263 -5.3577
-0.3812 -31.66 -3.1261
-1.6579 -31.236 -2.9016
-1.5842 -30.7342 -2.6565
-1.6416 -31.152 -2.85
-2.4036 -36.4432 -5.3931
-1.7442 -31.9572 -3.2013
-1.6039 -31.0029 -2.7351
-1.5865 -30.8848 -2.6774
-1.6812 -31.5826 -2.9973
-1.7378 -32.0487 -3.1934
-1.7612 -32.2886 -3.2791
-1.7449 -32.2046 -3.2275
0.6644 -38.1872 -3.7821
-1.7117 -31.9784 -3.117
-1.7687 -32.4203 -3.3118
0.3373 -30.5687 -3.3969
-1.7068 -32.0798 -3.1139
-1.7374 -32.3689 -3.2235
-1.719 -32.7019 -3.2073
-0.2142 -37.1453 -3.469
-1.7374 -32.854 -3.2711
-1.7344 -32.941 -3.2715
-1.7571 -33.4185 -3.3785
-1.7079 -33.084 -3.2151
-1.8152 -33.8945 -3.5795
-1.754 -33.5056 -3.3789
-1.7136 -33.2301 -3.2443
-1.7644 -33.6569 -3.4213
-1.8009 -37.5945 -3.9031
-1.7991 -37.7981 -3.9183
-1.6215 -31.8755 -3.1193
-1.7902 -37.9525 -3.9095
-1.7633 -38.1197 -3.8544
-1.7514 -38.2544 -3.836
-1.7431 -38.4671 -3.8347
-1.721 -38.3438 -3.7639
-1.711 -38.4641 -3.749
-1.3708 -37.1467 -2.7159
-1.3717 -37.2874 -2.732
-1.329 -37.0506 -2.5953
-1.3399 -37.3669 -2.6551
-1.0781 -35.5863 -1.7851
-1.3412 -37.4834 -2.6699
-1.0939 -35.8012 -1.848
-1.0794 -35.7028 -1.8
-1.3421 -37.6242 -2.6861
-1.0636 -35.7838 -1.7658
-1.3206 -37.5591 -2.6227
-1.0873 -36.2954 -1.879
-1.072 -36.5413 -1.8623
-1.051 -36.452 -1.7976
-1.0787 -36.7215 -1.8977
-1.0821 -36.9061 -1.9247
-2.6973 -33.2853 -5.6092
-2.681 -33.2013 -5.5577
-2.6505 -33.1014 -5.4668
-2.6485 -33.2225 -5.4733
-2.9061 -35.5655 -6.3862
-2.9121 -35.6873 -6.4141
-2.7112 -35.7752 -5.8887
-2.6924 -35.6473 -5.8262
-1.8015 -31.3141 -3.036
-1.7519 -31.0038 -2.874
-1.8241 -31.6024 -3.1242
0.3812 -35.0906 -3.7219
0.4139 -37.0301 -3.5749
-1.7097 -30.8252 -2.7446
-1.8399 -31.8174 -3.1871
-1.7193 -31.025 -2.7896
-1.7063 -30.9365 -2.7463
-1.7349 -31.1575 -2.8437
-1.6679 -30.7291 -2.624
-1.8046 -31.7122 -3.0831
-1.8404 -31.9823 -3.2046
-1.7796 -31.5691 -3.0027
-1.8884 -32.3895 -3.3719
-1.863 -32.2707 -3.2928
-1.9013 -32.5847 -3.4251
-1.8166 -32.0626 -3.149
-1.8534 -32.3668 -3.2766
0.3577 -30.2418 -3.3108
-1.8675 -32.4894 -3.3259
-1.8051 -32.1731 -3.1293
0.2818 -37.8666 -3.7499
-1.8522 -32.7353 -3.3093
-1.8164 -32.7611 -3.2166
-1.8291 -33.0631 -3.2799
-1.8403 -33.166 -3.3196
-1.797 -33.06 -3.1942
-1.8212 -33.2515 -3.2772
-1.912 -33.8955 -3.5812
-1.8271 -33.48 -3.3152
-1.8342 -33.6359 -3.3492
-1.9166 -37.6409 -3.9582
-1.8952 -37.5758 -3.8949
-1.9015 -37.7802 -3.9315
-1.8689 -37.8014 -3.8472
-1.8401 -38.0897 -3.7986
-1.8482 -38.2797 -3.8387
-1.8352 -38.487 -3.8242
-1.4626 -36.9773 -2.6869
-1.2098 -35.7166 -1.8921
-1.191 -35.5887 -1.8296
-1.4427 -37.4072 -2.6758
-1.1521 -36.5892 -1.8236
-1.1937 -36.8987 -1.9643
-1.174 -36.8192 -1.9044
1.0596 -36.51 -3.5887
-2.7872 -33.3235 -5.5857
-2.797 -33.4166 -5.6206
-2.7418 -33.1494 -5.448
-2.6797 -33.2115 -5.2889
-2.6389 -33.1495 -5.1744
-2.653 -33.2721 -5.2238
-2.8346 -35.7437 -5.9471
-2.8152 -36.0426 -5.9248
-2.8332 -36.2189 -5.9899
-1.9149 -31.2965 -3.0691
-1.8938 -31.2072 -3.0045
-1.9195 -31.4085 -3.0923
-1.8521 -31.0044 -2.8738
-2.5722 -35.678 -5.7665
-1.891 -31.3767 -3.0136
-1.8795 -31.298 -2.9752
-1.9235 -31.6514 -3.1268
-1.8204 -30.9772 -2.7868
-1.8847 -31.4683 -3.0057
-1.8283 -31.0846 -2.8183
-1.783 -30.8039 -2.6706
-1.8908 -31.5901 -3.0337
-1.9102 -31.7763 -3.1036
-1.9229 -31.8891 -3.1481
-1.9429 -32.2402 -3.2355
-1.9808 -32.5785 -3.3692
-1.9084 -32.0866 -3.1289
-1.9205 -32.3303 -3.1848
-1.9522 -32.6534 -3.3005
-1.9206 -32.8154 -3.2323
-2.1196 -34.2214 -3.8982
-2.0825 -34.1306 -3.7907
-1.9242 -33.1892 -3.2781
-2.0435 -34.0542 -3.6796
-1.9222 -33.3103 -3.2846
-2.0144 -33.9641 -3.5936
-1.9195 -33.669 -3.3125
-1.9964 -37.8238 -3.9214
-1.9688 -37.7436 -3.8402
-1.9621 -37.8594 -3.8336
-1.9571 -38.0675 -3.8405
-1.9481 -38.2219 -3.8317
-1.9106 -38.4512 -3.7543
-1.5506 -37.3503 -2.6901
-1.5431 -37.5145 -2.6862
-1.5202 -37.4396 -2.618
-1.5298 -37.6394 -2.663
-1.4458 -37.0688 -2.3842
-1.512 -37.5456 -2.6066
-1.2843 -36.6171 -1.9109
-1.2942 -36.8994 -1.9646
-1.2695 -36.8388 -1.8929
-2.8036 -33.4302 -5.3872
-2.7831 -33.5059 -5.34
-2.7341 -33.254 -5.1853
-2.7005 -33.2411 -5.0948
-2.6957 -33.3425 -5.0917
-2.9147 -35.6914 -5.9027
-2.9415 -35.9268 -5.9966
-0.0714999 -35.1692 -2.386
-2.7314 -36.0866 -5.4537
-2.0286 -31.3398 -3.1236
-1.955 -30.9206 -2.8872
0.2383 -31.3461 -3.2277
-2.0208 -31.4216 -3.1109
-1.9803 -31.1461 -2.9764
-1.9961 -31.361 -3.0393
-1.9802 -31.2528 -2.9864
-1.9432 -31.0553 -2.8688
-2.7175 -36.3424 -5.4418
-2.0368 -31.8257 -3.1926
-1.8905 -30.8321 -2.7071
-2.0494 -31.9384 -3.2372
-1.864 -30.6793 -2.6219
-2.0143 -31.7265 -3.1231
-2.0012 -31.638 -3.0799
-1.869 -30.767 -2.6438
-2.0394 -32.0588 -3.2223
-2.0493 -32.341 -3.276
-2.0822 -32.5915 -3.3879
-2.0576 -32.4243 -3.3062
-2.0137 -32.1534 -3.1633
-2.026 -32.2903 -3.2092
-2.0523 -32.5499 -3.3044
-2.0341 -32.4803 -3.2494
-2.0555 -32.6521 -3.3228
-2.231 -34.2208 -3.942
-2.1965 -34.0672 -3.8353
-2.0295 -32.9601 -3.2838
-2.1788 -34.1625 -3.7977
-2.0742 -33.4785 -3.4529
-2.0205 -33.2212 -3.2851
-2.0461 -33.4225 -3.3729
-2.0012 -33.1175 -3.2239
-2.0385 -33.6934 -3.379
-2.1118 -37.581 -3.9524
-2.1037 -37.687 -3.941
-2.0822 -37.6219 -3.8776
-2.0914 -37.8459 -3.9239
-2.0642 -37.7415 -3.8413
-2.0509 -38.1623 -3.847
-2.0285 -38.2523 -3.7962
-2.0035 -38.4052 -3.7446
-1.6594 -37.1167 -2.7045
-1.6657 -37.321 -2.7412
-1.6546 -37.4073 -2.7202
-1.6358 -37.2794 -2.6577
-1.57 -37.0744 -2.4628
-1.6307 -37.5942 -2.6747
-1.5405 -37.0085 -2.378
-1.3653 -36.1141 -1.8251
-1.3884 -36.5674 -1.9309
-1.3707 -36.4736 -1.8745
-1.3917 -36.8588 -1.968
-2.8964 -33.5625 -5.3988
-2.8186 -33.303 -5.1668
-2.7818 -33.2947 -5.068
-2.8735 -35.9616 -5.5708
-2.5501 -33.792 -4.5004
-2.5353 -33.7179 -4.4537
-2.8027 -35.9647 -5.3828
-2.1084 -31.3833 -3.0922
-2.0287 -30.8422 -2.8279
-2.8351 -36.3461 -5.506
-2.1181 -31.4764 -3.1272
-1.3683 -36.9148 -1.9111
-2.0815 -31.2547 -3.0084
-2.0286 -30.9489 -2.838
-2.1166 -31.5733 -3.1324
-2.0419 -31.12 -2.8899
-2.7827 -36.2053 -5.353
-2.1208 -31.7095 -3.1569
-2.0006 -30.893 -2.758
-2.0871 -31.5074 -3.0476
-2.0534 -31.3054 -2.9384
-2.0172 -31.0594 -2.8183
-2.0352 -31.2358 -2.8833
-2.0028 -31.1503 -2.7889
-2.1277 -32.0788 -3.211
-2.0867 -31.8276 -3.0777
-2.1457 -32.2551 -3.276
-2.1826 -32.5594 -3.4036
-2.1551 -32.3724 -3.3123
-2.0951 -32.1 -3.1266
-2.1527 -32.5177 -3.3201
-2.1215 -32.3596 -3.2218
-2.3223 -34.1539 -3.9299
-2.1357 -32.9673 -3.3187
-2.1811 -33.5439 -3.4951
-2.2502 -34.0404 -3.7271
-2.2098 -33.9541 -3.6113
-2.1171 -33.3245 -3.3037
0.0789 -35.1133 -3.7681
-2.2158 -34.076 -3.6392
-2.1821 -33.8739 -3.53
-2.1705 -33.7952 -3.4915
-2.1769 -33.9995 -3.5282
-2.1341 -33.7627 -3.3914
-2.1482 -33.8853 -3.4408
-2.1855 -37.8229 -3.9223
-2.1677 -37.7291 -3.8659
-2.1751 -37.9674 -3.9087
-2.1618 -38.0923 -3.8855
-0.7448 -36.7516 -2.5464
-2.1457 -38.1975 -3.8527
-2.1242 -38.4284 -3.8181
-1.7539 -37.0693 -2.7016
-1.7603 -37.1669 -2.7282
-1.7359 -37.4848 -2.694
-1.6728 -37.1102 -2.49
-1.6536 -37.0065 -2.4288
-1.7372 -37.6013 -2.7089
-1.4743 -36.1651 -1.8704
-1.4725 -36.7713 -1.9244
-3.1135 -33.0711 -5.4242
-3.1489 -33.3654 -5.547
-3.0552 -33.2936 -5.2909
-3.0611 -35.8894 -5.5595
-3.0718 -36.0165 -5.6005
-2.2668 -30.7606 -2.9477
-2.2472 -30.6811 -2.8878
-2.1964 -30.4435 -2.7296
-2.2252 -30.747 -2.8357
-2.1728 -30.6063 -2.6828
-2.2922 -31.4712 -3.0844
-2.2806 -31.3925 -3.0459
-2.2531 -31.2056 -2.9546
-2.9738 -36.2111 -5.3588
0.4437 -30.6986 -3.6391
-2.3433 -31.9804 -3.2701
-2.9509 -36.1362 -5.2906
-2.3498 -32.0781 -3.2968
0.9657 -33.725 -3.7765
-2.3237 -31.901 -3.2103
-1.5597 -37.0892 -2.6889
-2.2962 -31.7141 -3.1189
-2.2615 -31.478 -3.0035
-2.2499 -31.3993 -2.9651
-2.396 -32.4995 -3.4607
-2.2006 -31.1716 -2.8117
-2.1799 -31.0581 -2.7457
-2.3369 -32.1787 -3.2723
-2.3191 -32.0849 -3.2159
-2.2829 -31.839 -3.0957
-2.9407 -36.3632 -5.2858
-2.3136 -32.4239 -3.2343
-2.3516 -32.9514 -3.3868
-2.5202 -34.1508 -3.9519
-2.3566 -33.0392 -3.4086
-2.3188 -32.8901 -3.2937
-2.3259 -33.046 -3.3277
-2.3386 -33.1588 -3.3723
-2.4811 -34.1811 -3.8509
-0.9707 -35.637 -1.7573
-2.3728 -33.5258 -3.4991
-2.4549 -34.1107 -3.7744
-2.3158 -33.2731 -3.3229
-2.4196 -34.0055 -3.6704
-2.3239 -33.7589 -3.3919
-2.3756 -37.5814 -3.9021
-2.3704 -37.707 -3.9004
-2.3523 -37.8266 -3.8641
-2.3509 -38.1127 -3.8881
-2.3205 -38.4979 -3.8448
-1.9179 -37.0535 -2.6336
-1.9225 -37.1655 -2.6568
-1.6847 -35.5765 -1.8697
-1.6893 -35.6885 -1.8928
-1.9274 -37.36 -2.6887
-1.9242 -37.5538 -2.6991
-1.6694 -36.4143 -1.9107
-1.664 -36.6466 -1.9189
-1.6448 -36.5429 -1.8578
-1.654 -36.7669 -1.9041
-3.2077 -33.5272 -5.4585
-3.1794 -33.3887 -5.3698
-3.1679 -33.4992 -5.3501
-3.145 -33.4243 -5.2819
0.1453 -30.6854 -3.4102
-3.1834 -35.8922 -5.6246
-3.162 -35.8271 -5.5613
-3.1629 -35.9679 -5.5774
-2.3265 -30.8494 -2.8555
-2.4041 -31.5116 -3.1264
-2.3682 -31.3481 -3.015
-2.3494 -31.2203 -2.9525
-2.4137 -31.7114 -3.1714
-2.3669 -31.5275 -3.029
-2.3332 -31.3255 -2.9197
-2.3154 -31.2316 -2.8633
-3.0399 -36.2086 -5.274
-2.3852 -31.7863 -3.1028
-3.0503 -36.36 -5.3164
-1.2548 -32.2325 -3.1983
-2.4053 -32.0307 -3.1801
-2.4085 -32.1329 -3.1984
-2.4021 -32.2245 -3.1906
-2.4255 -32.4644 -3.2762
-2.4269 -32.5809 -3.291
-2.4646 -33.0259 -3.4348
-2.428 -32.8042 -3.3159
-2.395 -32.6604 -3.2141
-2.4579 -33.1417 -3.4282
-2.4362 -32.9941 -3.3561
-2.4199 -32.9101 -3.3045
0.5458 -32.023 -3.4967
-2.3916 -32.7717 -3.2158
-2.4638 -33.3702 -3.4662
-0.00919998 -30.1706 -3.0047
-0.4414 -32.5165 -3.1107
-2.4275 -33.231 -3.356
-2.5207 -34.0256 -3.6811
-2.4846 -33.9688 -3.5797
-2.4463 -33.9507 -3.4761
-2.4744 -37.6401 -3.9104
-0.1313 -35.97 -3.3887
-2.4441 -37.9186 -3.857
-2.4539 -38.4968 -3.9395
-2.401 -38.191 -3.7691
-2.4038 -38.3174 -3.7887
-2.0555 -37.1885 -2.753
-2.0282 -37.0841 -2.6704
-2.0568 -37.305 -2.7678
-1.2511 -32.8531 -3.2488
-2.024 -37.5397 -2.7035
-2.0026 -37.4746 -2.6401
-1.949 -37.1106 -2.4623
-2.0177 -37.6312 -2.6956
-1.7692 -36.4001 -1.9152
-1.7676 -36.497 -1.9204
0.5764 -31.486 -3.1107
-1.8081 -32.9738 -3.2152
-1.7646 -36.584 -1.9208
-1.741 -36.4508 -1.8452
-1.7574 -36.724 -1.9155
-1.7751 -36.9245 -1.9819
-3.4012 -35.8764 -5.9458
-3.2887 -35.9726 -5.656
-3.2962 -36.1043 -5.6887
-3.2621 -35.9265 -5.5808
-2.4318 -30.8235 -2.8762
-2.3975 -30.7524 -2.7783
-2.4189 -30.9242 -2.8517
-2.4669 -31.3313 -3.0191
-2.3709 -30.7062 -2.7031
-2.5052 -31.6453 -3.1515
-3.1708 -36.1945 -5.3644
-2.4107 -31.0301 -2.8403
-2.3832 -30.8432 -2.749
-2.436 -31.2556 -2.9295
-2.5217 -31.9185 -3.2219
-2.4637 -31.525 -3.0296
-2.3392 -30.679 -2.6161
-2.4373 -31.3722 -2.9443
-2.4745 -31.6521 -3.0707
-2.4984 -31.8678 -3.155
-2.5197 -32.0396 -3.2284
-2.5166 -32.1266 -3.2289
-2.4949 -31.979 -3.1568
-3.1417 -36.4003 -5.3071
-2.486 -32.1334 -3.148
-0.0206 -37.3268 -3.7328
-2.5293 -32.5352 -3.3023
-2.4916 -32.5754 -3.2061
-2.5039 -32.7124 -3.252
0.6321 -38.2727 -3.8765
-2.5556 -33.0907 -3.4264
-2.5261 -33.0249 -3.3416
-2.5029 -32.8675 -3.2647
-2.5609 -33.5569 -3.4858
-2.5208 -33.4464 -3.3687
-2.5597 -33.9254 -3.5186
-2.5787 -37.6866 -3.9358
-2.5771 -37.7835 -3.941
-2.1587 -34.9406 -2.5516
-2.5505 -37.7374 -3.8658
-2.5671 -37.9038 -3.9261
-2.5456 -37.8388 -3.8627
-2.5509 -38.009 -3.8933
-2.5261 -37.9485 -3.8217
-2.5143 -38.0832 -3.8033
-2.5047 -38.1794 -3.7871
-2.4998 -38.2808 -3.784
-2.5092 -38.3981 -3.8203
-2.5109 -38.4904 -3.8339
-2.481 -38.4488 -3.7504
-2.1439 -37.127 -2.7254
1.1999 -33.3175 -3.4198
-2.1402 -37.4517 -2.7472
-1.8823 -35.8074 -1.9015
-2.0509 -37.0068 -2.4666
-1.8609 -35.7424 -1.8381
-2.1054 -37.5115 -2.6607
1.0562 -35.2348 -3.6827
-1.7388 -30.9153 -2.8307
-1.8734 -35.9618 -1.8928
-2.0304 -37.0825 -2.4194
-1.8524 -36.3576 -1.8757
-1.8552 -36.484 -1.8953
-1.8616 -36.5816 -1.922
-1.8648 -36.6838 -1.9404
-1.8439 -36.7837 -1.8945
-3.4858 -33.3368 -5.6705
-3.4316 -33.2104 -5.514
-3.3581 -35.8328 -5.5743
-1.6385 -31.0498 -2.8317
-3.393 -36.2581 -5.7084
-3.3694 -36.1249 -5.6328
-3.3376 -35.9085 -5.5271
-3.3646 -36.2263 -5.6298
-2.2836 -31.6013 -3.0743
-2.6776 -31.7185 -3.364
-2.6496 -31.6625 -3.284
-2.5305 -30.8801 -2.8912
-2.5752 -31.2918 -3.0502
-2.4985 -30.7704 -2.7954
-0.3775 -32.2806 -3.1767
-2.6381 -31.773 -3.2643
1.0222 -38.1628 -3.8489
0.4515 -31.5427 -3.1885
-2.5571 -31.2221 -2.9951
-2.4626 -30.6069 -2.684
-2.5356 -31.1571 -2.9318
-2.469 -30.7046 -2.7106
-2.609 -31.683 -3.1782
-2.5945 -31.5846 -3.1301
-2.5034 -30.9649 -2.8273
-2.4889 -30.8665 -2.7792
-2.5145 -31.0678 -2.8671
1.0483 -37.098 -3.676
-2.5456 -31.3326 -2.9754
-2.5994 -31.7791 -3.162
-2.5151 -31.2328 -2.8845
-2.4365 -30.7258 -2.6263
-2.4893 -31.1382 -2.8067
-2.5872 -31.9381 -3.1449
-2.5862 -32.0932 -3.1576
-2.6144 -32.6343 -3.2851
-2.577 -32.461 -3.1689
-2.5938 -32.71 -3.2379
-2.5937 -32.8167 -3.248
1.1246 -36.868 -3.6597
-2.6045 -33.2397 -3.3178
-2.6529 -33.6226 -3.4839
-2.6988 -33.9616 -3.639
-2.7034 -34.0736 -3.6621
-2.6137 -33.4637 -3.3641
-2.6007 -33.3752 -3.3209
-2.6675 -33.9102 -3.5507
-2.6343 -33.8731 -3.4589
-2.6137 -33.7596 -3.3929
-2.6792 -37.6223 -3.9435
-2.679 -37.729 -3.9535
-2.6476 -37.7842 -3.8753
-2.613 -38.0332 -3.8075
-2.6237 -38.1604 -3.8485
-2.6057 -38.2799 -3.8122
-2.5687 -38.3784 -3.7235
-2.2401 -37.033 -2.7187
1.1817 -38.2729 -3.7992
-2.2559 -37.2479 -2.7817
-2.2451 -37.4167 -2.7694
-1.9506 -35.6573 -1.815
-2.2108 -37.4523 -2.6815
-1.9564 -36.5844 -1.9206
-1.9609 -36.8031 -1.9538
-3.648 -34.4233 -5.9607
-3.4563 -33.4692 -5.3576
-3.4594 -33.5713 -5.3759
-3.418 -33.451 -5.2539
-3.3107 -33.4216 -4.9659
-3.4268 -36.0423 -5.5308
-3.0868 -33.8372 -4.4111
-2.614 -30.8097 -2.8578
-2.6827 -31.3303 -3.0912
-2.6778 -31.4317 -3.0881
-2.6861 -31.5149 -3.1183
-2.647 -31.2493 -2.9885
-2.6972 -31.6179 -3.158
-2.6162 -31.067 -2.8888
-2.5859 -30.8604 -2.7878
-2.5569 -30.6637 -2.6917
-3.3649 -36.1868 -5.3804
-2.7431 -31.9569 -3.3132
-2.5663 -30.781 -2.728
-2.6475 -31.4143 -3.0059
-3.3673 -36.3374 -5.4014
-2.25 -30.7065 -2.6383
-2.6139 -31.2123 -2.8967
-2.4567 -32.9184 -3.4033
-2.5878 -31.0352 -2.8101
-2.7031 -31.8464 -3.196
-2.6539 -31.5119 -3.0326
-2.5957 -31.1427 -2.8416
-2.5346 -30.7537 -2.641
-3.3397 -36.2572 -5.3201
-2.7077 -31.9584 -3.2192
0.5812 -31.5874 -3.1077
-2.6732 -31.8048 -3.1125
-3.3449 -36.4275 -5.3507
0.0934 -37.8025 -3.7344
-3.3546 -36.5206 -5.3857
-2.7096 -32.4291 -3.2703
-2.6523 -32.2006 -3.0955
-2.7025 -32.5691 -3.265
-2.7147 -32.7061 -3.3109
-2.6814 -32.4799 -3.2003
-2.6655 -32.3716 -3.1475
-2.7051 -32.8022 -3.2947
-0.6029 -33.3256 -3.3619
-2.9024 -34.1983 -3.956
-2.7115 -32.8998 -3.3214
-1.0544 -36.6367 -1.8247
-2.6811 -32.6933 -3.2204
-2.7177 -33.2109 -3.3681
-2.7458 -33.4561 -3.4669
-0.5567 -31.1287 -3.0251
-2.2789 -34.1546 -3.8145
-2.6952 -33.1118 -3.2986
-2.6982 -33.3206 -3.327
-2.7028 -33.4326 -3.3502
0.8914 -34.1181 -3.5596
-2.5327 -32.424 -3.3005
-2.7877 -34.0372 -3.6351
-2.7608 -33.9086 -3.5512
-0.4496 -31.8187 -3.0645
-2.7134 -33.6665 -3.4013
-2.7771 -37.7084 -3.9661
-2.3892 -35.0963 -2.679
0.1865 -29.8665 -3.2207
-3.4537 -35.875 -5.5859
-2.7557 -37.6433 -3.9027
-2.3597 -35.0305 -2.5942
-2.7308 -37.9854 -3.8699
-2.7005 -37.968 -3.7877
-2.7131 -38.0808 -3.8323
-2.6835 -38.1217 -3.7576
-2.6953 -38.2829 -3.8048
-2.6805 -38.2087 -3.758
-2.6857 -38.379 -3.7886
-2.6874 -38.4713 -3.8021
-0.2217 -36.6807 -2.6752
-2.6591 -38.3329 -3.7134
-2.6575 -38.4297 -3.7186
-2.338 -37.0367 -2.7326
-2.345 -37.1926 -2.7667
-2.3189 -37.1222 -2.6902
-2.3427 -37.3379 -2.7745
-2.2493 -37.0527 -2.4983
-2.3197 -37.5589 -2.7351
-2.3035 -37.6641 -2.7023
0.1633 -37.4193 -3.7685
-2.2872 -37.5801 -2.6508
-2.0577 -36.4769 -1.9327
-2.0561 -36.5738 -1.9379
-2.0578 -36.6661 -1.9514
-2.0602 -36.8167 -1.9724
-2.0322 -36.7607 -1.8924
-3.6148 -33.5623 -5.5291
-0.3246 -31.5495 -3.4708
-3.5316 -33.5351 -5.3053
-3.4984 -33.498 -5.2135
-3.4612 -33.5139 -5.116
-3.3648 -33.5049 -4.859
-3.3713 -33.6025 -4.8856
-3.5667 -35.9008 -5.6297
-3.557 -35.9969 -5.6135
-3.5612 -36.1331 -5.638
-3.5379 -36.0824 -5.5711
-2.698 -30.8278 -2.8245
-3.1504 -33.9311 -4.3304
-1.0717 -36.558 -5.1804
-2.7985 -31.5648 -3.1636
-2.7644 -31.387 -3.0557
-2.7442 -31.2493 -2.9884
-2.7311 -31.1607 -2.9451
-2.8031 -31.6768 -3.1868
-2.6576 -30.7415 -2.7087
-2.7411 -31.3363 -2.9888
-2.7682 -31.5474 -3.0815
-2.6756 -30.9178 -2.7738
-2.7424 -31.4529 -3.0037
-2.7135 -31.2561 -2.9075
-3.4349 -36.1892 -5.3075
-2.6433 -30.8323 -2.6794
-2.623 -30.6946 -2.6121
-2.7788 -31.7813 -3.1326
-2.6743 -31.0972 -2.7878
-3.4362 -36.3057 -5.3223
-3.4513 -36.4624 -5.3778
-2.7992 -32.1082 -3.2186
-2.7624 -32.2891 -3.1386
-2.8046 -32.6569 -3.2867
-2.7799 -32.5963 -3.2151
-2.8051 -32.8218 -3.3042
-2.7552 -32.5358 -3.1434
-2.8419 -33.422 -3.4606
-2.8241 -33.3281 -3.4042
-2.9564 -34.2816 -3.8491
-2.8319 -33.5423 -3.4457
-2.7718 -33.1874 -3.2513
-2.8914 -34.0281 -3.6515
-2.855 -33.9956 -3.5514
-2.8753 -37.7425 -3.9718
-2.8543 -37.6532 -3.9071
-2.8563 -37.828 -3.9294
-2.8399 -37.744 -3.8778
-2.4504 -35.1219 -2.5861
-2.8172 -37.8583 -3.8284
-2.8195 -38.0089 -3.8494
0.7729 -31.3981 -3.6093
-2.7841 -38.0104 -3.7554
-2.785 -38.1512 -3.7716
-2.7812 -38.2866 -3.7746
-2.7678 -38.4115 -3.7514
-2.4514 -37.3098 -2.8026
-2.4433 -37.4158 -2.7912
-2.4204 -37.3409 -2.723
-2.1315 -36.1302 -1.8367
-2.169 -36.4927 -1.9717
-2.1585 -36.6372 -1.9581
-2.1721 -36.8907 -2.0189
-2.1333 -36.7076 -1.8978
-3.6523 -33.6874 -5.3913
-3.6273 -33.5444 -5.3109
-3.5627 -33.5626 -5.1408
-3.467 -33.6119 -4.8912
-3.7332 -35.8003 -5.8133
-3.687 -35.9706 -5.7071
-3.6788 -36.0766 -5.6957
-3.4296 -33.5297 -5.2924
-3.2918 -33.9011 -4.4536
-2.809 -31.1006 -2.8954
-3.5415 -36.1123 -5.3342
-2.8646 -31.5327 -3.0856
-2.8212 -31.2375 -2.9413
-2.7894 -31.0211 -2.8356
-2.7749 -30.9227 -2.7875
-0.4224 -33.4732 -3.4122
-3.549 -36.2439 -5.367
-3.5573 -36.3272 -5.3971
-2.863 -31.6295 -3.0908
-2.825 -31.398 -2.9671
-2.7469 -30.8668 -2.7075
-2.7354 -30.7881 -2.669
-3.5257 -36.1933 -5.3001
-2.7765 -31.1218 -2.8111
0.2249 -36.2735 -3.4929
-2.7862 -31.2149 -2.846
-3.4666 -33.2331 -5.6093
-2.7529 -30.9886 -2.7355
-2.8566 -31.7211 -3.0829
0.2702 -37.9454 -3.7884
-2.7955 -31.3322 -2.8823
-0.00319993 -33.3862 -3.3022
-3.5353 -36.393 -5.3451
-2.8703 -31.8679 -3.1336
-2.8319 -31.6606 -3.0112
-2.7057 -30.829 -2.5943
-2.8803 -32.0435 -3.1773
-2.8687 -31.9648 -3.1388
-2.8361 -31.7968 -3.0357
-2.8391 -32.0057 -3.0641
-2.8954 -32.6852 -3.2804
-2.9066 -32.7881 -3.3202
-2.9064 -32.8948 -3.3302
-2.8575 -32.6429 -3.1755
-2.8701 -32.7556 -3.2201
-2.9022 -33.0545 -3.3346
-2.9095 -33.2929 -3.3774
-2.9574 -33.9959 -3.5736
-2.9765 -37.7087 -3.9881
-2.5433 -34.9225 -2.5633
-2.5632 -35.0845 -2.6319
-2.9422 -37.7443 -3.9002
-2.5488 -35.1753 -2.6026
-2.9398 -37.8896 -3.908
-2.9216 -37.82 -3.853
-2.9221 -37.985 -3.8704
-2.8983 -38.0652 -3.8149
-2.8834 -37.9911 -3.7681
-2.8629 -38.0667 -3.7209
-2.8677 -38.2612 -3.7528
-2.8824 -38.4421 -3.8096
-2.8444 -38.2105 -3.6859
-2.8599 -38.343 -3.7401
-2.5261 -37.0408 -2.7248
-2.5486 -37.3291 -2.8131
-2.5371 -37.2504 -2.7746
-2.5117 -37.1316 -2.6955
-2.5376 -37.4154 -2.7921
-2.4848 -37.5948 -2.6692
-2.2707 -36.4348 -1.9865
-2.2414 -36.5581 -1.9205
-2.266 -36.9146 -2.021
-3.7439 -33.7984 -5.3931
-3.6934 -33.6432 -5.2436
-3.6613 -33.6402 -5.158
-3.6101 -33.4269 -5.001
-3.5855 -33.5555 -4.9481
-3.5608 -33.495 -4.8764
-2.9235 -31.0971 -2.9467
-2.952 -31.3181 -3.0441
-2.9205 -31.1842 -2.9471
-2.8926 -31.0215 -2.8571
-2.9255 -31.272 -2.969
-2.8481 -30.799 -2.7168
-2.8925 -31.1282 -2.8671
-3.6302 -36.2035 -5.3264
-2.8628 -30.9799 -2.7736
-2.9245 -31.4271 -2.9816
-2.9342 -31.5202 -3.0166
-3.6493 -36.4139 -5.3976
-2.97 -31.7903 -3.1381
-2.9782 -31.8736 -3.1682
-2.9359 -31.6125 -3.0301
-0.2128 -35.6515 -2.5512
-2.9624 -31.9546 -3.1341
-2.9032 -31.5512 -2.937
-2.9701 -32.1687 -3.1756
-2.9645 -32.3186 -3.1752
-2.9835 -32.529 -3.2464
-2.9387 -32.224 -3.0974
-2.9988 -32.7681 -3.3106
-0.9523 -37.5462 -3.9359
-2.933 -32.3738 -3.0969
-2.9456 -32.4866 -3.1415
-2.9817 -33.0284 -3.2905
-2.9865 -33.2229 -3.3224
-3.0092 -33.4045 -3.4006
-1.2049 -31.8397 -3.0275
-3.1367 -34.3527 -3.8324
-3.0719 -33.9925 -3.6248
-3.0375 -34.0281 -3.5369
-2.9953 -38.0505 -3.8184
-2.9823 -37.9619 -3.7751
-2.9646 -38.0573 -3.7375
-2.9758 -38.1602 -3.7773
-2.9507 -38.3131 -3.7257
-2.6483 -37.2515 -2.8174
-2.6103 -37.02 -2.6937
-2.6055 -37.1214 -2.6907
-2.3784 -35.6836 -1.9459
-2.6105 -37.3984 -2.7313
-2.617 -37.496 -2.7579
-1.4691 -37.1195 -2.4511
-2.364 -35.7745 -1.9166
-2.6088 -37.6019 -2.7466
-2.3526 -35.4379 -6.1776
-2.5808 -37.546 -2.6666
-2.3633 -36.308 -1.9668
-2.3602 -36.395 -1.9673
-2.3549 -36.5206 -1.9655
-2.3551 -36.899 -2.0031
-1.1266 -33.2656 -3.2223
-2.3262 -36.7023 -1.9069
-2.3346 -36.9747 -1.9558
-3.8352 -33.8156 -5.3797
-3.7617 -33.6923 -5.1721
0.5363 -33.2652 -3.3905
-3.9452 -36.3144 -5.9168
-1.8787 -37.8945 -3.8821
-3.8913 -35.9747 -5.7402
-3.8732 -35.9051 -5.6851
-3.0161 -31.2311 -2.948
-2.9723 -30.9602 -2.8051
-0.9099 -31.477 -2.9804
-3.0269 -31.5474 -3.0079
-3.0009 -31.3704 -2.9213
-2.9561 -31.0654 -2.7723
-2.9243 -30.849 -2.6665
-3.0796 -31.9599 -3.1884
-3.0344 -31.6791 -3.0406
-3.0041 -31.4725 -2.9397
-2.9227 -30.9459 -2.6717
-3.0871 -32.0915 -3.2212
-3.683 -36.2269 -5.2108
-3.0079 -31.633 -2.9655
-2.9742 -31.4309 -2.8562
-2.8899 -30.8846 -2.5786
-3.0573 -32.0499 -3.1377
-3.0509 -32.1415 -3.1298
-3.6522 -36.3404 -5.14
-3.0799 -32.5274 -3.2447
-3.0897 -32.6205 -3.2797
-3.0651 -32.4533 -3.198
-3.0339 -32.2951 -3.0996
-3.044 -38.3026 -3.6446
-2.2763 -39.704 -3.3605
-3.0473 -34.3267 -3.635
-6.1466 -37.5956 -3.5319
-4.1312 -31.5489 -2.8765
-3.063 -38.1921 -3.5875
-7.7374 -40.2159 -3.636
-6.8717 -38.3148 -3.5149
3.323 -38.2902 -4.0315
-6.1983 -36.4157 -3.7506
-3.0945 -38.8217 -3.4924
-3.1009 -39.0757 -3.4734
-0.1731 -32.7272 -3.4345
-3.1232 -34.0506 -3.4067
0.7081 -40.8295 -3.8267
-3.1327 -33.9181 -3.3782
-3.3412 -37.3087 -2.7505
0.8074 -37.899 -3.5518
-3.3602 -37.7062 -2.6935
-5.4498 -31.8301 -3.0904
-3.3951 -35.3318 -2.5888
-4.8518 -34.7759 -3.392
-3.3982 -35.4201 -2.5792
0.6135 -36.5912 -3.4007
-3.4172 -35.1661 -2.5222
-3.2573 -38.6766 -3.5799
-3.2576 -34.259 -3.5794
-3.0821 -34.1831 -3.5303
0.0516 -36.7282 -3.4825
-0.1614 -36.4673 -2.4482
-3.2668 -39.527 -3.5514
-2.232 -31.1163 -2.8899
-3.3016 -39.262 -3.4468
-3.8075 -36.4002 -2.7092
-3.3209 -33.4417 -3.3891
-2.8563 -35.1468 -2.4936
-3.5356 -37.0091 -2.7427
-6.7801 -37.2919 -3.4735
-7.9155 -38.4909 -3.5124
-6.5824 -32.5634 -3.111
-3.5451 -36.3354 -2.7141
-1.6157 -34.0373 -3.5925
-7.0433 -30.4211 -3.3598
-3.5515 -36.2029 -2.695
-3.5547 -35.982 -2.6855
-6.9222 -34.47 -3.4328
-4.7972 -36.283 -2.697
-3.5609 -36.976 -2.6666
-3.5641 -36.7109 -2.6571
-3.58 -35.3193 -2.6093
0.0088 -34.081 -3.5833
0.0924 -39.0467 -3.5377
-0.6345 -36.4043 -4.2568
-2.4694 -42.0689 -3.6504
-3.3383 -38.6015 -3.6201
-3.3573 -39.0102 -3.5631
-3.3604 -39.1096 -3.5536
4.1552 -40.3805 -4.7208
-3.3636 -38.8666 -3.544
3.1643 -39.3048 -4.1276
-3.3826 -38.966 -3.487
-3.3892 -34.0845 -3.4676
-3.7749 -33.3835 -3.1934
-3.6198 -37.1659 -2.7735
-3.6293 -36.6247 -2.7449
1.2546 -39.119 -4.1539
-3.6324 -37.4972 -2.7355
-3.6388 -36.8235 -2.7164
-3.6452 -35.7853 -2.6973
-5.1467 -41.7534 -3.3015
-3.6452 -35.6528 -2.6973
-6.78 -39.9174 -3.5405
-2.1329 -39.5155 -3.4966
-3.6514 -36.9671 -2.6784
-0.3263 -36.695 -3.4708
-3.6547 -35.4209 -2.6687
-4.7218 -32.4987 -3.5098
-3.2693 -31.9225 -3.1667
-3.6578 -36.5364 -2.6593
-3.2289 -38.0582 -3.6654
-3.7021 -35.1338 -2.5261
-7.1688 -38.2638 -3.6998
0.1055 -38.3398 -3.7548
-3.4058 -38.0455 -3.7066
-7.0192 -33.7563 -3.6209
-3.4374 -38.2443 -3.6115
2.1775 -35.5961 -3.4604
-3.4437 -38.5535 -3.5926
-1.4127 -40.8698 -3.7346
-3.4437 -38.421 -3.5925
-0.6655 -39.6176 -3.5887
-3.4469 -34.2794 -3.5823
-3.4596 -34.0806 -3.5442
-8.0219 -41.1217 -3.1104
1.0659 -35.4376 -3.6765
-6.9722 -42.6414 -3.5814
-3.4596 -33.9702 -3.5442
-0.9284 -35.5303 -2.195
-3.3973 -31.56 -2.9693
-3.4627 -39.3156 -3.5356
-3.4627 -38.8075 -3.5355
-1.0254 -40.0344 -3.4186
-0.0727 -35.3925 -2.4109
-3.4722 -38.5867 -3.507
-5.4397 -41.3795 -3.4801
-1.868 -31.1126 -2.9267
-3.4818 -33.164 -3.4775
0.32 -37.9007 -3.6694
2.3228 -33.2767 -3.8975
-3.4944 -33.915 -3.4396
-3.1938 -37.6906 -2.6151
-1.5903 -34.3576 -3.6687
-3.5165 -33.7493 -3.373
-3.5387 -33.3297 -3.3063
1.8503 -39.08 -3.8514
3.595 -33.7848 -3.6876
-3.5671 -33.407 -3.2207
-3.722 -37.0075 -2.7553
-3.3319 -39.2161 -3.3655
-1.9664 -38.332 -3.7072
-3.7378 -37.5597 -2.7078
0.3153 -36.5877 -3.5357
-4.7922 -34.3995 -3.2863
-3.7378 -37.14 -2.7078
1.9792 -40.7283 -4.0459
-2.1493 -37.8729 -3.8309
-5.4792 -36.6062 -3.6349
-3.8137 -34.9423 -2.4791
-4.9589 -30.9364 -3.2193
-3.5064 -38.2553 -3.7082
-2.4383 -36.6441 -1.9408
-3.5127 -38.156 -3.6892
-0.2582 -36.3144 -2.3913
-3.5602 -39.2273 -3.5467
-3.5602 -38.6198 -3.5466
-3.2629 -33.4936 -3.3028
-3.5824 -39.3046 -3.4801
-1.5675 -37.5938 -4.0407
-3.5951 -39.5034 -3.4421
-3.6734 -33.407 -3.2032
-5.3423 -41.6663 -3.3027
-4.0564 -36.2836 -5.1824
-3.8255 -36.5768 -2.7473
-3.8604 -37.5155 -2.6428
-3.8665 -35.6712 -2.6234
0.2206 -38.6616 -3.6535
-0.1149 -33.1389 -3.32
-3.2149 -31.6061 -3.2484
-3.8823 -35.2073 -2.5758
-2.7561 -35.5975 -1.913
-1.1347 -36.4711 -1.766
-3.6271 -38.1435 -3.6417
-3.6487 -34.4879 -3.5742
-4.5755 -36.9009 -2.6811
-3.6619 -38.6184 -3.5372
-3.715 -34.1235 -3.3743
-3.2371 -39.5893 -3.3444
-0.3069 -32.5553 -3.2682
0.7935 -37.9107 -3.634
-3.9177 -36.973 -2.7663
-3.9428 -35.8023 -2.6899
-3.9838 -35.217 -2.5661
-3.6957 -38.0888 -3.7184
-3.7115 -38.2876 -3.6708
-5.8196 -35.8402 -3.3984
-3.7139 -34.6761 -3.6605
-1.1712 -36.5036 -1.8661
-3.7486 -34.4111 -3.5558
-2.3734 -37.9159 -3.9288
-7.4186 -33.7437 -3.6692
-3.7559 -39.0275 -3.5379
0.5222 -34.6534 -3.6783
1.1454 -31.6685 -3.4035
-5.0018 -34.4777 -3.4242
-3.8024 -34.2013 -3.3941
-3.8339 -33.6822 -3.2989
-3.8403 -33.9804 -3.2799
-3.2542 -38.7981 -3.5894
-4.3949 -31.3133 -2.7828
-4.0085 -37.2606 -2.7766
-0.7589 -38.2731 -3.5994
-4.0116 -36.9072 -2.767
0.7949 -31.464 -3.5573
-4.0115 -36.5758 -2.7669
-8.0081 -37.3954 -3.5173
-2.4746 -35.1753 -2.4687
-4.0303 -35.6481 -2.7096
-4.043 -36.0899 -2.6717
-3.7941 -34.2151 -3.5113
-0.7606 -37.2624 -2.638
-4.0462 -35.8469 -2.6621
0.5639 -32.5932 -3.2517
-1.3956 -33.2334 -3.4114
-3.8076 -37.8779 -3.6618
-2.4514 -34.9668 -2.5734
-3.8234 -38.0435 -3.6143
-4.8391 -34.6545 -3.43
-3.8361 -38.1319 -3.5763
-3.8458 -39.4351 -3.5482
-3.845 -34.8076 -3.5467
0.4182 -35.8656 -3.3967
-7.8123 -38.2455 -3.6275
-3.3919 -35.5085 -2.5983
2.0274 -33.3989 -4.1812
-4.0467 -33.4142 -3.233
-3.8584 -39.0596 -3.51
-0.1892 -37.9255 -3.7337
-1.764 -37.8821 -3.8331
-3.4184 -38.3326 -3.6686
-4.1434 -33.7256 -5.1641
-3.8797 -34.2775 -3.4419
-3.9082 -34.1892 -3.3563
-3.9365 -33.4382 -3.2704
-4.4821 -41.592 -3.5173
-3.9618 -33.383 -3.1943
-4.4573 -32.838 -3.3478
-0.1341 -36.2856 -3.4271
-4.1142 -37.0608 -2.739
-8.7889 -32.2545 -3.4562
-4.1173 -36.9614 -2.7295
-1.4794 -36.442 -1.911
3.5095 -35.4967 -3.4311
-4.1235 -35.7908 -2.71
-1.0995 -30.9082 -2.6566
-4.1297 -35.4926 -2.6909
2.823 -33.5161 -3.9647
0.0173 -36.653 -4.1929
-4.1424 -35.8791 -2.653
-1.9374 -33.7037 -3.5088
-4.1519 -35.4374 -2.6243
-3.1905 -33.379 -5.6589
-3.9112 -38.3397 -3.644
-4.2009 -37.7271 -3.6399
-3.9111 -38.1851 -3.6439
-3.9143 -37.8869 -3.6343
-3.927 -38.4391 -3.5964
-3.9301 -38.2514 -3.5869
1.5702 -37.3515 -3.554
-5.5727 -33.6045 -3.5525
1.6631 -34.428 -3.6589
-6.5891 -35.4003 -3.4154
-3.9614 -34.5516 -3.4902
1.2391 -38.569 -3.8092
-3.9614 -34.4412 -3.4902
1.2911 -33.4553 -3.6845
-4.0214 -34.121 -3.3093
0.613 -42.2283 -4.1713
-0.063 -38.1076 -3.625
-6.9724 -37.1042 -3.4694
-4.2019 -36.7828 -2.7683
-3.691 -31.2526 -3.4606
-4.2082 -37.1804 -2.7494
-8.7227 -33.7917 -3.2684
-4.2082 -36.6834 -2.7492
-4.2081 -36.2417 -2.749
-1.1632 -31.0451 -2.8393
-4.2114 -37.07 -2.7399
-4.2241 -37.3792 -2.7019
2.3782 -38.3657 -3.7745
-8.5968 -30.776 -2.6913
-4.1253 -37.6819 -3.5745
-4.1317 -37.8255 -3.5556
-3.8079 -39.667 -3.6624
0.4093 -35.9452 -3.6522
2.8191 -39.9273 -4.2495
-5.1475 -37.0433 -2.7449
-4.1444 -39.2723 -3.5179
-4.1472 -34.8436 -3.5073
-2.9597 -32.6092 -3.1909
-4.1508 -39.3606 -3.4989
-4.1602 -38.2341 -3.4701
-0.7558 -38.8032 -3.6089
2.2735 -35.8477 -3.46
-4.1662 -35.0424 -3.4503
-3.104 -39.2855 -3.4639
-4.1757 -34.8326 -3.4217
0.997 -42.4089 -3.9321
-4.1757 -34.7442 -3.4216
-4.182 -34.4018 -3.4025
-2.8535 -36.7723 -2.0318
-7.9152 -41.3297 -3.4141
-8.0853 -31.1944 -3.4131
-4.3845 -36.666 -2.7944
-0.4628 -36.3706 -4.1972
-5.0436 -33.6133 -3.3923
-4.5171 -34.5567 -2.3944
-1.1732 -33.629 -3.4979
-7.6026 -35.8678 -3.5995
-4.2998 -38.4664 -3.7435
-4.5297 -34.4794 -2.3563
-0.6462 -42.0458 -4.1017
-3.3823 -37.5075 -2.6269
-4.5582 -34.4352 -2.2707
-4.5961 -34.2033 -2.1565
-4.1819 -37.3737 -3.6969
1.282 -37.0824 -3.4645
-7.1641 -33.1836 -3.6872
3.3735 -39.4498 -4.1839
-2.2191 -30.6251 -2.8078
-4.2295 -39.3285 -3.5546
-4.8819 -36.4261 -2.7236
-8.6388 -37.0619 -3.4153
-0.375 -30.4777 -2.7355
-4.2294 -38.2241 -3.5544
-4.2454 -39.4942 -3.5071
-7.0743 -40.806 -3.5246
-4.2453 -39.0524 -3.507
-6.3212 -34.4599 -3.2761
-4.3017 -33.4309 -3.3348
-4.3238 -33.3647 -3.2682
-5.6038 -38.1889 -3.6097
-4.5958 -34.6349 -2.4505
-4.6432 -34.4803 -2.3078
-7.074 -37.7104 -3.63
-4.3775 -37.3093 -3.6762
-4.3996 -37.5744 -3.6097
-4.406 -33.1125 -3.59
-3.5838 -30.7417 -2.6134
-4.4217 -37.972 -3.5432
-0.7392 -42.4871 -3.9905
-4.4281 -37.8726 -3.5241
0.5164 -35.7505 -3.6149
-3.7115 -41.1974 -3.6615
-2.9781 -34.2756 -3.5687
-3.3711 -32.9583 -3.2845
-4.5072 -33.4218 -3.2857
1.5699 -34.3946 -3.7118
-4.5325 -33.7532 -3.2097
-4.6715 -36.702 -2.7916
-6.1099 -41.4048 -3.4115
-4.681 -36.3707 -2.763
-0.7653 -39.2339 -3.5803
-5.6974 -31.6335 -2.713
-6.3845 -34.9237 -3.0859
-6.2422 -33.8082 -3.5138
-4.746 -32.8813 -3.3592
-4.6842 -36.1609 -2.7535
-2.0636 -34.3136 -3.705
-4.6873 -36.7904 -2.744
-4.6873 -36.0615 -2.7439
-4.7 -35.8295 -2.7059
-4.7031 -37.0113 -2.6965
-6.5318 -33.6727 -3.5897
-4.7316 -35.6528 -2.6107
-8.3744 -31.3735 -3.4075
-3.0098 -32.9777 -3.3604
-4.503 -37.7186 -3.5817
0.9194 -32.5826 -3.3355
-0.1619 -40.9772 -3.8262
1.614 -35.3666 -3.5067
-3.5491 -32.5491 -3.2099
-4.5094 -37.4094 -3.5627
-4.5124 -39.5078 -3.5534
-4.5314 -38.4255 -3.4962
-4.5377 -38.7457 -3.4772
-4.5728 -33.4114 -3.3721
0.2798 -35.3165 -4.9821
-5.9576 -35.8864 -3.5543
-6.8716 -39.6128 -3.6292
-4.5854 -34.6705 -3.3341
-1.3108 -34.526 -3.9124
-2.1784 -37.1808 -3.2535
-4.5918 -34.1956 -3.3151
-4.2389 -37.9922 -3.5258
-4.595 -33.4998 -3.3055
0.2387 -35.2723 -4.8585
-4.6107 -34.2729 -3.258
0.9006 -40.5501 -3.721
-4.8067 -35.8081 -2.6685
-4.5845 -39.5957 -3.618
-4.6161 -39.43 -3.5228
-3.9975 -35.0009 -3.673
-4.6164 -35.3326 -3.5225
-4.6196 -34.9682 -3.5129
-4.6225 -38.4912 -3.5037
1.3021 -36.2562 -3.4231
-5.3423 -41.5119 -3.4377
-4.6288 -38.182 -3.4847
-4.6352 -37.8507 -3.4656
-4.6385 -34.9019 -3.4559
-4.6446 -38.5575 -3.4372
-4.6607 -34.8356 -3.3893
-4.6702 -33.7202 -3.3607
-4.4692 -34.7361 -3.4
-7.5479 -36.7825 -3.7128
-4.6734 -33.9521 -3.3512
-3.7354 -36.1908 -2.7776
-4.686 -34.4381 -3.3132
-6.9513 -36.7139 -3.7292
-4.6955 -33.8858 -3.2846
-4.6937 -36.6026 -2.725
-0.1618 -40.9022 -3.752
-4.8566 -36.7684 -2.7998
-5.6491 -33.037 -3.4808
0.516 -38.1206 -3.4972
-3.6746 -39.3805 -3.4994
-6.5013 -39.0322 -2.7344
-7.5631 -37.9936 -3.7013
-6.8716 -39.2281 -3.5554
-4.8692 -36.9562 -2.7617
-0.9289 -41.9489 -3.9608
-4.8693 -36.1941 -2.7617
-4.8819 -36.3377 -2.7236
-4.8946 -36.1389 -2.6856
-5.3553 -37.3239 -3.6208
-3.6356 -37.2432 -2.726
-2.7961 -32.4911 -3.2479
-4.8946 -36.0395 -2.6856
-4.6435 -35.5922 -3.7337
-4.6688 -35.4596 -3.6575
-4.6973 -35.4265 -3.5719
-1.9565 -36.4777 -1.9106
-4.6751 -35.3603 -3.6385
0.6131 -40.8512 -3.8047
3.5956 -35.4662 -3.4403
-4.6877 -39.6123 -3.6016
-5.1395 -31.4432 -2.7317
-4.6878 -37.2267 -3.601
-4.6941 -35.2719 -3.5814
0.778 -34.4208 -3.5854
-3.9315 -31.3631 -2.8296
-4.7036 -37.5912 -3.5535
-1.0606 -36.3559 -1.8138
-4.7067 -39.1484 -3.5444
-4.713 -38.0772 -3.5251
-4.8652 -34.7233 -3.4994
0.3194 -32.949 -3.1687
-3.9044 -31.4479 -2.7658
-3.6449 -33.6721 -3.2889
-5.3426 -39.7136 -3.5335
-4.7225 -37.79 -3.4965
-7.9159 -34.7297 -3.5525
0.0299 -36.9953 -4.231
-4.7288 -39.0822 -3.4778
-4.7321 -34.775 -3.4671
-4.7352 -38.9497 -3.4587
-8.022 -40.2478 -3.0501
-0.9969 -33.7359 -3.4315
-4.7415 -38.5521 -3.4396
-4.7478 -38.8503 -3.4207
-4.7605 -33.5491 -3.3812
-4.7795 -34.6425 -3.3244
-4.4539 -35.396 -2.5848
-7.2198 -38.0988 -3.8192
-4.9502 -36.6526 -2.8114
-4.9629 -36.4428 -2.7733
-4.9787 -36.233 -2.7257
-4.0148 -37.0287 -2.7575
0.0327 -40.5376 -3.5807
-4.3932 -35.5819 -4.7712
-2.7483 -31.642 -3.2962
-4.7253 -35.7699 -3.7726
-0.1618 -36.2977 -3.5251
-4.7855 -37.5259 -3.5923
-4.7983 -39.5801 -3.5547
-8.2869 -38.0957 -3.5608
-5.1481 -34.8436 -3.4394
-4.8075 -35.1956 -3.5252
-1.5303 -36.8884 -1.8522
3.6525 -34.5385 -3.6114
-4.9819 -36.0452 -2.7161
-4.8109 -38.3653 -3.5164
-2.3106 -31.0371 -2.8315
-4.814 -37.6916 -3.5067
-6.4254 -38.0917 -3.7385
-6.9722 -41.0526 -3.4805
-4.817 -35.3723 -3.4967
-8.0082 -41.7995 -3.9588
-4.8299 -39.2047 -3.4595
-3.6219 -37.7441 -2.5977
0.2807 -37.5903 -3.834
-3.342 -34.1656 -3.5786
-4.8328 -33.9255 -3.4489
-7.4545 -37.3597 -3.6772
-4.8393 -38.796 -3.4309
-3.8079 -40.2488 -3.4232
-4.8391 -34.9747 -3.4301
-2.1784 -40.4123 -3.4381
2.6417 -36.813 -3.7165
3.6644 -37.6282 -3.8975
-4.8771 -34.544 -3.3159
-7.5479 -35.195 -3.42
0.8073 -36.9409 -3.3992
-5.0796 -36.0903 -2.7075
-4.8563 -35.8021 -3.6684
-4.885 -39.5019 -3.5833
-1.4282 -33.2294 -3.2451
-4.8879 -35.7138 -3.5732
-4.8944 -39.3142 -3.5548
-0.7174 -31.8577 -3.0119
-1.213 -34.5 -3.9146
-4.7136 -31.7189 -3.1597
-6.0141 -42.3844 -3.9234
-4.907 -37.6244 -3.5165
-8.638 -32.0859 -2.8772
-5.7311 -36.4065 -3.4534
-4.9132 -35.5812 -3.4971
1.4055 -39.5737 -4.0276
-4.9164 -35.1726 -3.4876
2.8177 -39.491 -3.947
-4.9195 -35.4708 -3.4781
-7.1069 -30.455 -3.0189
-2.0047 -36.2783 -1.8627
-5.7186 -38.7116 -3.7034
-2.4692 -39.2417 -3.3831
3.4061 -37.7934 -3.9843
0.3556 -33.8137 -3.49
-1.102 -31.3229 -2.968
2.4108 -35.2629 -3.5839
-0.7388 -37.263 -2.5494
-1.3109 -41.5374 -3.9231
-4.9542 -33.5712 -3.3732
-4.6576 -33.3557 -3.3987
-3.8202 -37.7895 -3.6238
-5.8974 -40.1468 -4.2838
-4.9669 -34.6646 -3.3353
-2.4692 -40.6237 -3.4428
-0.6966 -37.1494 -2.7059
-4.9669 -34.3112 -3.3353
-4.9701 -34.4658 -3.3258
-7.9153 -40.6402 -3.6421
-4.9796 -33.8031 -3.2971
-5.1505 -36.4538 -2.7839
-5.1726 -36.0231 -2.7173
-4.9487 -36.8713 -3.6784
-3.0421 -35.2703 -2.6336
0.1909 -35.3866 -3.7489
2.4517 -33.2418 -3.7071
-3.6512 -33.4954 -3.2698
-2.2778 -38.1916 -3.6377
-1.046 -36.944 -5.5979
-4.9676 -37.4788 -3.6215
-4.9741 -33.1826 -3.6015
0.516 -37.9419 -3.4871
-6.8718 -37.7764 -3.5533
-4.9771 -37.0259 -3.5928
-0.1486 -35.603 -3.3988
-2.3239 -36.5517 -1.8859
-1.0254 -39.4733 -3.4124
-4.9803 -37.2689 -3.5834
-4.9835 -37.1695 -3.5738
2.8525 -39.4358 -4.0516
-4.9897 -39.5772 -3.5554
-5.5857 -36.995 -3.5153
-5.7143 -30.462 -3.1497
3.0758 -37.5488 -3.861
-4.9929 -39.2127 -3.5458
-3.7115 -40.8762 -3.5666
-1.0939 -37.2349 -2.5912
-7.2519 -30.8485 -2.6966
-4.993 -33.2488 -3.5444
-3.7113 -38.9587 -3.4535
-4.9961 -38.3181 -3.5361
-6.5897 -42.3712 -3.7867
-4.9993 -35.3693 -3.5259
-1.5069 -39.5021 -3.4094
-5.3444 -34.8617 -3.3558
3.7718 -39.7928 -4.2212
-5.0246 -35.6455 -3.4499
0.6419 -32.3924 -3.2772
-7.7022 -34.7158 -3.4914
-5.0277 -38.771 -3.441
-5.0404 -37.8874 -3.4028
-5.0467 -37.9758 -3.3838
-5.0499 -34.9939 -3.3736
0.5 -39.2698 -3.6128
3.2479 -35.1319 -3.5084
-5.6253 -33.3653 -3.6934
-5.0626 -34.7178 -3.3355
-5.0689 -33.9226 -3.3163
-7.4545 -36.3515 -3.4263
1.1787 -39.605 -3.9257
-0.8292 -30.9018 -2.7099
-5.0784 -34.5632 -3.2879
-2.3722 -34.5934 -3.8763
-5.2397 -36.2641 -2.8032
-3.4606 -33.5143 -4.8645
-3.4709 -31.3874 -3.1481
-5.2776 -35.9549 -2.689
-6.4904 -40.5332 -3.5305
-5.151 -37.4127 -3.6413
-1.6974 -36.138 -1.7497
-3.6232 -42.7638 -3.6143
-2.264 -35.2427 -6.1738
-5.1605 -37.5452 -3.6128
-6.5896 -40.8148 -3.5791
-4.7258 -33.3723 -3.4858
-8.6148 -36.5895 -3.4164
-5.1605 -36.9047 -3.6127
0.1265 -37.4843 -3.5947
-8.0258 -36.2531 -3.4849
-5.1732 -38.9699 -3.5752
-5.1921 -35.237 -3.5171
-4.7716 -40.5586 -3.6038
-5.2111 -33.8565 -3.4597
-1.7936 -40.9188 -3.7315
-5.2142 -33.7129 -3.4502
-5.2206 -33.4258 -3.4311
-5.2237 -33.5473 -3.4216
-3.5235 -39.8158 -3.2631
-5.2269 -34.0222 -3.4122
-5.2269 -33.3043 -3.412
-5.2332 -35.0714 -3.3934
-5.2364 -33.9007 -3.3836
-1.5295 -31.115 -2.8003
-5.2396 -33.6577 -3.3741
-5.2649 -34.4861 -3.2982
2.4234 -34.5892 -3.6218
-2.9091 -35.8413 -5.9022
-4.142 -36.1022 -2.8265
-5.268 -34.3977 -3.2886
-2.3986 -37.4283 -2.6973
-0.5242 -35.2145 -3.8526
-3.5799 -35.9268 -2.6094
-1.2532 -33.2171 -3.2898
-8.2098 -36.9852 -3.5184
-4.8352 -35.9657 -4.8874
-5.487 -37.0095 -3.6951
-3.905 -39.9024 -3.3533
-5.2373 -39.4891 -3.6805
-0.3387 -37.0521 -2.5373
-5.2372 -39.3234 -3.6805
-5.2562 -38.8927 -3.6233
-5.2594 -39.6216 -3.614
-0.5563 -34.9216 -3.9095
-4.926 -38.3644 -3.4595
-6.5681 -33.0344 -3.3703
-5.2626 -39.3897 -3.6044
-4.3178 -35.3821 -4.7133
0.997 -42.406 -4.0236
-8.3119 -38.2388 -3.6412
-4.7225 -36.4016 -2.8696
2.7032 -35.3606 -3.6037
-4.1873 -40.8001 -3.5383
-5.5307 -37.2947 -3.5825
-5.2783 -38.705 -3.5567
-3.6279 -33.5207 -5.0574
-4.8656 -41.1954 -3.4273
-5.2909 -38.2301 -3.5185
-0.4383 -29.8414 -3.1005
-4.9406 -30.3487 -2.8594
-5.294 -37.6227 -3.5088
-3.0416 -39.1983 -3.2848
2.4269 -37.4496 -3.6319
-5.2938 -35.6237 -3.5082
2.7844 -40.0378 -4.1449
-3.8545 -34.5978 -3.5181
-5.3004 -38.0865 -3.4899
-5.3096 -35.1598 -3.4605
-5.3223 -35.2924 -3.4225
0.2521 -36.1691 -3.4103
-3.2371 -41.2827 -3.5043
-8.6151 -37.6272 -3.4074
-2.8042 -36.2704 -5.4164
-5.3475 -34.6297 -3.3462
-5.376 -34.2653 -3.2605
-5.3271 -39.1572 -3.7069
-7.9762 -36.7495 -3.5442
-5.3585 -37.5006 -3.6113
-5.3579 -33.359 -3.6102
-5.3611 -33.6572 -3.6008
-5.3806 -37.2797 -3.5447
1.4719 -40.9347 -3.9864
3.3293 -38.0804 -4.0505
-5.5305 -31.4732 -2.7596
-5.3838 -37.4344 -3.5352
-1.4538 -36.5367 -1.852
-5.3934 -38.7044 -3.507
0.4621 -36.067 -3.4979
-5.3966 -38.5167 -3.4974
-5.4058 -36.2416 -3.4683
-5.4151 -35.3691 -3.4396
-5.415 -33.9996 -3.4392
-4.4818 -38.422 -3.3792
-5.4181 -34.099 -3.4297
-5.9183 -38.5083 -3.516
-4.9732 -34.2228 -3.3162
-5.4656 -34.4525 -3.2871
-4.9057 -30.2523 -3.0114
-5.4086 -32.4985 -3.3027
-5.4168 -39.6897 -3.7355
-5.4325 -38.9276 -3.6878
-5.4421 -39.2811 -3.6593
-5.4452 -39.3915 -3.6499
-4.6098 -39.5515 -3.5419
-5.4641 -38.8614 -3.5927
-5.4223 -30.0823 -3.351
-5.4704 -38.519 -3.5736
-0.9287 -39.9672 -3.4305
-8.6441 -36.2769 -3.4636
-5.4831 -38.6516 -3.5356
-6.1101 -36.1979 -3.4126
-5.4955 -37.4036 -3.4973
-0.9287 -39.8552 -3.4539
-7.1984 -35.584 -3.5166
-5.4983 -35.9899 -3.4875
-5.5048 -36.7188 -3.4686
-5.5082 -37.757 -3.4593
-5.3932 -36.6944 -3.5065
-5.511 -35.8243 -3.4494
-4.5253 -35.322 -3.5149
-0.0317 -34.695 -3.7635
-7.2219 -33.1483 -3.588
-5.5169 -33.9357 -3.43
-4.732 -39.1926 -3.4683
-3.1534 -33.8441 -4.33
-7.2944 -31.9033 -3.1593
-5.5237 -36.0672 -3.4114
-5.5236 -35.9678 -3.4114
-4.2516 -38.7653 -3.4879
-4.3822 -40.8505 -3.5699
-5.5266 -34.9407 -3.4016
-5.533 -35.1064 -3.3826
0.1167 -34.1832 -3.5768
-1.464 -32.6119 -3.2802
-5.5363 -36.1556 -3.3734
-2.7653 -33.4121 -5.2836
2.7689 -35.7386 -3.5085
-1.6982 -39.7579 -3.4243
-5.5005 -39.1044 -3.7727
-5.5152 -29.9055 -3.0763
-5.5068 -39.4689 -3.7537
-5.5226 -39.005 -3.7061
-2.5162 -37.5395 -2.7475
-4.3844 -30.5948 -2.9363
-0.739 -36.9083 -3.3606
1.7712 -36.7785 -3.4115
-5.5727 -33.3615 -3.5524
-7.3138 -33.9455 -3.6632
-3.228 -35.9321 -1.9323
0.2883 -37.5667 -4.127
-3.3665 -37.3307 -2.6744
-5.7539 -32.7266 -3.7291
-0.1961 -35.8876 -2.5297
-5.1059 -36.6501 -3.6514
-5.5854 -34.1015 -3.5146
-1.0714 -32.5131 -3.2516
-5.1578 -33.6668 -3.4994
-4.0808 -35.2285 -2.5573
-5.5889 -37.7681 -3.506
-5.5919 -36.3655 -3.4961
0.5886 -37.8348 -3.6968
-7.3068 -34.5724 -3.4532
-3.3889 -39.1537 -3.468
-5.5919 -36.222 -3.4961
-6.0141 -40.8172 -3.5977
-5.2744 -34.3094 -3.2696
-5.5952 -37.481 -3.4869
-5.5951 -36.6306 -3.4867
-5.6012 -34.0021 -3.467
-5.6078 -37.6798 -3.4489
-5.189 -37.6226 -3.5273
-3.5226 -33.2839 -3.2111
-5.6173 -37.3927 -3.4203
-0.45 -42.6736 -3.8935
-4.4821 -42.1124 -3.5894
-5.6172 -36.5423 -3.4201
-5.6172 -36.0453 -3.42
-3.6683 -39.4799 -3.5184
1.0181 -32.9924 -3.5659
-6.5897 -42.4354 -3.5965
-6.7282 -33.4745 -3.5878
2.9873 -35.2186 -3.5942
-5.6222 -33.2549 -3.7029
-5.6222 -33.1334 -3.7029
-5.6411 -33.6414 -3.6459
0.2231 -35.6858 -3.4772
-3.5633 -36.449 -5.4251
-5.6507 -38.5451 -3.6184
-2.0582 -35.4864 -2.5543
-5.6633 -33.5641 -3.5793
-0.6983 -36.354 -2.6332
-8.0219 -41.3878 -3.2672
-5.6633 -33.4206 -3.5793
-7.2026 -35.7202 -3.541
-0.6461 -41.8995 -3.985
-5.6728 -37.0652 -3.5515
1.0484 -32.5168 -3.7443
-5.6791 -37.7389 -3.5327
-5.6476 -36.4952 -3.561
-5.4309 -35.082 -3.3919
-5.6854 -37.6063 -3.5136
-5.6886 -37.9156 -3.5042
-4.837 -38.0753 -3.5914
-5.6886 -36.016 -3.5038
-5.7012 -35.6073 -3.4656
-3.4312 -32.9215 -3.1924
0.1939 -37.1302 -3.6589
-5.7044 -36.1264 -3.4562
-5.7076 -37.8051 -3.4471
1.5949 -36.8466 -3.4499
-5.7202 -35.1104 -3.4085
-0.5935 -36.3759 -2.6161
-1.0251 -37.6652 -2.4446
-6.1791 -38.0621 -3.6739
-5.1472 -39.622 -3.5224
-5.7265 -35.3644 -3.3895
-5.2718 -37.1257 -3.5752
-2.9431 -36.989 -1.9347
-4.8103 -34.5475 -3.4337
-5.6364 -39.6283 -3.9509
-5.6522 -39.4074 -3.9033
-8.352 -36.3846 -3.5667
-4.8774 -32.3743 -3.143
-3.1111 -37.3398 -2.7722
-5.6554 -39.6945 -3.8938
-6.0141 -39.776 -3.6226
0.0521 -36.2001 -4.2975
-3.123 -39.2193 -3.4068
-8.6093 -31.4372 -2.899
-5.3255 -35.4691 -3.4131
-4.2418 -34.8114 -3.5158
-0.3882 -36.5032 -2.5872
2.3429 -34.677 -3.6689
-4.1052 -37.2775 -2.8428
-5.6807 -39.7829 -3.8178
-5.6996 -39.2528 -3.7606
-5.9184 -37.2157 -3.5341
-7.7314 -33.5155 -3.4522
-5.7151 -33.2669 -3.7117
1.9846 -41.5475 -4.1448
-5.7186 -38.811 -3.7034
-5.7439 -38.8884 -3.6273
-5.1088 -31.45 -2.6508
-0.9288 -41.2693 -3.7225
0.6721 -36.4935 -3.5967
-8.2703 -34.0852 -3.3959
-7.0744 -41.5321 -3.5141
-5.7628 -38.4687 -3.5702
-5.6641 -34.8038 -3.4397
-5.7657 -33.9737 -3.5597
-5.7691 -37.0661 -3.5509
0.49 -37.9861 -3.7155
-5.7722 -36.3814 -3.5412
-3.9981 -38.4932 -3.5676
2.9164 -34.6424 -3.6613
-5.8069 -35.3211 -3.4363
0.223 -36.6291 -3.3335
-1.1436 -33.112 -3.2525
-5.8261 -41.6565 -3.4629
-5.8165 -37.5189 -3.4083
-5.8196 -35.5531 -3.3983
1.9843 -38.7596 -3.7102
3.3261 -38.5884 -4.041
-5.8227 -34.9456 -3.3887
-5.3432 -35.8751 -3.5672
-5.8322 -35.277 -3.3602
-1.75 -34.9454 -2.3465
-5.8353 -34.6143 -3.3506
-5.8353 -34.3493 -3.3505
-5.7274 -39.4871 -3.9597
-4.1677 -35.338 -2.5767
0.3397 -36.6742 -3.4431
-7.0094 -33.6632 -3.586
-2.8492 -38.913 -3.4282
-5.5717 -39.782 -3.8565
-3.7188 -36.7976 -2.7648
-6.5589 -35.8519 -3.6203
-5.759 -39.4982 -3.8646
-6.4904 -40.5159 -3.6181
1.0604 -32.8183 -3.227
-5.7812 -39.6087 -3.7981
-5.7907 -39.1669 -3.7694
-5.8128 -38.9239 -3.7028
-5.3426 -40.0233 -3.5331
-4.7415 -38.4637 -3.4396
-6.6837 -41.4775 -3.5668
-5.8476 -38.0625 -3.5979
-0.2581 -34.965 -2.3711
-3.9261 -36.7202 -2.8342
-5.5676 -34.4879 -3.2779
-1.0737 -39.3844 -3.5068
-1.9491 -32.5512 -3.2822
-5.8476 -36.3507 -3.5975
-1.9837 -41.4188 -3.8366
-5.8508 -37.8858 -3.5884
-5.8508 -33.2362 -3.5872
-3.8768 -37.8741 -3.8203
-4.7105 -34.9591 -5.754
-5.1606 -39.0804 -3.6132
-5.8571 -36.5937 -3.569
-5.8603 -33.1368 -3.5587
-2.3916 -35.8426 -3.8918
-5.8697 -38.2834 -3.5314
-1.7936 -41.5013 -3.828
-5.8729 -36.3838 -3.5214
0.5161 -37.3498 -3.5417
-5.8729 -33.3909 -3.5207
-1.2104 -31.5007 -3.0092
-4.7523 -30.3556 -2.8701
-5.8761 -36.9029 -3.5121
-3.7963 -31.6283 -3.0003
-5.8792 -37.0023 -3.5026
2.1061 -34.9212 -3.5454
-3.6776 -33.7242 -5.2095
-4.8652 -35.3815 -3.6475
-4.0054 -31.3321 -2.7698
-5.9046 -33.8658 -3.4257
-3.6392 -34.5983 -3.6027
-8.3048 -37.787 -3.5783
-5.9109 -35.92 -3.4072
-5.9109 -34.8818 -3.4069
-5.9204 -35.8096 -3.3786
2.7416 -38.1437 -3.7184
-5.9298 -35.7102 -3.3501
-6.0141 -37.3367 -3.4831
-5.933 -34.9923 -3.3404
-5.9393 -34.7935 -3.3213
0.997 -40.0749 -3.8287
-5.9425 -35.3347 -3.3119
-5.9457 -35.2242 -3.3024
-5.8913 -39.4324 -4.0818
-4.4819 -39.7215 -3.4476
-5.2494 -34.9273 -3.4877
-5.9767 -39.8189 -3.8251
-7.3183 -35.2429 -3.5493
-5.9956 -38.9464 -3.7679
-2.1238 -31.9184 -3.1852
-6.4408 -37.2539 -3.6975
-6.0019 -39.1232 -3.7489
1.282 -35.886 -3.5009
-1.5112 -30.8562 -2.7265
-6.024 -38.9244 -3.6823
1.9599 -34.1282 -3.6871
-3.8433 -35.3432 -2.7293
-3.0895 -35.9211 -5.6382
-5.5142 -36.4759 -3.44
-5.9183 -40.0622 -3.4996
-2.7075 -36.1669 -5.3982
-3.3607 -32.2151 -3.1846
-4.1872 -37.2852 -2.6762
-6.052 -36.4946 -3.5964
-6.0555 -38.3501 -3.5871
-6.0546 -33.6121 -3.5864
-8.5973 -30.941 -2.7087
-6.0583 -36.2517 -3.5773
-6.08 -33.9876 -3.5104
-6.0838 -37.3782 -3.5014
-6.1149 -34.8049 -3.4059
-8.7157 -32.1069 -3.2472
-6.1182 -35.5007 -3.3965
-2.3331 -31.1363 -2.9009
-2.9938 -37.423 -2.6361
-4.6725 -34.0241 -3.2755
-6.1212 -34.9374 -3.3869
-6.0489 -39.2081 -3.8271
-6.8718 -37.6773 -3.6263
-6.0142 -35.4966 -3.5217
1.1692 -38.9534 -3.8971
-6.057 -33.4099 -3.7975
-2.8495 -34.5875 -3.8691
-3.1565 -36.0971 -1.8842
-5.7549 -34.6244 -3.3037
-5.7372 -33.5651 -3.6452
-3.0094 -39.124 -3.4734
2.7221 -35.0734 -3.6607
-3.8439 -37.9195 -3.7373
-6.0931 -38.8436 -3.6939
-1.793 -34.3793 -3.7948
-8.2332 -35.0713 -3.3936
-6.1044 -33.2994 -3.6548
-0.8757 -32.6445 -3.2568
1.2789 -38.3258 -3.647
2.865 -38.994 -4.0896
-6.1178 -36.3366 -3.6173
-6.1278 -38.2804 -3.5891
-6.1305 -36.5906 -3.5793
-4.7714 -39.5254 -3.377
-1.0381 -35.1779 -2.466
-6.1335 -36.1047 -3.5697
-1.3108 -39.6852 -3.4282
-7.6906 -35.8207 -3.5682
-6.1368 -36.4691 -3.5603
-3.4575 -36.0354 -5.6117
-6.1457 -34.1167 -3.5313
-6.1583 -33.7744 -3.4932
-6.1686 -37.4079 -3.4653
-6.0428 -34.7516 -3.4204
-8.0223 -38.1157 -3.2945
-6.1778 -35.8948 -3.4365
-6.1777 -35.5635 -3.4365
-2.4427 -35.7859 -1.8688
-6.1838 -34.6579 -3.4173
-2.2867 -31.1174 -2.7759
-5.6677 -33.7638 -3.8545
-6.638 -37.4923 -3.7406
-5.6854 -38.0702 -3.5137
-4.3183 -36.2155 -2.7995
-6.206 -34.8457 -3.3507
-4.8656 -41.5316 -3.3571
1.4719 -34.4447 -3.7075
-6.2091 -34.5806 -3.3412
-3.808 -40.9752 -3.5588
-6.0686 -38.7804 -3.9225
-6.0815 -39.6861 -3.8846
2.6844 -36.3767 -3.5469
-6.1037 -39.7965 -3.818
-6.132 -39.1449 -3.7323
0.3224 -36.4318 -3.5016
0.997 -39.8089 -3.6719
-2.1342 -36.1063 -5.6621
-7.7379 -37.7276 -3.668
-6.1665 -37.9632 -3.6276
-4.7194 -38.8171 -3.5063
-4.3125 -35.8803 -2.7515
-6.9933 -33.9576 -3.5719
-6.1939 -33.678 -3.5415
-7.8072 -36.8604 -3.7202
-6.2445 -33.4682 -3.3893
-5.2493 -39.8631 -3.4908
2.8831 -33.6265 -4.1455
-6.5893 -36.8627 -3.5359
-1.6975 -35.3599 -2.4845
-2.4355 -33.8236 -3.435
-3.2121 -36.7052 -1.9798
-6.1784 -33.6224 -3.6736
-0.9397 -35.2215 -2.4694
-6.1949 -37.6535 -3.6263
1.2102 -37.2604 -3.7779
3.3387 -39.7259 -4.0793
-4.2745 -35.3251 -2.5489
-3.6768 -35.3325 -2.6022
0.5166 -34.3612 -3.7836
-6.4903 -35.9995 -3.5141
-3.8018 -33.6961 -5.2792
-6.2074 -36.781 -3.5882
1.2821 -38.7721 -3.7392
-5.3931 -36.584 -3.5065
-6.2106 -36.9467 -3.5787
-6.9764 -35.8923 -3.4528
-6.229 -33.523 -3.5214
-4.1191 -39.3164 -3.594
-7.6438 -40.9767 -3.4501
-6.2391 -37.1013 -3.4931
-6.2417 -34.2298 -3.4834
-6.2483 -35.8091 -3.4645
-6.2703 -34.6385 -3.3978
-6.2701 -33.8654 -3.3978
1.4466 -39.4411 -4.1512
-4.1173 -36.7516 -2.7294
-4.1572 -34.2472 -3.457
-6.2767 -35.5109 -3.3788
0.639 -34.9268 -5.1821
-0.8356 -37.5098 -2.5976
-5.3432 -35.7736 -3.5627
-6.283 -35.1134 -3.3598
-6.4577 -38.2839 -3.8429
-6.2829 -34.7489 -3.3598
2.7877 -35.109 -3.5655
-2.0174 -36.6759 -1.8248
-6.2923 -33.9648 -3.3312
-2.3126 -33.9617 -3.5325
-6.2988 -34.8372 -3.3122
-6.2166 -38.3805 -3.5903
-6.2198 -38.7339 -3.5809
-6.2388 -37.9056 -3.5237
1.8975 -39.971 -4.0697
-6.2451 -39.507 -3.5049
-5.0558 -35.865 -2.6926
-8.554 -32.1907 -3.9647
-6.2609 -38.4137 -3.4572
1.188 -38.9591 -3.7126
-3.1367 -35.0913 -2.621
-6.261 -37.4418 -3.4571
-6.2673 -37.9609 -3.4381
-6.2705 -36.6908 -3.4285
-8.6174 -36.9968 -3.352
-6.2705 -35.9177 -3.4284
-3.1485 -33.3769 -3.3306
-6.2738 -34.3936 -3.4187
-7.4544 -42.6755 -3.5984
3.6114 -35.3005 -3.4878
-6.2738 -33.5542 -3.4187
-3.9053 -42.1152 -3.4618
-1.0678 -31.2518 -2.8701
-5.2396 -34.6407 -3.3743
-5.2718 -36.706 -3.5751
-6.2895 -36.2048 -3.3714
-5.9183 -42.7227 -3.6838
2.4424 -34.9095 -3.6789
-6.3085 -35.7962 -3.3143
0.9969 -35.0185 -3.6627
0.5154 -42.2945 -4.0233
-5.1827 -37.8103 -3.5463
-2.0699 -36.9098 -2.0074
-6.198 -37.4993 -3.5324
-4.2848 -35.9483 -2.683
-5.86 -32.7935 -3.2589
-6.3148 -36.8454 -3.2953
-3.662 -39.1817 -3.5374
-2.216 -30.523 -2.7894
-4.2357 -37.9038 -3.5353
-6.4904 -41.0549 -3.5569
-6.3338 -35.8514 -3.2382
-5.5329 -34.6094 -3.3825
-4.4816 -36.6976 -2.6724
-6.3402 -35.1888 -3.2191
-7.0742 -39.1568 -3.6459
-6.3496 -35.6195 -3.1906
-6.4903 -38.2349 -3.5215
-1.9757 -34.1463 -3.6779
-6.3497 -35.4318 -3.1906
-5.3521 -36.9263 -3.6302
-1.5068 -38.2375 -3.9199
-6.394 -34.0071 -3.0573
-6.4225 -34.0071 -2.9717
1.204 -39.3178 -4.0018
-2.975 -32.8483 -3.2551
-5.4073 -39.2258 -3.764
-4.7208 -36.3093 -2.856
-3.4816 -38.9622 -3.4785
1.9792 -40.6124 -4.0375
-2.1503 -35.2973 -6.1408
1.9792 -40.7365 -3.9405
1.9792 -40.5026 -3.9923
1.9792 -40.2171 -3.9916
-3.5228 -35.4744 -2.6764
-6.1211 -36.7342 -3.6079
-8.1792 -32.5031 -3.5257
-4.8184 -36.8292 -3.7827
1.979 -37.0256 -3.6165
1.9847 -42.5424 -4.0536
-0.8475 -31.8075 -3.1005
2.4266 -35.1414 -3.6314
-8.2497 -33.0094 -3.7626
-5.0533 -35.2587 -3.6374
1.9846 -41.7836 -4.0243
0.995 -32.4402 -3.7277
2.4613 -34.7548 -3.736
1.9846 -41.58 -4.0382
1.9846 -41.0187 -3.8857
-1.9196 -30.9221 -2.7932
-6.2043 -36.8662 -3.5547
1.9845 -40.8346 -3.8895
1.9845 -40.1471 -3.9026
-5.8002 -38.681 -3.7408
-6.4857 -29.7246 -3.0815
-3.0425 -34.7487 -3.8225
1.9843 -38.9809 -3.9011
1.9843 -39.0459 -3.8342
1.9843 -38.8202 -3.7805
1.9843 -38.5974 -3.6354
1.9843 -38.5065 -3.603
-5.614 -36.1557 -3.4295
-0.5054 -35.6417 -2.5633
1.9842 -38.0824 -3.5493
-6.8716 -39.4226 -3.5236
-4.2579 -38.3235 -3.4688
-6.4905 -41.5273 -3.4622
1.9842 -37.9173 -3.5659
0.1266 -40.5301 -3.6832
2.9908 -37.9362 -4.1746
-4.2114 -36.9485 -2.7398
-6.11 -40.3909 -3.49
1.9841 -37.1115 -3.4931
-4.926 -38.784 -3.4596
1.984 -36.3549 -3.3952
-0.4162 -35.9673 -2.6096
-5.2017 -38.1085 -3.4893
-3.7116 -42.6006 -3.6657
-1.3594 -36.6716 -1.7922
1.9838 -34.6409 -3.7293
1.9838 -34.4547 -3.8018
1.9838 -34.276 -3.7917
1.9612 -42.3236 -4.29
1.9612 -42.2462 -4.1382
1.9612 -42.3551 -4.0601
3.1643 -40.0006 -4.1278
-0.2293 -34.4012 -3.7473
1.9612 -42.4058 -3.9893
1.9611 -41.8751 -4.0912
3.807 -36.8134 -3.6741
1.9611 -41.6714 -4.105
-8.0219 -41.9026 -3.2069
-3.0414 -41.0448 -3.5016
-1.7434 -32.4907 -3.2515
-4.4407 -38.5021 -3.4862
1.9611 -41.4486 -3.9598
1.9611 -41.1739 -4.0774
-5.0628 -30.1564 -3.1654
-2.8796 -32.2811 -3.1987
1.9611 -40.8232 -3.9975
-6.2577 -35.3232 -3.4359
-2.1785 -38.571 -3.6691
-2.8476 -33.4568 -3.3672
-0.0805 -30.7504 -2.7435
-2.8856 -32.4029 -3.2267
1.9611 -40.5497 -3.9231
1.9611 -40.6208 -3.8194
-5.3221 -33.5916 -3.422
1.1218 -35.2903 -3.6679
1.961 -40.1075 -3.9798
1.961 -40.037 -3.9145
1.961 -39.7138 -4.0343
1.961 -39.8886 -3.8665
1.961 -39.3715 -3.9951
1.961 -39.2609 -3.9727
-0.772 -38.033 -3.7559
1.4119 -36.2945 -3.4774
-5.4711 -34.7475 -3.4319
-2.4183 -32.7111 -3.281
1.961 -38.6798 -3.684
1.9609 -38.5814 -3.7342
1.9609 -37.8088 -3.5318
-8.5471 -32.2984 -3.4228
1.9608 -36.7583 -3.3924
1.9607 -35.6878 -3.5782
2.4613 -34.1584 -3.7358
-5.9077 -37.5435 -3.4171
-5.9184 -36.2372 -3.4145
-5.4343 -37.674 -3.6198
1.9607 -34.7216 -3.6771
1.9606 -34.3665 -3.7344
0.2207 -39.5009 -3.6537
-8.1835 -31.7516 -3.4637
1.8503 -42.4971 -4.1337
-4.3852 -33.9081 -3.26
-5.7311 -39.5113 -3.5122
-4.8162 -35.7087 -2.6399
1.8503 -41.8616 -4.0303
1.8503 -41.5406 -4.0815
0.2769 -35.0541 -3.7464
0.023 -32.5457 -3.4082
-7.4545 -38.6962 -3.648
1.8503 -41.2589 -4.1127
1.8503 -41.2914 -4.0061
1.8503 -40.8363 -4.0132
-6.1403 -38.0484 -3.5511
-2.9456 -36.1806 -1.8627
1.8503 -40.8104 -3.9139
-6.1661 -36.7086 -3.6937
-5.8761 -37.6318 -3.5122
-5.4402 -38.2058 -3.4565
1.8503 -40.528 -3.968
-1.1847 -30.8123 -2.6229
-1.6015 -39.0829 -3.5674
-2.3727 -41.5559 -3.5972
1.8503 -40.1841 -3.8284
1.8503 -40.072 -3.8518
1.8503 -39.6943 -4.0107
-4.4977 -34.1066 -3.3143
-6.1044 -33.0786 -3.6547
0.9969 -38.2836 -3.5498
-2.5305 -35.7689 -4.6127
-6.1884 -36.4718 -3.6452
2.3559 -37.4822 -3.7077
1.8503 -39.7215 -3.918
-1.2127 -35.4474 -2.4183
3.9289 -39.94 -4.2378
0.0194 -32.2102 -3.1275
1.8503 -39.3407 -4.0223
-4.1146 -30.7906 -2.7587
0.365 -30.4885 -3.3156
1.8503 -38.5854 -3.7324
0.762 -37.0272 -3.5386
1.8503 -38.4149 -3.6169
1.8503 -38.1709 -3.5275
-5.3572 -31.9068 -3.1083
1.8503 -37.7643 -3.5324
-4.1872 -35.7518 -2.6598
-5.6869 -35.7664 -3.5943
1.8503 -37.6091 -3.5441
-0.0628 -40.4565 -3.5629
1.8503 -36.7145 -3.3703
-6.0141 -37.2216 -3.4518
-5.5344 -38.3009 -3.4521
1.8502 -36.4163 -3.4662
1.8503 -36.4919 -3.3714
1.8502 -35.6334 -3.5842
-3.1042 -34.1279 -3.4638
1.2286 -31.1561 -3.1322
1.0551 -35.0659 -3.5541
1.8502 -35.2011 -3.636
1.8502 -34.818 -3.6626
-4.9582 -37.1253 -3.6499
1.8501 -34.2699 -3.8522
-5.0119 -39.0802 -3.4887
-0.0628 -42.0345 -4.0067
-0.7843 -39.3775 -3.5233
1.6626 -41.7414 -4.2161
-2.6627 -35.5206 -2.1198
1.6626 -41.6104 -4.2266
-3.5324 -33.5662 -3.2648
-7.8389 -37.9958 -3.6739
-5.0088 -35.546 -3.4974
1.4118 -39.154 -4.0466
-1.918 -36.92 -4.1429
1.6626 -41.6519 -4.1379
-0.1617 -39.3251 -3.4316
-7.6273 -34.2596 -3.5086
1.6627 -40.8687 -3.9635
-5.3316 -33.7351 -3.3935
-1.4124 -38.3467 -3.7959
-2.3011 -35.7741 -3.8654
-4.9993 -37.7549 -3.5264
1.6627 -40.4885 -3.8986
-4.5665 -33.5219 -3.3911
-5.2594 -39.2572 -3.6139
-3.7114 -40.1959 -3.3511
-7.7922 -36.597 -3.6546
-8.5206 -32.9266 -3.414
-3.5127 -38.0234 -3.6891
1.6627 -40.3568 -3.932
1.6627 -40.1486 -3.937
-0.4509 -38.2896 -3.6402
1.6627 -40.0365 -3.9604
-8.0081 -39.0515 -3.4822
-5.2494 -36.1603 -3.669
-0.2073 -37.9951 -3.7887
-3.9272 -37.1939 -2.7379
3.7291 -36.0434 -3.5041
-4.9629 -35.8133 -2.7731
-1.4118 -35.5875 -1.9859
-5.2433 -36.6949 -3.6607
1.6628 -39.5594 -3.8999
-4.6383 -32.389 -3.2773
-3.9271 -36.8626 -2.7378
1.6628 -39.0892 -3.9259
0.2849 -36.2414 -4.1172
1.6629 -38.8232 -3.769
1.6629 -38.6997 -3.697
-3.2279 -36.3186 -1.9323
1.663 -38.1777 -3.5244
1.663 -38.0906 -3.5238
1.663 -37.8862 -3.5605
1.663 -37.7325 -3.5264
1.663 -37.3841 -3.524
1.663 -37.2622 -3.5524
1.663 -37.1691 -3.5887
0.9969 -36.3026 -3.4578
1.0968 -33.0661 -3.5178
-3.9555 -39.4552 -3.5113
1.6631 -35.7364 -3.5992
1.6631 -35.8696 -3.52
1.6631 -35.6561 -3.5389
-7.1261 -30.5587 -3.0801
1.9845 -40.6355 -3.9123
0.223 -37.1065 -3.54
1.6631 -35.1981 -3.6375
-3.3544 -34.3164 -3.5722
-0.5111 -35.4918 -2.5638
-4.7131 -35.3382 -3.5244
-7.0971 -34.1281 -3.6013
-3.2372 -42.6739 -3.5821
-2.7776 -32.9308 -3.2417
-4.8014 -39.1052 -3.5451
-3.6215 -35.5103 -2.6911
-3.042 -37.2174 -3.3392
-5.1978 -31.41 -3.3865
-5.2226 -31.4705 -3.4582
1.6631 -34.653 -3.7354
-3.9523 -36.0563 -2.6615
1.6631 -34.3531 -3.7308
-4.9993 -35.8663 -3.526
-7.7043 -31.1263 -3.1479
-1.3105 -36.2637 -1.7537
-7.4491 -38.3421 -3.6978
1.5705 -42.3736 -4.1883
1.5705 -41.9853 -4.375
-3.5231 -37.1132 -3.3368
-5.6822 -33.9838 -3.5224
1.1756 -39.7596 -3.9162
0.5819 -36.3461 -3.5695
0.115 -30.2232 -2.9366
1.5705 -42.0791 -4.3159
-6.3181 -33.3665 -3.2855
-5.791 -34.2278 -3.4837
-1.6977 -34.8182 -3.8525
-4.926 -38.2208 -3.4595
2.3745 -34.2242 -3.7639
1.5705 -42.2418 -4.2217
-6.9724 -37.9321 -3.6097
1.5705 -41.6927 -4.1417
-6.2042 -40.2957 -3.4477
1.5705 -41.7593 -4.029
1.5706 -41.9515 -3.9197
-4.6702 -34.7473 -3.3607
-5.3426 -39.7309 -3.4459
-5.9925 -39.6974 -3.7775
1.5705 -41.8394 -3.9431
-1.793 -34.5117 -3.7385
-1.5715 -35.1721 -6.1169
0.9447 -35.8923 -3.5084
1.5705 -41.1746 -4.0009
-7.1478 -30.354 -3.3676
1.5705 -41.12 -3.8937
1.5704 -40.4725 -3.8639
1.5705 -40.5527 -3.778
1.5704 -40.0819 -3.9731
1.5704 -40.4322 -3.7606
-2.7279 -35.6961 -4.5957
-4.3086 -37.1994 -2.8697
1.5703 -39.2883 -3.9727
1.5703 -38.9891 -3.9453
-5.0563 -33.4808 -3.3543
-6.1479 -39.5646 -3.6848
-2.7422 -37.8749 -3.8896
-8.5279 -37.3069 -3.408
1.5703 -38.7745 -3.6947
-7.9591 -35.3447 -3.4836
-3.9428 -38.6711 -3.549
-3.9975 -34.8501 -3.5474
1.5703 -38.4785 -3.7219
-4.0151 -33.3368 -3.3281
-5.4398 -41.1115 -3.5381
-4.1254 -38.4661 -3.5747
-5.6646 -36.6375 -3.62
-4.8045 -37.4376 -3.5352
1.5703 -38.5534 -3.6499
1.8502 -35.3911 -3.5953
1.5703 -38.3581 -3.7045
-5.5762 -37.5914 -3.544
3.7196 -35.3145 -3.4755
-4.7665 -37.1062 -3.6493
3.7625 -34.9249 -3.5407
-2.0187 -31.9453 -3.1563
1.5703 -37.993 -3.6207
-1.3109 -42.4241 -3.8868
0.4469 -38.4947 -3.8797
-2.0201 -39.1603 -3.5457
-6.1393 -33.6087 -3.5502
-0.268 -30.7618 -3.4952
-0.8404 -38.9888 -3.639
-0.8089 -36.2857 -1.8964
1.9375 -37.8612 -3.6212
1.5705 -41.0686 -3.9874
-6.6048 -33.1459 -3.7323
-5.3431 -36.156 -3.5589
-6.6836 -36.7667 -3.6406
-1.6868 -35.5087 -2.5368
-2.8193 -37.5843 -2.7807
-1.9548 -30.7431 -2.6216
1.5702 -37.2546 -3.5584
1.5702 -36.9123 -3.5192
-7.3536 -41.0188 -3.4647
1.125 -36.7909 -3.4667
1.5702 -36.7607 -3.4165
-4.0291 -31.8913 -3.1403
-5.555 -34.3996 -3.3159
-2.9376 -35.7664 -5.9708
1.5701 -35.9279 -3.5824
-7.7374 -40.4157 -3.5903
1.57 -35.4599 -3.5398
-5.5131 -39.2038 -3.7346
1.5699 -34.334 -3.6415
1.4719 -41.5212 -4.2611
-1.4129 -41.921 -3.8507
0.459 -33.8472 -3.4879
1.4719 -41.5869 -4.1713
0.5348 -38.8391 -3.7173
1.4719 -41.4257 -4.2197
-3.3668 -38.6236 -3.5345
1.4719 -41.4953 -4.1617
1.4719 -41.143 -3.9814
1.472 -40.5869 -3.815
-7.3537 -38.3457 -3.5229
-5.9393 -34.6941 -3.3213
-6.5937 -34.6085 -3.5919
-3.6334 -38.2871 -3.6227
-5.1668 -35.9549 -3.5934
2.0374 -37.1642 -3.6412
1.472 -40.5997 -3.7184
1.472 -40.2719 -3.8294
-5.0277 -38.8814 -3.4411
-6.9724 -36.7803 -3.6122
-6.0898 -33.5627 -3.429
1.472 -39.7828 -3.8426
-3.3193 -39.6397 -3.6773
1.472 -39.8334 -3.7718
1.472 -39.57 -3.8386
-0.203 -37.3339 -2.6891
2.3429 -34.2794 -3.6688
1.4719 -39.4428 -3.881
-6.4905 -42.6502 -3.9133
-6.6198 -34.0058 -2.3205
-6.542 -38.3486 -3.8189
-4.9424 -33.0721 -3.6966
0.7082 -37.367 -3.6013
2.793 -33.7978 -4.1727
1.472 -38.7997 -3.714
-6.3497 -34.25 -3.1905
2.5751 -33.8712 -4.0782
1.472 -38.7133 -3.6905
1.472 -38.621 -3.7039
1.472 -38.3938 -3.696
-2.8911 -34.2006 -3.5285
-5.0623 -32.252 -3.3682
-5.959 -36.8665 -3.6542
-2.7153 -35.4649 -2.6194
2.632 -35.2337 -3.6878
-8.5573 -36.1066 -3.3689
-5.5003 -37.8691 -3.558
1.472 -37.7317 -3.5161
-6.1101 -36.8849 -3.5684
1.472 -37.6106 -3.5216
-7.8564 -36.4451 -3.5687
1.472 -37.3963 -3.5634
1.472 -37.285 -3.5639
1.4372 -34.7594 -3.5533
-8.0999 -33.6066 -3.4229
1.472 -37.1329 -3.6303
0.9969 -38.7852 -3.7553
-5.2906 -35.2703 -3.5176
-4.065 -35.35 -2.6049
-5.5321 -39.5683 -3.6777
1.472 -36.7541 -3.5197
-3.6081 -38.2429 -3.6988
1.472 -36.5534 -3.4421
-4.2008 -31.3226 -3.0396
-1.0133 -36.7806 -5.047
0.3691 -34.8733 -4.0997
-3.8591 -33.627 -3.2228
0.3881 -36.2649 -4.157
1.472 -36.2165 -3.5351
-5.7311 -34.6641 -3.4647
-3.9053 -42.1759 -3.5321
-2.7979 -36.362 -5.4085
-4.7574 -34.1565 -3.3909
0.7081 -39.9841 -3.6278
-7.5479 -37.8758 -3.5714
1.472 -35.2669 -3.5694
1.4719 -34.6453 -3.639
-8.3364 -36.063 -3.4938
1.4719 -34.3569 -3.7298
-7.1609 -33.7295 -3.4827
-6.8244 -32.7965 -3.2555
-0.7959 -37.8461 -3.8013
-3.3877 -31.6452 -3.2009
1.3752 -42.3623 -4.0923
1.3752 -42.4371 -4.0204
-8.0082 -41.8926 -3.9225
0.1266 -40.5573 -3.5906
-0.2478 -37.0757 -3.2989
1.4719 -40.1025 -3.9833
-2.1784 -40.5692 -3.5268
1.3753 -41.5639 -3.9369
-8.3201 -35.6831 -3.4134
1.3752 -41.2127 -4.0261
-7.5696 -34.5404 -3.3826
-0.702 -35.7334 -2.5827
-4.7687 -36.8904 -2.7827
1.3752 -41.115 -4.0534
1.0277 -33.9763 -3.6361
1.3753 -40.6543 -3.782
-3.0997 -32.9853 -3.3422
0.9157 -29.7015 -3.0644
1.3753 -40.6776 -3.6576
-4.5758 -42.5165 -3.6756
-1.2205 -37.9653 -3.9286
-3.0945 -39.1972 -3.4925
1.3753 -39.8698 -3.7996
-3.8192 -35.045 -2.6363
-1.9524 -36.0041 -5.4196
1.3753 -39.4981 -3.9216
-6.6837 -39.4474 -3.6459
1.3753 -39.657 -3.7956
1.3753 -39.8 -3.7114
-0.1043 -37.6154 -3.7284
-6.5407 -34.0025 -2.3729
-1.7173 -31.3434 -3.0699
1.3754 -39.1004 -3.7982
1.3754 -38.9975 -3.8394
-6.4903 -37.6881 -3.5191
1.3754 -38.874 -3.7674
1.3754 -38.671 -3.7584
-4.6169 -36.3908 -2.8422
1.3754 -38.7452 -3.7093
-7.9154 -40.088 -3.5076
-2.0396 -34.8937 -6.0563
1.3754 -38.4869 -3.616
-3.5705 -30.8666 -2.5903
-4.6909 -39.3472 -3.592
-7.6761 -33.1387 -3.5294
1.3754 -38.0203 -3.5277
-1.0012 -37.9081 -3.849
3.756 -38.5338 -4.1735
-1.9664 -39.4688 -3.4246
1.3755 -37.2161 -3.5553
1.3755 -37.1055 -3.5329
3.3649 -33.4752 -3.8602
1.3755 -37.0055 -3.4827
-2.4694 -41.9713 -3.6778
0.9422 -33.7559 -3.6325
1.3755 -36.8995 -3.4692
1.3755 -36.4724 -3.507
-5.9267 -35.1138 -3.3594
-7.9762 -39.9656 -3.6021
1.3755 -36.1982 -3.4556
-2.4583 -38.1729 -3.6921
1.3755 -35.9977 -3.5241
1.3755 -35.7191 -3.61
-1.7488 -38.0214 -3.8064
-4.7717 -41.577 -3.5342
-6.1025 -38.5896 -3.6653
1.3755 -35.3321 -3.6048
-0.5858 -38.5457 -3.5351
-7.4242 -30.5396 -3.1246
1.3755 -35.1428 -3.6226
1.3755 -34.8309 -3.6916
1.3755 -34.6287 -3.6597
-1.213 -34.8454 -4.0084
1.3755 -34.4795 -3.6346
-1.6976 -34.5857 -3.8586
-6.0657 -37.7372 -3.7738
-3.9222 -33.7775 -5.3413
1.2822 -42.2491 -4.115
1.2822 -42.408 -3.989
-6.9195 -33.6592 -3.5928
1.2821 -42.0053 -4.1718
1.2822 -42.0999 -4.0899
1.2822 -42.2134 -4.0207
-7.1511 -37.1631 -3.7926
-4.4312 -37.6627 -3.5146
1.2821 -41.5462 -4.0009
1.2821 -41.4675 -4.0411
1.2822 -41.4954 -3.9256
-5.3434 -34.3158 -3.4511
1.2821 -41.3872 -3.9808
-6.1101 -36.7993 -3.5221
-5.9759 -35.6601 -3.5805
-3.8352 -33.5899 -5.0917
1.2821 -41.2418 -3.9874
1.2821 -41.3416 -3.8915
3.4056 -33.7187 -3.6888
-4.9158 -31.4673 -3.4131
1.2821 -41.2447 -3.8959
-8.6507 -31.8534 -3.0497
1.2821 -40.7266 -3.7551
1.2821 -40.5373 -3.7729
-0.3625 -32.609 -3.1688
0.3965 -38.8278 -3.6147
-3.9586 -33.5045 -3.2039
1.2821 -40.3351 -3.741
1.2821 -40.2465 -3.7861
1.2821 -40.1503 -3.7677
-1.8693 -33.5489 -3.4121
1.2821 -40.3335 -3.6405
1.2821 -39.8966 -3.6833
1.2821 -39.8049 -3.6738
1.2821 -39.1591 -3.7444
0.3343 -35.4587 -3.9952
1.2821 -38.798 -3.8385
1.1457 -31.6416 -3.0953
-1.0254 -39.8231 -3.3689
1.2821 -37.964 -3.5888
-2.3428 -35.1038 -4.5955
1.2821 -38.029 -3.5218
2.8515 -33.4609 -4.0503
1.282 -37.4861 -3.5512
1.4719 -41.5807 -4.0619
-3.8457 -38.7725 -3.548
-3.6227 -40.6433 -3.4924
1.282 -37.3801 -3.5378
-3.6219 -37.3892 -2.8013
1.282 -36.9279 -3.4533
0.418 -37.2939 -3.523
-3.1154 -37.9929 -3.8738
1.282 -35.9617 -3.5522
0.9969 -39.5795 -3.7326
-5.3776 -38.4283 -3.5545
1.2819 -35.5044 -3.6279
-2.0806 -41.0939 -3.6658
-4.632 -38.3256 -3.4752
0.3166 -34.4108 -3.6595
-8.4147 -32.1798 -3.3225
-2.3534 -36.8067 -1.9895
0.1266 -36.395 -3.3066
-3.7527 -38.7183 -3.5473
1.1879 -42.0887 -4.2091
1.1879 -42.137 -4.0607
-2.8594 -34.3 -3.6236
-1.3106 -35.5305 -2.1393
1.1879 -41.4257 -3.9059
1.1879 -40.9568 -3.7401
1.1879 -40.8553 -3.7356
-8.5838 -35.1825 -3.349
1.1879 -40.5789 -3.7528
-3.1716 -31.3118 -2.8473
-7.7378 -38.343 -3.489
1.1879 -40.6689 -3.6618
1.1879 -40.2382 -3.814
-6.11 -40.9316 -3.5291
-7.703 -35.5551 -3.5752
-5.174 -31.5968 -2.8383
1.1879 -40.0921 -3.8435
1.1879 -40.447 -3.64
-4.3206 -37.3093 -3.8474
0.4182 -34.7379 -3.8596
-2.8136 -35.8436 -5.9012
-1.803 -38.9605 -3.6127
-4.3822 -40.5075 -3.5537
-4.1873 -40.6556 -3.6683
1.1879 -39.3113 -3.7467
-3.4469 -31.4238 -2.8285
1.1879 -39.0599 -3.74
-1.3108 -39.9033 -3.4181
-5.3065 -35.712 -3.4702
1.1879 -38.8108 -3.8107
-5.5043 -34.0241 -3.468
-5.4498 -34.1543 -3.3346
-1.4125 -39.8461 -3.3569
-2.564 -36.9628 -1.9094
1.1897 -30.2938 -2.8472
3.9605 -39.5755 -4.3329
-3.9052 -41.4459 -3.5108
1.188 -37.4437 -3.5854
0.406 -36.9613 -3.6429
-3.7687 -35.5294 -2.8018
-5.8261 -39.1759 -3.5584
3.0008 -39.8137 -4.2035
-8.5586 -35.4421 -3.3074
1.188 -37.0134 -3.4223
-3.6228 -40.8827 -3.5728
-4.5166 -34.2833 -3.2573
-3.9984 -40.3523 -3.5418
1.188 -36.8157 -3.3994
-3.721 -38.1882 -3.6423
-8.0226 -35.6759 -3.3247
-1.983 -35.9203 -1.7368
1.188 -36.7135 -3.4178
1.188 -35.4326 -3.6773
-3.8074 -35.627 -2.6762
1.1466 -34.1514 -3.5331
-2.664 -42.4905 -3.7498
1.188 -35.1895 -3.7113
-2.5431 -33.6779 -3.4351
1.188 -34.9676 -3.6895
0.997 -42.3409 -4.0905
-3.8292 -34.6861 -3.5942
0.8073 -36.3155 -3.437
0.997 -42.1888 -4.1569
-0.1614 -35.4979 -2.3466
-5.3975 -32.8807 -3.3106
-2.9693 -31.5324 -2.8531
-3.9383 -36.2654 -2.8225
-3.9987 -42.2286 -3.4283
1.4719 -39.2429 -3.9267
-6.9723 -39.8139 -3.6286
1.5028 -39.2321 -4.0382
0.997 -41.8594 -4.1674
-5.7659 -37.8392 -3.5605
0.997 -41.929 -4.1094
-1.5068 -38.7049 -3.5238
-1.7998 -38.8501 -3.6222
0.997 -41.8683 -4.039
0.997 -41.4898 -4.0746
0.997 -41.3571 -3.9848
-2.2999 -38.4014 -3.5711
0.997 -40.8858 -3.7414
-8.081 -35.9284 -3.5998
-5.5388 -31.2301 -3.5249
0.997 -40.7548 -3.7519
-0.7542 -37.4607 -2.6402
-3.0158 -37.9748 -3.8656
0.997 -40.6109 -3.7128
-4.7704 -31.2437 -2.7485
-1.7935 -38.2647 -3.6411
0.997 -40.4405 -3.7435
0.7083 -34.5623 -3.693
1.0609 -36.6893 -3.6026
0.997 -40.2724 -3.7055
-1.5493 -36.9657 -1.7951
-1.0136 -38.2137 -3.6873
-8.0221 -39.9733 -3.314
-3.3319 -41.4138 -2.8854
0.997 -39.9833 -3.8192
0.997 -40.068 -3.7423
0.9969 -39.806 -3.7634
-6.2043 -35.4614 -3.4501
0.9969 -39.6592 -3.8158
1.4775 -38.9561 -3.9621
0.9969 -39.3538 -3.679
-3.2861 -34.1485 -3.4938
0.9969 -39.0949 -3.7548
0.9969 -39.1698 -3.6829
1.5704 -39.6547 -3.8646
0.9969 -38.9011 -3.7637
1.4333 -34.2954 -3.8284
0.9969 -38.6283 -3.6665
-6.3339 -33.4659 -3.2379
-3.8075 -36.6288 -2.6713
-6.0805 -39.0093 -3.7319
0.9969 -38.4041 -3.5672
-5.8133 -35.9396 -3.4175
0.6132 -39.5455 -3.6268
-6.6837 -40.3135 -3.4967
-4.6394 -38.188 -3.5941
0.9969 -38.1875 -3.5314
0.9969 -37.8542 -3.5101
-7.244 -33.4975 -3.4338
-5.7375 -38.9878 -3.6464
-1.9835 -40.1997 -3.3674
-1.105 -36.3257 -4.287
-0.2929 -36.7322 -4.1155
0.9969 -37.5462 -3.611
2.4269 -37.538 -3.6319
0.9969 -37.4461 -3.5607
-2.6638 -40.5668 -3.5277
0.9969 -37.225 -3.5161
0.9969 -36.8471 -3.5288
-6.0141 -36.4704 -3.4862
0.9969 -36.6759 -3.4361
-5.6254 -39.6274 -3.6948
0.9969 -36.5691 -3.4456
0.4181 -36.8046 -3.3902
0.9969 -35.4947 -3.5998
0.9006 -42.3331 -4.1056
-3.711 -36.0112 -2.707
0.9006 -41.9417 -4.2377
0.9006 -42.0257 -4.1836
-7.6979 -37.6453 -3.7651
-5.1384 -39.4558 -3.6799
-5.5347 -34.4707 -3.3809
-8.6213 -35.9555 -3.2097
0.9006 -42.3216 -4.0101
-0.7119 -31.2023 -2.9337
0.4177 -40.5578 -3.6018
-8.0081 -34.6034 -3.5133
-6.9723 -38.7802 -3.5709
0.0925 -36.8663 -3.6454
1.1879 -40.2858 -3.6885
-2.611 -32.1537 -3.2293
-4.1504 -34.4239 -3.4977
-0.6272 -35.9288 -3.7025
-1.13 -38.8419 -3.6325
1.5699 -34.7217 -3.6238
0.9006 -40.7242 -3.7222
-0.6458 -39.7746 -3.3927
-5.8164 -35.4647 -3.4078
-2.8494 -38.4151 -4.1775
1.4719 -42.341 -4.0454
1.9793 -42.4966 -4.1343
-4.5774 -38.2724 -3.6886
0.9006 -40.4577 -3.7344
0.9006 -40.2041 -3.7962
-5.7594 -33.4767 -3.5786
0.9006 -40.4409 -3.6529
0.9006 -40.3546 -3.6295
0.9006 -39.8488 -3.7074
-3.2143 -37.5675 -2.8095
-4.776 -37.4376 -3.6208
0.9006 -39.5763 -3.7564
-1.4118 -35.5364 -2.2258
0.9006 -39.9214 -3.5579
-0.0555 -33.527 -3.4551
0.0327 -39.8014 -3.4499
0.9006 -39.6466 -3.6755
1.4531 -34.0415 -3.6007
-5.4828 -37.1606 -3.5353
0.9006 -39.315 -3.7546
-4.814 -38.2217 -3.5068
0.6135 -36.3391 -3.4168
0.9006 -39.184 -3.7652
0.9006 -39.4451 -3.6208
-0.0628 -40.1521 -3.5495
-7.9762 -40.5663 -3.7344
-5.1362 -31.3411 -3.2161
-5.8121 -32.3864 -3.0915
-4.996 -36.3874 -2.8314
-4.9629 -36.8625 -2.7734
-5.5969 -33.1776 -3.779
1.1879 -39.8043 -3.7653
-4.1413 -33.2513 -3.3179
-5.6519 -34.8304 -3.315
-6.0456 -36.3953 -3.6154
-0.8305 -30.7225 -2.6959
-2.1339 -37.5432 -2.7394
-2.9686 -32.7507 -3.2285
0.9006 -38.8189 -3.6814
0.9006 -38.5584 -3.6567
-6.8721 -35.1675 -3.4214
-2.1537 -37.0103 -2.4866
-0.2585 -38.9361 -3.4953
0.9006 -38.4373 -3.6623
-0.5501 -32.6173 -3.1526
-6.0198 -33.3029 -3.691
0.9006 -38.2252 -3.6354
-4.6629 -32.5563 -3.359
0.9006 -38.0139 -3.5857
-2.7738 -33.0663 -3.2447
1.3753 -40.3717 -3.6899
-3.711 -36.2361 -2.6373
-8.2937 -37.0922 -3.481
0.9006 -38.0979 -3.5316
-5.8261 -39.375 -3.5355
0.4179 -38.6631 -3.5333
0.9006 -37.91 -3.5036
0.1111 -31.8389 -3.105
-7.7378 -38.4915 -3.537
0.9006 -37.6451 -3.6162
-5.4984 -31.4702 -2.6739
-4.9835 -37.6555 -3.574
0.9006 -37.8131 -3.508
-5.7107 -37.4959 -3.4375
0.9006 -37.5436 -3.6117
2.9119 -38.4774 -3.9369
-2.801 -33.3984 -5.1292
-4.7665 -37.2056 -3.6493
-5.4475 -33.1668 -3.4714
0.9006 -37.5996 -3.5269
0.9006 -37.399 -3.5955
-6.6427 -35.9356 -3.6009
-4.444 -32.0751 -3.2383
0.9006 -37.4981 -3.5224
-1.6983 -40.3358 -3.5119
0.9006 -37.2831 -3.5871
-0.3878 -32.5386 -3.2291
0.9006 -37.1589 -3.5379
0.9006 -37.1232 -3.4436
1.255 -38.9887 -3.8568
0.9006 -37.0301 -3.4799
-5.7154 -38.9104 -3.7129
-6.2356 -38.9659 -3.5333
0.3649 -38.3087 -3.5195
0.9006 -36.8976 -3.5362
-6.2202 -37.7087 -3.5502
0.9006 -36.7386 -3.516
-3.3321 -41.7063 -3.5801
-6.8721 -34.7352 -3.4731
-4.1409 -34.5675 -3.5262
-2.3463 -38.0007 -3.8649
0.9006 -36.6273 -3.5165
-6.0141 -38.565 -3.509
0.9006 -36.3576 -3.474
-6.6836 -35.0036 -3.3923
0.9005 -35.6143 -3.7181
-2.095 -38.7313 -3.6106
2.6032 -33.1353 -3.6019
-6.3139 -38.2586 -3.7124
0.9005 -35.219 -3.6722
-4.3822 -41.1679 -3.633
-8.7503 -32.598 -3.5389
-1.412 -34.6999 -3.8907
-1.5991 -38.952 -3.6409
-6.283 -35.2238 -3.3598
-4.3805 -33.9496 -5.0447
-4.5918 -34.3612 -3.3151
-5.7817 -36.7458 -3.5127
-2.2985 -36.8006 -1.8316
-3.2952 -39.4608 -3.4658
-1.3284 -33.0523 -3.2226
1.8757 -33.5425 -3.7247
0.8078 -42.3327 -4.1256
-2.8212 -37.4632 -2.7742
0.8078 -42.2146 -4.1858
-3.0414 -41.2297 -3.6211
-3.4261 -38.4317 -3.7162
0.8078 -42.1888 -4.0865
0.8077 -41.9034 -4.2321
0.8078 -42.3469 -3.9833
-2.6638 -41.2371 -3.6019
-1.9279 -34.0019 -3.5374
-1.1367 -36.5355 -4.1919
0.8077 -41.1935 -3.8854
1.2821 -39.5014 -3.7836
0.0372 -34.0921 -3.6689
0.8077 -41.2751 -3.7537
0.8077 -41.0495 -3.8463
-6.5897 -42.8972 -3.5297
0.0204 -36.8186 -4.2025
0.8077 -40.6526 -3.7
-7.2619 -38.6407 -3.5624
0.8076 -40.2982 -3.7344
0.8076 -39.6841 -3.7214
-2.4678 -38.4269 -3.6636
0.2143 -39.6445 -3.6347
-5.6665 -38.6445 -3.5709
0.8076 -39.9701 -3.553
0.8075 -39.4629 -3.6767
-3.4642 -33.4269 -5.1156
0.8076 -39.4121 -3.6014
0.8075 -39.2561 -3.6359
-3.6492 -38.3644 -3.5752
0.1906 -36.8297 -3.6384
-2.9461 -38.2768 -4.1237
0.8075 -38.8691 -3.6308
0.7967 -37.5573 -3.6434
0.8075 -38.6268 -3.6419
0.8075 -38.726 -3.5688
-1.4098 -36.1931 -4.5041
0.8074 -37.8127 -3.5284
0.8074 -37.7157 -3.5328
-0.8277 -31.5389 -3.0218
3.3798 -40.0793 -4.203
0.9483 -32.3859 -3.2394
-3.7154 -32.0394 -3.0899
3.7633 -38.1168 -3.9446
-7.0199 -34.5187 -3.4343
-6.0336 -34.2199 -3.5925
-0.2253 -32.5977 -3.3093
0.8074 -37.1295 -3.4043
1.9029 -35.7518 -3.5162
0.8073 -36.6366 -3.5319
0.8073 -36.5306 -3.5185
-3.2033 -37.5801 -2.5866
-5.7818 -38.038 -3.513
-5.8619 -32.8287 -3.5144
-5.5264 -33.8363 -3.4014
0.708 -41.928 -4.279
0.8071 -35.0709 -3.7681
-1.025 -34.6624 -3.8982
-1.0485 -39.4727 -3.5829
1.961 -40.3635 -3.9956
0.708 -42.0076 -4.3621
-4.708 -32.3538 -3.2068
0.708 -42.5258 -3.8953
0.708 -41.7014 -4.102
0.708 -41.569 -4.1583
0.8071 -34.618 -3.7065
0.7081 -40.931 -3.8312
0.6105 -34.6066 -5.0965
0.7081 -40.9535 -3.7296
-6.3084 -37.0442 -3.3144
-5.6254 -39.1746 -3.6947
0.7081 -40.6786 -3.7011
-1.7929 -36.8806 -1.8204
-8.0081 -42.8455 -3.6274
-0.2582 -35.5875 -2.4247
-7.842 -36.0508 -3.4918
0.7081 -40.2204 -3.6535
0.1176 -38.0307 -3.6135
-7.1383 -33.87 -3.6857
0.7081 -39.8654 -3.7109
-5.4789 -33.6706 -3.544
0.7081 -39.8834 -3.6004
0.7081 -39.8047 -3.6405
0.7081 -39.6449 -3.6433
0.7081 -39.5699 -3.5691
-6.3348 -37.6736 -3.7108
-0.8059 -35.7809 -1.8392
0.7082 -39.1322 -3.6347
-1.0254 -39.1242 -3.433
-5.4511 -37.0612 -3.6303
0.7082 -38.9278 -3.6715
0.7082 -39.0315 -3.6074
-2.1919 -34.9075 -2.4422
0.7082 -38.6332 -3.653
0.7082 -38.6839 -3.5822
-1.2127 -39.4435 -3.5183
-6.14 -33.0043 -3.7031
2.4897 -34.1474 -3.8214
0.7082 -38.0765 -3.5094
0.7082 -37.9145 -3.5808
-0.3023 -32.1474 -3.2163
-6.2042 -38.2443 -3.4367
-6.1101 -36.9454 -3.4926
0.7082 -37.8229 -3.5713
-0.803 -31.0757 -2.9114
-3.9114 -37.3043 -2.7854
-0.9288 -34.2543 -3.825
0.7082 -37.595 -3.5863
-3.1749 -37.1494 -2.6722
-0.8689 -39.055 -3.5534
0.7082 -37.464 -3.5968
-2.0805 -40.5976 -3.4465
0.3079 -30.6345 -3.4816
-6.3245 -33.245 -3.2665
-6.11 -37.8297 -3.3789
0.8076 -39.7158 -3.6378
0.7082 -37.6267 -3.5026
-4.5283 -37.7628 -3.5056
-5.826 -37.9337 -3.3595
0.7082 -37.423 -3.5165
0.7082 -37.3261 -3.5209
-3.2366 -35.7882 -1.897
0.7082 -37.1617 -3.5147
-3.5576 -33.8819 -3.2493
0.7082 -37.0253 -3.393
0.7082 -36.8609 -3.3868
-8.1549 -32.4184 -3.4527
0.708 -42.3655 -4.0671
-2.6492 -37.6874 -3.87
-6.1402 -34.7276 -3.3298
0.9724 -31.3713 -3.32
0.7082 -38.2101 -2.5074
2.1945 -38.6872 -3.8127
0.223 -36.9292 -3.4842
-6.5896 -40.9844 -3.5714
-6.6813 -34.6634 -3.5793
-6.0952 -36.0518 -3.6872
-5.5204 -35.7138 -3.4208
0.7082 -36.3862 -3.404
-2.3062 -35.1283 -5.2881
-8.4166 -36.0991 -3.4487
0.7082 -38.1184 -2.4979
-1.8067 -33.1531 -3.2291
-7.9761 -41.7224 -3.5944
-8.0554 -36.5081 -3.5884
-3.9298 -34.8829 -3.5855
-4.5633 -34.9024 -3.4007
2.9163 -33.4938 -3.661
0.7083 -35.4401 -3.7853
-0.9367 -32.1974 -3.1218
0.7083 -35.5005 -3.7094
0.5821 -37.6365 -3.6946
0.7083 -35.4089 -3.6999
-1.0256 -41.1398 -3.811
0.7083 -34.9205 -3.6903
0.7083 -34.6275 -3.7722
3.4881 -37.9927 -3.9367
0.7083 -34.7607 -3.693
3.5665 -33.7628 -3.602
-0.3725 -31.8969 -3.126
-3.6452 -35.9068 -2.6973
-3.6388 -36.2713 -2.7164
-3.9046 -37.176 -2.6516
0.7083 -34.3934 -3.6778
1.8503 -41.1582 -4.0853
0.613 -42.1833 -4.5206
-0.5743 -32.8087 -3.2356
-6.1099 -42.6378 -3.5925
1.472 -38.3528 -3.6156
0.613 -42.3221 -4.1122
-8.4836 -33.9952 -3.4205
-2.0806 -41.2498 -3.6312
-3.4582 -36.2399 -5.3744
0.613 -42.5339 -3.8467
0.8581 -33.4567 -3.5837
-2.314 -31.8079 -3.1753
-0.1619 -34.6059 -3.9272
0.6131 -41.2087 -3.825
0.6131 -41.0973 -3.8255
0.6131 -40.9071 -3.72
-6.7802 -35.3223 -3.4769
1.7118 -38.459 -3.8021
-5.0689 -34.0993 -3.3164
0.6131 -40.7496 -3.6541
0.6132 -40.4399 -3.6545
0.6132 -40.3369 -3.6957
0.6132 -40.2105 -3.7152
-1.7006 -38.3136 -3.6292
0.6132 -40.0848 -3.7118
-5.3475 -34.2321 -3.3461
1.5705 -42.0906 -4.4113
0.6132 -40.0013 -3.5968
0.6132 -39.7772 -3.6436
0.2974 -34.662 -4.1549
2.1188 -33.4413 -3.5831
-3.6809 -38.8614 -3.4802
-7.262 -35.4669 -3.3924
-7.6441 -36.5143 -3.4765
0.6133 -39.0791 -3.6846
-0.5016 -35.7771 -2.5663
0.6133 -39.1631 -3.6305
-4.6829 -33.5435 -3.3226
1.5702 -37.0152 -3.478
-5.3586 -38.7928 -3.6117
1.7679 -37.939 -3.6794
0.6133 -38.9496 -3.6494
-5.9182 -42.4461 -3.5548
0.6133 -38.6451 -3.6359
0.6133 -38.5247 -3.6185
1.6628 -38.943 -3.9554
0.6133 -38.399 -3.6151
-5.6361 -34.9188 -3.3626
-4.4653 -31.6304 -3.0008
0.6133 -38.4595 -3.5393
0.178 -31.5943 -3.4121
-7.1287 -33.1851 -3.5932
0.6133 -38.2839 -3.5838
0.6134 -38.1044 -3.5966
-7.9152 -41.7701 -3.7182
-3.6291 -33.5837 -3.3364
0.5157 -40.5198 -3.6797
-7.9546 -34.345 -3.374
0.6134 -37.8477 -3.6037
0.6134 -37.7455 -3.6221
-2.8404 -38.4527 -3.699
0.6134 -37.6539 -3.6126
0.6134 -37.7628 -3.5345
-2.3428 -35.2252 -4.5955
0.6134 -37.5841 -3.5244
1.4719 -41.0369 -3.968
-4.5253 -36.2185 -2.8396
-4.6206 -31.4094 -2.8822
0.6134 -37.2084 -3.4684
-2.1569 -32.654 -3.3446
-5.6079 -37.8565 -3.449
-5.4351 -33.4324 -3.4644
-3.5546 -37.2741 -2.6857
-5.3428 -38.4352 -3.4092
-4.8352 -36.1424 -4.8874
-7.7375 -39.8606 -3.5472
0.6135 -36.9933 -3.3869
0.4187 -36.8288 -3.6809
0.6135 -36.779 -3.4287
-0.3616 -36.8001 -3.5748
-3.4786 -34.2905 -3.4872
-2.1782 -35.0411 -2.5115
1.9609 -36.9985 -3.45
3.3393 -35.1876 -3.4893
0.6135 -35.891 -3.6565
-3.7842 -33.7915 -5.2416
-5.5731 -38.3535 -3.5537
-8.7983 -33.3011 -3.735
0.997 -42.3151 -3.9912
-0.646 -40.9133 -3.8019
-1.9104 -33.3943 -3.2884
-1.4721 -35.0233 -2.5218
-4.1349 -38.3335 -3.5462
-4.6256 -38.922 -3.4943
0.0553 -35.659 -4.3069
-3.718 -35.0454 -2.4785
0.6135 -35.9432 -3.5399
-5.3081 -39.5769 -3.764
0.6135 -36.0272 -3.4858
-0.2283 -31.2189 -3.4344
0.6136 -35.5155 -3.7467
0.6136 -35.4042 -3.7472
-3.7917 -32.2891 -3.3172
0.6137 -34.7075 -3.7425
0.6137 -34.3038 -3.6558
-0.4616 -38.3589 -3.734
2.3982 -35.6715 -3.5459
0.5154 -42.3792 -3.9464
-2.719 -33.8125 -3.4306
0.5155 -41.6776 -4.248
-2.9463 -34.4476 -3.7149
0.8074 -38.0996 -3.4833
-7.85 -31.0696 -3.026
-1.6974 -36.0229 -1.7184
-0.6324 -33.6873 -3.4755
-5.0867 -34.771 -3.4178
1.0263 -33.7969 -3.6222
0.5155 -41.545 -4.1582
1.6773 -34.0965 -3.6967
0.5156 -40.9857 -3.7909
0.5156 -40.984 -3.6905
0.5156 -40.8015 -3.6486
-1.2127 -41.5128 -3.8799
0.5157 -40.3154 -3.7165
0.5157 -40.2252 -3.6613
0.9906 -33.373 -3.4665
0.5157 -40.0806 -3.645
-2.4244 -31.9452 -3.2225
-4.2452 -32.3503 -3.2574
-3.2371 -40.5177 -3.3658
-8.2019 -37.1737 -3.5157
-3.8696 -35.3509 -2.6139
-3.5236 -40.1679 -3.2972
-5.0558 -41.5837 -3.3311
-2.9557 -33.9036 -3.5601
0.0987 -38.9032 -3.5567
0.5158 -39.7073 -3.6667
0.6825 -37.2298 -3.6407
-5.9183 -39.829 -3.5286
1.472 -36.0272 -3.5529
-0.2585 -39.3744 -3.4066
0.9005 -34.8154 -3.7318
-6.9723 -40.9868 -3.5703
0.516 -38.0594 -3.596
-2.4694 -41.9192 -3.7944
-2.1462 -33.9945 -3.6946
0.3438 -35.5912 -4.0237
-4.5157 -37.5088 -3.5437
0.4878 -36.1963 -3.5463
-7.1662 -35.6877 -3.4409
0.5159 -39.0855 -3.5901
0.5159 -38.8931 -3.5532
1.9776 -35.4855 -3.4601
0.5159 -38.5939 -3.5258
3.5705 -39.9696 -4.1843
-2.6629 -35.456 -2.4791
0.516 -38.4054 -3.5207
-6.3718 -34.1552 -3.4657
-2.8528 -32.3417 -3.1336
2.4264 -33.794 -3.6311
-6.11 -40.0805 -3.5133
-4.107 -36.6713 -2.7888
-3.3289 -38.48 -3.6486
0.516 -38.0282 -3.5106
0.5161 -37.7149 -3.6255
1.2819 -34.5633 -3.7029
-3.0493 -36.439 -1.9134
0.5161 -37.2687 -3.5043
1.3755 -36.8071 -3.4826
-2.2286 -37.238 -2.6346
0.1717 -34.2242 -3.6863
0.5162 -37.0074 -3.5025
0.5162 -36.9324 -3.4283
-0.2585 -38.4037 -3.4969
-6.5894 -38.3856 -3.5805
-6.6837 -39.9623 -3.5858
-5.3822 -31.7539 -3.1599
1.9847 -42.1708 -4.1757
1.9291 -39.5734 -4.1648
-2.7442 -37.0026 -2.7898
-0.1635 -33.503 -3.3468
-5.8416 -34.5149 -3.3315
-2.7501 -38.3177 -3.695
-3.6214 -34.9036 -2.5956
-2.6506 -35.9958 -6.006
0.5163 -36.2827 -3.4672
0.5164 -35.5115 -3.8269
1.8975 -38.6789 -4.0695
0.5163 -35.9668 -3.3583
-0.7304 -38.251 -3.685
-4.0149 -33.0591 -3.216
-4.1507 -38.1016 -3.4986
-2.6635 -39.3903 -3.2392
0.5165 -35.098 -3.7453
0.5165 -34.7527 -3.7977
-4.8077 -38.9727 -3.526
-2.6636 -39.8289 -3.2967
0.5165 -34.6664 -3.7742
-0.9268 -31.02 -2.7223
-5.6046 -36.73 -3.4582
-3.0977 -38.9321 -3.4829
-3.4272 -33.4329 -3.3534
-7.3535 -42.0565 -3.7004
0.5166 -34.2492 -3.807
0.9858 -37.3612 -3.6324
-4.4815 -35.5609 -2.6559
-5.7312 -40.5102 -3.5989
0.5166 -34.3051 -3.7222
-5.3036 -38.6387 -3.4806
0.4175 -42.1254 -4.2197
-3.7051 -37.9783 -3.6898
-5.617 -34.1457 -3.4195
1.2821 -39.1024 -3.852
0.4175 -42.5256 -3.9592
0.4175 -42.4287 -3.9637
0.2513 -35.3607 -4.8965
-5.5478 -38.5522 -3.6298
0.4175 -41.9073 -4.2297
0.4175 -41.9815 -4.1806
0.4175 -41.7718 -4.2313
0.4175 -41.9503 -4.0952
1.2 -32.096 -3.149
0.4175 -41.7406 -4.146
-0.7641 -36.8553 -2.6075
-3.5831 -36.0483 -2.5999
0.4177 -41.0025 -3.7687
0.2409 -32.5786 -3.6003
-0.2198 -37.0977 -2.7105
-0.2587 -41.1606 -3.8454
0.4177 -40.6624 -3.6609
-7.4545 -35.4883 -3.4841
-6.6284 -33.7677 -3.6022
0.4177 -40.5549 -3.6933
-3.2719 -37.6441 -2.684
0.4177 -40.4429 -3.7167
2.2822 -38.6553 -3.7748
0.4177 -40.6941 -3.5772
0.8073 -37.0364 -3.4406
3.959 -38.4147 -4.1308
0.4177 -40.4367 -3.6073
0.4177 -40.2406 -3.6848
0.4178 -39.8422 -3.5843
0.4178 -39.662 -3.62
0.4178 -39.6066 -3.5357
0.4178 -39.5044 -3.5541
1.1185 -36.0952 -3.4476
2.2439 -34.6683 -3.66
1.6631 -36.6033 -3.4272
-4.5316 -35.1453 -3.4959
-5.5341 -41.8472 -3.4768
0.4179 -39.0265 -3.5167
2.9849 -39.7364 -4.1559
1.6631 -34.8543 -3.644
0.4179 -38.6359 -3.626
-7.2619 -41.0064 -3.582
0.4179 -38.2049 -3.4858
-3.5894 -37.6415 -3.8141
-2.1427 -33.3749 -3.4671
0.4181 -35.4512 -3.7995
-0.739 -39.5595 -3.3804
0.9969 -36.4062 -3.3936
1.7997 -34.9673 -3.4967
-7.9578 -35.5241 -3.4976
0.4181 -36.2389 -3.375
-5.572 -32.8357 -3.2561
0.4182 -35.2513 -3.8452
0.4182 -36.1645 -3.2779
1.1557 -32.8278 -3.3382
0.4182 -35.712 -3.5088
-3.6499 -33.4548 -5.1094
-8.2176 -33.0064 -3.6769
-0.5887 -36.7732 -2.6419
1.3752 -41.8254 -4.0849
-4.5758 -41.223 -3.5704
0.4608 -37.7803 -3.7728
0.4182 -35.1861 -3.7659
-8.2488 -34.9078 -3.4189
1.3755 -34.7098 -3.6972
-2.9456 -41.6246 -3.5405
0.4182 -35.7771 -3.4419
-3.7115 -41.3616 -3.5215
0.4182 -34.6516 -3.8361
-7.0744 -41.4247 -3.5464
0.4182 -34.4971 -3.8249
1.9608 -36.0141 -3.5131
0.2226 -42.4139 -4.0277
-4.1873 -39.0771 -3.3935
0.2226 -41.894 -4.248
-6.0141 -40.1386 -3.4826
2.9291 -34.7749 -3.6994
-8.5453 -36.8331 -3.4081
0.2226 -42.4759 -3.9061
0.2226 -41.7872 -4.2575
0.2226 -42.3828 -3.9424
-1.2842 -38.1098 -3.8484
0.2226 -41.7954 -4.152
0.2227 -41.1461 -3.8757
-1.077 -38.0922 -3.8085
3.4533 -37.5289 -3.832
0.1985 -38.3303 -3.5868
3.0316 -34.1694 -3.7271
0.2227 -40.5469 -3.6976
0.2227 -40.4591 -3.7199
-7.9151 -42.475 -3.6173
0.2228 -40.3998 -3.6038
0.2228 -40.2688 -3.6144
-2.3725 -39.9501 -3.269
1.5704 -40.9369 -4.0208
-7.33 -37.0728 -3.7593
-3.5186 -37.6465 -2.846
-2.1686 -36.221 -1.9442
0.5164 -35.7542 -3.5005
-6.1101 -36.3828 -3.5321
0.2228 -39.7257 -3.4976
-2.9914 -38.4818 -3.8503
-2.6449 -35.9417 -3.9759
0.3034 -30.7141 -2.9927
0.2228 -39.5585 -3.583
0.2229 -38.6157 -3.5577
-6.2045 -38.1395 -3.5978
-1.9845 -35.7527 -1.9142
-0.2587 -41.841 -4.0608
1.6631 -36.682 -3.387
-0.521 -34.9059 -2.2725
0.9006 -42.4178 -4.0286
-6.9723 -40.5532 -3.814
0.2229 -38.1196 -3.4844
0.2229 -37.8955 -3.5313
2.5974 -36.4375 -3.5833
-1.0916 -32.059 -3.2614
-5.7596 -38.1926 -3.5796
-0.9365 -32.7067 -3.1707
0.2229 -37.5829 -3.6233
0.223 -37.5131 -3.5351
1.282 -36.0321 -3.4714
0.223 -36.9465 -3.3966
1.3755 -37.6477 -3.5264
-7.8034 -33.9301 -3.4251
-3.0398 -36.693 -1.942
0.223 -36.8465 -3.3463
1.216 -35.955 -3.6348
-4.1873 -41.4104 -3.5194
-2.2571 -36.7731 -1.9834
-5.9723 -32.5891 -3.2692
0.387 -38.4744 -3.5861
0.223 -36.5595 -3.3915
0.5154 -42.0409 -4.0852
-3.9336 -37.5915 -2.7189
-8.0081 -39.3218 -3.5018
-3.7807 -32.3754 -3.2962
-4.8077 -37.5811 -3.5257
-1.8429 -36.9388 -1.9071
-3.5348 -32.6399 -3.1806
-5.1013 -36.834 -3.6571
0.2231 -35.9182 -3.4711
0.2518 -36.4408 -3.4378
0.2231 -36.1899 -3.2988
-5.4986 -37.5361 -3.4878
0.223 -34.9578 -3.8486
-4.713 -38.6846 -3.5252
0.223 -34.8078 -3.8464
0.2231 -34.5859 -3.8246
0.2231 -34.3996 -3.7509
-4.4332 -35.7625 -2.8091
0.1265 -42.4306 -4.0299
-3.8184 -36.2771 -2.754
3.7637 -33.3265 -3.6086
0.1265 -42.2837 -4.0823
0.1265 -42.3397 -3.9975
-4.1873 -40.6638 -3.5628
-0.1614 -37.176 -2.3791
0.1264 -41.7252 -4.2999
-6.7799 -42.096 -3.5093
0.1265 -42.4092 -3.9395
-4.8108 -37.9787 -3.5163
0.1265 -41.1589 -3.8462
-3.2923 -35.1639 -2.7824
-4.1697 -33.8345 -4.9853
-5.5858 -38.6958 -3.5157
-6.1101 -36.4532 -3.4512
1.8501 -34.5682 -3.7563
0.1265 -41.0171 -3.7385
-7.5479 -36.215 -3.451
1.9029 -35.2216 -3.5161
-8.5763 -37.4259 -3.2334
-4.2323 -34.9881 -3.5443
0.1266 -40.6383 -3.628
-2.732 -31.558 -3.2446
-8.6139 -36.3089 -3.2245
-7.3822 -29.6994 -3.177
0.7081 -40.3718 -3.61
0.1265 -40.2871 -3.7172
-3.3352 -38.0824 -3.6296
0.997 -40.1665 -3.8383
-3.5419 -37.1527 -2.7237
-6.4372 -37.7678 -3.7381
0.1918 -33.9797 -3.609
-5.5509 -33.9982 -3.571
-3.5665 -38.7744 -3.5276
0.1266 -39.8445 -3.4817
-5.5295 -36.3829 -3.7468
-2.3727 -41.2841 -3.6234
0.2231 -36.4989 -3.3212
0.8076 -39.943 -3.6456
0.1266 -39.6492 -3.5363
-4.5755 -36.8359 -2.7481
0.1266 -39.2683 -3.4944
-5.0531 -34.6073 -3.364
1.9791 -39.1659 -3.8751
0.1266 -39.1517 -3.5089
0.5154 -42.5193 -3.9536
0.1266 -39.0759 -3.4576
-2.1784 -40.6251 -3.442
0.1266 -38.882 -3.4665
-0.1866 -31.6079 -3.3613
-1.412 -34.75 -3.9889
0.6893 -36.8605 -3.5865
-4.7714 -39.6708 -3.3703
-5.8261 -37.9112 -3.4611
1.4017 -33.5555 -3.7332
0.4181 -37.0289 -3.4895
-5.7318 -34.1067 -3.5517
0.1266 -38.7753 -3.476
-2.6628 -34.904 -2.4908
0.1266 -38.6057 -3.4838
-4.8262 -37.1879 -3.7341
-3.3363 -31.2535 -2.7775
1.5702 -37.1092 -3.5651
-6.2042 -40.6872 -3.4617
0.1265 -37.9651 -3.5406
-0.8638 -36.8673 -2.61
-6.4308 -37.0783 -3.6539
0.1265 -37.6616 -3.6505
-0.3587 -33.0404 -3.2007
0.1265 -37.7909 -3.5395
0.1265 -37.2185 -3.584
0.1266 -37.0168 -3.3831
-3.6228 -41.0077 -3.599
-5.736 -34.9447 -3.3609
0.1266 -36.7366 -3.3686
-0.2582 -36.0404 -2.4861
-6.8582 -37.4712 -3.8028
-4.866 -39.5682 -3.6404
-2.8492 -41.9993 -3.766
0.1264 -35.5355 -3.8578
-5.7391 -34.4588 -3.3512
0.8075 -38.392 -3.5704
-6.6837 -41.0723 -3.526
0.1266 -36.5442 -3.3317
-5.8666 -37.9742 -3.5409
0.1264 -35.4084 -3.9001
1.8997 -36.072 -3.5067
-0.9604 -32.5198 -3.2162
-7.548 -34.332 -3.624
0.1264 -35.2131 -3.9548
0.1264 -35.4113 -3.8086
-7.3535 -42.3478 -3.5181
-2.3569 -36.6955 -1.9878
-3.3162 -35.2696 -2.5509
0.1264 -35.3182 -3.8449
-5.6538 -38.8764 -3.609
0.1266 -36.2928 -3.325
-5.7843 -38.7803 -3.7883
0.1264 -35.1531 -3.8616
-1.1367 -36.4472 -4.1919
-0.2198 -30.9949 -2.8847
-5.999 -36.4918 -3.7238
-6.9723 -40.0546 -3.5171
-1.9622 -35.8013 -5.4258
0.1264 -34.8511 -3.9257
-4.6439 -34.9588 -5.8434
-1.9465 -36.9786 -2.7023
0.1264 -34.8828 -3.842
-1.8061 -38.4635 -3.6031
1.8503 -39.9055 -3.9142
3.561 -39.7598 -4.1557
-3.351 -38.3806 -3.5821
-7.0744 -41.6617 -3.5493
-7.6685 -33.7056 -3.5642
0.0327 -42.4994 -3.975
-6.2042 -38.1118 -3.493
-5.7311 -40.2944 -3.5402
-6.11 -40.2902 -3.4626
0.0327 -42.3291 -4.0056
0.0327 -42.4138 -3.9287
0.0328 -42.5031 -3.8606
-2.4505 -37.1691 -2.7864
-1.9836 -40.3489 -3.3925
-8.4358 -36.0135 -3.4911
-4.1064 -37.8917 -3.6317
0.0326 -41.7115 -4.2532
0.0327 -42.0316 -4.0787
0.0326 -41.9135 -4.1389
1.7584 -33.9962 -3.6502
0.0327 -40.4817 -3.6655
0.6096 -35.6261 -3.6782
0.0327 -40.3128 -3.6504
-8.3022 -34.0057 -3.4728
-5.2719 -37.2692 -3.5753
-6.4904 -39.1755 -3.6155
-2.4691 -39.3741 -3.3267
1.1163 -30.6513 -3.3686
0.0327 -39.947 -3.5895
0.0327 -40.0514 -3.5024
0.0326 -39.4948 -3.5051
0.0327 -39.4387 -3.4437
0.0326 -38.9351 -3.4531
-2.3104 -34.6698 -6.2413
-7.6011 -34.1892 -3.4321
0.0326 -38.315 -3.4769
-4.8654 -38.9608 -3.397
0.0325 -37.8622 -3.5617
0.2228 -40.574 -3.605
-0.6844 -39.1316 -3.5316
0.0325 -37.7509 -3.5622
-3.4633 -38.2266 -3.7949
1.2819 -34.8366 -3.631
1.188 -37.0786 -3.5016
2.0197 -38.8109 -3.8687
0.0325 -37.5707 -3.5979
0.0325 -37.4102 -3.6235
0.4536 -34.8297 -3.7851
-0.3966 -36.1838 -2.5785
-5.8298 -32.4803 -3.1479
0.0325 -37.4798 -3.5655
-0.2877 -38.1563 -3.763
-2.1784 -39.8094 -3.3745
0.0325 -37.3246 -3.5772
-4.1519 -35.5478 -2.6244
-4.7823 -37.3271 -3.6018
-6.1101 -37.0968 -3.4491
-4.1874 -34.7504 -3.5646
0.0325 -37.2738 -3.5018
0.0325 -36.9593 -3.3472
-4.482 -40.0254 -3.6301
-2.5131 -35.7362 -1.7783
0.0325 -36.854 -3.3109
-3.2434 -31.6387 -3.0702
-5.4294 -36.2312 -2.8041
-3.756 -33.7038 -3.2506
0.0325 -36.6868 -3.3962
-8.2432 -30.9607 -2.7479
-4.8213 -37.2893 -3.731
-3.8351 -36.9081 -2.7188
0.0323 -35.7536 -3.8273
-4.8651 -34.3908 -3.4552
-2.9458 -38.8892 -3.4286
1.5705 -42.2697 -4.1062
-3.0724 -38.3689 -3.559
0.5163 -36.0819 -3.3896
-3.7457 -38.164 -3.7678
0.0322 -35.4017 -3.9394
-3.8571 -31.7456 -3.1734
0.0325 -36.5186 -3.3583
0.1266 -38.5035 -3.5022
2.553 -36.062 -3.4501
-5.365 -38.9364 -3.5927
-5.2941 -38.8154 -3.5092
0.4175 -42.1775 -4.1031
0.0323 -35.5953 -3.7843
0.0322 -35.114 -4.0074
0.0323 -35.3016 -3.8892
0.0322 -35.1699 -3.9226
-4.1729 -38.9962 -3.4322
-0.6453 -36.2521 -2.4671
-5.6127 -32.4126 -3.323
1.9902 -35.3751 -3.4981
1.188 -37.7647 -3.5342
0.0324 -35.6889 -3.579
-5.9109 -33.424 -3.4066
-1.3108 -34.3948 -3.7768
0.0322 -34.8686 -3.9638
-8.5536 -37.9933 -3.5433
-3.4204 -34.9342 -2.5127
0.0325 -36.105 -3.2767
-1.0255 -40.6413 -3.6603
-1.1227 -34.2917 -3.6502
2.7266 -33.5328 -3.9729
-0.0627 -42.4282 -3.952
-0.0628 -42.1187 -4.0987
-2.678 -32.887 -3.2309
1.6173 -39.3757 -4.0962
0.6164 -33.2922 -3.4326
-0.6528 -39.0985 -3.6267
-4.7194 -33.284 -3.5048
3.3802 -33.1886 -3.6126
0.2736 -33.288 -3.3238
1.9609 -38.2442 -3.5348
0.2229 -38.923 -3.4796
-0.0628 -41.239 -3.7599
-1.8777 -38.3974 -3.6907
-0.0628 -41.114 -3.7337
-6.5877 -33.1138 -3.4302
-0.0628 -40.5596 -3.6678
-0.0628 -40.3346 -3.5913
-0.0628 -39.9923 -3.5522
-6.9725 -34.532 -3.5552
-5.6993 -33.6534 -3.7594
2.3835 -39.9142 -4.0793
-0.0628 -39.7227 -3.5098
-0.0628 -39.6869 -3.4155
-6.2042 -40.1745 -3.4533
-0.4213 -34.4094 -3.7531
-0.0628 -39.5991 -3.4378
-0.1199 -32.3493 -3.5113
0.3185 -35.2157 -3.9476
0.3967 -34.1229 -3.6137
-0.0628 -39.3871 -3.411
-0.0628 -39.2743 -3.4573
-0.0628 -38.9828 -3.4935
-2.9661 -32.4109 -3.1887
-3.7718 -39.3699 -3.4904
0.4181 -35.6676 -3.689
-5.4361 -37.9555 -3.6522
-4.3266 -33.7781 -3.3581
-0.0629 -38.4951 -3.4611
0.8972 -31.9895 -3.58
0.9626 -36.11 -3.5646
-1.8769 -36.9275 -1.9963
-6.1101 -37.4329 -3.3789
1.4719 -34.7422 -3.6345
-0.063 -37.6662 -3.659
-4.267 -34.4912 -3.4396
-5.3553 -37.2245 -3.6208
-3.1325 -34.9551 -2.5966
-0.0633 -35.8099 -4.0549
-0.0629 -37.1893 -3.2835
-1.6586 -37.4303 -2.6227
1.068 -39.3822 -3.8802
-4.5161 -34.3419 -3.3991
-0.0632 -35.7394 -3.9896
2.5852 -39.3602 -4.1079
-0.0629 -36.9811 -3.2884
0.3303 -33.3278 -3.4138
-3.3283 -34.0188 -3.5279
-5.2623 -36.971 -3.6037
-0.0632 -35.5977 -3.8819
0.844 -39.1255 -3.7865
-0.063 -36.3506 -3.4864
-0.0628 -38.8873 -3.4522
-3.5794 -38.0577 -3.828
-0.0632 -35.6672 -3.8239
-0.0632 -35.5271 -3.8166
-6.8713 -41.618 -3.574
-4.0178 -36.2777 -2.7478
-5.8786 -34.886 -3.5133
-0.0632 -35.2971 -3.9003
-5.0558 -42.004 -3.353
0.9969 -38.5086 -3.6263
-0.0631 -36.109 -3.4747
1.127 -33.5415 -3.6229
2.9721 -38.9081 -4.1177
-0.0631 -35.9569 -3.5411
0.483 -37.1718 -3.6545
-0.0631 -35.8259 -3.5516
-5.3423 -41.4097 -3.4561
0.9005 -35.7194 -3.6083
-0.0633 -34.9753 -3.9744
-6.4903 -36.3341 -3.4897
-0.0633 -35.0404 -3.9075
1.9611 -41.27 -4.0959
-7.262 -36.0464 -3.5806
-3.6015 -34.0626 -3.4968
-4.4217 -38.9439 -3.5433
-0.0633 -34.8299 -3.9811
0.6134 -37.1343 -3.5175
-0.0633 -34.2602 -3.788
-0.1619 -42.2959 -4.0534
-3.2636 -39.0632 -3.5609
-0.1619 -42.1976 -4.1036
1.3752 -42.0852 -4.1324
-0.1619 -42.4646 -3.9223
-0.1619 -42.2103 -4.0071
-3.9139 -36.263 -5.8285
-4.8691 -39.4246 -3.6309
-0.1619 -42.0045 -4.0897
0.3397 -36.5306 -3.443
0.4182 -35.9541 -3.3515
-2.5557 -33.2914 -3.3971
-0.1619 -42.0172 -3.9932
-4.3821 -35.4115 -2.6541
-5.6993 -33.0239 -3.7592
-0.1619 -41.8015 -4.0807
-6.2042 -39.0085 -3.5981
-8.3237 -33.479 -3.4785
-5.4752 -39.4026 -3.8488
-0.1619 -41.0886 -3.8257
-0.1618 -40.6877 -3.6477
0.0327 -41.1028 -3.7649
-0.1618 -40.5658 -3.6761
-5.1117 -37.2813 -3.7282
-0.1618 -40.3324 -3.5589
-1.5068 -38.886 -3.6114
-2.8491 -39.6875 -3.2692
-4.5252 -37.6413 -3.5151
-8.1328 -30.4372 -3.2002
-0.1615 -41.6535 -2.7947
-0.1615 -41.6034 -2.6965
-2.5574 -35.98 -6.0087
-6.2482 -39.1757 -3.4953
-7.3537 -39.2053 -3.5796
-1.1922 -33.8831 -3.4409
-0.1618 -38.964 -3.5259
-7.4658 -30.5532 -3.2365
-7.4534 -32.4876 -3.3922
-5.4656 -34.3641 -3.2871
1.6631 -36.7729 -3.4194
-0.1618 -38.3424 -3.5956
2.8193 -35.0538 -3.6606
3.5855 -33.6854 -3.6591
-5.4134 -32.693 -3.3346
-1.6606 -33.5965 -3.3917
-0.1618 -36.185 -3.5714
-3.085 -39.5727 -3.521
-0.1618 -36.1977 -3.4748
-3.6736 -35.8185 -2.6117
-8.659 -32.57 -3.2937
-0.1619 -35.0641 -3.9747
-0.1619 -34.8952 -3.9596
-2.8692 -35.8504 -1.8588
-0.9528 -37.4153 -3.9245
-0.1619 -34.7923 -4.0009
1.282 -37.2786 -3.5333
-0.1619 -34.4854 -3.9099
-7.3537 -38.932 -3.6514
-0.1614 -37.2367 -2.4494
-3.6451 -37.6629 -2.6974
-2.0801 -35.449 -2.3719
-0.1619 -34.4248 -3.8396
-7.8535 -35.6444 -3.4827
-0.1619 -34.3346 -3.7843
-1.372 -34.9225 -2.3274
-0.0411 -33.4286 -3.4071
3.0316 -34.4234 -3.7272
-0.1614 -36.9095 -2.3914
2.1283 -34.7335 -3.612
2.8714 -39.3584 -4.1087
-1.251 -35.2118 -2.4019
0.997 -42.0168 -4.0871
-0.1615 -36.6249 -2.5141
1.1412 -37.8852 -3.7147
-0.1614 -36.2908 -2.3696
-1.7014 -31.2352 -3.017
0.8077 -40.8435 -3.7826
-3.0698 -36.2502 -5.3575
-1.507 -40.32 -3.4083
-0.1614 -35.7176 -2.437
-8.1515 -31.5644 -3.6255
-4.1872 -41.5344 -3.4224
-4.6779 -35.6789 -5.7372
-0.1614 -35.3328 -2.3633
-0.1614 -35.223 -2.3181
-2.2338 -36.7224 -1.9165
-0.1614 -35.1011 -2.3466
-0.4698 -39.3719 -3.5833
-0.2588 -42.4021 -4.067
-0.605 -35.3777 -2.5495
-0.2588 -42.3037 -4.1172
3.7188 -33.92 -3.8111
-7.2569 -30.2747 -2.9002
0.5166 -34.4118 -3.7128
-1.318 -36.257 -4.4869
1.166 -38.7215 -3.8875
-0.2587 -42.5919 -3.8801
-4.1205 -36.8621 -2.7199
-5.4136 -39.524 -3.745
-1.2127 -39.6402 -3.4178
-3.6225 -39.4278 -3.3701
-3.9397 -33.6922 -3.261
3.1011 -38.6532 -3.9373
-0.2587 -42.3073 -4.0029
-4.931 -30.1819 -3.0718
-4.5041 -37.017 -2.8612
-0.2588 -41.8131 -4.1763
-0.2587 -42.006 -4.0441
-4.594 -39.0103 -3.5894
-3.0417 -35.71 -1.8916
-0.2587 -41.7531 -4.0831
0.7082 -35.9442 -3.6069
-3.5236 -40.4157 -3.4184
-0.2587 -41.9257 -3.9838
0.0322 -34.8813 -3.8673
-0.2586 -41.2408 -3.7595
-8.335 -34.6803 -3.355
-0.3071 -37.5615 -3.7566
-0.2586 -41.0817 -3.7394
-0.2587 -40.8804 -3.8308
-0.2586 -40.9515 -3.7271
-2.5557 -36.7884 -2.0022
1.472 -36.8192 -3.4528
-5.5518 -34.7088 -3.3255
-4.773 -39.4807 -3.6307
-8.79 -33.0304 -3.4244
-0.2585 -40.0303 -3.477
-2.3725 -39.6653 -3.2456
-5.4397 -41.7164 -3.387
-0.2585 -39.5661 -3.4663
-0.2585 -39.2132 -3.4551
-7.9154 -39.9003 -3.6258
-5.3116 -36.7566 -3.7064
2.1536 -34.6451 -3.688
-0.2585 -39.0913 -3.4836
-4.8181 -37.4831 -3.7414
-0.2585 -39.1374 -3.4038
-1.7929 -36.9957 -1.8516
-5.4231 -36.6177 -2.8232
-0.2585 -39.011 -3.4233
-0.2585 -38.6067 -3.5058
0.5156 -40.7098 -3.6391
1.188 -37.9708 -3.5979
-0.2586 -34.9317 -4.031
-3.5235 -39.803 -3.3597
-4.9669 -34.1345 -3.3352
1.3753 -40.7572 -3.7408
-7.9761 -42.2949 -3.5499
-0.2586 -34.7144 -4.0181
-6.3566 -36.9334 -3.6966
-0.2586 -34.6794 -3.9009
-0.2586 -34.553 -3.9204
-0.2582 -37.3837 -2.397
-0.2586 -34.4976 -3.8362
-0.2582 -37.2822 -2.3926
-0.9462 -36.8207 -4.1836
3.0784 -39.7667 -4.1477
-0.6455 -34.398 -3.8634
1.1961 -30.3743 -2.9918
-0.2582 -37.0732 -2.4204
-0.2582 -36.8158 -2.4505
-5.4767 -38.4086 -3.5545
-5.6108 -38.4859 -3.912
-3.4362 -37.0292 -2.8341
1.2821 -41.088 -3.9533
-0.2582 -36.2252 -2.4594
0.3077 -35.833 -4.7646
-6.3149 -33.8856 -3.295
0.9006 -39.2301 -3.6854
-0.2582 -36.1153 -2.4142
-0.2582 -35.9555 -2.417
-5.4168 -39.3804 -3.7355
-0.2582 -35.7276 -2.432
-0.2582 -35.4769 -2.4024
-4.3474 -37.5249 -3.7783
-0.2582 -35.243 -2.4542
-5.7975 -37.1766 -3.4653
-7.9424 -31.3507 -2.7836
-5.5343 -39.8497 -3.5958
-0.45 -42.5767 -3.8979
3.1966 -34.3917 -3.6503
-0.4501 -42.0006 -4.0569
-6.2354 -34.3292 -3.5024
-0.9342 -33.0412 -3.1973
-0.45 -42.0134 -3.9604
-0.45 -41.1075 -3.8376
-0.45 -41.1157 -3.7321
-8.3093 -36.6328 -3.4775
-0.45 -40.9938 -3.7606
-0.45 -40.7985 -3.8152
-1.0252 -37.1969 -3.325
-6.6837 -39.5285 -3.6833
-0.45 -40.7628 -3.7209
-0.45 -40.5879 -3.7427
-5.7311 -41.4399 -3.4283
-5.4483 -38.762 -3.6402
-6.5416 -32.6923 -3.2664
-0.45 -40.4629 -3.7165
-0.00450003 -30.7571 -3.0491
-8.0081 -38.6129 -3.4247
-0.4499 -40.5476 -3.6395
-8.0224 -38.0233 -3.3079
-2.6632 -34.716 -3.8472
-0.4499 -40.028 -3.5446
-0.4499 -40.0551 -3.452
0.1266 -36.0315 -3.3233
-5.4583 -32.2917 -3.1581
1.5193 -38.7683 -3.8012
-6.1491 -34.9561 -3.5219
-0.4499 -39.7682 -3.4971
-0.4499 -39.6576 -3.4748
-3.5231 -37.3031 -3.1499
-5.517 -34.2339 -3.43
-1.0754 -38.485 -3.8425
-5.0559 -40.221 -3.5761
-0.45 -34.8513 -3.97
3.2283 -33.3204 -3.7452
0.7082 -38.2751 -2.4405
-0.5376 -33.5199 -3.4642
-2.4585 -37.0393 -2.5451
-0.45 -34.6802 -4.0235
-7.8494 -37.5553 -3.6586
-0.4496 -37.3245 -2.4263
-0.45 -34.4135 -3.8896
-0.1883 -38.8619 -3.5751
-0.45 -34.5073 -3.8305
-0.1618 -39.0866 -3.4746
0.7083 -35.3158 -3.7362
-7.5047 -35.5434 -3.5721
-5.0839 -32.2773 -3.1681
-0.4496 -36.9171 -2.4542
-5.9184 -36.1957 -3.5032
3.5697 -33.8622 -3.6116
-0.4496 -36.5786 -2.4469
-0.4496 -36.3205 -2.4999
-4.5266 -34.645 -2.3659
-2.0224 -35.8598 -3.8289
-5.3162 -33.1285 -3.3655
-0.4496 -35.9426 -2.5127
0.7081 -40.3394 -3.7166
1.6612 -37.8405 -3.6498
-4.9418 -38.4527 -3.412
-0.4496 -35.6305 -2.4357
3.3771 -33.6856 -3.6032
-5.1669 -37.0151 -3.5937
-0.2581 -35.0391 -2.322
-1.6009 -34.7958 -3.8649
-0.4496 -35.2793 -2.5249
-0.499 -36.8344 -2.6618
-0.6462 -42.3169 -4.0984
-0.6462 -42.5598 -3.9182
-1.3177 -31.339 -3.0276
-6.28 -36.8012 -3.4
-5.614 -35.7139 -3.4294
-5.056 -35.2814 -3.5416
-0.6462 -42.4719 -3.9405
-2.3915 -35.0731 -5.0313
1.2821 -37.8632 -3.5614
-4.9007 -38.1324 -3.5356
-1.6927 -37.6937 -3.8779
-5.7107 -37.5843 -3.4375
-8.0227 -34.811 -3.2823
-3.1723 -36.1855 -1.8366
1.57 -35.2804 -3.5526
-0.1617 -39.6355 -3.4082
-4.2847 -37.2023 -2.6621
-6.1477 -38.8905 -3.769
-0.6462 -42.3841 -3.9628
-3.6229 -41.6466 -3.4418
-1.4129 -42.3792 -3.8981
0.0326 -40.847 -3.8954
0.6655 -37.0762 -3.6709
-0.6461 -41.3466 -3.8734
0.9969 -35.1193 -3.6901
3.2859 -36.2694 -3.6227
-0.646 -40.5837 -3.6662
1.188 -38.7274 -3.6958
-7.0331 -36.3584 -3.649
-0.6459 -40.2731 -3.5434
-7.7337 -33.0743 -3.4156
-2.0363 -33.1402 -3.3192
-0.6459 -40.1481 -3.5172
-6.5802 -33.8711 -2.2021
-0.9393 -39.1632 -3.6313
3.845 -36.9791 -3.7882
-0.6458 -39.5188 -3.5232
0.9969 -39.0441 -3.6795
-3.0413 -41.8379 -3.6708
1.8744 -36.05 -3.4306
-2.8502 -36.4689 -1.9159
-0.6454 -37.3948 -2.4466
-6.4904 -39.2158 -3.7187
1.1416 -34.52 -3.68
0.0918 -37.7056 -3.7292
-3.533 -33.4143 -5.0473
-0.6454 -37.1131 -2.4778
-5.6829 -31.8901 -3.2054
-5.2842 -37.6466 -3.7202
0.8071 -34.6967 -3.6664
-3.0414 -41.2818 -3.5045
-0.6462 -42.6521 -3.9048
1.7805 -34.0735 -3.7167
-1.2127 -40.3021 -3.4514
0.8072 -35.9083 -3.611
-0.6462 -41.9549 -4.0693
-3.6588 -39.2921 -3.5469
-3.623 -41.8853 -3.545
-0.646 -40.6634 -3.7494
1.2274 -38.3539 -3.8271
-5.3775 -38.1633 -3.5544
0.6134 -37.2585 -3.5667
-8.4925 -33.6516 -3.4105
-0.6459 -40.2911 -3.433
-5.2494 -35.3507 -3.5643
-5.314 -36.9072 -3.7274
-0.6459 -40.0421 -3.5038
-5.5341 -41.3708 -3.3936
-0.6458 -39.9867 -3.4195
-3.9393 -34.7614 -3.5569
-0.6458 -39.8353 -3.463
-4.2073 -37.8927 -3.6209
-4.7542 -34.0019 -3.4004
-0.6458 -39.3665 -3.4434
-0.7952 -38.4863 -3.8616
-5.9172 -35.3788 -3.388
-0.6458 -39.2454 -3.449
-0.6458 -38.8752 -3.5254
-2.849 -35.4546 -2.3125
1.3754 -37.8068 -3.5466
-0.6458 -38.6881 -3.4746
-4.9427 -32.4144 -3.3204
-0.6456 -34.7988 -4.0414
-5.7311 -39.8733 -3.5412
-0.6456 -34.6609 -3.9655
0.9006 -38.3229 -3.6081
-0.6456 -34.5496 -3.966
-0.6454 -37.329 -2.5365
-4.719 -35.7412 -2.6488
-7.2619 -40.5701 -3.4558
-0.6454 -37.1678 -2.585
-1.4126 -39.9718 -3.3602
0.7083 -34.2332 -3.9958
-7.3537 -37.8673 -3.6544
-0.6455 -34.4441 -3.7836
-4.2392 -34.1932 -3.4207
-3.3951 -31.1521 -2.6641
-4.1109 -36.0558 -2.7482
-2.9457 -41.9172 -3.7737
-0.3154 -31.3482 -3.1731
-6.0908 -38.8467 -3.856
-0.6452 -35.6411 -2.5089
-5.2494 -34.4638 -3.4541
-0.5709 -37.592 -2.424
-0.6452 -35.2889 -2.4748
-0.6451 -34.9252 -2.3453
2.2849 -34.0719 -3.7835
-1.3108 -38.841 -3.499
-4.5755 -36.7292 -2.7575
-4.5601 -34.6925 -3.4102
-6.11 -39.2688 -3.6236
1.227 -32.6213 -3.2796
-6.8715 -40.5965 -3.5887
-0.7392 -42.0284 -4.1121
-6.0555 -38.074 -3.5871
-0.7392 -41.895 -4.0451
-1.6985 -41.619 -3.791
-4.5314 -38.6463 -3.4962
-4.8651 -35.7099 -2.7599
-6.9578 -37.5925 -3.8321
-1.6986 -30.7223 -2.7049
-4.9859 -34.3774 -3.2782
0.0327 -40.9037 -3.7877
3.1776 -36.4349 -3.5936
-2.5299 -33.1853 -3.3674
-0.7392 -41.8291 -3.9888
-5.534 -42.297 -3.4836
-0.8405 -39.6072 -3.6391
0.6137 -34.4743 -3.7714
-0.7391 -41.2222 -3.7471
-6.6836 -35.1293 -3.3957
0.3407 -36.7619 -4.0145
0.1265 -41.8507 -4.1571
-4.2847 -40.7854 -3.6583
-0.7391 -40.8345 -3.7649
-0.7391 -40.9336 -3.6919
1.3753 -41.1815 -3.9407
-6.5897 -42.4568 -3.833
1.1879 -41.4955 -3.9941
0.2229 -39.1041 -3.5672
-3.0756 -39.0094 -3.5495
0.3873 -33.2063 -3.585
-0.063 -36.4497 -3.4134
-0.7391 -40.6368 -3.742
-3.9986 -41.7114 -3.4109
-3.5236 -40.5179 -3.4
1.9123 -36.9003 -3.5449
-0.7391 -40.3782 -3.5027
-5.1473 -38.5638 -3.3195
-0.7391 -40.2336 -3.4865
0.9081 -33.6378 -3.7117
-6.7175 -33.8325 -3.5943
-5.2982 -38.4677 -3.8371
-0.7391 -40.0496 -3.4904
-2.8607 -36.7453 -4.1962
-0.739 -39.9109 -3.4373
2.7558 -39.4083 -4.0593
-5.1574 -37.1366 -3.6222
-0.739 -39.5906 -3.4658
-0.7391 -39.4582 -3.5221
-4.9645 -36.794 -3.6308
-5.0477 -31.7355 -3.0193
-0.6649 -36.5303 -2.5615
-4.7617 -32.6111 -3.3746
-4.2869 -33.9393 -3.2685
-5.2713 -36.1426 -2.7081
-4.1979 -31.8948 -3.0875
-0.7391 -39.0364 -3.546
-2.3865 -31.607 -3.0888
-4.0498 -31.768 -2.9301
1.663 -36.8518 -3.5255
-0.7391 -38.7018 -3.5706
0.5162 -37.1127 -3.5388
2.247 -34.58 -3.6695
-0.739 -38.8107 -3.4925
-0.7387 -40.421 -2.153
-3.5672 -32.4295 -3.2462
1.4719 -34.8173 -3.7088
-2.4271 -37.0946 -2.4669
-6.9333 -35.1647 -3.5302
-0.739 -37.0189 -3.3829
-4.3419 -35.7569 -2.8175
3.2669 -34.6459 -3.5654
-5.2238 -35.4579 -3.4221
0.2174 -37.9106 -3.6438
1.5703 -38.2118 -3.5878
-0.7391 -39.9027 -3.5428
-0.7391 -34.8032 -3.9735
0.0314 -39.6694 -3.6505
-7.5479 -37.1906 -3.6621
1.3753 -39.573 -3.8497
1.2821 -38.5373 -3.6677
-0.7388 -37.4713 -2.5444
-0.7391 -34.6456 -3.9077
-0.7388 -37.366 -2.5081
-0.7391 -34.5615 -3.8156
-5.0765 -36.8303 -2.7171
-2.8612 -34.1605 -3.8428
-0.6458 -38.9661 -3.5578
-1.6009 -34.2113 -3.9831
-3.7131 -31.0093 -2.7189
-0.646 -41.07 -3.7444
-0.7391 -34.394 -3.7548
-6.0824 -34.1053 -3.4625
-2.2245 -34.1231 -3.9153
0.2228 -40.0326 -3.5887
-6.7802 -36.0084 -3.5094
-0.7387 -35.8563 -2.1983
-0.4496 -36.0614 -2.4296
-0.7388 -35.2524 -2.4727
-5.6077 -35.4268 -3.4483
0.6133 -38.8496 -3.5991
2.4839 -38.1785 -3.8033
-0.7387 -34.9835 -2.4074
0.4175 -42.3615 -4.0992
2.6035 -33.8491 -4.1638
-0.7387 -34.8669 -2.4219
-0.7387 -34.9175 -2.3511
1.1879 -38.9085 -3.7834
-6.0735 -32.8183 -3.8289
-4.4672 -33.4162 -3.4302
0.7083 -34.7146 -3.7728
-1.4122 -37.2753 -3.3976
-0.1168 -31.0636 -3.3778
-4.7713 -39.1392 -3.349
-0.9289 -42.2686 -4.1015
0.5163 -36.182 -3.4398
-0.9289 -42.1899 -4.1417
-0.9289 -42.3382 -4.0435
-0.9289 -42.4033 -3.9765
-4.267 -34.7562 -3.4397
-0.9289 -42.1036 -4.1182
3.3583 -35.5962 -3.5464
-1.6974 -35.5152 -2.0113
-5.8261 -41.4634 -3.4489
-4.8652 -37.1167 -2.6499
-0.9289 -42.1785 -4.0463
-6.0141 -37.763 -3.4681
-6.1942 -33.523 -3.626
-0.9289 -42.2874 -3.9682
-4.3773 -31.4086 -2.7452
-0.9289 -41.7301 -3.9937
-3.0426 -34.6578 -3.7901
-6.1508 -38.7138 -3.7595
-4.6085 -34.5134 -2.4124
-0.0464 -33.7881 -3.4564
-0.1614 -35.6524 -2.3578
-5.0942 -34.3423 -3.2403
-0.9288 -41.4511 -3.7872
2.1566 -37.9362 -3.6984
-4.2997 -30.9604 -2.7465
-6.2091 -34.68 -3.3412
-0.9288 -41.0831 -3.795
-0.9288 -40.8915 -3.7353
-2.4265 -32.3092 -3.2635
-3.2371 -40.2269 -3.3791
-2.3362 -33.6 -3.409
-7.5477 -42.5172 -3.7015
0.4178 -40.0406 -3.5844
0.3902 -38.7394 -3.5957
-0.0897 -32.2252 -3.4191
-0.9288 -40.7096 -3.6705
-1.9833 -34.3755 -3.7632
-0.9287 -40.1497 -3.4723
-0.9287 -40.0792 -3.407
-0.8274 -35.9847 -3.6765
-0.9287 -39.6575 -3.431
0.0092 -39.316 -3.5838
-0.9287 -39.5181 -3.4008
-7.306 -30.4199 -3.0449
-6.0339 -36.0676 -5.5591
0.4686 -34.5328 -3.694
-6.9724 -38.7242 -3.6556
1.1879 -39.8072 -3.6738
-0.9287 -39.104 -3.4883
-0.9287 -39.2031 -3.4153
-0.9287 -38.9185 -3.538
-4.7827 -34.2338 -3.3148
-0.9287 -38.6626 -3.5223
-0.4496 -35.8313 -2.5132
-0.9287 -37.2462 -3.3223
-6.0142 -35.3405 -3.4101
-0.9287 -37.1803 -3.2659
-5.0246 -37.777 -3.4503
3.7988 -37.1478 -3.7134
-0.9287 -36.8821 -3.3619
-8.8136 -33.2027 -3.6142
-4.9882 -36.9067 -2.6973
-6.9723 -39.2981 -3.5654
0.7082 -37.7221 -3.5439
-2.6633 -37.5162 -3.2843
-2.8491 -35.2338 -2.5602
-3.1907 -37.4918 -2.6247
-0.9288 -34.7156 -3.9272
-4.3822 -41.4933 -3.4445
1.149 -38.3341 -3.8923
-4.1874 -34.5779 -3.6639
-5.1858 -37.4348 -3.5367
2.1731 -39.1521 -4.0506
-1.7987 -36.5538 -4.211
-7.5878 -38.0542 -3.773
-5.9898 -38.3974 -3.8866
-5.6343 -36.916 -3.5666
-5.1471 -40.1476 -3.5806
-0.6452 -35.725 -2.4548
-1.5073 -41.9517 -3.8358
-7.6441 -36.6143 -3.5267
-0.9285 -35.5321 -2.4416
-3.7673 -36.0623 -5.1527
1.9846 -41.6738 -3.9791
-5.0847 -34.2098 -3.2688
0.0854 -29.927 -3.2445
-0.9285 -35.333 -2.4644
-0.9284 -35.781 -2.2246
-6.6836 -36.3124 -3.6248
1.6631 -35.8235 -3.5998
-0.9284 -35.4888 -2.2837
-4.6004 -37.7071 -3.5702
-6.1729 -38.78 -3.6929
1.4403 -36.8467 -3.5631
-1.0258 -42.5192 -4.1086
-4.2356 -33.0383 -3.2987
-3.2485 -36.8577 -2.8311
-8.0114 -31.2845 -3.2256
-1.0257 -42.3743 -3.9462
2.8865 -38.1461 -3.8608
-3.0999 -30.8783 -2.6144
-5.387 -38.0418 -3.5259
0.0785 -33.0838 -3.3132
0.7083 -35.0121 -3.6998
1.1159 -30.1926 -3.1873
-5.3555 -39.102 -3.6212
2.1062 -33.3309 -3.545
-3.5781 -32.154 -3.2484
0.8077 -41.8404 -4.0842
-1.0257 -41.8103 -4.0315
-1.0257 -41.9041 -3.9724
-1.0257 -41.96 -3.8876
-4.3613 -33.8459 -4.9835
-1.0257 -41.829 -3.8982
-5.0405 -33.7017 -3.4019
-1.0256 -41.4896 -3.7676
-5.6633 -38.7439 -3.5804
-6.5897 -42.6072 -3.5201
-8.0222 -38.7608 -3.2466
-6.1555 -38.4151 -3.8328
-4.6576 -33.4993 -3.3987
-1.0256 -41.22 -3.7251
-0.2582 -36.7129 -2.4918
2.5694 -39.8351 -4.0604
-1.0256 -40.8906 -3.7357
-1.0255 -40.7822 -3.6447
1.4245 -35.7754 -3.5154
0.708 -42.0067 -4.2388
-1.0254 -40.1239 -3.4967
-5.0658 -33.7348 -3.3258
-1.0254 -39.8058 -3.4565
-1.1657 -33.5312 -3.352
-4.9025 -31.3337 -3.1082
-0.3523 -32.351 -3.1164
-4.2544 -35.0434 -3.4778
-4.1299 -36.2546 -2.6912
-4.0072 -33.7089 -5.3027
-1.1141 -38.4222 -3.6799
1.9608 -36.2207 -3.4077
-1.0254 -39.0525 -3.5596
2.7431 -38.8561 -4.0211
-7.9524 -31.2304 -2.7984
-1.0253 -39.0312 -3.4692
-3.3102 -30.8872 -2.6722
0.1396 -32.5463 -3.3559
-1.0253 -38.9198 -3.4698
1.8502 -36.3239 -3.4795
-2.4048 -31.8658 -3.1626
3.4252 -39.5716 -4.0415
-2.0803 -37.5084 -3.2001
-5.3434 -34.4081 -3.4377
0.5164 -35.6711 -3.6779
-1.0251 -34.7579 -3.9395
-7.7384 -35.3459 -3.5442
-1.025 -34.5784 -3.9523
-0.4681 -33.0477 -3.2335
-1.025 -34.445 -3.8853
-3.0511 -34.8939 -2.465
0.6708 -30.5748 -2.7709
-4.428 -39.0322 -3.5243
-2.8644 -33.4528 -5.3031
-1.0256 -41.3723 -3.8049
-1.025 -34.3465 -3.7893
-7.7178 -33.8538 -3.4491
-1.0249 -35.4266 -2.3829
-5.8761 -38.1288 -3.5124
-1.0248 -36.2785 -1.7682
-1.0248 -34.9965 -2.3661
-5.7938 -39.0675 -3.7599
0.9795 -37.9465 -3.6135
-1.0248 -36.1943 -1.6761
-5.2206 -35.1929 -3.4315
-1.0248 -35.7372 -1.8981
0.2543 -30.6563 -3.3771
-4.4821 -41.3709 -3.4726
-1.0248 -35.6403 -1.9026
-3.7536 -36.124 -2.66
0.9006 -39.0999 -3.6731
-1.0248 -35.7634 -1.6822
-4.6941 -35.1504 -3.5814
-0.646 -40.7466 -3.7182
-1.2127 -42.2515 -4.0881
-7.4545 -35.0596 -3.4215
-1.2127 -42.1493 -4.1065
-5.5952 -37.2822 -3.4869
1.2819 -34.3867 -3.6241
-5.5971 -31.6298 -2.9519
-1.2127 -42.1809 -4.0228
-1.2127 -41.7136 -3.9575
-1.2127 -41.3682 -3.8638
-1.1404 -31.8262 -3.1191
-5.0373 -35.5019 -3.4118
-2.0142 -36.19 -1.8342
-6.2042 -42.7404 -3.7194
-6.0142 -34.5356 -3.4606
-7.296 -33.6624 -3.5881
-1.2127 -41.0923 -3.712
-5.148 -35.6275 -3.5908
-5.0559 -40.8397 -3.5981
-1.246 -38.2808 -3.7636
-1.2127 -40.9848 -3.7443
-4.1472 -37.3405 -3.8016
-1.2127 -41.0165 -3.6606
-5.6807 -39.6725 -3.8177
-0.4499 -39.5009 -3.5323
-1.2127 -40.8205 -3.7382
-2.2763 -40.3774 -3.4894
-1.2127 -40.9196 -3.6651
-1.2127 -40.7039 -3.7527
-7.7375 -39.969 -3.6382
-7.6441 -37.168 -3.6155
-7.3604 -34.6405 -3.6022
-1.2127 -40.5789 -3.7264
-1.2127 -40.6879 -3.6483
-0.7747 -38.6044 -3.5518
-0.2208 -36.2485 -3.3992
-1.2127 -40.1114 -3.515
-1.2127 -40.1915 -3.429
-1.2127 -40.1044 -3.4285
-1.2127 -39.9425 -3.4999
-1.2127 -40.0082 -3.4101
-8.2114 -36.8884 -3.5131
-8.6204 -37.7975 -3.4379
-0.3562 -34.9964 -2.3562
-1.2127 -39.5896 -3.4887
-4.8652 -32.8742 -3.4162
-1.2127 -39.3564 -3.5177
-0.0944 -32.031 -3.1575
-0.1578 -33.565 -3.4755
-2.8744 -38.4637 -3.5758
-1.1564 -36.4673 -5.1393
-1.2128 -38.2741 -3.9238
-5.1481 -34.6997 -3.4003
0.9005 -34.5458 -3.6893
-4.8655 -40.0165 -3.5223
-1.2128 -38.6357 -3.6605
-6.3181 -34.3163 -3.2856
-5.2657 -39.1357 -3.5948
-6.1269 -33.1684 -3.489
-1.2128 -37.1587 -3.3903
-5.2562 -32.3709 -3.1323
-1.2128 -37.079 -3.3072
-4.9897 -39.4888 -3.5553
-1.213 -34.7432 -4.0268
-1.2127 -37.4959 -2.5205
-1.213 -34.619 -3.9777
0.708 -42.0825 -4.2902
-1.2127 -35.2218 -2.5109
-3.0416 -39.592 -3.2302
-0.4496 -35.9743 -2.429
-2.8493 -37.144 -3.3633
-0.2011 -30.5227 -3.2942
-1.2127 -34.9536 -2.4227
-0.3495 -32.2246 -3.0967
-1.2126 -36.2543 -1.6913
-0.0633 -35.3381 -3.9806
0.8071 -35.2595 -3.7731
-1.2126 -35.6329 -1.9072
-1.2126 -36.0415 -1.6874
-1.2126 -35.5451 -1.9295
-7.4545 -38.3182 -3.5145
-1.2126 -35.7047 -1.7806
-6.6837 -39.3467 -3.6186
-1.2126 -35.6145 -1.7253
-1.025 -34.4336 -3.7899
-7.916 -34.3178 -3.5714
-5.412 -35.6121 -3.4491
-5.4764 -36.7851 -3.5542
3.3898 -34.8894 -3.6414
-8.7536 -33.8674 -3.358
-4.3214 -32.4242 -3.2124
2.0695 -33.9283 -3.7356
-3.8538 -35.6837 -2.7904
-1.3109 -41.7373 -3.8773
-1.3109 -40.9519 -3.7719
-1.7334 -36.2248 -1.8151
2.451 -39.4149 -3.9935
-1.3109 -40.8216 -3.7596
-1.3109 -40.8775 -3.6748
-2.8489 -36.6603 -2.0087
0.2767 -32.7007 -3.2579
-1.3109 -40.5898 -3.7428
-1.3108 -40.1002 -3.4639
-1.3108 -39.9875 -3.5102
1.2008 -39.1833 -4.2796
-8.4521 -34.3463 -3.3711
1.1879 -42.2461 -4.1288
-5.3429 -37.7613 -3.4491
-2.8491 -42.0831 -3.5657
3.6652 -36.0736 -3.6496
-3.6366 -38.4527 -3.6133
-4.9197 -38.0441 -3.4785
-1.3108 -40.0441 -3.4025
-2.5131 -35.9571 -1.7783
-1.3108 -39.7944 -3.4962
1.0329 -34.2486 -3.4873
-7.644 -37.7223 -3.6815
-8.3574 -29.8585 -3.2145
-4.5359 -33.6162 -3.3814
-1.3108 -39.7972 -3.4047
-6.1834 -34.4011 -3.5136
-5.8591 -36.2619 -3.5963
-1.3108 -39.5619 -3.5024
0.6134 -37.931 -3.5725
-1.3108 -39.3143 -3.5275
-1.3549 -33.2052 -3.3078
-1.3108 -39.1999 -3.4733
-1.3108 -39.0727 -3.5158
-1.8786 -37.7053 -3.8634
2.3328 -38.9203 -3.927
-1.0301 -32.7712 -3.1672
-7.1917 -38.3387 -3.768
-7.2327 -37.9981 -3.8436
-1.3108 -38.9357 -3.5632
-1.3109 -38.5437 -3.7183
-8.0226 -36.0242 -3.3269
-7.7381 -36.6111 -3.4725
-7.7681 -35.3045 -3.4651
-1.3108 -37.0681 -3.4025
0.9006 -37.2421 -3.5067
-2.5083 -36.2106 -4.6793
-1.3108 -37.2504 -3.2981
-1.3109 -34.8002 -3.9637
-0.4423 -37.0793 -3.8165
-3.2371 -41.1563 -3.5238
-1.3077 -37.7579 -3.8765
-1.3109 -34.592 -3.9688
-2.435 -38.1797 -3.8583
-5.3423 -41.3195 -3.4008
-7.0743 -40.1056 -3.6344
-1.3108 -34.307 -3.7991
0.3547 -36.0011 -3.7738
-1.0249 -35.2527 -2.528
-1.3106 -35.4522 -2.4718
3.308 -34.2041 -3.689
-1.3106 -35.2924 -2.4746
0.0521001 -32.7516 -3.3509
-6.1869 -34.3376 -3.4077
0.2231 -35.9612 -3.3367
-7.5479 -36.1044 -3.4286
-1.0257 -42.4933 -4.0093
-3.3651 -38.2452 -3.7835
-6.2578 -37.8062 -3.4666
-2.7685 -34.1304 -3.605
-1.3106 -35.6082 -1.9758
-5.4398 -41.0856 -3.4388
-1.3106 -35.5053 -2.0171
-2.8491 -35.336 -2.5418
0.97 -34.9977 -3.5843
-1.3105 -35.6413 -1.8463
-4.2118 -36.0403 -2.7552
-3.0184 -33.6285 -3.4469
-1.4129 -42.337 -4.0097
-1.4129 -41.8015 -3.9567
-8.0348 -30.525 -2.9484
-5.9183 -38.1507 -3.3497
-1.4129 -41.6955 -3.9433
-5.3339 -33.0331 -3.4031
-1.4129 -41.7802 -3.8663
0.5989 -31.6828 -3.07
-1.9834 -37.288 -3.3231
0.1264 -34.7306 -3.9084
-4.1111 -37.2707 -2.7486
1.3385 -35.2784 -3.5432
0.613 -42.2339 -4.4497
-1.4128 -41.6091 -3.9199
-1.4128 -41.6022 -3.8334
-2.2841 -34.2267 -3.6181
-0.7387 -40.5102 -2.0849
-1.4128 -41.5098 -3.8468
-0.4604 -39.0737 -3.6118
-6.0419 -33.1483 -3.6244
-1.4128 -41.1879 -3.7748
-7.2619 -39.6251 -3.499
-1.4127 -41.0833 -3.7157
-0.1619 -41.6849 -4.0952
-6.7801 -37.582 -3.483
-8.4351 -34.6892 -3.3597
-5.0278 -35.4025 -3.4403
-1.9985 -32.9912 -3.2043
-8.0432 -36.8563 -3.5902
-1.4127 -40.8098 -3.6414
-1.4127 -40.6145 -3.6961
-1.4127 -40.6841 -3.6381
0.0763 -37.057 -3.707
-1.793 -34.6163 -3.7976
-1.4126 -40.2847 -3.4143
-1.4126 -40.199 -3.368
-3.803 -37.2215 -2.8049
-3.1673 -32.2517 -3.185
-2.6119 -33.0008 -5.3545
-4.5908 -39.4521 -3.5989
-3.3318 -34.8951 -3.8153
-6.3556 -37.8696 -3.7855
-4.6561 -37.0721 -3.696
-3.9523 -38.7705 -3.5205
0.4795 -36.4687 -3.5952
-5.4402 -36.8024 -2.6985
-4.1968 -33.6362 -3.2539
-4.869 -37.2158 -3.6305
0.9458 -36.9508 -3.6913
0.9005 -34.3474 -3.6892
-0.7621 -39.3223 -3.5899
0.7081 -40.5061 -3.8003
-1.4126 -39.9198 -3.4768
1.2821 -40.1565 -3.877
3.8513 -37.1668 -3.8073
-2.3506 -31.4435 -2.9774
-1.0248 -36.005 -1.6939
-1.4125 -39.6902 -3.3915
-4.9898 -35.6896 -3.5545
2.1839 -35.8722 -3.4795
-8.564 -30.7147 -2.5982
-8.766 -33.5524 -3.5219
-1.4125 -39.3829 -3.4696
0.997 -41.5215 -3.991
-1.4125 -39.2716 -3.4701
-5.0195 -31.4563 -3.4312
0.0325 -37.0987 -3.3774
-6.1382 -37.031 -3.6512
-4.1482 -36.3901 -5.9391
0.4175 -42.4841 -4.0479
-7.6556 -32.6226 -3.4246
-1.4125 -38.9755 -3.4975
-3.9051 -40.0123 -3.3985
-7.8936 -34.8672 -3.5134
-4.7713 -38.7757 -3.3657
-1.4123 -37.367 -3.407
-0.739 -40.0865 -3.3927
-0.5342 -36.495 -4.2747
-1.4122 -37.1587 -3.4121
0.2028 -35.5213 -3.7305
-8.0218 -42.0857 -3.0797
1.2819 -34.4467 -3.7173
-5.2365 -36.6396 -2.8128
-6.4905 -42.4226 -3.6131
-1.412 -34.8249 -3.917
0.5411 -39.06 -3.7364
-8.2674 -35.7342 -3.5491
-1.412 -34.5819 -3.951
1.806 -36.0496 -3.5159
-4.6257 -37.7623 -3.4942
-4.677 -33.5666 -3.4947
-1.412 -34.4864 -3.9097
-1.412 -34.4802 -3.8003
-1.412 -34.2477 -3.8065
1.4719 -42.3222 -4.1788
-2.8692 -36.9548 -1.8589
-1.4118 -35.4244 -2.2493
-4.1501 -34.0913 -3.423
-4.7194 -35.2278 -3.5053
-0.2587 -42.4247 -3.9655
-1.4118 -35.0172 -2.4233
1.7458 -34.5705 -3.6122
-0.6646 -33.3329 -3.2966
-1.4118 -35.5081 -2.049
-1.4292 -34.0911 -3.5931
-1.4118 -36.0938 -1.7388
-1.3767 -33.8409 -3.4686
-1.4118 -35.8894 -1.7756
-4.7542 -34.6866 -3.4005
-1.8438 -32.167 -3.2316
0.287 -37.3031 -3.8529
-1.4118 -35.6857 -1.7895
-4.053 -33.9112 -3.2141
0.2806 -37.0822 -3.8338
-3.3707 -31.5138 -2.8941
-5.4402 -36.3715 -2.7046
-6.3667 -34.6592 -3.5014
-0.9288 -41.1534 -3.7141
-1.5073 -41.8109 -3.8514
-3.6323 -34.0476 -3.327
0.9006 -39.4225 -3.7223
-3.9984 -40.1887 -3.5127
3.8989 -38.1166 -3.9501
-1.5072 -41.1445 -3.809
-1.5072 -41.1912 -3.7063
-5.7119 -37.6511 -3.5867
1.472 -35.5654 -3.6197
-2.7094 -36.1421 -4.3771
-1.5071 -41.0087 -3.6644
0.6231 -34.6949 -5.1345
-1.5071 -40.8127 -3.742
-1.5071 -40.6779 -3.7208
-1.5071 -40.6467 -3.6354
-1.507 -40.2693 -3.4792
-0.4726 -36.5748 -2.5666
-1.507 -40.1436 -3.4758
-1.507 -40.2185 -3.4039
-1.507 -39.9853 -3.4329
-6.6837 -41.4451 -3.6734
1.0315 -34.1117 -3.6392
-1.507 -40.0609 -3.338
-3.8081 -42.4602 -3.5773
-0.5605 -38.9212 -3.6112
-1.5069 -39.8164 -3.4178
-1.5069 -39.553 -3.4848
0.9811 -32.1843 -3.7396
3.1706 -38.9735 -4.1466
-1.5069 -39.3925 -3.5104
-3.2371 -39.2205 -3.375
0.4177 -40.3414 -3.7122
-1.5069 -39.154 -3.5534
-1.5069 -39.3954 -3.4189
-1.1024 -35.805 -1.6804
-0.1614 -37.0594 -2.3936
-1.1873 -36.543 -5.2289
-1.5069 -39.2977 -3.4462
-8.5275 -31.2722 -2.8176
-1.5068 -38.9086 -3.5098
1.7623 -39.2431 -3.9544
-1.5068 -38.2843 -3.8173
-7.788 -34.5787 -3.4473
-8.0081 -40.4837 -3.6402
-3.3017 -31.2066 -2.6809
1.6078 -33.2793 -3.4873
1.3755 -35.2489 -3.636
-0.6455 -34.4844 -3.8868
-1.5068 -38.6044 -3.6426
2.4953 -39.2271 -4.1266
1.2206 -35.843 -3.6116
-1.5068 -38.4636 -3.6582
-1.5066 -37.1729 -3.4618
-5.0182 -37.9758 -3.4694
-5.5343 -39.6081 -3.584
-1.5063 -34.6944 -3.9505
1.3755 -36.4072 -3.4278
-3.5543 -33.0152 -3.2693
-2.756 -35.8533 -1.7825
-1.5063 -34.7882 -3.8914
-1.5063 -34.574 -3.9332
-6.5433 -36.0154 -3.5949
-1.5063 -34.5867 -3.8367
-1.5063 -34.3739 -3.8328
-1.2127 -35.4342 -2.2224
-1.2289 -38.5337 -4.0063
0.121 -39.621 -3.6234
3.146 -35.4078 -3.4983
-6.0271 -38.3832 -3.6727
-4.7954 -31.3867 -2.8289
-0.5695 -32.9101 -3.2325
-1.5063 -35.2754 -2.5624
-1.6984 -41.0843 -3.7151
-1.5063 -35.4479 -2.4631
-1.5063 -35.428 -2.3269
-3.9617 -35.725 -2.6329
-2.643 -37.3771 -2.8157
-5.1472 -39.4697 -3.4425
-4.5918 -33.5881 -3.315
-1.4125 -39.6343 -3.4763
-1.4133 -38.8622 -3.642
-1.5063 -36.5038 -1.6652
1.0836 -35.6733 -3.6398
-1.5062 -34.9889 -2.4385
-4.5755 -37.0055 -2.7403
-1.5062 -34.9103 -2.4787
-0.2901 -30.7444 -2.7944
-0.8506 -32.9041 -3.2152
-6.8719 -37.2592 -3.5358
2.5689 -36.3933 -3.4977
-5.9183 -38.8718 -3.4994
-6.3148 -36.9338 -3.2954
2.0903 -35.7385 -3.4981
-0.1618 -40.378 -3.6482
-8.6519 -35.375 -3.2858
-5.5455 -29.9229 -3.1585
-1.4118 -34.8992 -2.4836
1.8503 -41.6559 -4.259
-0.4501 -41.8212 -4.0697
1.8502 -35.7447 -3.5837
0.2226 -41.6812 -4.2441
-1.5063 -36.0209 -1.788
-1.5062 -35.5993 -1.9581
-1.4453 -31.4895 -3.1213
-1.5063 -35.9194 -1.7835
-1.5063 -36.0525 -1.7043
1.9378 -33.3993 -3.6203
-1.5062 -35.8081 -1.7841
-3.5578 -35.7059 -2.676
-5.788 -36.1163 -3.4936
-2.4508 -35.0134 -6.1377
-1.5062 -35.7059 -1.8025
-1.5062 -35.6089 -1.8069
-2.3704 -34.1064 -3.656
3.0245 -38.4636 -3.9856
-1.6019 -42.0291 -3.8981
-0.063 -37.504 -3.5842
-1.0256 -41.3308 -3.8936
0.2231 -36.2921 -3.2804
-1.6019 -41.9079 -3.9037
-1.6019 -41.973 -3.8367
-4.4787 -34.5814 -3.3715
-2.5861 -35.8032 -1.8426
-1.0702 -34.0059 -3.5152
-1.6018 -41.6534 -3.8423
-4.8738 -33.4617 -3.3252
-7.1348 -33.8484 -3.425
-1.6018 -41.5512 -3.8607
-6.7801 -36.4198 -3.6596
1.8503 -42.3154 -4.2151
-1.6018 -41.7139 -3.7664
-0.924 -36.3789 -4.25
-0.2585 -39.6167 -3.3955
-4.7866 -32.9195 -3.8772
-5.9184 -37.4928 -3.494
-8.5316 -38.0591 -3.4913
-1.6018 -41.5639 -3.7641
-4.0552 -33.6106 -4.9185
-3.4362 -37.3251 -2.8629
-1.6018 -41.4761 -3.7864
-1.6018 -41.0839 -3.7953
-4.7714 -39.7209 -3.4685
-0.1086 -36.7309 -4.098
0.406 -37.9774 -3.6431
-3.9983 -39.9658 -3.3676
-1.6017 -40.8915 -3.7585
-5.2428 -36.3745 -2.7938
-1.2126 -36.1847 -1.7494
-6.0176 -38.6372 -3.7013
-1.6017 -40.7718 -3.7183
-1.6017 -40.7118 -3.6251
-1.6017 -40.6089 -3.6664
-0.45 -34.5665 -3.9465
-6.2958 -36.5141 -3.3524
-2.5735 -36.3112 -1.8807
-1.7605 -35.7492 -1.8287
-5.1131 -36.739 -3.7553
-1.6017 -40.4748 -3.6223
0.7081 -40.6325 -3.7809
-0.1725 -38.6631 -3.6226
-1.6016 -40.2693 -3.3896
-1.6016 -39.9807 -3.3343
-1.4125 -39.1739 -3.4975
-4.4628 -39.1869 -3.4197
-8.5427 -37.4131 -3.1429
-1.6015 -39.5894 -3.4665
-7.1156 -34.5257 -3.4403
-5.9659 -34.0792 -3.6663
-1.0257 -42.5955 -3.9909
-1.6015 -39.4788 -3.4442
0.5154 -42.1546 -4.1622
-6.8716 -39.7385 -3.6325
-1.6015 -39.3341 -3.428
-4.7863 -32.7783 -3.4563
-1.6015 -39.2259 -3.4832
-3.8281 -36.962 -2.8465
-1.6015 -39.1055 -3.4659
-1.6015 -38.9042 -3.5574
-1.213 -34.2786 -3.7238
-6.4903 -36.5167 -3.5316
3.4628 -37.6173 -3.8606
-1.6014 -38.7096 -3.5892
-7.5002 -37.7744 -3.7783
-3.2371 -39.971 -3.3635
-1.3917 -36.267 -1.9103
0.9969 -38.0526 -3.5101
-1.6009 -34.5662 -3.7795
-7.4545 -39.2185 -3.5053
-5.4207 -36.458 -3.722
-0.45 -41.1999 -3.8242
-1.6009 -35.4366 -2.4238
-1.6009 -35.1907 -2.5493
-1.6009 -35.4621 -2.2307
0.0327 -39.8522 -3.5253
-5.1474 -38.4436 -3.4483
-7.0347 -31.2293 -2.9026
0.4033 -34.4821 -3.6035
-1.6009 -35.5559 -2.1716
-1.4165 -34.3009 -3.6312
2.1313 -37.9804 -3.6223
0.2229 -38.8208 -3.498
-0.1883 -36.2697 -3.3148
-2.7906 -33.7991 -3.5384
-0.6186 -30.7037 -2.6374
-4.9134 -38.7067 -3.4976
-1.6009 -35.8341 -1.7933
-1.6008 -35.6184 -1.8809
-0.8948 -36.8451 -4.9968
-3.6802 -34.2891 -3.479
-5.7659 -36.6685 -3.5603
3.2756 -37.8043 -3.8887
-1.6009 -35.7031 -1.8039
1.7876 -39.4087 -4.0305
-1.6985 -42.1106 -3.8552
-1.6985 -41.7872 -3.8289
-1.6985 -41.7181 -3.7179
-5.6361 -35.1286 -3.3627
-2.566 -37.5739 -3.8912
0.223 -36.7556 -3.314
2.1471 -38.4443 -3.67
2.0682 -35.5618 -3.4315
-4.2576 -34.6237 -3.4682
-4.133 -36.3982 -2.6817
-7.2619 -42.144 -3.7218
-0.2613 -37.0635 -4.2107
0.3907 -33.8139 -3.5718
-1.1307 -37.7577 -3.9187
-1.6983 -40.7064 -3.7279
0.8074 -38.1451 -3.5726
-1.6983 -40.4632 -3.6157
1.8503 -39.6027 -4.0011
-1.2127 -39.5289 -3.4184
-1.6982 -40.2463 -3.4338
-2.0804 -37.1557 -3.3351
-6.7467 -33.3307 -3.6228
-4.6842 -37.0886 -2.7536
-3.7111 -37.3053 -2.643
-8.3229 -33.2315 -3.4523
-2.8023 -32.9914 -3.3134
-4.9416 -33.9246 -3.4113
-2.5248 -32.3165 -3.2691
3.6177 -34.8146 -3.5068
-4.4812 -38.462 -3.7065
-0.4496 -35.8774 -2.4335
-1.6982 -39.8138 -3.3395
-4.3974 -36.2734 -2.764
-0.0628 -40.9566 -3.814
-1.6981 -39.4762 -3.4555
-5.4407 -34.802 -3.5166
-1.6981 -39.3702 -3.4421
-1.6981 -39.4352 -3.3752
-1.6981 -39.0689 -3.4834
0.1622 -29.7621 -3.275
-5.8982 -33.7553 -3.4447
-4.7824 -38.6414 -3.602
-1.6981 -38.6442 -3.5989
-1.6981 -38.7054 -3.5001
-1.6979 -37.4057 -3.2858
-1.2924 -31.4094 -2.9673
-2.2727 -35.2611 -2.501
-1.3106 -35.1447 -2.4037
0.1265 -42.3444 -4.1527
-6.4654 -34.9714 -3.5401
-4.5173 -31.4318 -2.8622
-7.4212 -32.7805 -3.3354
-1.6978 -37.2944 -3.2863
-0.3628 -38.207 -3.715
-1.6977 -34.8055 -3.949
-1.6976 -34.6788 -3.8224
-8.7064 -32.623 -3.4248
-1.6976 -34.4349 -3.7331
-4.5758 -40.9164 -3.6256
-8.6485 -38.0427 -3.5367
-1.6976 -34.3175 -3.7704
-7.4544 -40.964 -3.5488
1.0965 -39.6693 -3.9659
-8.6136 -37.1323 -3.355
-5.578 -39.3292 -3.8374
-1.6975 -35.2942 -2.5743
-1.6975 -35.4575 -2.4571
-4.9006 -35.3935 -3.5351
-6.4902 -34.2997 -3.7061
1.8503 -37.8991 -3.5537
-2.9457 -39.613 -3.3405
-0.7392 -42.3516 -3.9922
-1.6975 -35.1404 -2.5402
-1.8872 -38.4968 -3.6622
-4.5758 -40.6112 -3.635
-0.0247 -35.6051 -3.5758
-4.3909 -37.1851 -2.7755
-1.6974 -35.0214 -2.4772
-1.9836 -40.6907 -3.6006
0.223 -37.3927 -3.5178
-7.7214 -32.7481 -3.3509
-1.6974 -36.2978 -1.7469
-1.7772 -31.4185 -2.9818
-1.6974 -35.6618 -1.8127
-3.7115 -41.9666 -3.5166
-1.6974 -35.7033 -1.724
-1.793 -34.5134 -3.8389
-1.4125 -39.083 -3.4651
-1.7937 -42.0413 -3.89
1.6627 -41.0225 -3.9976
2.4744 -38.2779 -3.7748
-2.1783 -36.3459 -1.9
-8.3658 -37.9086 -3.4909
-2.9457 -40.7878 -3.5287
0.7083 -35.1181 -3.7132
1.472 -34.933 -3.571
1.9844 -39.8253 -3.9767
-1.7937 -41.9149 -3.9095
-1.3108 -40.2456 -3.4572
0.9047 -31.3907 -3.2583
-1.7937 -42.0934 -3.7734
-1.7937 -41.9806 -3.8197
0.6646 -30.8859 -2.8176
-3.6214 -35.0687 -2.5789
-5.7312 -39.9431 -3.6294
0.1856 -35.063 -4.9822
-4.8566 -36.6801 -2.7997
-6.4904 -41.2207 -3.5173
-1.7936 -41.4005 -3.8007
1.3753 -40.1644 -3.8181
-7.2965 -35.6872 -3.5348
-1.7936 -41.1211 -3.7633
-4.798 -35.4607 -3.5538
0.5161 -37.795 -3.5396
0.1558 -29.8597 -3.3016
-0.2926 -32.6461 -3.2389
-1.7936 -41.1338 -3.6668
-1.7936 -41.0119 -3.6952
-0.1617 -39.7613 -3.4116
-1.7935 -40.8212 -3.7588
-1.7935 -40.5204 -3.631
-5.1471 -39.8938 -3.4962
0.6105 -34.8937 -5.0965
1.2821 -41.1576 -3.8953
1.1879 -42.3437 -4.1015
-5.7938 -39.2773 -3.7599
-7.5557 -33.7097 -3.5286
0.8072 -35.5896 -3.7398
-1.1333 -39.2284 -3.623
0.2819 -37.0366 -4.1079
-1.7935 -40.552 -3.5473
-1.1589 -36.889 -4.1254
-1.2128 -38.5388 -3.6649
-1.7934 -40.3004 -3.3945
-1.7934 -40.0929 -3.3766
-2.6764 -31.907 -3.1309
2.9465 -38.0356 -4.0415
-4.544 -39.1213 -3.4582
0.965 -36.2553 -3.5725
0.8078 -42.5021 -3.9717
-1.9831 -35.1923 -2.5698
-8.6421 -36.4655 -3.366
-1.7934 -39.7098 -3.4034
-7.9157 -36.8788 -3.5361
1.1879 -40.7531 -3.7539
-5.7311 -40.7003 -3.5582
-1.7934 -39.7513 -3.3146
-8.7129 -34.5864 -3.3198
-4.9597 -36.1557 -2.7827
-1.7934 -39.6143 -3.3621
1.636 -36.957 -3.5735
-1.7934 -39.3667 -3.3872
1.928 -38.1704 -3.5927
3.3805 -36.5018 -3.6131
-1.7933 -38.8792 -3.501
-0.3473 -31.9673 -3.0657
-6.78 -39.7773 -3.5332
-4.1873 -40.1336 -3.4958
-1.7932 -37.1956 -3.3363
-3.9975 -34.5442 -3.5797
-1.7934 -40.143 -3.4748
2.1618 -36.2477 -3.413
-1.7932 -37.1054 -3.2811
-2.583 -35.2585 -4.7576
-1.7931 -34.7262 -3.8428
-3.7188 -37.2173 -2.7649
-4.7403 -35.0007 -5.8375
-1.602 -42.2762 -4.0421
0.9006 -40.825 -3.7496
-0.6462 -41.7438 -4.1658
-1.793 -34.4254 -3.7151
-5.8261 -38.9305 -3.5148
3.004 -40.0346 -4.213
-0.3057 -36.5815 -3.4048
-6.1399 -36.2814 -3.5507
-0.7387 -35.6284 -2.2133
-1.793 -34.2497 -3.7597
0.2979 -38.1768 -3.6029
1.5699 -34.278 -3.7262
0.997 -40.1937 -3.7456
-1.7929 -35.4715 -2.4608
-5.0976 -34.1996 -3.3913
-4.3909 -30.9636 -2.7383
-4.8437 -36.8734 -3.7066
-1.7928 -35.5454 -2.2656
-0.3288 -36.443 -3.4529
-6.1101 -35.9609 -3.4098
-1.7928 -35.4334 -2.289
-1.8092 -34.1452 -3.5929
-1.7928 -35.0059 -2.496
-5.2048 -38.8926 -3.48
-7.262 -34.8618 -3.3973
-4.3822 -34.6032 -3.5729
-0.144 -30.6143 -2.6461
-5.5347 -34.2998 -3.5806
-1.0344 -37.6493 -3.912
-1.7928 -36.0975 -1.7924
-3.7536 -35.8368 -2.66
0.9006 -39.7368 -3.7308
-2.3729 -42.7043 -3.855
-1.7928 -35.5172 -2.0887
-1.7927 -35.6976 -1.7378
-6.1523 -35.1107 -3.5125
-8.2833 -30.6471 -3.0946
-1.7927 -35.6091 -1.7829
-5.2493 -39.5178 -3.5431
-4.5755 -37.1183 -2.694
-0.1618 -38.1985 -3.5565
-1.5072 -41.5482 -3.8954
-2.7124 -37.5672 -2.7604
-1.9838 -42.1102 -3.8551
-1.9837 -42.0034 -3.8646
1.0466 -38.5004 -4.0258
-0.646 -40.9594 -3.7221
-1.4559 -34.989 -2.355
-4.8659 -37.0943 -3.64
-1.9837 -42.0541 -3.7937
-5.4895 -34.8996 -3.4957
-1.9837 -41.782 -3.6737
-2.6507 -32.2975 -3.1007
0.0742 -36.2664 -4.3641
-1.9837 -41.6314 -3.6944
-3.0654 -32.2399 -3.1779
-1.9837 -41.5193 -3.7178
-5.5354 -30.5669 -2.9368
-6.2578 -37.5301 -3.4666
-4.4822 -37.1087 -2.7933
-6.4775 -30.0806 -3.3487
-1.9837 -41.2233 -3.7451
-5.2494 -35.4522 -3.5688
-2.585 -31.3848 -3.0852
-1.9837 -41.1633 -3.6519
-4.8654 -39.1448 -3.3931
1.3755 -37.3327 -3.5408
-1.9836 -40.9748 -3.6469
0.1265 -36.9132 -3.4473
-0.2764 -39.2822 -3.5945
1.2154 -35.9513 -3.4565
-6.346 -38.2616 -3.7981
-3.3493 -33.6405 -3.3035
1.0019 -31.5857 -3.626
-5.1542 -36.7279 -3.6316
-1.9836 -40.4787 -3.5738
-5.0626 -33.8342 -3.3353
0.516 -38.4759 -3.586
-8.5066 -33.2891 -3.4123
-1.9835 -40.0778 -3.3958
-1.9835 -39.918 -3.3986
-2.4523 -37.8126 -3.8684
-3.2763 -38.5772 -3.5228
-1.9835 -39.8384 -3.3154
-4.5765 -35.7384 -5.7402
-0.4501 -41.7425 -4.1099
-4.5092 -39.309 -3.5629
-6.197 -36.2991 -3.7357
-1.9835 -39.7007 -3.3857
-7.8151 -33.6062 -3.4247
-5.2146 -32.3575 -3.523
-1.9835 -39.3396 -3.48
-1.9835 -39.64 -3.3154
-1.9835 -39.2055 -3.4359
-2.0704 -33.9098 -3.4848
-1.9835 -38.9716 -3.4878
-0.9287 -40.0423 -3.5047
-1.9835 -38.5635 -3.5386
-7.644 -38.2113 -3.522
-8.2566 -32.491 -3.7303
-7.8669 -35.2236 -3.4771
-1.9834 -37.3341 -3.2434
0.8075 -39.1016 -3.6247
-7.1541 -31.7282 -3.0218
-1.9834 -37.2136 -3.2261
-3.9052 -41.5217 -3.5621
-1.9834 -34.8171 -3.8754
-1.9051 -36.2377 -1.8807
-1.9834 -34.5794 -3.8955
2.1345 -38.2234 -3.6319
-1.9834 -34.2221 -4.0215
0.4181 -36.3236 -3.298
-1.9833 -34.4846 -3.8313
-0.8535 -33.8835 -3.5702
-1.7934 -39.8355 -3.4067
-6.2423 -37.3332 -3.4836
-1.5066 -37.3082 -3.314
-2.1785 -40.8957 -3.6077
0.9044 -38.5328 -4.1981
-4.9582 -37.2137 -3.6499
-3.6229 -41.7649 -3.5277
-0.1619 -34.7277 -3.8987
-0.2281 -34.1779 -3.7224
2.8388 -37.0086 -3.718
-0.748 -30.7019 -2.7287
-1.6018 -41.4444 -3.8701
-1.9831 -37.0238 -1.8825
-5.5048 -32.9849 -3.3495
-6.2233 -37.1786 -3.5406
-4.7331 -37.1829 -3.7451
-1.9831 -35.3271 -2.591
-6.1528 -37.2864 -3.5129
2.3012 -38.4344 -3.8318
0.5348 -39.5791 -3.7175
1.663 -37.1334 -3.4944
3.4473 -38.9531 -4.108
-0.4499 -40.1429 -3.4296
-1.983 -36.2785 -1.7341
0.8077 -41.7495 -4.0518
-1.983 -35.5753 -1.9355
-5.9589 -30.5034 -3.2975
1.4719 -38.0284 -3.6584
-3.7821 -35.1742 -2.5743
-4.3822 -42.1817 -3.5546
-1.983 -35.8188 -1.7324
0.0325 -37.6715 -3.6252
-7.7371 -41.9452 -3.4288
-1.983 -35.659 -1.7352
-7.6441 -36.1129 -3.4674
-1.0455 -31.8267 -3.1163
-2.0807 -42.1521 -3.8684
-3.7529 -39.4362 -3.5475
-1.6982 -39.8942 -3.3998
-2.4693 -40.8018 -3.4758
-5.2112 -38.6386 -3.461
-5.7306 -39.3988 -3.9502
-1.0254 -39.9231 -3.4192
-2.0806 -41.9323 -3.778
-5.9447 -38.3059 -3.7576
-2.0806 -41.9693 -3.6804
2.845 -36.8871 -3.737
-3.8167 -36.4806 -2.7692
-5.5951 -36.8956 -3.4868
-5.7012 -36.6676 -3.4659
-4.5755 -36.3398 -2.6749
-4.4817 -35.3569 -3.5926
-2.0806 -41.6128 -3.7836
1.1965 -36.9084 -3.6271
-2.0806 -41.8443 -3.6542
1.3753 -39.2103 -3.8434
-2.0806 -41.5053 -3.8159
-2.0806 -41.1939 -3.716
-2.0805 -40.5561 -3.5352
0.9969 -38.6693 -3.7469
-3.2676 -33.0138 -3.2684
-0.4676 -37.4815 -2.6411
-8.3286 -31.2981 -2.7446
0.4177 -40.3011 -3.609
-1.0255 -41.0002 -3.6347
-4.0303 -35.3705 -2.7257
0.2786 -36.3297 -4.0982
-2.0805 -40.1931 -3.3828
-1.9836 -38.2317 -3.933
0.5162 -36.6666 -3.4176
0.8093 -38.3966 -3.6817
-5.8132 -34.5171 -3.55
-2.0805 -39.8887 -3.3694
-1.4155 -37.6786 -3.904
0.8076 -39.5932 -3.689
3.617 -37.1202 -3.7547
-2.0805 -39.94 -3.2757
-2.0805 -39.5828 -3.4017
3.6019 -35.0244 -3.4593
0.0325 -37.1368 -3.5492
0.6135 -36.6881 -3.3963
-2.0804 -39.6152 -3.2952
-1.3452 -31.5259 -3.1189
-3.3317 -34.2565 -3.6573
-0.1187 -35.4636 -3.8119
-2.0805 -39.3103 -3.4508
-2.0805 -39.4926 -3.3465
-2.0805 -38.2644 -3.9283
-1.2126 -35.887 -1.6762
-2.0805 -39.1308 -3.4636
-5.2493 -40.1881 -3.6176
-2.0804 -37.4146 -3.2592
-2.0804 -37.3268 -3.2816
-2.0804 -37.0286 -3.3775
-6.4904 -38.9961 -3.6283
-2.0803 -37.2404 -3.2581
-2.0804 -34.7887 -3.9692
-2.0804 -34.6265 -3.8945
-7.2619 -37.7161 -3.5727
-5.4028 -37.8651 -3.4783
-2.0311 -38.4854 -3.8259
-2.0804 -34.706 -3.8314
-2.0803 -34.4999 -3.7678
-5.1473 -38.7471 -3.3385
-2.0803 -34.4015 -3.818
-2.0803 -34.2955 -3.8046
-2.0803 -34.4044 -3.7265
-2.0801 -35.3698 -2.5811
-0.0635999 -36.6656 -3.5274
-2.0801 -35.2434 -2.6006
-2.0801 -35.1486 -2.5365
0.9416 -33.8381 -3.4984
-1.9833 -34.5777 -3.795
-7.3539 -34.3974 -3.5116
-5.7311 -39.1244 -3.507
-8.5597 -37.8513 -3.2306
-4.3323 -31.261 -3.1283
-5.7311 -38.3329 -3.4382
-2.4036 -32.5302 -3.2242
-7.3536 -40.4917 -3.4522
-4.7715 -39.9634 -3.6036
-7.2093 -30.9202 -2.8368
-4.1 -31.3908 -2.7782
-4.4212 -32.6178 -3.4965
-5.7311 -36.2059 -3.522
-1.5072 -41.4981 -3.7972
1.6631 -34.3219 -3.6455
-1.4125 -38.9059 -3.5555
-1.3056 -32.8707 -3.1444
-5.7034 -38.4893 -3.9039
-5.1479 -35.9068 -3.4821
-4.919 -32.2437 -3.4977
-1.2504 -31.1241 -2.8279
-0.0628 -42.4102 -4.0625
-5.7311 -34.8927 -3.4268
-5.7311 -34.7557 -3.4742
0.1978 -34.343 -3.6286
-7.644 -39.0102 -3.5083
-0.1281 -36.1638 -3.3991
-0.7392 -42.2304 -3.9977
-7.9762 -40.7139 -3.6591
-0.6651 -35.6969 -3.5884
-4.6256 -38.6348 -3.4942
-5.7311 -34.5602 -3.3827
-6.1338 -34.6392 -3.3488
1.5703 -38.3171 -3.6242
-7.0737 -34.5488 -3.533
-6.267 -33.9868 -3.4073
-5.7202 -34.3152 -3.4083
-5.8261 -39.4645 -3.6137
-5.8261 -42.5177 -3.6198
0.2228 -40.4908 -3.6362
-3.7687 -35.988 -5.9261
-4.5377 -38.558 -3.4772
-5.8261 -42.2146 -3.4145
-6.8716 -39.3257 -3.5281
-3.4311 -38.1228 -3.6305
-1.6677 -37.1999 -2.7346
-1.4118 -35.5393 -2.1343
-7.9762 -42.6093 -3.7044
-2.9463 -34.3211 -3.7344
2.3438 -39.903 -4.5643
0.1264 -34.6352 -3.8671
-7.0344 -31.6524 -3.4561
0.7082 -36.942 -3.4242
-5.8261 -42.0397 -3.4362
-4.2847 -36.4807 -2.6814
-0.8594 -39.2428 -3.582
-8.5248 -37.3939 -3.4084
-1.1347 -35.1917 -2.4675
1.8503 -41.8731 -4.1257
-1.602 -42.3616 -3.9422
-3.7111 -37.5037 -2.6431
0.1572 -33.7801 -3.4622
-0.1509 -33.5803 -3.3849
-2.3726 -40.6501 -3.4744
-3.9981 -38.4863 -3.4811
-2.9455 -36.135 -1.7735
-6.4253 -33.7382 -3.5672
-7.0177 -37.788 -3.7476
-3.8413 -35.87 -2.6996
-8.2614 -34.2396 -3.3871
-5.8261 -41.5193 -3.3641
-8.0081 -38.1715 -3.4588
-0.0628 -39.5068 -3.4512
0.7081 -40.5234 -3.7128
-4.5758 -42.1687 -3.5042
-5.8261 -40.8783 -3.59
-1.7954 -31.4882 -3.0369
-6.1099 -41.2973 -3.4438
-7.1358 -31.6723 -3.4645
-6.6837 -39.857 -3.5495
-8.5167 -32.2067 -3.8673
-5.3774 -37.1693 -3.5542
-4.4819 -39.4769 -3.3811
-3.0611 -32.6955 -3.2111
-5.3002 -35.8004 -3.4892
2.1473 -33.9493 -3.6688
2.8691 -35.7027 -3.5189
-2.9337 -38.4667 -3.6955
-5.9184 -36.3024 -3.4938
0.5001 -34.565 -3.6117
-2.8782 -33.2415 -3.2891
-5.2493 -37.8971 -3.3795
-7.5478 -39.3078 -3.5835
-5.8261 -39.956 -3.6779
-5.8261 -41.1091 -3.4834
-5.0559 -38.8592 -3.3369
-3.9899 -30.6078 -2.6581
1.2771 -39.2206 -3.9234
-5.8261 -39.7908 -3.5485
-5.9031 -34.5682 -3.5474
-4.4819 -39.4497 -3.4737
-3.3381 -37.1651 -2.76
1.3639 -34.3719 -3.9033
0.0322 -34.3087 -3.7656
-2.4685 -35.6131 -1.9831
-7.0743 -41.2361 -3.5414
-6.4903 -36.4303 -3.5081
3.9728 -38.7823 -4.2366
-5.8261 -38.8698 -3.4445
-7.1752 -31.5215 -3.0577
-1.3108 -39.4808 -3.465
-5.826 -38.3056 -3.3836
-1.9848 -33.2509 -3.366
-3.0344 -37.1276 -2.7954
3.3008 -38.6547 -3.965
-6.4903 -37.407 -3.3812
-1.1645 -36.6573 -5.1795
-6.5895 -40.4588 -3.5132
-7.7383 -36.0128 -3.4177
-7.6443 -34.3027 -3.7834
-0.0633 -34.6117 -3.8449
1.0696 -36.3344 -3.545
-6.5891 -34.7665 -3.4123
-5.826 -36.3285 -3.4697
-0.45 -35.1154 -3.8982
-2.9456 -42.1471 -3.5439
1.472 -36.6556 -3.4237
-5.826 -35.5683 -3.4863
-2.7568 -42.4396 -3.7552
-2.9456 -35.689 -1.7985
-4.2492 -35.3803 -2.625
-2.6627 -35.5333 -2.0233
-5.826 -34.8049 -3.4482
-6.1917 -37.7529 -3.6358
-5.4399 -40.4361 -3.6239
-5.9182 -42.3355 -3.5325
-2.8689 -33.1242 -3.2528
-5.9183 -42.2371 -3.5827
-7.7772 -37.8132 -3.7331
2.2822 -38.1693 -3.7747
1.2501 -34.9021 -3.561
-5.9183 -42.1357 -3.5782
-4.4821 -41.523 -3.4062
3.0253 -33.4625 -3.708
-7.763 -33.6494 -3.5493
-5.1575 -35.3598 -3.6632
-3.3318 -37.0959 -3.3898
-3.4208 -33.6317 -3.3725
-4.0713 -35.1401 -2.5859
-1.6195 -36.6411 -4.164
-5.9182 -41.6499 -3.3309
-5.2973 -38.5393 -3.4996
-4.9835 -35.789 -3.5735
-4.3821 -36.4104 -2.7409
-5.5889 -38.0332 -3.5061
-0.0629 -38.2619 -3.49
-8.022 -41.2954 -3.2806
1.494 -39.3196 -4.2939
-4.8348 -36.2075 -2.8879
-3.2794 -39.3503 -3.5134
-3.0413 -41.9332 -3.5659
1.2819 -34.4882 -3.6286
-5.9182 -41.4266 -3.3549
-1.824 -38.3841 -3.7845
-3.6017 -37.9668 -3.7178
3.327 -36.9541 -3.7464
-5.9183 -41.1631 -3.4218
-5.9183 -40.3198 -3.6157
-0.9646 -39.1963 -3.5552
-5.9183 -40.4151 -3.5109
1.5704 -39.9713 -3.9507
-5.9183 -40.3182 -3.5153
0.4175 -42.2963 -4.02
-5.7312 -36.9013 -3.7185
-5.1473 -38.6555 -3.329
0.309 -35.4256 -3.9191
-5.9183 -40.1848 -3.4483
-4.7717 -41.0228 -3.6145
-7.9158 -36.079 -3.4266
-5.9183 -39.9358 -3.5191
-4.4312 -37.7732 -3.5146
-4.9756 -36.3186 -4.7618
-6.4905 -41.9804 -3.6699
-5.9183 -39.7503 -3.5687
-5.2235 -36.2136 -2.9167
-2.1779 -35.8079 -1.8274
-2.1784 -37.0491 -3.287
-1.6425 -37.0928 -2.4078
-6.7799 -41.9304 -3.695
0.0327 -40.2272 -3.604
-3.8791 -35.4834 -2.5854
0.6136 -35.3142 -3.8381
-5.5342 -41.0142 -3.4967
-3.2482 -33.5068 -5.5643
-4.482 -40.688 -3.6409
0.8073 -36.2353 -3.5229
2.822 -33.3309 -3.6699
-6.2312 -33.1637 -3.5196
-3.3314 -35.5806 -2.3401
-8.2579 -35.4277 -3.4941
-2.9457 -41.4497 -3.5622
-4.1873 -42.4381 -3.6139
-2.8038 -36.16 -4.3674
-0.27 -38.6416 -3.6134
-3.3272 -33.5411 -3.3701
-5.9184 -36.5932 -3.4804
-0.0583 -32.2702 -3.0849
0.6135 -36.2407 -3.4669
1.7742 -33.9189 -3.6977
-5.9184 -36.5037 -3.4023
-5.7311 -35.7424 -3.4884
-7.738 -37.0732 -3.5518
-0.1408 -31.1878 -2.9467
-0.0628 -40.4195 -3.6605
2.9311 -39.361 -3.9941
-5.5763 -38.475 -3.5442
-8.6289 -38.2591 -3.5056
-4.5758 -41.7983 -3.4344
-5.9184 -35.9685 -3.4954
-5.0559 -40.636 -3.612
-3.5578 -36.479 -2.6761
3.7436 -35.0574 -3.4836
1.0513 -30.4703 -3.3861
-6.8715 -40.0239 -3.487
-5.9184 -36.0297 -3.3966
-5.9184 -35.8533 -3.4641
-5.3898 -35.336 -3.5156
-5.9184 -35.1037 -3.4528
-6.0141 -40.9837 -3.5353
-6.7799 -41.5637 -3.5108
-4.36 -31.8004 -2.9884
-4.4818 -38.0633 -3.5509
-5.9184 -34.5289 -3.4197
-0.6368 -37.6368 -2.5099
-5.534 -42.2068 -3.4284
-5.4973 -39.3253 -3.7822
-5.8817 -36.0651 -3.6369
-2.7566 -34.8545 -3.9801
1.188 -38.2282 -3.5678
-1.1858 -32.0002 -3.2567
-8.0537 -33.7769 -3.3167
-7.9152 -41.9228 -3.4828
-1.0251 -34.6928 -4.0064
0.4409 -34.7414 -3.747
0.4129 -35.9872 -3.476
-1.0303 -32.3686 -3.1284
-3.7156 -37.3278 -2.7744
-0.1322 -36.8918 -3.4812
-5.8261 -42.607 -3.5518
0.418 -37.1591 -3.5018
-6.014 -41.6689 -3.4445
-4.6829 -33.6429 -3.3226
-1.6008 -35.628 -1.7297
-6.014 -41.3116 -3.5705
-5.3162 -37.9651 -3.4423
0.1265 -42.4925 -3.9083
-7.7377 -39.0049 -3.5225
-3.622 -37.3322 -3.2242
-3.9964 -35.1397 -2.5281
1.1796 -36.2697 -3.6097
-3.4152 -31.3965 -2.7415
-6.0141 -41.2049 -3.58
-6.0141 -41.0974 -3.6123
-2.4694 -41.4238 -3.6984
-0.1689 -32.5099 -3.1506
-6.014 -40.8739 -3.4901
-7.3537 -38.5434 -3.5459
-6.0141 -40.7119 -3.5614
-6.2048 -34.4662 -3.577
-6.0141 -40.0531 -3.5825
1.2821 -39.2742 -3.7757
-5.2492 -36.6946 -2.6989
-0.000800014 -36.869 -3.6354
-3.9978 -36.7511 -2.6562
-6.0141 -40.2551 -3.4681
-2.3636 -35.3516 -6.1986
1.5703 -38.8716 -3.8364
-6.7799 -41.1434 -3.4889
-8.0222 -39.2692 -3.3922
0.4204 -30.6843 -2.9382
-4.5166 -34.3937 -3.2573
-5.1827 -38.6386 -3.5465
-2.6637 -40.5159 -3.4524
-6.7799 -42.4817 -3.7063
1.099 -37.176 -3.7576
-5.3432 -36.2311 -3.6332
-5.717 -34.1827 -3.4178
-6.0772 -36.0418 -3.5202
-6.0141 -39.9341 -3.5194
-5.5342 -40.2715 -3.5719
-4.8655 -40.8691 -3.4924
-2.8949 -33.7863 -3.387
-6.6646 -33.2326 -3.6461
-6.0141 -39.6911 -3.5534
-6.0141 -39.514 -3.6437
-7.1208 -37.7375 -3.7681
-5.9183 -38.5734 -3.4491
0.2226 -42.0528 -4.122
-6.5892 -30.378 -3.1675
-6.0141 -39.3027 -3.594
-6.0141 -39.1945 -3.6492
-5.2364 -34.9168 -3.3839
-4.482 -40.2896 -3.5403
-6.0141 -38.7181 -3.566
0.997 -41.7505 -4.2454
-6.0141 -38.4484 -3.5235
-1.9834 -34.8339 -3.9569
-6.242 -38.2811 -3.5142
-0.0947 -32.9048 -3.4985
-3.5531 -33.6797 -3.3308
1.2819 -34.2922 -3.7061
-0.2898 -36.5887 -4.125
0.5822 -39.7557 -3.8602
-5.2613 -37.5716 -3.652
-7.9152 -42.013 -3.538
0.0573 -32.1678 -3.0226
3.5169 -39.1629 -4.3173
-0.1614 -37.1201 -2.4639
-2.4367 -33.4658 -3.4563
-3.3317 -37.1683 -3.2403
-1.2127 -41.2233 -3.7014
-3.905 -39.5949 -3.2852
-0.45 -40.9046 -3.8286
-5.8261 -38.7789 -3.4121
-3.042 -38.1882 -3.8565
0.8662 -38.9157 -3.853
-6.0141 -40.905 -3.5754
-6.1697 -38.6254 -3.7024
-3.3857 -39.3857 -3.4775
-4.3904 -38.1386 -3.6844
-0.2586 -40.0516 -3.5674
-4.5758 -41.6704 -3.4996
-3.0661 -38.6008 -3.578
2.9006 -34.4988 -3.6137
3.7594 -35.1347 -3.5312
-0.1617 -38.8451 -3.4628
-3.4469 -31.8703 -3.1314
-5.8261 -40.0816 -3.5351
-5.6204 -36.4097 -3.4105
-7.2452 -37.1407 -3.7931
-6.0141 -37.1004 -3.4573
-1.796 -35.3063 -2.4902
-2.7985 -33.1268 -3.3164
-5.0559 -40.5376 -3.6622
2.0027 -37.0427 -3.5365
-1.213 -34.3649 -3.7472
-6.0141 -39.0642 -3.6369
-5.9184 -35.63 -3.488
-8.2838 -38.1828 -3.5612
0.4179 -38.4752 -3.5054
3.5253 -35.6513 -3.4787
-0.2586 -34.825 -4.0404
-2.386 -31.442 -3.0714
-6.0141 -36.6635 -3.5002
-1.9164 -32.9751 -3.2366
-8.0225 -36.5755 -3.3381
-6.0141 -36.0667 -3.3996
-1.9574 -32.3386 -3.2835
-7.6438 -41.8968 -3.4308
-6.9394 -32.8368 -3.3191
-3.2372 -42.1317 -3.5887
-0.9905 -35.799 -1.8259
-5.54 -32.605 -3.4059
-4.538 -34.9686 -3.4768
-6.4903 -37.9031 -3.4544
-2.7566 -40.6816 -3.4933
-4.6446 -38.4139 -3.4371
-6.8718 -37.9484 -3.6231
-2.8432 -30.9004 -2.7137
-8.5548 -38.4057 -3.5869
-5.6854 -36.8553 -3.5134
-3.7664 -30.2964 -2.7917
-0.9287 -39.5922 -3.3517
1.4436 -34.5164 -3.5723
1.7331 -35.8627 -3.5744
-7.4544 -40.4514 -3.5402
-5.1218 -36.1487 -2.8971
-2.8818 -30.8944 -2.816
-5.8261 -41.0189 -3.4282
-6.0142 -35.0073 -3.3888
-3.1175 -37.7651 -3.8572
-0.3712 -31.7804 -3.1112
-3.0672 -31.7404 -3.1338
-2.2763 -39.9758 -3.3343
-4.8655 -40.4354 -3.5899
-8.0081 -38.747 -3.4688
-1.1618 -37.7267 -3.9983
-4.7194 -38.4085 -3.5062
-5.392 -31.847 -3.1948
1.8503 -38.0543 -3.542
1.4592 -37.5646 -3.6203
-6.0142 -34.3215 -3.6486
-4.2104 -37.5504 -3.6114
-6.1099 -42.3134 -3.9044
-4.3822 -40.5993 -3.7093
-2.5903 -32.3361 -3.1921
-7.2893 -32.8905 -3.4951
0.6232 -35.0041 -5.1346
-5.7311 -36.2187 -3.4255
-6.1099 -42.5569 -3.7013
-5.1473 -38.894 -3.2861
0.5987 -32.9489 -3.1939
-1.9837 -40.9863 -3.7423
-3.7086 -30.7906 -2.6858
-6.1099 -42.3177 -3.7671
1.0143 -38.4766 -3.7183
-7.2042 -33.5395 -3.5793
-5.5343 -39.6012 -3.4975
-2.3729 -42.4454 -3.9309
3.4372 -34.0058 -3.7839
-0.4501 -41.9196 -4.0195
-0.9288 -40.5923 -3.7079
-4.7717 -41.817 -3.4456
-1.0248 -35.4612 -2.2077
-5.5341 -41.6289 -3.3406
-4.7716 -40.9183 -3.5553
-2.7566 -39.5205 -3.3319
-5.4788 -33.2841 -3.5439
-5.3422 -42.3799 -3.5351
-7.4545 -37.5437 -3.6733
-1.6583 -35.7733 -1.7465
-4.7716 -40.4564 -3.6221
-6.1099 -41.6101 -3.498
0.3661 -30.704 -3.0846
-8.0081 -36.5601 -3.4598
-6.1099 -41.2944 -3.5353
1.9792 -40.0066 -4.0652
-6.9724 -36.8636 -3.5809
-4.1305 -38.0479 -3.7558
-5.7311 -35.4735 -3.4231
3.0063 -33.6724 -3.651
-3.4312 -31.5486 -3.0585
-0.8871 -38.098 -3.816
-6.8714 -40.7326 -3.418
1.9793 -42.4049 -4.1247
-2.9457 -41.2688 -3.6208
0.8076 -40.4738 -3.6899
-7.2987 -34.0847 -3.6365
-5.9183 -41.0232 -3.5606
-1.8367 -36.6201 -4.0968
-6.1099 -41.1133 -3.4477
-4.4502 -34.8023 -3.4571
-5.371 -36.849 -3.5731
-6.11 -40.8249 -3.5386
-1.6204 -36.1487 -1.8607
0.511 -33.6799 -3.4984
-6.11 -40.5379 -3.5837
-7.5477 -42.2075 -3.702
-0.6068 -35.6592 -2.5817
-7.0627 -34.1637 -3.5135
0.9969 -37.0288 -3.4474
-6.11 -39.9087 -3.5897
-2.7566 -38.7787 -3.5304
2.0189 -34.0829 -3.5835
-6.11 -39.8041 -3.5306
-3.8577 -32.2065 -3.2196
-6.5895 -40.2832 -3.5577
-6.8718 -38.0695 -3.6175
-0.6513 -36.0265 -4.4962
-1.2127 -41.9514 -3.9374
-4.2922 -31.1246 -2.7425
-4.3821 -35.341 -2.5888
-4.8707 -34.29 -3.3348
1.8503 -41.7678 -4.0894
-6.4362 -29.8536 -3.2168
-6.194 -33.9321 -3.5415
1.0614 -34.6573 -3.573
1.2821 -41.0667 -3.8629
1.1561 -33.4644 -3.8582
-5.4026 -36.1533 -3.4778
-3.2366 -37.0635 -1.9664
1.1884 -38.2598 -3.657
-4.5381 -33.2126 -3.4767
-5.859 -32.4636 -3.224
0.5156 -40.8887 -3.7953
-8.5197 -30.7699 -2.4343
0.481 -36.5656 -3.6004
-1.2307 -37.6316 -3.9235
-0.0633 -35.0859 -3.9968
-4.8652 -36.8881 -2.6877
-7.2619 -38.6711 -3.6706
-4.1873 -39.8571 -3.3668
-6.8718 -37.4583 -3.513
-5.5464 -39.307 -3.9325
-7.7369 -42.7618 -3.6197
-6.1101 -35.8284 -3.4661
-8.3522 -35.982 -3.5279
-3.3319 -39.1305 -3.3192
-5.2591 -31.7988 -3.0843
-2.8495 -34.7055 -3.8088
-2.2764 -41.6899 -3.607
-4.9755 -36.6306 -2.7353
-0.9641 -33.9062 -3.5541
2.5599 -39.6473 -4.0319
-7.5208 -37.4029 -3.7966
-0.245 -33.6049 -3.403
2.4636 -39.1829 -4.0315
-3.0415 -40.3275 -3.3838
-6.1101 -36.6683 -3.5327
-4.5757 -38.9639 -3.3952
-1.2127 -41.8091 -3.9988
-0.3587 -31.5609 -3.0566
0.1264 -35.5771 -3.769
-3.3319 -39.7756 -3.2713
1.3753 -39.4043 -3.9807
0.6134 -37.0782 -3.4561
-8.3598 -34.93 -3.4454
-5.3427 -38.9342 -3.3909
1.3755 -34.3864 -3.6708
-3.2532 -36.2634 -1.8562
-3.8079 -40.6535 -3.633
-6.1101 -35.6444 -3.47
-0.5792 -33.8961 -3.5535
-3.6293 -36.9118 -2.7449
-7.9155 -38.8628 -3.5364
-4.9261 -39.2479 -3.4596
2.103 -35.3409 -3.536
-3.4595 -39.1057 -3.5451
-0.2248 -36.0019 -2.6171
1.2819 -35.1357 -3.6585
-5.7559 -38.5233 -4.0468
-8.0081 -41.9889 -3.4795
-1.9031 -38.9607 -3.6147
-5.6172 -35.6145 -3.4199
1.4719 -35.2019 -3.6364
-2.1784 -39.3248 -3.3968
-0.0629 -37.2152 -3.3828
-6.5897 -41.9651 -3.6225
-2.2763 -40.5682 -3.4257
1.6629 -38.3869 -3.6427
-3.5863 -35.4298 -2.5903
-2.1327 -36.8385 -1.9091
-4.1788 -37.4951 -3.7065
0.3169 -36.6845 -3.5409
-4.1873 -41.6246 -3.4776
-1.9835 -39.4114 -3.3534
-2.4694 -41.7237 -3.7029
-3.9054 -42.4979 -3.6041
-8.7262 -33.0809 -3.5222
-3.8496 -33.3398 -3.2512
1.9842 -37.6666 -3.5363
-0.7391 -34.4676 -3.8748
-2.7974 -36.4582 -4.3864
-6.2042 -42.5502 -3.6139
-7.1662 -34.089 -3.5321
-3.9981 -38.5916 -3.5174
-4.8655 -39.6795 -3.4692
-3.5239 -42.0394 -3.4901
-7.4545 -38.946 -3.5543
-2.2763 -40.0668 -3.3666
-6.1154 -33.0897 -3.4505
-6.2042 -42.3118 -3.6568
-6.2042 -41.9831 -3.6445
1.472 -40.1705 -3.8249
-3.3321 -42.0772 -3.4808
-4.2847 -40.2665 -3.5404
-8.7845 -31.594 -3.2699
-4.4818 -38.2147 -3.5075
-8.7178 -34.9882 -3.4231
-5.031 -33.4256 -3.4303
-6.2042 -41.2574 -3.4859
-6.2043 -35.6521 -3.3865
2.7972 -35.4404 -3.5941
3.8077 -39.939 -4.0779
3.6179 -38.9977 -4.3268
-6.4903 -37.317 -3.4721
1.6631 -36.4268 -3.3484
-1.9426 -32.4536 -3.2555
-1.7069 -39.1088 -3.6102
-6.11 -38.3774 -3.5046
-6.2042 -41.2505 -3.3994
-6.2042 -41.1627 -3.4217
-6.2042 -40.7426 -3.546
-3.5547 -35.6065 -2.6855
-2.1784 -39.6837 -3.3711
2.2568 -37.4183 -3.6985
2.967 -34.0239 -3.8133
3.3356 -39.9358 -4.0698
-1.2126 -36.0976 -1.7488
-6.2042 -40.5329 -3.5967
-5.2493 -41.0861 -3.5309
-6.2042 -40.4367 -3.5783
-1.2749 -33.6606 -3.3907
-2.1079 -33.154 -3.5717
-6.2042 -39.9823 -3.5626
1.3754 -38.7862 -3.7897
-6.2042 -39.7597 -3.5637
-0.6634 -35.0409 -2.4129
-4.7099 -37.4697 -3.5344
-7.2903 -33.8123 -3.5876
1.6627 -40.8082 -4.0394
-0.5499 -34.5281 -3.854
0.7081 -39.0528 -3.6978
-6.78 -38.0894 -3.5055
0.0327 -40.393 -3.5644
0.7591 -33.2059 -3.5279
-1.1488 -31.1359 -2.81
-4.0996 -36.2206 -5.7932
-2.0801 -35.0577 -2.5041
-8.0044 -33.4716 -3.4208
3.539 -39.0635 -4.3838
-4.0368 -36.366 -2.6908
-4.0449 -36.3941 -5.1627
-6.2042 -39.0949 -3.6216
-0.45 -34.7863 -4.0369
0.6132 -40.1544 -3.6538
-5.7311 -34.4134 -3.4351
-0.3577 -37.3503 -2.4803
1.8501 -38.1259 -3.6495
-5.8261 -40.8524 -3.4906
-6.2043 -35.7483 -3.4049
-5.4089 -35.9655 -3.4587
0.9969 -38.9479 -3.661
-2.9457 -40.509 -3.4684
-1.5063 -34.4785 -3.8919
-6.2042 -38.1982 -3.5165
-4.9724 -36.5312 -2.7448
-3.9981 -38.6286 -3.4198
-3.9583 -34.6842 -3.4998
-7.9152 -42.1622 -3.5632
-7.6439 -39.6327 -3.562
0.0323 -35.6553 -3.8775
-5.8261 -37.2752 -3.5268
-5.7311 -38.2111 -3.4667
-6.0776 -37.9856 -3.5205
-1.9834 -37.079 -3.351
-6.2042 -37.443 -3.3729
-2.4691 -38.9895 -3.3993
-2.7566 -34.2999 -3.768
1.1874 -31.975 -3.3217
-6.2043 -36.3967 -3.558
-6.7801 -37.1972 -3.4093
-6.2043 -36.4474 -3.4871
-6.1101 -37.9192 -3.4571
0.6132 -39.4296 -3.6183
-6.2042 -42.6949 -3.6301
1.188 -34.6087 -3.715
-3.3797 -34.2391 -3.4961
-3.9396 -33.3167 -3.2609
-2.9704 -36.3223 -5.3605
-6.78 -39.0861 -3.6608
-6.2043 -36.3459 -3.4826
-7.9761 -42.9073 -3.4623
1.5699 -34.5794 -3.6851
0.7081 -41.6059 -4.0607
-6.2043 -36.2535 -3.496
-0.4869 -36.484 -2.5959
-2.0807 -42.4642 -3.9455
1.961 -39.5836 -4.022
-0.0628 -39.1265 -3.3864
-2.8454 -35.8708 -5.9882
-3.833 -38.5405 -3.586
-0.0628 -42.3171 -4.0988
-2.8088 -38.515 -3.4812
-0.0470001 -35.9073 -3.4095
-5.0559 -37.8908 -3.5045
1.0475 -38.2332 -3.7885
-8.0223 -38.2035 -3.2722
-6.411 -37.4015 -3.6328
0.9969 -39.5622 -3.8202
-4.6382 -32.1998 -3.2585
-7.2619 -39.4101 -3.5637
-3.5342 -35.922 -5.5453
-6.6837 -40.3106 -3.5882
-6.5896 -41.2131 -3.5335
-6.8985 -37.9702 -3.7114
-6.2043 -34.9101 -3.4388
-1.9831 -35.4334 -2.2892
-0.1618 -40.1537 -3.5489
-7.3536 -41.3179 -3.4921
-2.8041 -37.2354 -4.0917
-8.0082 -41.8122 -3.8623
2.0777 -35.2747 -3.4599
-2.1779 -35.7041 -1.7454
3.621 -39.2407 -4.3363
-8.2681 -35.9817 -3.5753
-6.0213 -33.2195 -3.4615
-4.2523 -36.1079 -5.686
-2.176 -33.4562 -3.4733
-8.0219 -41.7131 -3.0786
-2.2014 -35.0731 -2.4137
-5.2048 -35.7892 -3.4792
-6.112 -38.7 -3.6368
-3.9899 -31.7324 -3.0205
2.7186 -33.0303 -3.6508
-7.8551 -36.3285 -3.5539
-6.4905 -42.3956 -3.8519
0.708 -42.1445 -4.1686
-3.7115 -41.6879 -3.4562
-4.4683 -35.8641 -5.4648
-5.3063 -33.7572 -3.4696
-1.3497 -36.2349 -4.3918
-1.3109 -41.1623 -3.6982
-2.4693 -40.6875 -3.5678
2.6559 -36.1227 -3.4612
-6.0076 -32.7696 -3.896
-6.4905 -42.4804 -3.7749
-0.3811 -32.9503 -3.2514
-2.7742 -33.2349 -5.5424
-1.7928 -36.1875 -1.7015
0.7082 -36.6059 -3.4944
-3.603 -31.4371 -2.7323
-6.2863 -36.9448 -3.381
-3.5661 -34.0641 -3.4029
-5.9183 -40.054 -3.6051
-4.1267 -36.5307 -2.7008
0.5154 -42.3952 -4.0507
-5.5793 -36.8183 -3.5343
1.8502 -35.5024 -3.5948
-6.4905 -41.4131 -3.5542
-0.4562 -34.8347 -3.8873
-5.1606 -39.2571 -3.6133
1.9124 -35.8732 -3.5447
-4.482 -40.8296 -3.6024
-2.2764 -41.1919 -3.7488
3.6903 -33.3236 -3.7255
-8.6113 -36.0758 -3.1948
2.7252 -34.3887 -3.6701
-6.4904 -41.2191 -3.4169
-5.7312 -37.1465 -3.6159
-1.9113 -31.5144 -3.0809
-0.4375 -36.2933 -4.2733
-8.022 -40.51 -3.1751
-7.9851 -35.8177 -3.599
1.5705 -41.295 -4.0182
-0.4501 -41.9159 -4.1339
-0.7392 -42.198 -4.1043
-5.3429 -36.5338 -2.7925
-1.0253 -38.779 -3.4854
0.4181 -36.7168 -3.4125
-0.1185 -31.1559 -3.3913
-5.8793 -33.2915 -3.5017
-6.2042 -40.3314 -3.542
-2.8491 -40.4746 -3.4752
-6.2674 -36.0392 -3.4379
-6.9722 -42.1289 -3.7191
-6.2042 -38.3366 -3.4233
1.472 -36.3724 -3.5006
0.0322 -35.0632 -3.9321
-6.6836 -35.3739 -3.4621
-5.7311 -36.5096 -3.5583
-3.7111 -37.7702 -2.6309
-4.5443 -35.057 -3.4578
2.9118 -38.0688 -3.9369
-6.3146 -37.2399 -3.6148
-5.6291 -30.5559 -2.9324
-7.6441 -36.406 -3.5317
-4.3821 -35.8016 -2.7139
-6.4904 -39.58 -3.6792
-7.0743 -41.1301 -3.528
1.1248 -35.9074 -3.4666
-4.7708 -34.7383 -3.569
-1.6981 -38.8585 -3.557
-6.9382 -37.5131 -3.7723
-6.1101 -36.195 -3.5041
-2.1785 -38.6171 -3.5893
-8.0421 -31.2777 -3.3064
-6.4904 -39.4876 -3.6926
-4.5197 -33.1296 -3.2911
-1.4276 -31.3957 -3.065
-7.8948 -31.6733 -3.4485
-5.9183 -38.2198 -3.4607
-3.1454 -33.653 -3.3401
0.2976 -36.0426 -4.1552
-3.8098 -31.9885 -3.0711
-6.4904 -39.8569 -3.4929
0.2806 -36.0883 -3.8336
-0.9288 -40.9982 -3.7258
-3.3314 -35.602 -2.4305
-5.8419 -38.3801 -3.7579
-4.8656 -41.9049 -3.3354
-7.644 -38.0153 -3.5995
-4.9372 -33.2386 -3.3862
-6.4904 -39.651 -3.5754
-3.8683 -34.1333 -3.4347
-6.4904 -38.8742 -3.6567
2.6513 -37.9174 -3.7452
-3.9396 -37.909 -3.5582
-6.8719 -36.58 -3.5897
-4.5275 -34.5274 -3.4476
-1.6974 -35.5624 -2.201
1.2479 -32.2883 -3.179
-6.4904 -38.5227 -3.5997
-5.7311 -41.0205 -3.5298
-5.638 -38.6334 -3.6565
-2.3725 -39.5094 -3.2801
-6.4903 -38.1516 -3.5527
-0.1617 -40.1278 -3.4495
-6.4903 -37.5335 -3.3617
-5.3801 -33.2265 -3.5436
-6.8721 -34.782 -3.3705
-3.7109 -34.9994 -2.5706
0.4178 -39.9209 -3.5442
-6.0141 -38.2537 -3.4091
-2.8811 -32.9652 -3.2699
-4.9292 -38.6294 -3.45
-1.9835 -38.7634 -3.4928
-5.8261 -39.2774 -3.5629
-2.0003 -31.4972 -3.0637
-4.613 -38.2593 -3.5322
1.1879 -39.5037 -3.7836
-0.8609 -30.9291 -2.7969
0.997 -40.2892 -3.787
-6.9723 -40.7352 -3.4174
-5.1321 -39.6436 -3.699
2.0157 -34.1823 -3.574
-5.2718 -36.7943 -3.5751
-7.1802 -31.0175 -3.0219
-3.7261 -31.0978 -2.7622
-6.4903 -37.0505 -3.4843
-0.9326 -30.7634 -2.7127
-5.5668 -38.2651 -3.5727
-5.5343 -39.5165 -3.5745
0.1028 -33.6315 -3.5599
-7.8522 -31.5189 -3.3205
-6.4903 -36.7401 -3.5076
-7.9278 -30.2522 -3.1529
-4.751 -34.8633 -3.4101
1.9607 -35.344 -3.5847
-1.969 -33.6264 -3.4137
-5.826 -38.2034 -3.402
0.4179 -39.1757 -3.5418
-6.4903 -36.2175 -3.5041
-4.4821 -41.0916 -3.5813
-5.7439 -38.7669 -3.6273
-5.9198 -39.4986 -3.9963
-6.2669 -33.2358 -3.4072
-6.4903 -36.0957 -3.5326
-6.4904 -40.3513 -3.4657
-4.4447 -31.3425 -2.6607
-3.9396 -37.8207 -3.5581
-6.7801 -36.862 -3.6028
-6.4903 -35.7706 -3.4058
-6.4904 -39.1105 -3.6824
-6.4902 -35.3988 -3.3817
-3.4301 -37.611 -3.8947
-6.4902 -35.18 -3.4146
1.6628 -39.9516 -3.8911
-5.8261 -40.9395 -3.4912
-6.4902 -34.4017 -3.5415
-6.5897 -42.8072 -3.6206
2.436 -34.6996 -3.6599
-7.4545 -40.2326 -3.5731
-0.6453 -36.8859 -2.47
-5.2796 -39.4775 -3.8496
-3.0667 -33.4252 -3.3024
-1.1026 -33.8549 -3.4649
-4.2847 -36.8609 -2.7463
-1.4129 -42.0309 -3.8959
0.8078 -42.0669 -4.1149
-2.2968 -38.7769 -3.5807
-4.1874 -34.624 -3.5841
0.2885 -38.8064 -3.5744
-6.5891 -35.1738 -3.3846
-4.4816 -36.4008 -2.7225
-3.6645 -34.3995 -3.5266
0.5158 -39.7982 -3.6991
-3.5229 -34.6558 -3.7693
-1.2808 -31.3307 -2.9288
-4.5419 -33.8415 -3.1811
-6.5896 -41.5878 -3.4662
-3.351 -38.7782 -3.5821
-6.5896 -41.216 -3.442
-4.2847 -39.8113 -3.4014
-3.1533 -35.8431 -1.8937
-6.2042 -38.8442 -3.5919
-6.5896 -40.8844 -3.5211
-6.1101 -36.3176 -3.4528
-6.5895 -40.371 -3.5355
0.5036 -30.6571 -2.7144
3.4533 -37.7277 -3.832
-6.5895 -40.0167 -3.5699
-5.2493 -39.7434 -3.4506
2.3885 -33.5953 -3.517
-7.262 -36.668 -3.511
-0.8898 -35.8809 -1.7487
-4.3536 -31.7028 -2.9618
-6.5895 -39.8365 -3.6056
-5.2973 -38.451 -3.4995
3.3992 -33.2548 -3.6697
-7.1349 -34.0376 -3.4438
-1.213 -34.7416 -3.9264
-7.28 -30.7978 -2.7665
-2.0805 -39.8182 -3.3041
1.2471 -36.3599 -3.5517
-8.0735 -35.7967 -3.5671
-6.8712 -42.7428 -3.8103
-7.7064 -35.4438 -3.5735
-6.5895 -39.7909 -3.5163
0.0326 -39.1486 -3.4342
-6.5895 -39.3595 -3.6913
0.0326 -38.7065 -3.491
-6.5894 -38.9414 -3.6008
-5.8539 -36.4722 -3.5785
1.5703 -38.2429 -3.6732
-1.1669 -34.0377 -3.517
-3.5254 -38.3327 -3.6511
-6.5892 -35.9221 -3.4418
-6.3813 -34.8243 -3.0954
-2.3723 -37.2044 -3.3313
-0.6459 -39.9308 -3.5043
-6.5894 -38.8512 -3.5455
-5.0559 -38.7478 -3.3374
-2.5876 -34.0871 -3.5962
-7.9154 -39.4285 -3.5516
-0.7391 -39.7929 -3.4976
-6.5894 -38.7392 -3.5689
3.1523 -35.5182 -3.5174
-6.0141 -38.7831 -3.499
-6.0141 -37.819 -3.3833
-0.9289 -41.8376 -3.9614
-3.2384 -37.7156 -3.9081
-2.2759 -35.204 -2.5856
-1.5073 -41.8603 -3.9724
-6.5894 -38.1234 -3.4554
-6.8719 -36.9032 -3.4699
-6.11 -39.5702 -3.5824
0.9005 -35.0275 -3.7587
1.8503 -42.3963 -4.1064
-7.0739 -36.7213 -3.5384
-6.5893 -37.6464 -3.5412
1.7457 -37.9942 -3.6128
2.8239 -38.8063 -3.9659
-6.4904 -38.7044 -3.5183
-2.3725 -38.5528 -3.6896
-1.9834 -34.7262 -3.843
-1.0469 -32.2391 -3.1599
-7.575 -36.0835 -3.547
-6.2042 -37.5354 -3.3596
-4.7313 -30.2663 -2.8054
-5.5204 -35.6144 -3.4208
1.6631 -34.7756 -3.6842
-5.2493 -38.2304 -3.4009
1.1879 -42.053 -4.1148
-1.385 -36.6787 -1.9326
-5.7006 -32.8716 -3.3482
-6.5892 -36.7787 -3.5899
1.282 -36.556 -3.4292
-7.1949 -37.849 -3.7287
-6.5893 -36.9709 -3.4807
-4.8549 -33.9918 -3.3823
-3.3318 -34.7922 -3.8565
1.6676 -37.2552 -3.6687
-2.1779 -36.2395 -1.7984
-6.2042 -41.0794 -3.4529
-0.4989 -34.9611 -2.3391
2.7782 -35.3631 -3.537
-5.5184 -33.2384 -3.4102
-4.1863 -31.2242 -2.9915
-6.4905 -42.7454 -3.8085
-2.0801 -35.4166 -2.4785
-6.11 -38.7651 -3.4868
-3.2508 -32.173 -3.1418
-6.5892 -36.2706 -3.5903
-2.8089 -36.1342 -5.9169
-6.3465 -35.7876 -3.5579
-0.9288 -34.5632 -3.8474
-5.4325 -36.0434 -2.7945
-8.0081 -40.7855 -3.4298
-6.11 -40.2729 -3.5502
-0.1619 -34.5505 -3.8429
-6.8846 -30.0957 -2.9061
-5.6329 -34.2451 -3.372
0.2231 -36.0877 -3.3172
-2.8491 -40.8601 -3.526
1.6952 -36.4922 -3.4604
-7.3535 -41.8579 -3.5542
-6.0234 -31.8296 -2.8362
-6.5895 -40.5097 -3.5885
-0.6455 -34.2404 -3.7975
-3.7114 -40.6627 -3.5855
-6.014 -41.1253 -3.4968
-6.914 -35.9488 -3.5553
-3.9046 -37.0208 -2.6633
-3.8079 -39.8959 -3.412
-5.2492 -36.8378 -2.7609
-4.1064 -37.5935 -3.6316
-6.5891 -35.2655 -3.3941
-6.0142 -36.1523 -3.446
0.7651 -37.9991 -3.5484
-6.7799 -41.4941 -3.5688
-0.5582 -37.4595 -2.462
-5.6487 -34.72 -3.3245
-6.5891 -34.3161 -3.5745
-1.0179 -36.5967 -5.0413
-5.5342 -40.4963 -3.5022
-3.4287 -30.5732 -2.697
0.5159 -38.7076 -3.6028
-5.9183 -39.0831 -3.5491
1.188 -37.3391 -3.5262
-6.1102 -38.2411 -3.6951
-5.4396 -42.2352 -3.5049
-6.6837 -42.6255 -3.5326
-3.0419 -35.5084 -2.2983
-6.6837 -42.0297 -3.7015
-2.3786 -36.1887 -1.8813
-6.363 -34.9839 -3.5232
-1.3109 -38.6867 -3.634
-3.6226 -40.2873 -3.4265
0.7083 -35.1932 -3.7875
2.1315 -34.369 -3.6214
-7.5472 -32.4671 -3.3844
-8.0081 -42.5231 -3.7245
-0.063 -36.7949 -3.361
-1.6009 -35.5557 -2.0254
-0.2587 -42.6751 -3.8489
-5.2492 -41.9863 -3.3756
-2.0806 -41.6831 -3.7027
-1.9835 -39.1086 -3.4404
-8.1125 -30.2994 -3.1329
-3.3317 -34.5701 -3.6886
-7.8668 -31.2147 -3.3297
0.9006 -42.2635 -4.1636
-0.3947 -36.6008 -2.6138
-3.835 -36.1476 -2.7855
-1.1323 -37.6609 -3.9135
2.4215 -39.9474 -4.1935
-3.2371 -41.4062 -3.5763
1.1879 -41.3334 -3.9193
-3.8075 -36.8205 -2.731
-8.0227 -34.414 -3.1361
-5.4399 -40.2013 -3.5524
-0.3537 -33.6269 -3.4971
-3.4595 -39.0174 -3.5451
-8.0081 -42.622 -3.5052
0.2354 -36.714 -3.5081
-5.0559 -40.8138 -3.4988
-6.6837 -40.5271 -3.4778
-7.3537 -39.4037 -3.5796
-5.3428 -38.2361 -3.432
-3.9051 -40.1289 -3.384
0.0326 -39.0464 -3.4526
-6.6837 -40.4256 -3.4733
0.8075 -39.0131 -3.6699
-6.6837 -40.1122 -3.5881
0.9006 -36.693 -3.4267
-6.9724 -37.5624 -3.517
0.5773 -36.1622 -3.5638
-7.3144 -33.3313 -3.3519
0.418 -37.8505 -3.5204
3.7781 -39.5498 -4.2402
-3.622 -37.2399 -3.2376
1.7458 -34.7583 -3.6122
1.9843 -38.3619 -3.5867
-8.0526 -31.3998 -3.0812
-6.4902 -34.4826 -3.4328
-1.4033 -32.092 -3.0683
-2.7868 -38.2057 -3.5478
-4.7624 -36.78 -2.8017
-7.3536 -40.4055 -3.5749
-4.2226 -36.1621 -5.8603
-4.7713 -38.2928 -3.4883
0.0936 -38.2051 -3.7732
-2.6154 -32.9642 -3.3201
-4.0391 -31.5341 -2.879
-6.0142 -36.6175 -3.58
-2.2762 -34.5811 -3.7702
-4.2358 -38.6658 -3.5355
-5.5969 -39.4065 -3.7803
1.282 -37.6785 -3.5881
-4.2847 -38.9246 -3.4375
-4.0556 -35.5708 -2.6335
0.4286 -32.6946 -3.3618
1.1879 -40.7999 -3.6513
-2.3722 -34.5766 -3.7948
-0.1619 -42.5155 -3.9977
1.7205 -33.1569 -3.5359
-6.1297 -33.189 -3.5787
-6.6837 -40.072 -3.4849
-2.8492 -37.1469 -3.2718
3.4058 -36.4245 -3.6892
-6.4903 -36.1904 -3.5967
-7.0739 -36.6206 -3.511
-6.6837 -39.096 -3.5889
-2.4694 -41.1527 -3.7017
-2.0806 -41.4151 -3.7607
0.9006 -42.5237 -3.8958
-6.6837 -38.7364 -3.6373
-5.1471 -39.9816 -3.4739
0.6132 -40.3111 -3.5964
-5.8261 -41.3454 -3.5091
-2.1785 -42.4636 -3.91
1.1194 -31.3604 -3.4425
-2.7082 -31.0858 -2.877
-7.9156 -38.1025 -3.553
-8.0081 -41.2257 -3.5877
2.6485 -40.1001 -4.2983
1.6628 -40.2295 -3.8282
-5.7836 -32.7001 -3.2937
-5.0005 -30.3252 -3.0163
-3.6216 -34.5636 -3.7031
-5.5825 -37.1276 -3.5249
0.6134 -37.8605 -3.5072
0.8597 -33.5535 -3.589
0.3379 -38.4635 -3.9172
-3.332 -40.9203 -3.6436
-5.147 -40.5981 -3.5645
2.0966 -36.9534 -3.5174
-6.6837 -37.5928 -3.5343
-6.0981 -33.2 -3.6738
-5.7912 -36.5802 -3.4842
0.4177 -40.1149 -3.6815
-7.9156 -37.8693 -3.582
-2.8978 -33.3808 -4.8808
-6.4905 -42.5798 -3.9942
-7.7372 -41.6577 -3.643
-6.6836 -37.2709 -3.4622
-3.8647 -39.2474 -3.4911
-5.7916 -32.6865 -3.8253
0.6131 -40.6557 -3.7132
-5.5938 -39.6274 -3.7899
-6.6837 -37.3913 -3.4795
-4.012 -34.2425 -3.3379
-4.7516 -33.3233 -3.4173
-4.7707 -35.5262 -2.6831
-2.1564 -37.3465 -2.78
-2.6765 -35.7539 -3.8808
-7.7372 -41.5114 -3.5263
-1.9569 -38.1222 -3.7357
-6.8718 -37.5447 -3.5365
-6.6836 -36.8598 -3.6044
-5.0009 -36.2634 -4.6857
-6.11 -40.1359 -3.5976
2.9291 -34.4988 -3.6993
-6.6836 -37.0089 -3.4833
0.7082 -35.5854 -3.7787
-6.0141 -38.5144 -3.5799
-5.6518 -34.3445 -3.3149
-2.1318 -35.4265 -2.623
-7.5055 -30.5812 -3.3449
-6.4903 -35.9782 -3.4237
-0.3602 -33.7245 -3.5238
2.9516 -37.1825 -3.7666
-7.9151 -42.5446 -3.5593
-6.6836 -36.3911 -3.5847
-6.6836 -36.2426 -3.5366
-7.3538 -36.7237 -3.5514
-1.3588 -36.6083 -1.8561
-5.6823 -37.3634 -3.5231
-6.2042 -41.1643 -3.5221
-2.8975 -33.792 -3.5095
-2.2763 -39.888 -3.3566
-5.056 -35.3989 -3.6505
-4.5755 -34.5892 -3.3992
1.2241 -32.0188 -3.2158
-3.2321 -38.2017 -3.6559
-4.7717 -41.6231 -3.4545
3.3009 -38.0362 -3.9648
-3.5228 -35.5402 -2.5866
-6.5895 -40.1256 -3.4919
-7.7377 -39.061 -3.5839
-2.1785 -41.132 -3.6333
3.6588 -34.6268 -3.6304
-4.0212 -37.3489 -2.7385
-6.8719 -36.4944 -3.5434
-7.9762 -41.6408 -3.7261
-7.2364 -34.7386 -3.535
0.9969 -39.3751 -3.7694
-6.6836 -35.2164 -3.3963
-6.1213 -35.3019 -3.3869
-4.9102 -39.1375 -3.5072
-6.7798 -42.677 -3.6517
0.0231 -37.8369 -3.6663
1.282 -36.3675 -3.4241
-5.0088 -35.7559 -3.4974
-6.6836 -34.3661 -3.5037
-6.6836 -35.0393 -3.4866
-7.6184 -35.4909 -3.6049
-5.9182 -41.6039 -3.4107
1.0505 -34.4932 -3.6255
-1.4129 -42.2492 -4.032
-5.7012 -36.3142 -3.4658
1.2739 -38.8341 -3.9138
-6.5893 -37.8607 -3.4994
-6.5893 -37.0361 -3.5599
-3.042 -37.1342 -3.3704
0.8314 -39.0482 -3.7485
-8.648 -30.0174 -3.015
1.5704 -40.3861 -3.8404
1.57 -35.6849 -3.6164
-4.1874 -34.2953 -3.5718
2.374 -39.5387 -4.0507
-6.6837 -42.5195 -3.5192
1.9839 -34.9255 -3.6067
1.1762 -35.5666 -3.5503
1.8503 -40.4531 -4.0399
-0.6458 -39.5755 -3.4156
-6.7799 -41.4352 -3.7451
2.6969 -35.5483 -3.5847
-4.8247 -33.3797 -3.3579
1.9789 -34.8266 -3.6803
-6.7799 -41.5101 -3.6731
-4.4129 -31.2184 -3.0725
-4.9914 -36.418 -4.7143
-0.0278 -31.7064 -3.4613
0.5159 -39.1598 -3.6872
-6.7799 -41.6834 -3.551
-4.7718 -42.1768 -3.5433
-8.2263 -36.6666 -3.5311
-3.3234 -31.3542 -2.753
-2.4687 -35.3467 -2.603
-0.1583 -35.696 -3.4338
-0.9826 -38.2654 -3.834
-6.0577 -33.5127 -3.5769
-5.6064 -39.5169 -3.7518
0.2821 -38.3977 -3.5554
-5.8811 -36.196 -3.6483
1.1879 -39.5915 -3.7613
-6.7801 -37.6918 -3.5282
1.2419 -39.2847 -4.1159
-0.9443 -37.3822 -2.6224
-5.4401 -38.7624 -3.4539
-7.7371 -42.1407 -3.5203
-5.7311 -41.6784 -3.3854
-3.5634 -39.0616 -3.5371
-5.6768 -38.4431 -3.8287
-6.7799 -40.6731 -3.515
2.5884 -39.5037 -4.1174
-0.0632 -35.3894 -3.8869
-7.3536 -40.8931 -3.4613
-7.2619 -41.6326 -3.5213
-6.78 -40.1909 -3.6148
-4.851 -36.054 -4.8399
-7.9155 -39.2361 -3.5147
-4.9545 -37.9889 -3.3739
-7.3535 -42.1496 -3.6642
-5.3424 -41.1598 -3.4035
-4.5756 -34.8742 -3.5689
-0.5271 -33.4523 -3.4111
-8.299 -29.8918 -3.0624
-6.6836 -35.9336 -3.5142
-0.9975 -35.9833 -4.6103
-5.0228 -34.2711 -3.4601
-6.78 -39.5055 -3.5594
-3.5235 -39.7121 -3.3273
-6.6837 -39.1559 -3.6821
-4.9292 -37.8453 -3.4499
-1.6371 -38.6207 -3.5267
2.1313 -38.1351 -3.6223
-4.1873 -41.3492 -3.6182
1.4719 -42.2714 -4.1034
-4.7277 -32.6225 -3.2854
3.788 -36.3496 -3.617
-1.4771 -36.1662 -4.5919
-6.78 -39.2807 -3.6291
-6.78 -39.1754 -3.5928
-6.8719 -36.7496 -3.582
-7.5478 -39.9438 -3.5178
-6.4904 -39.3929 -3.6284
-3.5232 -37.3834 -3.2102
-4.6953 -30.8838 -2.7703
-5.9148 -30.3377 -2.8953
-6.4903 -38.1689 -3.4651
-6.5143 -35.6294 -3.4801
-0.1618 -40.6028 -3.5785
-7.644 -38.9831 -3.6009
3.2566 -37.3073 -3.8316
2.1808 -36.6784 -3.4701
-5.3536 -29.8576 -3.1464
-1.1024 -35.8933 -1.6805
1.3755 -36.5094 -3.4094
-6.7801 -37.7813 -3.6064
-2.2763 -38.2418 -3.8482
-0.2582 -36.6378 -2.4176
-7.644 -38.7952 -3.5729
-4.5213 -33.9204 -3.3721
-6.7801 -37.3934 -3.4779
-8.0219 -41.352 -3.1729
-3.5235 -39.5523 -3.33
2.1661 -38.5768 -3.7271
-7.7374 -40.1559 -3.5428
-3.158 -33.8076 -3.3021
-6.2043 -35.0955 -3.3892
-4.2796 -33.2984 -3.4014
-1.7304 -36.788 -1.8248
-6.5897 -42.0054 -3.7258
-6.6594 -36.7764 -3.7276
-6.8968 -30.5286 -2.9808
-4.3217 -36.4002 -2.8266
-4.2848 -35.3714 -2.7186
-4.8739 -34.4446 -3.3254
-0.45 -34.2499 -3.8606
-2.5609 -35.3248 -4.8242
-1.3106 -34.9002 -2.4835
-6.4904 -40.6128 -3.6137
0.275 -37.4549 -3.7278
3.0086 -37.8341 -3.9379
-6.1099 -41.002 -3.4482
-6.6837 -41.2199 -3.4507
-1.213 -34.3568 -3.8527
-6.1099 -42.4116 -3.708
-0.7391 -40.7208 -3.6879
-6.9866 -35.6652 -3.4577
-3.5228 -35.3729 -2.6719
-4.3822 -39.6417 -3.3877
-6.7799 -40.4217 -3.5083
-4.1873 -41.1681 -3.5305
3.5919 -33.3099 -3.6781
-3.598 -37.8072 -3.8529
-6.7801 -36.796 -3.5464
1.7205 -37.0444 -3.5366
0.223 -35.6838 -3.692
-5.8609 -30.4021 -3.0269
1.5704 -40.1703 -3.7817
-6.7801 -36.3001 -3.6194
-2.1906 -30.7001 -2.7391
-3.6662 -33.5388 -5.161
-3.5236 -39.9961 -3.3737
-0.2586 -40.3841 -3.6115
-7.2619 -39.5221 -3.5403
0.1266 -40.1825 -3.658
-3.905 -39.8753 -3.4459
-5.9201 -32.3417 -3.1062
-5.7311 -39.3719 -3.482
-3.7813 -39.4693 -3.4619
-0.4496 -37.4147 -2.4815
-6.7801 -36.1857 -3.5652
-6.7802 -35.6169 -3.4953
-5.2687 -36.8827 -3.5847
-5.268 -34.21 -3.2886
0.1266 -39.3546 -3.5179
-3.3318 -37.229 -3.3106
-6.4903 -38.2719 -3.4238
2.9358 -37.304 -3.719
-7.9151 -42.7643 -3.6497
-3.9045 -36.4052 -2.6962
-3.9762 -31.3487 -2.6937
-6.7802 -35.4025 -3.391
-2.6626 -35.6564 -1.8029
3.6051 -35.6871 -3.4688
-6.7802 -35.3056 -3.3954
1.0629 -35.3506 -3.6761
-6.7802 -35.0057 -3.3909
-0.952 -39.6381 -3.5933
-4.7709 -35.5624 -3.6774
-7.5478 -39.7704 -3.4938
-6.5639 -34.271 -3.4796
-2.7699 -32.4208 -3.1714
-6.7802 -34.7756 -3.4745
-3.3697 -37.4191 -2.6649
-5.5344 -38.4509 -3.4543
2.9006 -34.7308 -3.6138
-6.7802 -34.6871 -3.5197
-3.4913 -37.9867 -3.8461
-6.3686 -35.233 -3.1335
-1.3735 -33.9623 -3.4781
-7.4545 -37.0582 -3.5722
-3.9052 -40.938 -3.6575
-4.869 -36.9949 -3.6305
-6.8227 -38.0646 -3.7664
-3.3319 -39.2433 -3.2729
-6.8713 -42.6074 -3.9581
-2.4113 -37.2626 -2.6592
-4.6256 -39.0324 -3.4943
1.2821 -39.3901 -3.7841
-4.604 -31.5369 -3.103
-5.0558 -36.9418 -2.7622
-3.9047 -37.6129 -2.6087
1.2821 -39.6324 -3.773
-0.4732 -31.0642 -3.0537
-2.8692 -31.0775 -2.8002
-6.6837 -38.6961 -3.5341
-3.3319 -40.1983 -3.3707
-0.9287 -39.2683 -3.4945
-3.8076 -37.3262 -2.653
-3.1859 -31.5169 -2.9054
0.8078 -42.421 -3.9343
-5.9183 -38.3795 -3.458
-0.4023 -32.637 -3.2772
-1.9834 -37.1767 -3.3237
-6.8713 -42.0725 -3.7359
-5.7311 -35.9394 -3.5342
-7.4115 -32.6874 -3.3004
-6.78 -40.1213 -3.6728
-5.1425 -35.0964 -3.5977
-3.1945 -33.7289 -3.4017
-1.5069 -39.6597 -3.4753
-6.4903 -37.7585 -3.4382
-3.2371 -34.2799 -3.6793
-6.8713 -42.1875 -3.621
-2.4176 -37.362 -2.6402
3.8709 -39.5966 -4.2681
-5.5748 -39.4838 -3.8469
-1.3191 -35.9797 -5.7819
-5.2493 -41.0315 -3.4237
-2.9458 -35.4583 -2.5127
-7.849 -32.1153 -3.3698
-0.5517 -32.2245 -3.1185
-0.6452 -35.5312 -2.4637
-6.8714 -41.4855 -3.6303
-2.6639 -41.7747 -3.5863
-0.2582 -36.5963 -2.5063
-5.0559 -39.266 -3.4782
-8.7939 -34.2677 -3.5553
1.5703 -38.4231 -3.6376
-4.8248 -30.9675 -2.8661
-6.8714 -41.3121 -3.6062
2.2736 -39.7253 -4.0507
-3.3315 -35.6348 -2.6163
0.5909 -33.1631 -3.2354
-6.7799 -40.9956 -3.418
-2.7002 -33.9883 -3.5208
-6.8714 -41.1037 -3.465
-3.0819 -38.7112 -3.5305
-2.9573 -31.1925 -3.0459
-6.1784 -33.7328 -3.6736
-6.7801 -36.4902 -3.5787
-4.3822 -35.2439 -3.6623
-5.3422 -42.4791 -3.6082
0.6134 -38.0051 -3.5235
2.065 -36.0367 -3.4221
-2.9418 -33.4938 -3.3764
-8.0226 -35.875 -3.3018
-0.3387 -37.2177 -2.5374
-1.2127 -35.1309 -2.4785
0.613 -42.5158 -3.9572
-6.5897 -42.5216 -3.4738
-5.0558 -36.0005 -2.691
-4.5758 -41.1146 -3.4794
2.8017 -38.4639 -3.8992
-4.1873 -41.5308 -3.5367
3.0568 -37.8029 -3.804
1.5704 -40.3224 -3.7154
-2.6633 -34.6843 -3.9308
-3.7726 -35.3619 -2.6028
-2.6635 -38.7289 -3.498
-3.0417 -38.8895 -3.4086
1.9791 -38.9167 -3.7997
-0.1321 -35.232 -3.825
-0.2587 -42.0233 -3.9565
-3.1287 -35.0582 -2.5207
-8.5749 -32.5678 -3.5229
-4.2618 -35.4797 -2.587
-5.1827 -38.4509 -3.5465
-5.7375 -38.4908 -3.6463
-8.7449 -31.3093 -3.247
-8.0225 -36.3112 -3.2817
-2.8491 -34.999 -2.4888
1.3752 -41.465 -4.1562
-4.3822 -40.4371 -3.6345
-4.1582 -32.6125 -3.3005
-2.2926 -38.3352 -3.7547
-5.1003 -31.4066 -3.3868
0.597 -34.662 -3.6176
-6.8716 -39.478 -3.6079
-7.262 -36.5272 -3.5266
0.3933 -38.2424 -3.6051
0.9006 -40.2214 -3.7087
-6.9724 -38.0115 -3.5467
-1.6009 -34.6996 -3.8464
-8.2354 -38.3701 -3.7215
-7.2016 -35.3902 -3.5061
-3.7111 -37.4296 -2.6922
-1.6794 -30.6186 -2.6437
-4.5473 -38.0279 -3.4486
-3.103 -37.6094 -2.5967
0.8074 -38.2056 -3.4967
0.7082 -37.0564 -3.4784
-4.6968 -36.8787 -2.7155
-1.7933 -38.659 -3.5796
-6.7801 -37.6177 -3.5773
-6.8715 -40.5456 -3.5134
-5.4789 -34.3698 -3.4157
-1.4128 -41.4395 -3.9277
-5.3426 -40.149 -3.5365
-2.8094 -36.1448 -5.4182
-7.5479 -37.4845 -3.7035
-5.1481 -34.6536 -3.48
1.5701 -35.8181 -3.5372
-0.5505 -33.4192 -3.4887
-5.467 -37.3594 -3.5829
-5.5342 -40.3768 -3.6082
-8.0964 -31.3748 -3.1953
-6.8717 -38.7988 -3.6618
-5.4402 -38.3512 -3.4499
-6.5676 -37.7689 -3.8304
-1.5069 -39.2464 -3.54
-6.6837 -39.9607 -3.4854
-2.7566 -40.0219 -3.3911
-0.7902 -37.2215 -2.7128
-2.2763 -40.4803 -3.4481
-7.4911 -32.756 -3.7655
-2.4369 -37.0222 -2.7357
0.997 -40.9417 -3.6566
-6.8717 -38.6988 -3.6116
-7.0741 -38.772 -3.5722
-6.4254 -29.7264 -3.1757
-0.1614 -35.423 -2.4186
-5.9182 -41.5295 -3.3136
0.0325 -37.963 -3.589
-3.2371 -39.0948 -3.3717
-3.3272 -33.9829 -3.3701
-3.3649 -31.3882 -3.3688
-5.9328 -33.7463 -3.5456
-4.1142 -37.1823 -2.739
-7.2619 -41.5214 -3.668
1.5703 -38.958 -3.8599
-5.9514 -39.7085 -3.9012
-1.195 -32.7411 -3.0889
1.0614 -35.1653 -3.5731
-6.7802 -34.6801 -3.4332
0.8072 -36.1081 -3.5653
3.0789 -37.8581 -3.8706
-1.0257 -42.282 -3.9596
-3.134 -32.3213 -3.1032
-6.6837 -42.9405 -3.5182
-0.3514 -36.5661 -2.4992
-6.8718 -38.1065 -3.5199
-5.5344 -36.6871 -2.7677
-0.3361 -30.9767 -2.9395
-0.255 -36.3898 -4.2296
-0.3412 -31.8455 -3.0378
-5.5217 -36.3417 -2.8237
-6.8717 -38.7874 -3.5664
-6.1024 -38.0153 -3.6652
0.5155 -41.9238 -4.2687
-6.8712 -42.835 -3.6508
-5.9815 -35.9954 -3.6285
-6.872 -36.3634 -3.554
-0.6016 -35.193 -2.5224
-0.2587 -42.5132 -3.9203
-5.0559 -40.9993 -3.4492
0.948 -32.1724 -3.2193
-6.872 -36.2801 -3.5852
1.8599 -33.9954 -3.6772
0.6134 -37.463 -3.5299
-1.6974 -35.6181 -1.97
-6.872 -36.2043 -3.5338
-2.4987 -36.3874 -4.7078
-4.8265 -34.9274 -3.514
-6.872 -36.118 -3.5104
-1.6983 -40.5237 -3.5398
-3.6225 -39.8615 -3.2725
-2.9602 -37.6247 -3.9365
-5.3428 -38.8811 -3.6592
-0.4578 -37.3884 -2.6062
-6.1781 -33.0714 -3.3692
1.5704 -40.2854 -3.813
3.3967 -38.5776 -3.9558
0.4179 -38.7607 -3.506
-6.78 -38.6082 -3.6233
-5.5811 -34.9176 -3.484
-6.872 -35.5545 -3.4265
-4.0698 -37.6824 -3.8114
-4.9787 -36.3545 -2.7257
-6.11 -38.6674 -3.5141
-3.6228 -33.915 -3.3555
0.9969 -39.4788 -3.7053
-2.0555 -33.8357 -3.438
-3.4401 -37.7866 -3.9384
-7.2777 -31.8049 -3.6051
-6.1976 -35.9311 -3.5322
-4.5758 -40.4718 -3.6048
-1.6014 -38.4296 -3.7208
-6.4904 -41.3244 -3.4532
-7.3535 -42.734 -3.5461
-6.7798 -42.6708 -3.5423
-6.4904 -40.1795 -3.5421
-6.9722 -42.5545 -3.727
-6.9722 -42.7323 -3.6138
-5.826 -35.6887 -3.5036
-7.3538 -36.4375 -3.5736
-7.9153 -40.5943 -3.8681
0.4875 -30.7236 -3.525
-6.5891 -35.5677 -3.4762
3.0846 -39.082 -4.1665
-2.1779 -36.447 -1.8162
-1.6009 -36.1589 -1.7739
-4.2847 -40.696 -3.5801
-5.0558 -35.8378 -2.7852
2.3934 -34.0033 -3.8209
-6.9722 -42.0243 -3.6599
-2.6249 -33.5666 -3.4039
-8.0081 -41.6309 -3.6285
-7.6439 -40.7207 -3.4344
0.5165 -34.5831 -3.8054
-2.2764 -41.0364 -3.6143
-1.6019 -42.2647 -3.9467
-0.2581 -35.1982 -2.3421
0.2786 -35.7996 -4.0981
-8.2525 -36.737 -3.6076
0.8073 -36.1693 -3.4665
-4.5755 -35.4265 -2.6345
-4.3259 -34.0157 -3.3795
-8.3951 -33.4732 -3.3967
-7.1562 -37.7359 -3.8621
-6.4904 -40.8513 -3.5708
-6.9724 -38.219 -3.5646
1.2819 -35.4212 -3.6591
0.8077 -42.0155 -4.2087
-2.6809 -36.5176 -4.4627
-2.3722 -37.124 -3.2711
-6.5893 -37.3404 -3.4272
-5.2493 -39.6496 -3.5097
-2.6628 -37.1302 -1.8721
1.472 -35.6524 -3.6203
0.7082 -38.2506 -3.5106
-6.9723 -41.0837 -3.5659
2.9588 -35.3953 -3.5086
-7.0743 -39.9362 -3.7883
-5.1469 -41.2538 -3.4888
-6.9723 -40.6334 -3.7281
-2.3717 -35.6688 -1.8532
-5.1469 -41.0009 -3.5278
-3.4171 -37.1147 -2.7917
-2.664 -42.3974 -3.7861
0.9006 -42.2376 -4.0642
1.2834 -39.0329 -3.9424
-8.0476 -36.1048 -3.5281
-5.1467 -41.923 -3.2938
-3.5237 -40.6633 -3.3933
-4.5254 -34.1633 -3.4066
-4.124 -33.1332 -3.2602
0.9005 -42.1163 -4.5312
1.153 -34.4937 -3.5521
-7.719 -30.9098 -2.9071
0.997 -42.2212 -4.0503
-3.7113 -39.3577 -3.3849
-7.1543 -37.2652 -3.811
-6.9723 -39.9842 -3.598
0.7082 -38.0592 -3.597
-7.3538 -37.1304 -3.5465
-7.6218 -34.7878 -3.5456
-3.3317 -37.0988 -3.2983
-5.9183 -41.3282 -3.405
-2.3725 -40.2001 -3.3215
0.8074 -37.3969 -3.5154
-5.5344 -35.9744 -2.6587
-3.2368 -34.9047 -2.5954
1.8503 -39.62 -3.9135
1.2821 -38.6479 -3.69
-2.178 -35.5548 -2.1817
-2.5777 -36.6414 -4.47
-3.7576 -37.7334 -3.7573
-6.9723 -39.67 -3.5895
-4.2408 -31.3138 -2.6244
-7.262 -37.3011 -3.5369
-5.3423 -41.4414 -3.3724
-4.7922 -33.7479 -3.2862
-0.2586 -40.8402 -3.7276
-4.1872 -42.0836 -3.5022
-6.4954 -33.1918 -3.7002
-6.78 -38.8429 -3.5486
-4.5756 -35.1582 -3.6153
-0.7388 -37.6066 -2.3965
2.3306 -37.3828 -3.6315
1.7489 -33.8526 -3.6216
-7.8821 -33.7115 -3.3697
-3.8079 -40.3436 -3.4873
-0.6453 -36.1446 -2.4995
-6.5891 -34.7105 -3.4971
-4.5139 -36.8141 -2.8674
-6.7799 -40.6695 -3.6294
-3.0651 -36.8587 -1.8659
-6.6837 -39.5458 -3.5958
-7.0576 -30.656 -3.1573
-6.4878 -35.9582 -3.696
-1.8142 -31.912 -3.1281
-6.9723 -39.2081 -3.6563
-5.7311 -41.5747 -3.4496
-3.9551 -34.9271 -3.5094
-5.9362 -34.5837 -3.3308
-2.4102 -35.7248 -1.7861
-7.2619 -38.0251 -3.5951
-6.5895 -39.6978 -3.5525
-6.6836 -37.4374 -3.3998
-7.9158 -36.0087 -3.5075
-6.9723 -39.087 -3.6619
-6.9723 -39.211 -3.5648
-6.2799 -39.253 -3.4002
-7.4545 -36.0403 -3.4726
-7.0743 -41.0353 -3.4638
1.6628 -40.0833 -3.8577
1.8662 -34.0948 -3.6962
0.1265 -37.6304 -3.5651
-6.2042 -41.5801 -3.535
-6.9723 -38.9771 -3.6167
-6.8717 -38.8896 -3.548
2.326 -33.1773 -3.907
-6.6837 -41.217 -3.5422
1.6628 -39.3398 -3.9556
-6.9723 -40.643 -3.5769
0.0724 -35.2109 -3.7948
1.961 -39.7372 -3.9099
-3.6216 -35.7404 -2.6075
0.6782 -37.5553 -3.6839
-3.1206 -33.9623 -3.4934
-2.3717 -36.0965 -1.7924
-2.0801 -35.5337 -2.2949
-4.7507 -32.0145 -3.0278
-4.4189 -36.0425 -2.7986
-7.737 -42.7222 -3.4936
-1.3626 -36.9477 -1.7827
-6.7799 -40.568 -3.6249
-2.6604 -35.2208 -2.4864
-6.9724 -37.5981 -3.6113
-2.9561 -33.0607 -3.6353
-4.4819 -38.6629 -3.4138
-6.9724 -37.4511 -3.5175
-7.5479 -35.8969 -3.4107
-7.0744 -41.583 -3.5894
0.8033 -33.5814 -3.6612
-6.5098 -30.0227 -3.1745
-4.7689 -32.2733 -3.1016
-6.9724 -37.1551 -3.5447
-6.5892 -36.35 -3.5273
-6.0586 -37.8862 -3.5775
-6.0141 -40.4741 -3.5815
-8.3074 -31.2412 -3.2165
-8.0226 -35.7567 -3.2159
0.5162 -37.1778 -3.4719
-6.2042 -37.3506 -3.3863
-3.7657 -35.7791 -5.8977
-6.455 -37.5657 -3.7657
-0.2585 -39.4783 -3.4886
-1.8651 -35.5827 -1.8338
-3.9049 -38.6083 -3.4173
-5.7838 -36.0133 -3.618
-6.6836 -37.1701 -3.4348
-1.9837 -41.7261 -3.7585
-2.0803 -35.2323 -2.4878
-3.0417 -36.1455 -1.8945
0.1264 -35.0783 -3.9336
0.4599 -35.636 -3.8043
-5.8261 -37.4697 -3.495
-6.5891 -34.6211 -3.419
-7.2619 -40.0902 -3.6331
0.8076 -39.5234 -3.6009
-6.2864 -34.2832 -3.3807
-0.7387 -35.1152 -2.3739
-4.3821 -37.2554 -2.6473
-3.0415 -40.1236 -3.2515
-6.9415 -35.0588 -3.5415
-2.1635 -35.294 -2.5279
-6.9724 -36.8566 -3.4944
-3.5106 -31.4154 -3.2566
0.3874 -36.2952 -3.5738
-4.817 -35.0962 -3.4967
-5.2493 -40.1282 -3.5244
-2.1784 -36.9833 -3.3768
-8.0225 -36.4786 -3.3425
-1.2318 -37.0635 -2.5911
-6.9724 -36.4387 -3.5501
-1.3986 -31.199 -2.9688
-3.5238 -41.8386 -3.4125
-3.332 -41.0746 -3.5086
-2.3284 -39.539 -3.4857
-2.8491 -40.4093 -3.396
3.0499 -39.2035 -4.0619
-4.7714 -39.4983 -3.4696
-6.014 -42.3773 -3.6907
-0.9455 -38.7877 -3.6122
-6.9725 -35.4882 -3.4612
-3.5297 -34.9796 -2.6167
-6.2042 -36.6595 -3.5977
-6.4904 -39.667 -3.6798
-4.6941 -37.3814 -3.582
-0.8182 -31.2324 -2.9668
-5.7311 -41.2537 -3.5008
-2.9455 -36.4766 -1.8354
-0.2908 -30.9918 -2.8206
-8.0218 -42.1029 -2.9921
-2.041 -32.8496 -3.3035
-5.147 -40.6737 -3.4697
3.6274 -39.329 -4.3554
3.6336 -36.0515 -3.5545
-3.1523 -33.9895 -3.5804
1.8503 -38.7202 -3.7537
-6.9725 -34.9543 -3.3623
0.5161 -37.6043 -3.6031
-5.7311 -39.2273 -3.4658
-5.147 -40.4679 -3.5522
-1.6014 -38.8133 -3.525
-2.4609 -34.1749 -3.6824
-8.5215 -33.5524 -3.4778
2.3729 -35.7489 -3.4699
-6.11 -40.7105 -3.4844
-2.9458 -35.4566 -2.4122
-3.5546 -32.0208 -3.1728
-6.0141 -39.8365 -3.5467
-5.6859 -31.5072 -3.1762
0.8071 -34.434 -3.7104
-7.2619 -38.1916 -3.5327
-6.5251 -36.8335 -3.6261
-1.9834 -37.4 -3.2997
1.2629 -35.7304 -3.5991
-7.5479 -37.8154 -3.6472
-7.0745 -42.5522 -3.545
-0.2586 -34.8036 -3.95
-2.2765 -42.4422 -3.8419
-7.3709 -33.9041 -3.5581
-4.8688 -31.6905 -2.7992
-7.0745 -42.1602 -3.7
-6.8653 -37.6271 -3.8368
-6.8714 -41.3771 -3.5393
-7.3539 -34.5557 -3.5546
1.282 -37.5929 -3.5418
-5.536 -34.3112 -3.373
-3.3314 -35.6867 -2.3535
-7.9158 -36.363 -3.473
-2.4848 -36.8848 -1.8642
-4.8328 -35.2508 -3.4492
0.3736 -36.0674 -3.8309
3.1776 -36.0152 -3.5935
-5.9183 -40.709 -3.5522
-3.7239 -32.7969 -3.1865
-3.9986 -41.4587 -3.5961
-1.6985 -42.0597 -3.7798
-6.0521 -38.2647 -3.7894
-5.1477 -36.1785 -2.7022
-7.9762 -40.972 -3.6061
-6.9722 -42.4787 -3.6756
-6.9587 -33.1297 -3.399
-7.0744 -41.3316 -3.5827
0.5983 -37.1499 -3.6043
-7.3538 -36.2504 -3.5228
-0.2588 -42.0818 -4.0955
-6.9724 -37.0627 -3.5581
-5.4152 -36.076 -3.4397
-6.8714 -40.8273 -3.4822
-6.7802 -35.9093 -3.5825
-2.6289 -30.8838 -2.9046
-7.0745 -42.0066 -3.8121
-5.826 -35.6379 -3.4283
-1.4761 -37.9684 -3.8343
0.2229 -39.3282 -3.5204
-6.5895 -40.1901 -3.594
-1.0983 -38.1461 -3.7274
-0.27 -38.4207 -3.6134
-7.6439 -40.6384 -3.589
1.3753 -40.4415 -3.778
-5.4398 -40.6488 -3.4816
-5.1482 -34.3748 -3.4197
-6.1877 -34.1971 -3.5606
-4.3005 -37.9329 -3.6934
-6.8715 -40.3542 -3.5998
-1.3105 -36.1576 -1.7403
3.4431 -39.1074 -4.393
-4.8003 -36.1836 -2.6875
3.538 -34.5027 -3.5166
-5.056 -35.1655 -3.5332
-3.5505 -32.8548 -3.2435
-5.9201 -32.7129 -3.6578
-7.9153 -41.0831 -3.5624
-2.9842 -38.6601 -3.5496
1.576 -36.2391 -3.3927
1.0519 -34.5137 -3.5445
-6.9725 -35.2663 -3.4393
-7.2619 -42.115 -3.5678
-2.0805 -39.9909 -3.351
-4.527 -32.291 -3.2288
-7.6438 -41.3773 -3.482
-7.0741 -38.6372 -3.551
-1.6908 -31.4865 -3.0135
-5.3773 -36.3189 -3.5539
-8.0225 -36.8125 -3.3409
-2.9457 -41.3247 -3.536
-7.5477 -42.3097 -3.6836
-6.0141 -37.8993 -3.4436
-7.916 -34.5949 -3.5313
-1.963 -37.66 -2.5469
-0.1618 -40.5006 -3.5969
-0.1852 -39.4583 -3.5847
-7.644 -38.808 -3.4764
-0.7387 -35.7436 -2.2446
-7.4544 -42.8041 -3.5102
0.9969 -38.8601 -3.6833
-3.3634 -37.1209 -2.6839
-7.4544 -39.7281 -3.4591
-0.7388 -35.5007 -2.4248
-7.6438 -41.1312 -3.4613
-0.2785 -31.3399 -3.0743
-1.7928 -35.9665 -1.803
-7.4545 -36.5719 -3.4939
-6.014 -40.7815 -3.5034
-5.617 -34.3224 -3.4195
-4.4816 -37.3427 -2.6246
-1.9252 -38.7177 -3.5481
0.9969 -35.828 -3.6211
-4.9534 -36.3103 -2.8018
-8.0221 -39.7521 -3.2694
-1.5063 -36.2457 -1.7182
-3.6546 -36.6689 -2.6688
-5.5344 -37.7021 -3.5663
2.5877 -33.6945 -4.1162
-6.5896 -40.7806 -3.4391
0.5163 -35.8737 -3.3946
-1.8349 -31.7296 -3.1653
0.3106 -38.5744 -3.641
2.8698 -34.8439 -3.8128
-7.7377 -38.861 -3.4835
1.6628 -39.9101 -3.9798
-8.684 -38.4761 -3.937
-0.4709 -38.4762 -3.7703
-5.7533 -38.5681 -3.5987
-5.6033 -39.7268 -3.7614
-5.782 -34.9508 -3.5093
1.8503 -42.4176 -4.1967
-5.1472 -39.5659 -3.461
-7.644 -38.1182 -3.5583
-6.9725 -36.0359 -3.5868
-4.2671 -34.8556 -3.4397
-7.3536 -41.2809 -3.5897
-6.2042 -42.0443 -3.5457
-5.5346 -36.0429 -3.5464
-6.2042 -41.4923 -3.5573
-7.1021 -31.0781 -2.8199
-6.4905 -41.6175 -3.5174
-0.063 -37.7888 -3.6077
-2.9457 -39.6795 -3.2278
-7.3863 -33.5515 -3.5647
-4.8817 -37.3152 -3.5925
-7.216 -37.1573 -3.717
-6.1466 -35.0921 -3.3108
-7.5478 -39.1018 -3.5198
-4.2231 -38.1026 -3.5734
-6.11 -39.6263 -3.6438
-8.0081 -40.3995 -3.5481
-0.4541 -38.4221 -3.6307
0.9969 -37.6407 -3.529
-1.4125 -38.7788 -3.5979
-7.4544 -41.1116 -3.4735
-3.5887 -39.172 -3.4611
2.0745 -35.4182 -3.4504
-1.5062 -35.2305 -2.4502
-7.644 -37.6118 -3.6591
-6.1566 -35.7278 -3.5723
-0.4501 -42.4459 -4.0547
-3.4699 -37.9216 -3.7828
-7.6441 -36.7478 -3.7399
-2.8182 -39.4869 -3.4527
-7.2619 -39.2866 -3.4917
1.0749 -33.888 -3.6563
-4.5941 -37.3647 -3.5892
-7.6441 -36.5015 -3.573
1.1533 -33.2819 -3.5277
1.1942 -35.9821 -3.5428
-2.574 -31.6603 -3.0829
-3.8078 -39.4521 -3.3684
0.1265 -37.3601 -3.5455
-7.4544 -42.3497 -3.4945
-4.5755 -36.4353 -2.7162
-6.3632 -37.7054 -3.7895
-1.6983 -40.6896 -3.6464
-6.6837 -38.1683 -3.5445
-6.0142 -34.3895 -3.4902
-7.2619 -40.8867 -3.5418
-7.0535 -37.1704 -3.7827
-6.8718 -37.8515 -3.6275
1.652 -34.6708 -3.6207
1.7426 -34.1398 -3.6026
-1.1728 -31.2449 -2.8843
-6.7799 -40.5323 -3.5306
-0.6933 -33.7531 -3.5026
-6.11 -38.1774 -3.4041
-5.6518 -35.2586 -3.4515
-6.8715 -40.2489 -3.5635
-3.0426 -34.2495 -3.6946
-1.3108 -34.4903 -3.8181
-3.332 -41.4662 -3.5226
-4.7716 -40.8175 -3.5279
0.2749 -35.7037 -3.5565
0.8076 -39.8566 -3.6222
-7.1726 -33.3493 -3.726
-6.9725 -35.8238 -3.56
-6.0387 -37.2301 -3.6524
-5.6174 -33.0097 -3.3938
-2.0801 -35.5176 -2.1906
2.0247 -38.1472 -3.6033
-7.738 -37.2807 -3.5697
3.2303 -40.352 -4.6043
-4.5409 -37.9064 -3.4676
-2.0266 -35.4974 -2.6495
0.7685 -33.736 -3.5566
-4.5756 -34.6295 -3.5025
-8.2893 -33.8105 -3.4195
-7.6442 -35.8152 -3.3943
-7.091 -38.181 -3.7323
-5.4859 -37.2489 -3.5258
-2.6633 -34.8623 -3.9638
-3.561 -35.8605 -2.6665
-6.4712 -36.0877 -3.6645
-1.6015 -39.7014 -3.4431
-6.4904 -39.539 -3.5988
0.2229 -38.2847 -3.4677
-5.6449 -32.4396 -3.1581
-8.7086 -32.0993 -3.3795
-6.8718 -38.1861 -3.6031
-0.3269 -31.7001 -3.4917
-3.542 -36.9987 -2.8453
-7.6442 -35.2459 -3.4935
0.0324 -35.9221 -3.5501
-7.7373 -40.9517 -3.4743
1.5705 -40.6791 -3.7585
-0.4496 -37.485 -2.4006
-3.711 -34.8229 -3.7071
-0.45 -41.2316 -3.7405
-2.3725 -38.8827 -3.51
1.2821 -38.1237 -3.5861
-5.9183 -38.9642 -3.486
-7.5477 -42.9206 -3.4958
-8.0081 -40.2217 -3.6614
-1.4126 -40.0803 -3.4512
-3.0419 -35.6 -2.3078
-3.524 -42.6885 -3.6202
-2.3727 -41.4818 -3.6463
-2.8245 -39.1666 -3.4337
3.8972 -38.7583 -4.1426
-7.4545 -37.7632 -3.6176
-7.7773 -36.8188 -3.6367
-2.6636 -39.7394 -3.2186
-2.1134 -32.7614 -3.2392
-4.9206 -31.4033 -3.1633
-6.0134 -33.082 -3.71
-7.7377 -38.6784 -3.4416
0.0324 -36.1067 -3.3772
-5.9184 -34.9734 -3.4405
-2.8495 -34.7458 -3.9121
1.7236 -37.8065 -3.5462
-4.8708 -34.6324 -3.3349
-4.5757 -38.0796 -3.5088
-6.9725 -34.8703 -3.4163
-2.6639 -41.3385 -3.6064
-4.096 -31.8936 -3.0651
-5.8151 -32.2994 -3.0911
0.0365 -32.2922 -3.3475
-6.6836 -37.3366 -3.3724
-5.7311 -41.2029 -3.4255
-5.9184 -34.6553 -3.4002
-0.4479 -31.1345 -2.9934
-7.6442 -35.732 -3.4255
-6.9723 -38.6067 -3.5468
-2.9686 -34.0833 -4.1208
-7.074 -37.609 -3.6256
-3.5228 -34.5452 -3.7469
-2.4691 -39.6685 -3.199
-2.7567 -41.5882 -3.5933
-4.523 -33.9851 -3.2382
-6.4904 -39.3324 -3.7042
-1.0767 -31.3933 -2.9077
-7.0741 -38.6631 -3.6503
-4.4533 -38.9991 -3.4482
-0.6559 -38.2039 -3.6171
3.4058 -36.9546 -3.6893
1.4719 -40.9954 -4.0567
-3.9334 -33.5818 -3.28
-1.3109 -34.6927 -3.9961
-8.0081 -38.482 -3.4353
-3.3447 -38.215 -3.6011
-5.148 -35.3042 -3.5645
-2.5661 -31.5529 -3.0515
-6.4903 -36.9416 -3.5624
-5.797 -39.7412 -3.7505
0.1265 -40.7029 -3.7301
-8.7336 -34.6113 -3.4284
-5.9183 -39.3437 -3.5737
-3.6904 -39.1375 -3.4517
1.9846 -41.7525 -3.939
-0.2587 -42.6178 -3.9795
3.769 -33.1111 -4.2106
-1.4122 -37.3214 -3.3178
-7.9404 -36.187 -3.5163
-6.6016 -34.716 -3.6233
-2.1784 -40.5183 -3.4515
-1.3466 -33.122 -3.2777
-6.1774 -34.437 -3.4362
-6.202 -33.1804 -3.4435
-4.5755 -36.146 -2.6837
-8.698 -34.5122 -3.273
-7.7372 -41.1889 -3.6234
-2.6906 -31.1812 -2.8393
-2.2051 -35.9606 -3.8561
-8.0225 -36.4134 -3.2633
-3.3319 -40.1201 -3.2418
-5.7311 -35.4085 -3.49
-2.1455 -38.0083 -3.8339
-5.8261 -41.7679 -3.4624
-2.465 -36.2876 -1.9771
-3.9491 -35.46 -2.6708
-6.4904 -40.9618 -3.5931
-7.074 -38.1828 -3.5353
0.0061 -39.4264 -3.5743
-2.373 -36.2343 -5.5436
-6.544 -30.0938 -3.2724
-6.423 -34.817 -3.412
-2.7561 -35.889 -1.8768
-1.4128 -41.0705 -3.8122
-5.5138 -34.1235 -3.4395
-7.2427 -32.0081 -3.2849
-7.7373 -40.6852 -3.4866
0.324 -33.615 -3.3949
-6.6837 -38.397 -3.5067
-7.8801 -34.6136 -3.4527
-8.3377 -31.037 -2.7434
-2.4007 -35.8905 -1.8147
1.472 -35.1662 -3.5421
-6.1099 -42.2429 -3.8391
-7.6439 -40.131 -3.5665
-3.5234 -38.4888 -3.6027
-6.4905 -42.0273 -3.5672
-6.5892 -36.1259 -3.5741
1.2344 -35.7856 -3.5135
-2.6638 -40.8825 -3.4903
-7.7376 -39.5737 -3.5924
-2.4691 -39.851 -3.2408
-1.4165 -38.4867 -3.6324
-2.3722 -34.4955 -3.7574
-5.9183 -38.309 -3.3927
-5.3424 -41.2151 -3.4878
1.5702 -36.5873 -3.3924
-8.0223 -38.4883 -3.2957
-2.1785 -41.9771 -3.6858
-7.7375 -40.072 -3.5969
-4.5755 -36.5375 -2.6978
-6.11 -38.9114 -3.6035
-4.7099 -37.7016 -3.5345
-7.9158 -35.5996 -3.4349
1.472 -36.9161 -3.4483
-7.7374 -40.3006 -3.559
-3.492 -30.7343 -2.881
-6.0142 -34.628 -3.4473
3.0055 -38.6403 -3.9286
-5.8261 -40.748 -3.5777
-5.9244 -34.2548 -3.5732
-7.3537 -39.0683 -3.6269
-7.7376 -39.2184 -3.5036
-3.0415 -40.3782 -3.3129
-7.7376 -39.126 -3.517
1.3733 -33.3456 -3.6476
-5.7311 -38.4169 -3.3841
-7.9762 -38.9698 -3.5701
0.1265 -42.2415 -4.1939
1.1471 -36.8572 -3.5332
-1.3109 -42.0242 -3.8321
1.9472 -34.4264 -3.6491
-5.1479 -35.7926 -3.5741
-5.4597 -37.4969 -3.6701
-5.5342 -40.8727 -3.5352
-5.1448 -39.3454 -3.6609
-2.6632 -34.5871 -3.7891
-1.6009 -34.4489 -3.8168
-8.6924 -32.5004 -3.3755
-3.5863 -35.8274 -2.5904
-6.093 -34.6351 -3.5424
-0.6599 -36.7357 -4.1808
-2.2044 -37.5438 -2.6736
-2.4687 -35.2308 -2.5946
0.5159 -39.1771 -3.5996
-3.6231 -42.7281 -3.52
-6.7517 -33.4185 -3.6446
-7.5477 -41.7937 -3.4742
-5.9183 -41.3987 -3.4703
-2.9457 -39.6963 -3.3093
-2.3717 -36.1335 -1.6948
-4.3582 -30.9023 -2.6452
-7.5478 -40.2854 -3.5798
-2.0801 -35.4473 -2.2715
-7.7377 -38.6952 -3.5231
-8.0226 -36.3817 -3.347
-3.0417 -35.8144 -1.8046
3.301 -33.74 -3.9641
-5.7066 -37.4808 -3.5561
1.7711 -33.5434 -3.6881
-3.3315 -35.7689 -2.6604
-5.44 -39.6001 -3.5891
2.0469 -37.7054 -3.6698
-7.7378 -38.5899 -3.4868
-4.8652 -35.0232 -3.504
-6.0572 -35.1459 -3.4972
-4.2847 -39.5954 -3.3428
-7.7378 -38.3303 -3.5855
0.708 -42.4365 -3.9633
-4.1873 -42.0996 -3.6066
-5.0559 -39.125 -3.3476
-8.0081 -36.9214 -3.5117
1.9845 -40.5264 -3.8442
-7.2619 -41.5296 -3.5626
1.3827 -37.3105 -3.6766
-7.4544 -42.9003 -3.5287
-1.3394 -39.131 -3.5837
-1.7644 -37.2058 -2.5858
-6.3466 -34.0181 -3.2
-7.6439 -40.7171 -3.5488
-8.0065 -31.4635 -2.965
0.9167 -39.8212 -4.0055
-2.4691 -34.5565 -3.8728
-0.739 -40.1419 -3.477
-6.8216 -35.7942 -3.5412
-2.4693 -41.2041 -3.608
-2.7562 -35.4686 -2.3164
-4.0436 -33.9995 -3.2427
-5.788 -36.9888 -3.4938
-3.9052 -41.3574 -3.556
2.6639 -37.4094 -3.7832
-7.7379 -37.5746 -3.611
-3.7463 -38.387 -3.5662
-2.8491 -34.9013 -2.5161
-4.5314 -38.9777 -3.4963
-0.2484 -34.6116 -3.8185
-7.1846 -33.1642 -3.4905
-3.7111 -37.6997 -2.5656
-7.6439 -40.1726 -3.4778
0.0764 -36.1826 -3.3632
-4.1522 -37.6036 -3.7704
-3.3973 -34.326 -3.7411
-5.5342 -40.6289 -3.5921
-7.1224 -36.5637 -3.6575
-7.0745 -42.4258 -3.5645
-3.4158 -37.7018 -3.8654
-2.6639 -41.6785 -3.5679
-4.5803 -37.9962 -3.6694
-7.7371 -42.0375 -3.4154
-0.2338 -37.0711 -3.7688
-0.2582 -35.6535 -2.4811
-0.9284 -34.9732 -2.3667
0.4656 -32.793 -3.273
-0.847 -37.3993 -2.6173
-3.8075 -36.8666 -2.6512
-1.9284 -39.038 -3.5387
-8.0223 -38.2352 -3.1885
-5.7755 -38.3914 -3.5321
-6.3307 -34.1396 -3.2475
-7.644 -38.194 -3.6096
-3.0417 -39.0644 -3.3869
-5.7679 -35.6092 -3.5363
-3.7266 -34.7755 -3.6225
-7.9156 -38.3856 -3.4761
1.9608 -36.2761 -3.492
-5.0558 -41.2075 -3.4442
2.4826 -39.5032 -4.0886
0.1139 -35.7243 -3.4769
-4.4816 -34.6449 -3.4608
-6.2042 -40.8652 -3.4947
-6.7798 -42.2368 -3.4937
-7.9155 -38.9801 -3.499
-7.9159 -35.1507 -3.5514
-6.9725 -34.4456 -3.5317
-4.8865 -33.793 -3.2872
-7.5478 -41.3122 -3.5511
-7.4545 -34.8309 -3.4594
-5.9988 -39.2667 -3.7584
1.9792 -40.9963 -3.988
3.8392 -38.2714 -4.1729
-4.8278 -30.1686 -3.0524
-2.7757 -32.756 -3.2194
1.2821 -39.4985 -3.8751
-8.6207 -38.1909 -3.5883
-0.2014 -31.6821 -3.4081
3.7703 -36.5735 -3.6278
-7.5478 -39.1941 -3.5064
-1.8976 -33.1431 -3.2029
-7.7382 -36.437 -3.4713
-0.0367 -30.9493 -3.1536
-4.4818 -38.3145 -3.4115
-2.7567 -41.5186 -3.6513
-4.3822 -41.6886 -3.3899
-6.9723 -38.6931 -3.5703
-6.2042 -40.1519 -3.5548
-7.4545 -38.6847 -3.5526
-6.6837 -42.1742 -3.5715
1.7997 -35.7293 -3.4968
-1.6984 -41.0147 -3.7731
-6.9724 -38.628 -3.6372
-6.9725 -34.5924 -3.4793
-8.0224 -37.5371 -3.2298
-5.6475 -39.0752 -3.6281
-5.6783 -36.4884 -3.6419
-5.4965 -35.6473 -3.5874
-5.44 -40.0734 -3.6176
-7.0739 -36.8562 -3.5596
-6.78 -38.5166 -3.6138
-4.5755 -37.3599 -2.7058
-0.3494 -35.7755 -3.4425
-7.4966 -35.8386 -3.5795
-7.7383 -35.7864 -3.387
-6.78 -39.6904 -3.6788
-7.5479 -34.8936 -3.4612
-8.0081 -41.9761 -3.5761
1.4847 -33.8758 -3.6958
2.6672 -38.4475 -3.7928
-1.0257 -42.3131 -4.045
-2.7566 -34.6278 -3.8032
-7.7386 -34.357 -3.5987
-1.056 -37.1044 -2.6332
-4.8267 -38.4426 -3.4688
-5.2493 -38.7793 -3.3347
-1.5068 -38.8117 -3.5143
-2.1784 -38.9553 -3.4504
-1.4125 -39.4858 -3.4283
1.188 -38.5979 -3.6606
-2.5654 -36.3963 -1.9896
-7.0743 -41.0226 -3.5603
-2.3726 -40.5517 -3.5246
-6.9723 -40.2191 -3.6694
-3.3697 -36.9884 -2.6649
-7.5766 -31.8439 -3.1389
3.8387 -37.0785 -3.7692
-7.7375 -39.6653 -3.6019
-7.8607 -32.6791 -3.4558
-7.5477 -41.7098 -3.5283
-2.5187 -32.7865 -3.2988
-2.2758 -35.6308 -1.9401
-5.1166 -30.9658 -3.1275
-4.4407 -35.1447 -3.4857
2.2312 -34.4585 -3.6219
1.6629 -38.2581 -3.5847
-4.2272 -36.5754 -2.8481
-4.0071 -31.9572 -3.0882
-3.8551 -38.4522 -3.5194
-7.9151 -42.6355 -3.5917
-4.1705 -32.4536 -3.3176
-5.8957 -35.7026 -3.6387
-5.0168 -36.6901 -2.9161
-4.7428 -38.3443 -3.6254
-3.3313 -35.9329 -1.9128
-3.9985 -40.8999 -3.6674
-7.9152 -42.1999 -3.4426
-6.6836 -36.7939 -3.548
-4.5758 -42.6981 -3.5942
-5.168 -31.3684 -3.3031
-7.7376 -39.3177 -3.5767
-3.9052 -41.6261 -3.4751
-3.835 -38.3698 -3.7573
0.997 -41.7587 -4.14
-5.7712 -36.6816 -3.6498
-6.3498 -33.3444 -3.1904
-5.1476 -36.3966 -2.6922
-4.966 -36.741 -2.7638
-6.7798 -42.8867 -3.601
-3.237 -39.7112 -3.316
-6.2797 -34.5059 -3.3693
-0.1757 -38.9502 -3.6131
-0.1614 -36.3613 -2.4348
-6.2042 -40.5116 -3.5063
-2.2762 -39.5373 -3.2768
-6.2042 -36.9994 -3.4755
-6.6837 -39.0096 -3.5654
-8.0081 -34.8117 -3.5083
-0.3004 -30.8957 -2.8368
-4.2847 -40.587 -3.6582
-2.2763 -40.322 -3.4051
-2.4691 -39.7625 -3.286
0.0325 -36.3672 -3.4018
-6.3023 -33.5874 -3.3331
1.3753 -39.7578 -3.823
-2.7567 -38.2498 -3.879
-5.9183 -38.0857 -3.4166
0.1265 -35.6373 -3.547
-3.7114 -40.2264 -3.4593
1.4182 -34.925 -3.4962
-5.9184 -36.3629 -3.4179
-2.0982 -38.3669 -3.601
-4.4597 -38.7672 -3.4291
1.188 -38.8524 -3.722
3.4062 -38.7322 -3.9843
-6.5896 -41.594 -3.5755
-7.3694 -32.6282 -3.4293
-7.4544 -40.3914 -3.447
-2.6628 -35.0911 -2.5416
-3.5507 -38.41 -3.5751
-8.0217 -42.7852 -2.9926
-2.0805 -39.791 -3.3967
-1.1009 -35.7164 -3.7172
-7.0738 -35.477 -3.4082
-7.3538 -37.4439 -3.5779
-5.7894 -37.5651 -3.5385
-4.3821 -36.6254 -2.6762
0.5001 -35.9455 -3.612
-6.7798 -42.7828 -3.5189
-6.2042 -42.9151 -3.5515
0.8076 -40.2723 -3.6351
-8.5545 -33.0219 -3.5132
-7.9153 -41.205 -3.534
-6.0141 -40.1939 -3.5669
2.3635 -36.1133 -3.4414
0.2226 -42.4926 -3.9876
-6.8721 -35.4295 -3.4002
-7.9153 -40.6267 -3.7615
-6.8717 -38.9298 -3.6513
-7.5479 -35.2746 -3.5031
0.0324 -35.7911 -3.5606
-8.0217 -42.4412 -2.8532
-5.9183 -42.3326 -3.624
-3.1839 -33.1992 -3.3218
-1.3106 -35.4671 -2.3066
-4.8626 -35.6696 -3.6493
-5.6364 -31.954 -3.341
-7.3536 -40.1556 -3.5224
2.0346 -34.7787 -3.6312
-7.644 -38.577 -3.4367
-7.9153 -41.0761 -3.4759
-7.0738 -35.6838 -3.4489
-2.943 -36.2932 -1.9347
-5.5346 -35.4893 -3.4576
-2.8492 -37.3074 -3.2461
-5.7311 -38.1125 -3.3707
-0.7248 -31.1017 -2.9582
-8.0081 -40.2678 -3.5816
-5.9184 -37.4012 -3.4845
-5.4893 -38.3313 -3.5165
-8.5882 -38.3681 -3.3568
-6.6837 -41.548 -3.6321
-5.9184 -36.4622 -3.491
-3.0291 -31.8048 -3.0389
-7.9153 -40.799 -3.5161
-6.261 -36.1607 -3.457
-4.0147 -36.8078 -2.7574
-2.1829 -35.8723 -3.9227
0.1266 -39.7287 -3.4733
-7.2619 -38.3499 -3.5757
2.26 -37.5288 -3.708
-3.4027 -33.5473 -4.9639
-1.7936 -41.7556 -3.7432
-5.7311 -39.0349 -3.4289
-1.6014 -38.5333 -3.6566
-6.0142 -36.9181 -3.5616
-4.4816 -35.129 -3.6076
-7.4737 -32.8145 -3.4783
-7.7372 -41.6705 -3.5464
-0.9519 -38.9865 -3.5932
-3.2586 -33.864 -4.3618
-5.5533 -34.1488 -3.5919
-7.9155 -39.1248 -3.5152
-6.3549 -36.0601 -3.6068
-7.262 -37.0566 -3.6166
-8.0081 -40.6147 -3.6296
-0.1915 -36.6634 -2.593
0.9006 -38.6827 -3.7059
-6.0142 -36.3675 -3.5275
1.6631 -35.2904 -3.6241
-6.6997 -33.5494 -3.5191
-7.4545 -38.3493 -3.5999
-4.71 -32.2327 -3.2003
1.282 -36.7492 -3.4432
0.7999 -37.7561 -3.653
-8.373 -31.977 -3.1919
-1.7935 -40.7461 -3.6846
-7.4181 -33.4593 -3.3934
0.4781 -36.2894 -3.5812
-3.2125 -33.4258 -5.4616
-8.0081 -38.2708 -3.5318
-0.2586 -34.2447 -3.8752
-6.9358 -36.2855 -3.6462
-2.0643 -33.318 -3.4115
-0.4499 -39.2956 -3.4458
-0.646 -41.052 -3.8549
-0.4326 -37.3024 -2.5395
-7.9155 -39.1945 -3.6034
-6.7799 -40.7936 -3.5324
-4.5757 -40.1281 -3.6114
-3.018 -37.3395 -2.7726
-3.8702 -33.6125 -5.187
1.8503 -40.7363 -3.963
-6.2546 -39.3524 -3.4763
-5.8255 -39.0675 -3.6648
-7.9762 -40.8214 -3.6267
-6.4905 -41.8722 -3.7251
-4.3822 -38.2227 -3.4253
-6.242 -38.005 -3.5142
-6.2042 -40.613 -3.5108
-8.0081 -41.5558 -3.5543
0.6132 -39.6774 -3.7395
-2.7567 -41.4526 -3.5949
-1.6008 -34.8688 -2.4773
1.9502 -37.6513 -3.6592
-7.9155 -39.0499 -3.5872
0.7083 -34.2905 -3.7191
-6.6836 -35.7851 -3.4662
-4.4816 -34.9321 -3.5618
-5.8261 -41.8897 -3.4339
-3.2858 -39.1626 -3.4943
-2.8902 -38.7729 -3.5282
-6.1101 -37.2868 -3.4084
-4.2176 -36.4405 -2.7206
-5.9184 -37.4518 -3.4137
-8.7437 -31.5302 -3.4172
-3.3466 -33.8679 -3.308
-0.7428 -35.8213 -3.6469
-7.5479 -36.6627 -3.5264
-3.3479 -34.9493 -2.4558
0.2226 -42.2882 -4.0244
-0.977 -36.9373 -4.9657
-5.7311 -38.7115 -3.4026
1.57 -35.0389 -3.5408
-7.4545 -39.813 -3.5283
2.8692 -36.1997 -3.519
-7.2619 -38.266 -3.6298
-0.5171 -34.4668 -3.7609
-7.2619 -42.0735 -3.6565
-7.7375 -39.9674 -3.5378
-0.4499 -39.9635 -3.4425
-5.1475 -37.7198 -3.5363
-6.6731 -34.7694 -3.5679
-3.7076 -37.1051 -2.7927
-6.9723 -40.3508 -3.636
0.0325 -38.0424 -3.526
-5.1606 -39.6215 -3.6134
-1.0362 -30.8219 -2.7443
-3.9978 -36.8427 -2.6657
-1.2478 -31.674 -3.1254
2.1282 -37.4945 -3.6127
2.8545 -36.6994 -3.7655
-7.4544 -40.5498 -3.4901
-3.7115 -41.5372 -3.4769
0.1266 -39.4242 -3.4599
-5.3576 -37.7522 -3.6807
-7.7379 -37.8646 -3.6206
-5.4736 -35.5724 -3.5192
-4.7596 -32.156 -3.0654
-6.749 -33.7772 -3.6725
-2.9457 -40.7319 -3.6135
-0.5171 -37.0398 -2.5856
0.7432 -34.0784 -3.4807
-2.8491 -39.8823 -3.3836
0.8769 -33.9206 -3.5789
-7.9156 -38.2933 -3.4895
-7.0135 -34.421 -3.4076
-7.2619 -39.8947 -3.5415
-4.7577 -38.1226 -3.6433
0.1266 -38.3406 -3.4503
-5.3422 -42.5449 -3.5184
1.8501 -37.916 -3.6495
-1.4118 -35.778 -1.7761
-6.6837 -37.7866 -3.5254
-6.5895 -39.729 -3.6379
-3.8078 -39.2976 -3.3572
-8.022 -40.1554 -3.0635
-4.6735 -32.305 -3.3625
2.2028 -35.2979 -3.5364
-7.6437 -42.4065 -3.5308
-2.8587 -38.0771 -3.6234
-3.7115 -40.8635 -3.6631
-0.4742 -36.7739 -2.5901
-2.2974 -32.8251 -3.2303
2.6907 -36.1779 -3.5658
-2.7566 -38.5016 -3.5705
-2.5304 -33.2141 -3.4731
-4.3822 -39.5357 -3.3743
-7.9157 -37.4293 -3.5702
-6.0863 -33.8772 -3.4914
-0.7258 -30.5786 -2.6579
-7.9157 -37.2477 -3.6516
-3.5317 -38.2222 -3.6321
-0.0695 -31.0106 -3.2467
-4.9009 -35.8628 -2.6665
-2.8492 -38.8754 -3.5487
-5.4396 -41.8814 -3.3703
-7.7376 -39.3638 -3.4969
2.7658 -36.2908 -3.4991
-6.4903 -37.1822 -3.4509
-7.9152 -42.1212 -3.4828
-2.4694 -42.0411 -3.7659
0.7081 -39.2246 -3.6214
-7.3956 -35.9166 -3.5731
-4.6678 -38.2198 -3.6728
-2.6636 -39.8939 -3.2297
-8.0081 -40.5441 -3.5643
-2.7564 -39.3999 -3.3493
-5.2493 -40.3712 -3.4904
-8.4828 -32.6422 -3.5485
-6.8719 -36.954 -3.5452
0.2229 -37.4087 -3.6221
-7.5478 -38.2976 -3.5475
-0.7587 -35.6036 -5.6099
-7.074 -37.8066 -3.6485
-3.0415 -40.0063 -3.2889
-7.262 -35.5321 -3.4717
3.2251 -34.3696 -3.7359
-3.2024 -33.0554 -3.3567
-7.9157 -36.5842 -3.5176
-2.8492 -38.7329 -3.4639
-3.1786 -35.8873 -1.8176
-2.0337 -31.6168 -3.1642
-5.4399 -40.3491 -3.6233
-7.9158 -36.1857 -3.4171
-0.5667 -35.7073 -3.5918
2.8941 -33.4276 -3.5944
-2.9457 -35.6023 -2.0903
-5.4397 -41.5875 -3.329
-4.752 -32.7072 -3.3584
1.2821 -40.0445 -3.9004
3 -33.33 -3.6319
-7.9158 -35.948 -3.4372
-3.163 -33.3047 -5.3182
-5.7311 -41.771 -3.5183
1.6171 -35.9741 -3.5163
-2.8491 -35.5205 -2.3689
-4.1222 -38.0574 -3.5841
-1.3106 -35.0456 -2.4768
-8.0218 -42.3486 -3.1818
1.8503 -41.4521 -4.1267
2.9362 -40.358 -4.6015
0.6945 -32.761 -3.1731
-7.6971 -35.9183 -3.5949
-4.7685 -38.2497 -3.6844
-2.1784 -39.4822 -3.3165
-8.0081 -39.4142 -3.4884
-7.0743 -40.0475 -3.7878
-4.8652 -35.5511 -3.6397
-2.8472 -32.1956 -3.1043
0.9006 -40.7416 -3.6346
1.188 -34.7018 -3.6788
-6.0141 -42.2146 -3.785
-0.1618 -38.6126 -3.4689
-7.7373 -40.9874 -3.5686
1.9314 -34.8351 -3.6016
1.3752 -42.2783 -4.1464
1.5703 -39.5896 -3.9316
-8.0082 -42.477 -3.8043
0.2231 -34.4746 -3.8251
-1.2384 -32.7403 -3.2043
-5.1178 -34.7399 -3.4973
-3.8079 -40.4506 -3.624
-5.6205 -37.989 -3.4109
3.0031 -34.9535 -3.6417
-6.1179 -33.7557 -3.3962
-1.9835 -39.8113 -3.4081
-0.9767 -33.7405 -3.5161
-0.2608 -33.4834 -3.3554
-7.6631 -33.3461 -3.5149
-3.8078 -39.247 -3.4281
2.3459 -33.1087 -3.678
-7.7373 -40.7836 -3.4364
-4.5757 -38.7616 -3.3634
1.5703 -38.6572 -3.732
-6.7802 -34.8641 -3.4293
1.5703 -39.498 -3.922
-8.0219 -41.6073 -3.2114
3.8193 -34.1297 -3.7118
-5.5346 -36.1437 -3.5738
-7.4544 -40.7155 -3.4505
-2.8492 -37.3681 -3.3164
-7.734 -33.7486 -3.4819
-5.5343 -39.7005 -3.5706
-7.3538 -36.8132 -3.6295
-0.4636 -38.7203 -3.6022
-4.7411 -35.5534 -2.5822
-7.1096 -35.7767 -3.5465
-2.2528 -37.1457 -2.7633
-4.9913 -36.1336 -2.6876
-3.9983 -39.8288 -3.415
-4.4817 -37.4132 -2.6899
-8.0081 -36.1391 -3.4609
-5.5102 -33.6403 -3.4276
-7.3536 -41.4225 -3.5513
-2.4462 -33.6978 -3.4277
2.0562 -38.5447 -3.6985
-6.4789 -36.5977 -3.7348
-1.0248 -36.1141 -1.762
-1.6975 -35.4108 -2.5598
-6.9724 -36.7151 -3.5329
-7.6131 -33.9382 -3.7034
-6.4905 -42.8014 -3.7237
-2.0805 -40.4774 -3.5754
-7.0742 -39.58 -3.5762
-6.5891 -34.9164 -3.4146
0.6135 -36.1339 -3.4764
-8.0159 -33.0652 -3.4116
-5.4527 -31.4857 -2.8069
-6.9723 -41.3534 -3.6084
-3.0549 -36.472 -5.3395
-1.7936 -41.5929 -3.8375
-6.11 -40.5893 -3.49
-6.9724 -38.8454 -3.6501
0.8535 -38.6837 -3.8149
-6.2544 -34.4728 -3.4454
-0.6453 -36.63 -2.4543
-1.4124 -38.8203 -3.5092
-4.5339 -34.4358 -3.4555
-0.2586 -40.1651 -3.4982
-7.6438 -42.0748 -3.4638
-1.7929 -35.3566 -2.5758
-3.2405 -32.5068 -3.147
-7.6441 -36.2643 -3.4239
-7.2618 -42.2875 -3.4685
-1.4033 -36.9749 -4.2302
-7.6878 -37.2806 -3.7026
-5.9183 -41.5016 -3.4291
2.2313 -35.088 -3.622
-6.9724 -38.4954 -3.5473
-4.4062 -37.7617 -3.6897
-5.8261 -39.0274 -3.5104
-1.3824 -31.3042 -2.936
-2.1553 -33.64 -3.4291
-7.074 -37.8429 -3.5737
-1.3572 -33.6517 -3.3576
1.8503 -40.4371 -3.9356
-2.632 -39.4987 -3.4632
-4.482 -40.7447 -3.5332
-7.7383 -35.9387 -3.4668
-0.4066 -37.5902 -3.7714
-5.0543 -36.2781 -2.7836
-7.5479 -37.3262 -3.6605
-2.5194 -37.6417 -2.7658
-0.7805 -33.8223 -3.5328
3.7105 -36.0083 -3.5812
-4.13 -37.359 -2.6915
-6.5893 -37.882 -3.5898
3.0403 -38.7176 -4.0333
-6.0521 -39.0645 -3.8176
2.0334 -39.6499 -4.2015
-7.6439 -40.3976 -3.5543
-0.8707 -32.5567 -3.2349
1.6707 -37.9399 -3.6783
-4.2091 -33.7731 -3.2998
-6.2732 -33.3242 -3.3882
-8.5488 -37.7988 -3.5114
-3.7115 -41.4858 -3.5706
-6.7799 -41.4185 -3.6636
-8.0081 -41.8761 -3.5258
-7.3537 -37.6939 -3.6304
-7.4692 -37.8055 -3.6987
-1.6985 -42.0024 -3.9104
-8.0081 -35.3037 -3.4034
-7.4545 -38.0585 -3.6132
-7.2619 -38.443 -3.5394
1.6631 -35.3835 -3.5879
-2.7565 -39.6861 -3.1461
0.4179 -38.9471 -3.5797
-5.5983 -36.4649 -3.4771
0.797 -33.493 -3.6422
-1.2841 -38.2165 -3.8585
-7.4544 -41.7879 -3.5111
1.4402 -39.5295 -4.1322
-4.8651 -36.0968 -2.765
-5.826 -34.4391 -3.3873
-0.0629 -36.8743 -3.2979
-1.0254 -40.1844 -3.4209
-3.6229 -41.7337 -3.4423
-2.4969 -34.1001 -3.885
-7.3537 -38.7116 -3.5839
-8.0221 -40.1623 -3.15
2.4395 -36.9747 -3.6699
-4.3822 -42.3384 -3.4972
2.664 -38.2377 -3.7833
2.6813 -36.5755 -3.5374
-1.6772 -36.9243 -1.981
-3.0418 -35.627 -2.069
-7.7373 -41.0935 -3.582
-4.7708 -34.6338 -3.5098
-5.7311 -37.226 -3.5529
-2.3347 -35.6234 -5.8884
-1.2126 -36.0098 -1.7711
-5.9183 -39.2057 -3.4978
3.8456 -38.6358 -4.1919
-0.5278 -36.2299 -4.2937
-5.5203 -35.1947 -3.4207
2.9968 -35.8923 -3.6229
-8.022 -40.6326 -3.1238
-2.5089 -38.6699 -3.54
-0.1614 -37.3207 -2.3953
2.9024 -38.3891 -3.9084
-8.2959 -38.4264 -3.6172
-7.091 -30.3468 -2.966
-3.1866 -33.8811 -4.4218
-4.2847 -40.9922 -3.6991
-8.3958 -37.8435 -3.5643
-7.0741 -38.4457 -3.6374
-1.2911 -35.6749 -1.7052
-6.5896 -40.9677 -3.4899
1.6626 -41.9185 -4.1258
-6.9415 -34.7629 -3.5128
-6.9724 -37.3566 -3.5995
-7.6438 -41.1715 -3.5645
-4.5758 -41.0383 -3.5971
1.3752 -41.948 -4.0336
-4.0178 -36.4544 -2.7478
-5.3004 -38.3405 -3.49
-5.8261 -40.1982 -3.5206
-8.0222 -39.5923 -3.2722
1.9841 -36.7155 -3.4701
-6.7801 -37.285 -3.387
-5.6975 -31.5859 -3.2146
0.8076 -40.3776 -3.6714
-0.739 -40.3123 -3.4463
-2.3566 -30.7971 -2.6738
-6.9725 -34.6961 -3.4152
0.6133 -38.3679 -3.5297
1.1855 -29.8068 -3.1149
-1.7585 -31.8663 -3.2306
-3.2858 -38.9969 -3.4943
-3.0417 -35.6395 -1.8263
2.1839 -36.1704 -3.4795
-1.0613 -32.0416 -3.1792
-4.6188 -37.6117 -3.7342
-3.6683 -34.561 -6.028
-7.5477 -41.9247 -3.4637
-2.6946 -36.2675 -5.3737
-5.3426 -39.6385 -3.4593
-3.3319 -38.7128 -3.5211
-1.7934 -40.1997 -3.3671
-2.3729 -42.3584 -3.9303
-2.4815 -36.0896 -1.8735
-7.3538 -36.8744 -3.5308
-4.771 -37.3649 -2.6902
-7.6438 -41.5949 -3.6411
-7.9335 -38.5043 -3.975
-3.8203 -38.2092 -3.6239
-3.2678 -32.8004 -3.2483
-4.5756 -35.5687 -3.6422
-3.1669 -32.5718 -3.2151
-6.1101 -37.199 -3.4307
-4.1711 -36.1621 -5.7235
-7.4063 -37.7125 -3.777
-7.0743 -40.899 -3.4883
-6.8869 -36.0336 -3.4915
-0.0628 -39.8915 -3.5249
-3.5228 -34.3595 -3.6504
-6.6837 -42.4373 -3.8199
0.8077 -40.9555 -3.7592
3.7164 -35.4028 -3.466
-0.1615 -41.6782 -2.6245
-6.2042 -38.6343 -3.4965
-1.6017 -40.5686 -3.5632
-7.7379 -37.6405 -3.6674
-5.3426 -39.5871 -3.553
-0.3002 -37.784 -3.76
-3.5325 -36.6922 -2.7903
-5.5344 -36.5583 -2.7096
-6.9723 -40.5417 -3.7186
-3.9045 -34.8929 -3.6931
-7.6439 -39.5728 -3.4688
-0.8303 -34.306 -3.6667
3.1587 -35.0102 -3.5363
-5.8261 -40.4685 -3.5402
-2.1784 -40.1721 -3.3806
-5.2492 -41.4297 -3.3781
-3.6224 -39.3527 -3.2959
-6.78 -39.5594 -3.6894
-5.0867 -37.7301 -3.7053
-2.756 -36.2076 -1.748
-7.194 -30.2766 -2.9861
0.9532 -32.0668 -3.4388
-4.8172 -38.8623 -3.4975
-7.6441 -36.3514 -3.4245
-8.0081 -35.7945 -3.4905
-2.3717 -36.229 -1.7361
3.8425 -39.7071 -4.1825
-7.6441 -36.946 -3.5937
0.613 -42.2464 -4.0609
-6.1447 -39.421 -3.6943
-5.5343 -39.0483 -3.3858
-5.9298 -35.5997 -3.35
-3.6231 -42.5587 -3.674
-5.0236 -36.1717 -2.8839
1.8503 -39.4785 -3.952
-8.0222 -38.8851 -3.2957
-4.2847 -39.2417 -3.3544
-0.5697 -34.0838 -3.5821
-3.7109 -35.7083 -2.6478
-7.548 -34.7679 -3.4578
-7.5478 -39.4477 -3.4446
-0.7877 -33.6785 -3.3753
0.9006 -38.9818 -3.7333
0.32 -37.5584 -3.6694
1.472 -38.2285 -3.5665
0.0326 -39.2388 -3.4894
-4.8654 -38.6086 -3.3628
-0.739 -39.6427 -3.3491
-7.3538 -35.5703 -3.4534
-6.8719 -37.1426 -3.5503
-0.2582 -35.3702 -2.4119
-2.8491 -42.5187 -3.7148
-7.7748 -34.005 -3.3564
-6.0142 -36.2629 -3.4683
-3.8081 -42.3681 -3.7369
3.3112 -37.1529 -3.6989
-5.4744 -31.9973 -3.1722
-6.4903 -36.6561 -3.5617
-3.5231 -37.2759 -3.2425
-4.985 -36.8073 -2.7068
-4.163 -33.805 -5.224
1.1259 -36.7515 -3.6449
-3.5221 -34.4423 -3.8307
-5.9172 -33.5566 -3.3876
1.5702 -36.7002 -3.4924
-6.5896 -41.6795 -3.4757
-3.9979 -37.6265 -2.6708
-5.0558 -36.3049 -2.7045
-3.8078 -39.7558 -3.4047
-1.3106 -35.542 -2.2347
3.041 -37.1734 -3.7563
-1.5069 -39.0185 -3.555
-4.4821 -41.8426 -3.4007
-7.5478 -38.4013 -3.4834
-6.7801 -38.15 -3.5758
0.3718 -38.1789 -3.7992
-0.648 -35.0243 -3.9046
-2.3237 -37.5039 -2.6323
-7.644 -38.6422 -3.516
2.0113 -39.4401 -4.1349
-4.8656 -41.2909 -3.4686
-3.2371 -40.3761 -3.4043
-5.056 -35.8358 -3.6077
-7.5479 -37.4193 -3.6242
-6.1102 -34.2952 -3.5958
-2.0603 -38.1791 -3.7151
-4.8654 -37.7403 -3.5807
-6.9722 -42.8724 -3.6211
-4.8655 -39.5787 -3.4418
-4.9618 -33.1099 -3.4392
-7.7378 -38.4361 -3.4527
1.6627 -40.2553 -3.9275
0.9734 -29.8532 -3.3793
-2.4687 -35.4307 -2.5489
-6.5894 -38.5082 -3.5292
-5.3423 -42.0625 -3.4719
-4.2846 -41.1928 -3.6305
-3.905 -39.2921 -3.3722
-8.0226 -35.4765 -3.2014
-7.0745 -42.3298 -3.6922
-7.5478 -40.8677 -3.5303
-1.6014 -38.3418 -3.7431
-6.4777 -36.1853 -3.6911
-4.7713 -38.6697 -3.3522
-6.8713 -42.1004 -3.6204
-8.0249 -37.9703 -3.6504
1.188 -37.1846 -3.515
-7.4544 -42.1182 -3.6239
-2.3727 -41.3923 -3.5682
-5.1472 -39.3562 -3.5117
-0.9412 -36.4614 -5.083
-7.3539 -34.6541 -3.5044
2.1903 -36.314 -3.4986
-5.4435 -34.6954 -3.3538
-5.5601 -33.737 -3.5906
-5.0559 -40.1166 -3.6631
-7.1377 -33.5158 -3.6495
-3.3319 -38.6377 -3.4469
-4.1873 -38.4351 -3.496
-5.2617 -34.0995 -3.3076
-7.2856 -33.9962 -3.5933
0.2738 -35.4521 -3.7935
-8.0081 -42.7757 -3.5393
-7.5478 -39.6773 -3.53
1.2218 -36.2053 -3.4755
-4.9482 -38.5632 -3.393
2.8727 -34.0487 -3.8222
-4.594 -37.5512 -3.6625
-0.8297 -37.6455 -3.8718
-4.3877 -36.8096 -2.7849
-5.3425 -40.6564 -3.559
-4.3822 -34.5075 -3.3854
1.8503 -39.8403 -3.8349
-4.8656 -40.5346 -3.6631
-4.1873 -35.3588 -2.6915
-7.3538 -35.3674 -3.4444
-3.7495 -33.4008 -3.3132
0.997 -40.8016 -3.6493
0.48 -31.6177 -3.1199
3.5356 -38.1032 -4.0794
-7.4545 -35.3784 -3.4389
0.1266 -36.8441 -3.3362
1.8029 -35.3207 -3.5063
-0.0628 -39.3887 -3.5114
-0.2586 -39.96 -3.5579
-6.2042 -39.846 -3.5871
1.1299 -36.1059 -3.5715
-2.3725 -39.1816 -3.3912
-2.2764 -38.2245 -3.9358
-6.6837 -42.5122 -3.7479
-8.0081 -37.1495 -3.6428
-5.281 -33.2823 -3.5456
-6.8713 -34.7316 -3.5694
-4.1873 -40.5237 -3.5555
-8.0223 -38.3746 -3.2187
2.1977 -38.5989 -3.8222
-2.7793 -31.4612 -3.1025
-4.6345 -35.277 -5.583
2.7653 -38.9224 -4.0877
-7.738 -37.4822 -3.6244
-1.5071 -40.7625 -3.6438
-7.6437 -42.7829 -3.5638
0.7082 -38.147 -3.5747
-3.2835 -32.5302 -3.2637
-6.5895 -39.6056 -3.712
1.0147 -37.4067 -3.7953
2.3147 -36.9632 -3.5839
-2.0098 -36.0696 -3.867
-5.6898 -33.2337 -3.7878
3.5254 -35.1212 -3.4786
2.8317 -34.4574 -3.6986
-8.3762 -33.6412 -3.363
-4.6037 -35.421 -3.5605
-8.0081 -40.638 -3.5052
-5.9183 -38.9272 -3.5836
3.4027 -37.1203 -3.6798
-7.4545 -38.4014 -3.4833
-5.4789 -33.4074 -3.5785
0.0029 -38.9736 -3.5648
-2.3725 -38.4787 -3.7387
-7.6441 -37.2565 -3.5704
-2.0805 -38.3203 -3.8435
-6.5896 -41.0548 -3.4905
-6.6836 -34.5887 -3.5026
-7.3157 -34.2288 -3.4431
0.9969 -37.1355 -3.4379
-2.0668 -34.2032 -3.6955
-2.7568 -42.495 -3.8395
-7.0741 -38.9054 -3.6392
-7.1237 -36.3844 -3.6435
-7.9156 -38.0109 -3.5435
-0.2764 -39.3926 -3.5946
-6.0142 -36.7393 -3.5516
0.8073 -36.4275 -3.4136
-2.0806 -40.9008 -3.6518
-2.2763 -34.8359 -3.9777
-6.5893 -37.1208 -3.4829
-0.4499 -38.5022 -3.5919
-3.5235 -39.4494 -3.3713
1.8502 -35.8151 -3.5028
-7.9155 -38.6121 -3.5068
-0.5017 -37.5816 -3.7648
-8.7718 -32.6631 -3.6023
-4.8598 -36.5144 -2.7902
-5.0559 -40.2181 -3.6676
-7.7385 -34.7696 -3.557
-7.0743 -40.675 -3.5352
-7.644 -37.9002 -3.5683
1.472 -37.107 -3.531
0.6136 -35.1794 -3.8169
-3.5229 -34.8671 -3.819
-1.3108 -34.6381 -3.889
-1.3107 -37.5696 -2.5388
-2.4692 -40.142 -3.3736
-2.1784 -39.8607 -3.2808
-1.5072 -41.72 -3.819
-3.6486 -34.3222 -3.5741
-6.6836 -35.6609 -3.417
-0.0997 -36.132 -3.3205
-4.3822 -39.0388 -3.324
-7.2619 -42.4816 -3.6058
2.2568 -37.7607 -3.6985
-5.8261 -41.0054 -3.5476
3.7231 -34.2302 -3.6192
-1.0251 -37.5039 -2.4932
-1.4167 -35.3243 -5.9774
-1.9301 -38.3415 -3.7954
-7.7379 -37.9061 -3.5318
-8.022 -40.781 -3.1718
2.1202 -32.8569 -3.8876
-4.4255 -36.0917 -2.6706
2.5751 -35.4877 -3.5166
-6.2042 -39.6371 -3.615
-2.2065 -37.1828 -2.7012
-8.0217 -42.4966 -2.9374
-5.86 -32.0621 -3.4345
-1.8893 -33.0598 -3.1728
2.4459 -37.6705 -3.689
-6.0142 -34.8422 -3.4055
-5.6708 -32.9245 -3.8448
-7.5767 -34.4003 -3.3879
-1.4282 -37.0129 -2.599
0.8072 -36.021 -3.5647
-1.6016 -39.799 -3.4158
-7.0741 -38.3496 -3.619
-7.4545 -40.0183 -3.6149
0.1265 -37.4433 -3.5143
-3.8075 -37.0839 -2.6641
-6.6837 -42.0909 -3.6027
-5.8571 -38.3607 -3.5695
-0.0833 -36.4768 -4.1741
0.1264 -34.539 -3.8487
-2.3725 -40.0736 -3.341
-1.6976 -34.5455 -3.7554
1.2821 -42.0864 -4.2093
-3.332 -40.4475 -3.446
-2.849 -35.6178 -2.0492
-4.4818 -38.2078 -3.421
-4.8201 -36.0266 -2.8312
-3.7114 -40.5166 -3.615
-7.7373 -40.7708 -3.5329
0.8073 -36.7245 -3.5097
1.5704 -39.8735 -3.8318
-4.7035 -39.5129 -3.554
-6.0141 -39.5987 -3.5667
-6.1073 -34.5443 -3.5717
-3.9046 -36.6293 -2.6493
-5.5881 -33.4972 -3.6209
1.6628 -39.2338 -3.9422
-5.7438 -38.6564 -3.6273
-8.229 -35.231 -3.3979
-8.0081 -39.1772 -3.4856
-7.3536 -41.6005 -3.5842
-5.2492 -41.8901 -3.3571
-3.237 -39.3302 -3.2741
0.5159 -38.9998 -3.5438
-6.3276 -33.731 -3.257
1.7904 -33.2223 -3.4678
-1.5063 -36.5849 -1.7026
2.2185 -33.6192 -3.5837
-1.983 -35.7583 -1.8083
-8.0223 -37.9627 -3.2376
3.3775 -33.9722 -3.8983
-3.5666 -39.404 -3.5277
-6.11 -37.9797 -3.3812
-1.13 -38.7425 -3.6324
-6.9724 -36.9399 -3.4632
-4.7908 -36.4597 -2.7161
-8.0226 -35.322 -3.1902
-4.4287 -35.9261 -2.661
-7.0744 -42.1244 -3.6057
-2.6637 -40.6129 -3.4479
-2.8492 -37.2613 -3.3259
-2.6162 -37.3965 -2.6199
-7.5823 -36.3218 -3.5898
-2.1784 -40.0843 -3.4029
2.3585 -33.2744 -3.7161
-5.9184 -37.8525 -3.4456
0.5877 -34.1875 -3.5963
-3.7397 -35.9244 -2.7633
0.7083 -34.6592 -3.6885
-3.4393 -35.0225 -2.4556
-7.4545 -38.4621 -3.5536
-8.0228 -34.3149 -3.2092
2.1598 -37.8258 -3.7079
-6.5699 -36.3575 -3.6988
0.223 -35.6331 -3.7629
-1.4119 -35.3423 -2.55
-8.8137 -33.6486 -3.5475
1.0187 -32.4759 -3.819
-2.5283 -33.874 -3.4303
-7.4927 -34.4121 -3.4297
-0.0631 -35.7548 -3.6554
-7.4544 -41.0792 -3.58
0.9969 -38.9934 -3.7503
-7.1413 -33.2979 -3.6377
-8.0226 -35.1911 -3.2008
-5.8096 -30.2955 -2.88
0.2227 -40.9347 -3.826
-2.0805 -40.1 -3.4191
0.9321 -34.1584 -3.47
-5.056 -34.6301 -3.4801
-8.0226 -35.6318 -3.1897
-0.5856 -34.0065 -3.5345
-3.2529 -36.9593 -2.7411
-2.24 -34.9816 -4.6426
1.9845 -40.4045 -3.8726
-2.3126 -33.8181 -3.5325
2.4234 -34.788 -3.6218
-7.3539 -34.782 -3.4392
-0.2582 -36.3993 -2.4605
-3.6231 -42.6616 -3.6327
-1.6017 -40.9944 -3.7172
-7.6443 -34.3184 -3.5954
-4.4821 -41.4709 -3.5228
-8.0771 -30.301 -3.0389
-4.7068 -33.1846 -3.5428
-1.5071 -40.9528 -3.7493
-6.1101 -37.6457 -3.3828
-2.1237 -33.7062 -3.5242
-3.6588 -38.9718 -3.5468
-3.9045 -34.5808 -3.616
-4.5757 -39.728 -3.4105
-3.74 -38.5416 -3.5853
-3.3898 -31.4283 -2.9366
-0.4447 -35.7494 -3.6588
-2.8495 -34.3987 -3.7179
-4.9199 -35.7303 -2.6094
3.6461 -33.8096 -3.5923
-2.4942 -36.5976 -1.8356
-0.9289 -42.5503 -4.0703
2.7911 -36.1251 -3.5752
-7.262 -36.4576 -3.5846
-2.1785 -38.7761 -3.6094
1.9844 -39.3731 -3.8923
-6.11 -40.1932 -3.467
-7.6442 -35.4306 -3.4667
-2.4551 -38.2723 -3.7017
-7.5738 -32.5132 -3.4596
-0.3217 -33.2213 -3.3726
0.4178 -39.3787 -3.5508
-2.5493 -36.6907 -1.9756
-8.0227 -34.8813 -3.2014
-6.7799 -40.9586 -3.5157
-0.0629 -38.2688 -3.5765
0.5154 -42.2673 -4.1159
3.5697 -33.0891 -3.6114
0.0325 -36.23 -3.303
-5.3429 -36.7473 -2.7736
3.4726 -39.8256 -4.1842
-6.7801 -37.9085 -3.564
3.5768 -39.8702 -4.2033
-7.3538 -37.3258 -3.6381
-5.031 -35.1374 -3.4307
2.0564 -37.3961 -3.6983
2.7097 -36.6086 -3.623
-3.7113 -39.6756 -3.279
-2.6351 -39.2005 -3.4537
-4.948 -34.8302 -3.3924
-0.9289 -42.4632 -4.0697
2.4649 -38.0239 -3.7462
-4.2853 -33.9472 -5.3035
-6.7801 -36.75 -3.6262
-7.6438 -40.8616 -3.4188
-4.6859 -33.1163 -3.4747
-7.4545 -39.0112 -3.6336
-2.5248 -38.957 -3.4924
-2.111 -33.2027 -3.2758
-7.262 -34.6197 -3.5546
0.7875 -33.2722 -3.6136
-4.1873 -40.3186 -3.6152
-6.6837 -42.8286 -3.6878
-7.5478 -38.4929 -3.4929
-6.7801 -36.9573 -3.4979
-7.4545 -38.5962 -3.5977
-3.5986 -38.0662 -3.7273
-7.3536 -40.2525 -3.518
-7.7374 -40.4906 -3.5183
-0.555 -35.604 -2.4712
-0.1618 -41.0339 -3.7186
-0.2582 -35.1233 -2.4141
-0.0628 -40.8612 -3.7727
-3.7116 -42.7354 -3.6869
1.8313 -35.9612 -3.592
-0.2586 -40.5038 -3.6517
0.9745 -33.4767 -3.7289
-1.311 -42.332 -4.0464
-7.0636 -37.5352 -3.8451
-5.9183 -39.4686 -3.5999
-5.4403 -37.5245 -3.5791
1.6626 -41.5368 -4.1066
-2.1785 -34.5183 -3.7462
-3.6228 -41.2817 -3.5042
-8.0226 -36.1204 -3.3453
-4.0921 -37.1271 -2.8056
-7.9761 -42.9724 -3.3954
-0.9288 -34.6453 -4.0081
-8.6594 -33.6227 -3.3975
1.472 -41.9759 -3.9616
-8.0221 -40.4207 -3.2432
-1.4124 -38.3928 -3.7162
-6.9723 -39.8933 -3.5656
-5.7943 -37.0882 -3.4748
-4.7782 -35.9958 -2.7541
-8.0081 -37.637 -3.529
-7.8199 -33.5048 -3.4277
-7.4545 -39.4472 -3.4674
-2.3725 -39.8071 -3.3533
-7.6809 -35.7276 -3.5333
-2.9457 -40.9416 -3.5627
0.8071 -34.7377 -3.7468
-8.4624 -34.4977 -3.4134
-0.7411 -37.3722 -2.5969
-8.257 -35.287 -3.4779
-7.6439 -39.4979 -3.5407
2.8049 -38.5964 -3.9088
-7.9762 -41.8664 -3.6335
-1.1464 -32.6466 -3.2146
-7.4545 -34.6227 -3.4643
-2.4768 -34.2522 -3.6349
-8.0226 -35.4161 -3.2773
0.9827 -33.6614 -3.622
-8.8222 -31.5538 -3.3661
-5.2428 -36.5402 -2.7938
-8.0225 -36.8495 -3.2432
-3.042 -37.1371 -3.2789
-8.0227 -34.6155 -3.1908
-3.2366 -35.6905 -1.9243
-1.3373 -37.1338 -2.6254
3.4087 -33.1554 -3.6982
-0.063 -36.6526 -3.4223
2.9417 -33.9687 -3.7372
-8.0219 -41.4581 -3.1863
-8.0224 -37.4461 -3.1975
-7.0742 -39.7376 -3.6421
-1.6984 -41.4547 -3.7848
0.0553 -34.9506 -3.8149
-8.0081 -41.0623 -3.7049
-7.8409 -37.8747 -3.6673
0.5155 -41.6146 -4.1001
-4.7373 -37.3191 -3.7696
-4.939 -31.6292 -2.9798
-5.7311 -36.9549 -3.5562
0.8078 -42.1177 -4.1903
-0.2586 -34.4325 -3.9031
1.0141 -36.1593 -3.4306
-7.074 -37.4331 -3.524
-7.3537 -39.5197 -3.7342
-2.5492 -36.0859 -5.9974
-6.5893 -37.7813 -3.5624
-4.3822 -41.3419 -3.488
-7.548 -34.3303 -3.5235
-3.5751 -37.7323 -3.7848
-7.5479 -35.6645 -3.4168
-4.2351 -36.091 -2.822
-4.3822 -35 -3.573
-5.683 -34.529 -3.4634
-4.8823 -37.7642 -3.6816
-3.9987 -42.2014 -3.5209
0.7081 -39.9628 -3.5374
-6.6837 -40.4174 -3.5787
-2.6098 -38.5268 -3.5298
-7.5479 -37.5791 -3.6215
-1.213 -34.4642 -3.8203
0.4177 -40.9094 -3.8049
-8.3825 -33.8455 -3.3997
-3.7113 -39.5401 -3.2806
0.1904 -38.2851 -3.781
-7.6439 -40.2325 -3.571
-0.1881 -33.9031 -3.5742
-8.022 -40.4447 -3.0959
2.9736 -32.9443 -4.1264
-5.4231 -36.3195 -2.8231
-2.2759 -35.1546 -2.4646
1.8502 -36.2299 -3.3925
-2.7567 -41.302 -3.6155
-5.189 -38.2521 -3.5274
-6.5892 -36.5954 -3.5709
0.3774 -37.2518 -3.6937
1.1879 -40.1579 -3.7537
-6.1466 -35.3571 -3.3109
-1.6009 -34.7065 -3.9329
-7.4545 -39.3548 -3.4808
-6.6837 -42.8519 -3.5634
-5.5344 -36.1668 -2.6956
-5.5342 -39.9958 -3.5662
-5.7311 -38.9137 -3.4345
-5.8302 -32.8015 -3.4274
-6.4904 -39.7813 -3.5878
-8.022 -40.5635 -3.0128
-4.5757 -39.1911 -3.4031
2.1681 -36.082 -3.432
-6.1099 -41.0377 -3.5425
-3.0414 -41.1199 -3.5758
-0.7392 -42.5931 -4.0039
-0.9288 -34.3747 -3.8424
-3.8108 -37.9662 -3.6524
-6.5894 -39.1784 -3.6037
-2.8752 -37.2126 -2.7308
-7.6442 -34.3796 -3.4966
-7.3603 -36.1074 -3.4979
-7.6439 -39.7251 -3.5486
0.838 -35.492 -3.7664
-2.0075 -39.072 -3.5837
-8.6128 -36.8848 -3.3288
-3.9046 -36.5408 -2.6945
-8.0222 -39.3152 -3.3124
0.4409 -35.7354 -3.7472
2.9659 -39.4161 -4.0988
-3.808 -41.8408 -3.5784
-5.9183 -38.7794 -3.5127
-8.0223 -37.824 -3.1846
-5.056 -34.964 -3.4785
1.4143 -38.4701 -3.7718
-8.0226 -36.231 -3.3677
-5.5384 -39.0824 -3.6585
-3.5978 -33.4786 -5.2261
-4.7073 -37.3842 -3.6961
-4.482 -39.8223 -3.4749
-5.8261 -41.3785 -3.3797
1.57 -35.36 -3.6358
-1.2394 -36.9182 -4.1646
-3.0839 -33.0663 -3.3081
-3.8081 -42.3422 -3.6376
-1.4576 -34.058 -3.5075
-0.5573 -38.4905 -3.6207
-8.0223 -38.1428 -3.2019
-5.0376 -34.1561 -3.4881
-3.711 -34.9146 -3.7166
-8.0227 -34.4543 -3.2394
-2.9456 -42.0132 -3.646
-0.096 -37.0511 -4.1362
-3.7591 -39.2484 -3.5284
1.7686 -39.6738 -3.9735
-7.5478 -39.7917 -3.5842
2.0028 -35.9383 -3.5363
-5.7311 -37.4311 -3.4933
-6.4903 -38.3825 -3.4462
-1.0254 -39.5937 -3.4297
-5.0374 -33.1858 -3.393
-5.1481 -34.4945 -3.4599
-4.1348 -37.947 -3.5461
-5.7079 -32.0331 -3.2858
-5.056 -35.6343 -3.5529
-3.6224 -39.1528 -3.3416
-6.6836 -36.4851 -3.6717
-3.542 -36.6004 -2.7236
-0.8499 -38.7568 -3.6104
-5.9467 -32.8987 -3.4998
-0.9287 -39.444 -3.4499
0.3326 -36.9178 -3.7074
-6.2042 -41.3786 -3.4803
-8.0081 -39.6035 -3.4705
-6.691 -38.4723 -3.9774
1.4719 -41.7739 -4.0759
-4.109 -36.8461 -2.811
-7.644 -39.117 -3.4988
-3.3313 -36.073 -1.9201
-8.2529 -35.6359 -3.501
-7.3536 -39.9406 -3.587
-8.0218 -42.328 -3.0685
-0.6455 -34.582 -3.8595
0.1795 -38.3966 -3.5298
-2.5589 -35.8572 -4.5271
-7.7372 -41.4092 -3.5447
2.3821 -33.4959 -3.4979
-8.0219 -40.8528 -3.0451
2.6996 -33.1186 -3.5937
2.9873 -36.0579 -3.5944
-1.7936 -41.6745 -3.7058
-5.0558 -36.5837 -2.7648
-8.0081 -40.3527 -3.6508
-0.6458 -39.3159 -3.5143
2.7321 -37.8565 -3.6898
-8.5897 -31.4071 -2.6824
-7.3896 -36.2799 -3.5928
-0.6453 -36.0446 -2.4492
-6.7798 -42.524 -3.5947
-4.7004 -39.0159 -3.5634
0.4368 -35.0402 -4.021
-3.7053 -31.387 -2.735
-5.5344 -36.5023 -2.7944
0.1265 -37.1276 -3.5516
-3.4525 -33.466 -3.2773
-3.6802 -34.1787 -3.479
-8.6373 -31.9374 -3.1741
-6.4902 -35.4496 -3.457
-5.5346 -35.0577 -3.4865
-2.0805 -40.3651 -3.4526
1.8501 -38.0265 -3.6495
-3.4753 -39.4592 -3.4976
-5.943 -37.0542 -3.6302
-5.1198 -32.3738 -3.533
-5.4149 -33.9002 -3.4392
0.1265 -40.0129 -3.6658
-6.1101 -35.7315 -3.4706
1.6362 -34.1297 -3.5731
-1.0255 -40.7354 -3.7474
-4.539 -35.3759 -5.6051
-5.2492 -41.8584 -3.4408
-7.738 -37.2005 -3.6556
-3.9976 -35.8826 -2.728
-7.8668 -34.2534 -3.3819
-3.5234 -38.7846 -3.4292
-5.4461 -33.3461 -3.4854
-2.6639 -41.6324 -3.6477
-5.2055 -31.5482 -2.6699
-0.678 -38.4579 -3.5506
1.3517 -38.9111 -3.8658
-5.5889 -38.2099 -3.5061
-2.1785 -41.5796 -3.7087
-8.3472 -36.1901 -3.5349
-0.7391 -41.0177 -3.7839
-5.7596 -37.9607 -3.5796
-7.3102 -30.9219 -2.8587
-2.9403 -31.8312 -3.0633
-0.7388 -37.4886 -2.4568
-2.3376 -33.9057 -3.4426
0.4178 -40.1852 -3.6006
-1.2342 -30.9334 -2.7663
-4.0307 -37.5367 -2.71
1.7213 -38.7351 -3.8307
-0.8519 -30.7876 -2.7593
-7.7372 -41.319 -3.4895
-2.4693 -41.5092 -3.5985
-8.3665 -32.343 -3.4813
-7.262 -34.4167 -3.5456
-6.11 -38.5782 -3.5822
0.268 -30.7126 -3.0867
-5.5344 -38.2455 -3.3678
-1.9835 -39.7513 -3.3149
-6.2043 -34.6807 -3.4996
1.6583 -34.218 -3.6396
-0.00650001 -37.5001 -3.7122
-5.6981 -36.778 -3.4754
-4.5855 -34.0299 -3.3341
-5.7312 -40.3596 -3.6195
-0.9182 -31.8561 -3.0393
1.6109 -34.8144 -3.4971
-2.9014 -33.5881 -3.3848
1.2821 -40.4198 -3.664
-2.4686 -34.8899 -2.5098
0.7082 -36.2741 -3.4274
-0.0627 -42.5153 -3.9526
-0.6452 -35.8469 -2.4263
-3.042 -37.3112 -3.28
-2.0805 -39.3798 -3.3928
-5.0182 -38.0641 -3.4694
-8.5519 -31.3569 -2.8906
-0.063 -37.9341 -3.601
-4.2319 -36.2848 -2.8325
-8.0221 -39.8649 -3.2231
1.3752 -41.6148 -4.0123
-8.0081 -37.999 -3.5581
-6.4839 -33.9389 -2.2155
-3.7527 -38.6299 -3.5473
-7.9761 -41.009 -3.5084
-0.4878 -37.0965 -5.5628
-7.3538 -37.0395 -3.5141
-3.9975 -34.91 -3.6406
-8.0222 -39.029 -3.3347
-6.3934 -33.0367 -3.414
-1.9835 -39.9974 -3.3355
-3.6219 -37.6584 -2.5513
-0.0238 -34.5876 -3.7321
-6.5895 -39.9114 -3.5336
-3.3319 -40.2892 -3.403
-3.2371 -38.4833 -3.5825
0.9005 -35.5105 -3.6361
-7.4545 -37.6519 -3.6181
3.46 -39.9139 -4.1462
0.6132 -39.4805 -3.6937
-7.9154 -39.8049 -3.5845
-8.0081 -38.6585 -3.514
-0.6863 -35.1159 -2.481
-1.9912 -30.7757 -2.7217
-3.3319 -39.3131 -3.3611
-6.5896 -41.4767 -3.6129
-3.9052 -41.2871 -3.6369
-2.1782 -35.1563 -2.5427
2.7689 -36.0368 -3.5086
-3.9051 -40.1994 -3.4493
1.6628 -39.1248 -4.0202
-6.0143 -39.6498 -3.9318
3.3459 -33.5525 -3.8031
-7.7225 -31.1959 -3.203
-0.1617 -39.1282 -3.3858
-6.0141 -37.9499 -3.3727
-6.5894 -38.1985 -3.5296
-4.6385 -35.0344 -3.4559
0.6136 -34.8189 -3.742
-2.9131 -35.3461 -2.6166
-3.0747 -36.1488 -5.3606
-4.7042 -31.8975 -3.1523
-7.0741 -38.3086 -3.5386
-7.5478 -41.2153 -3.5555
-7.3535 -41.6845 -3.5302
-3.087 -37.9611 -3.7951
-5.343 -36.0885 -2.7945
-4.8014 -39.2488 -3.5451
-5.6191 -39.0752 -3.7137
-6.4586 -37.8328 -3.8015
-3.3319 -39.9378 -3.3461
-0.1617 -39.5568 -3.4484
-7.0739 -37.0781 -3.5814
-3.8078 -39.5505 -3.3182
-2.1766 -35.9717 -3.9417
-1.6009 -34.8027 -3.9513
-5.2493 -40.0965 -3.6081
-4.5614 -38.4601 -3.6645
-5.44 -38.9918 -3.3931
-4.9747 -32.5241 -3.4161
-6.9723 -40.9556 -3.485
-2.9457 -39.5024 -3.3182
0.1265 -34.0548 -3.6411
-6.9723 -39.8372 -3.5042
1.188 -38.3486 -3.5852
-2.3725 -39.7109 -3.3348
0.6133 -39.3183 -3.6189
-1.0255 -40.8889 -3.6352
-7.7047 -35.6474 -3.5888
-6.9722 -41.2646 -3.5074
-7.9158 -36.5182 -3.4613
-4.3867 -36.9273 -2.7993
-5.2372 -39.1909 -3.6805
-7.1876 -36.0487 -3.5331
-4.4707 -31.1021 -2.9638
-4.3822 -40.8037 -3.6726
-7.3193 -30.591 -3.0969
-6.9723 -39.5229 -3.4957
-4.2847 -40.0075 -3.4701
-3.0035 -35.5124 -2.6076
-3.1942 -36.0193 -5.6657
-0.9289 -42.6516 -3.9286
-3.711 -34.7344 -3.7523
0.8838 -32.1561 -3.8414
-2.788 -36.0054 -4.4149
-0.0629 -38.1105 -3.5335
-7.4693 -37.9947 -3.7175
-8.5738 -35.788 -3.3817
-3.8868 -30.6555 -2.6419
-5.3923 -31.7083 -2.9257
-0.9641 -33.0828 -3.2808
-5.7311 -40.7926 -3.5448
-2.4693 -41.3305 -3.5885
-2.907 -33.4827 -3.481
-7.5478 -41.1289 -3.5321
-7.2619 -42.1937 -3.5276
-0.739 -37.2142 -3.3283
-8.4458 -35.1122 -3.4295
-3.39 -36.3451 -5.7089
-6.2042 -39.2048 -3.6668
-3.9985 -40.9369 -3.5698
-5.8261 -37.712 -3.4839
-0.1618 -38.3211 -3.5052
1.9612 -42.2358 -4.3123
-3.6225 -39.8298 -3.3562
-7.6441 -37.4822 -3.624
-1.7936 -41.4075 -3.8872
-2.6345 -32.8787 -3.3625
0.5163 -36.2758 -3.3807
-1.2294 -31.0348 -2.7632
-7.4545 -35.8455 -3.3581
-4.5072 -34.5041 -3.2859
-0.2425 -35.164 -3.8569
-7.4545 -35.7145 -3.3687
-7.7379 -37.7888 -3.5692
2.9227 -34.2448 -3.6802
-7.4544 -39.5539 -3.458
-4.5757 -39.0244 -3.3194
-5.7311 -37.6984 -3.4582
-6.6837 -38.787 -3.5665
-4.7707 -35.627 -2.7105
-3.3319 -39.5931 -3.2294
-7.3538 -37.2417 -3.546
-5.7311 -41.5875 -3.3531
-0.5351 -36.2264 -3.687
-1.9833 -34.483 -3.7309
-1.2281 -37.5774 -2.6316
-2.9463 -34.6332 -3.8115
-4.4819 -38.8339 -3.3603
-1.6917 -33.3637 -3.3642
-7.3535 -41.7776 -3.4939
2.1503 -38.3228 -3.6794
-4.2846 -42.3936 -3.4567
-6.8716 -39.2055 -3.6569
-8.0226 -35.8438 -3.2165
-5.8195 -34.2719 -3.3981
-3.9492 -33.9021 -3.2326
0.5156 -40.7698 -3.7322
-7.4266 -32.5481 -3.3271
-1.5073 -42.1868 -4.0534
0.1266 -38.4277 -3.4508
-6.8136 -37.0595 -3.6437
-6.0141 -38.6302 -3.5883
-2.7471 -37.7735 -3.8927
-2.6491 -38.1519 -3.6728
-6.8717 -38.2831 -3.5986
-7.9762 -39.7329 -3.462
-4.7719 -36.3824 -2.7731
-2.3392 -37.4492 -2.7762
-7.3538 -35.9921 -3.4295
-6.6837 -38.4039 -3.5931
-2.7566 -34.7151 -3.9499
-6.4921 -29.8222 -3.1081
-8.0081 -40.738 -3.5554
-6.5894 -39.2436 -3.6829
-4.4816 -35.2449 -3.616
-4.3112 -34.1267 -3.3064
-3.9396 -38.3398 -3.5584
1.6628 -39.4595 -3.9958
0.8075 -39.366 -3.6812
-1.5062 -35.5062 -1.9944
-6.9724 -36.1419 -3.6003
-0.7245 -31.3151 -2.9783
-7.8256 -36.2627 -3.4691
-0.8083 -37.5805 -3.8084
-2.7566 -40.5096 -3.4235
-5.9183 -41.2768 -3.4988
-4.7592 -36.6585 -2.8112
0.00880003 -35.4965 -3.734
-7.4544 -40.3302 -3.5458
0.7811 -34.6085 -3.5949
-5.4396 -41.9874 -3.3837
-8.0227 -35.0358 -3.2126
-3.2371 -40.4671 -3.4366
-3.0758 -33.1229 -3.5493
-3.9987 -41.9493 -3.5371
-6.1977 -38.2369 -3.6474
0.4229 -32.5447 -3.3623
-2.7567 -41.692 -3.6753
-4.9842 -30.2412 -2.9647
-5.8261 -38.7139 -3.4791
-5.0558 -35.7378 -2.735
1.1471 -36.7247 -3.5332
1.8503 -38.8543 -3.7978
-3.8075 -36.3395 -2.6389
-2.2764 -41.1948 -3.6573
2.0815 -38.622 -3.7746
-8.0081 -35.9006 -3.5039
-4.5251 -38.315 -3.5152
1.188 -36.9172 -3.4039
-3.7113 -39.4326 -3.313
-4.5757 -40.4066 -3.5256
-2.5161 -37.3503 -2.7287
-2.7566 -40.049 -3.2985
-7.5967 -35.3433 -3.5328
-0.8522 -36.6343 -4.1721
-4.5756 -35.0188 -3.5851
-4.2747 -38.1342 -3.6444
-3.6907 -31.0994 -2.6682
-3.6545 -33.9261 -3.2604
-6.7799 -42.0166 -3.5723
1.0486 -33.3872 -3.5348
-5.7311 -38.7132 -3.503
-1.9783 -30.5804 -2.6685
1.3543 -35.0464 -3.5907
-7.8215 -37.3926 -3.5686
-6.1099 -41.3822 -3.513
-6.5956 -33.2213 -3.4616
-1.3107 -35.3675 -2.5488
-2.8492 -40.8231 -3.6237
-5.4077 -37.9238 -3.5735
1.6628 -38.9217 -3.865
0.7082 -37.2359 -3.4656
3.8403 -38.173 -3.9713
1.3752 -42.3311 -4.007
-6.2043 -36.0256 -3.511
-4.4817 -35.3972 -3.6959
-5.0559 -39.4083 -3.4169
-7.9154 -39.5686 -3.5588
-7.262 -37.1626 -3.63
-7.7377 -38.7648 -3.465
-0.739 -39.1461 -3.4451
-5.0559 -40.0233 -3.5532
0.2227 -41.0453 -3.8483
-5.9183 -38.0401 -3.3273
0.9693 -33.0776 -3.2511
-6.9723 -39.6769 -3.676
-1.8774 -34.2227 -3.6896
-6.2483 -38.8444 -3.4953
-8.4325 -35.7222 -3.4539
-7.0743 -40.4667 -3.5401
-3.0472 -33.932 -3.5531
-7.9153 -40.6673 -3.5495
-3.2372 -41.9062 -3.6813
-0.9284 -35.7112 -2.1364
-2.9916 -37.4826 -2.7162
-2.3726 -40.4668 -3.4554
-4.2847 -40.5316 -3.574
0.2237 -35.3253 -3.6558
-1.2128 -37.2395 -3.2815
-4.8754 -37.536 -3.6116
-7.0742 -39.8398 -3.6237
-5.9184 -35.4959 -3.4439
-4.5755 -35.5023 -2.6858
-0.4499 -40.1256 -3.5172
0.1265 -37.0336 -3.4646
-7.9763 -34.6616 -3.462
-5.7912 -36.8342 -3.4842
-1.7052 -32.9577 -3.1954
-7.769 -31.404 -3.3468
-3.0413 -42.0264 -3.6759
-5.7044 -36.4909 -3.4563
-7.6439 -40.0756 -3.4823
-2.3722 -34.7738 -3.9868
-7.9071 -31.2156 -3.1921
-7.3021 -37.9871 -3.7745
-4.4217 -39.3635 -3.5434
-3.9975 -34.4837 -3.6556
-3.9052 -40.8365 -3.653
-3.6227 -40.5183 -3.4662
-8.0217 -42.8414 -3.054
-3.106 -31.1885 -2.918
-8.0227 -35.1011 -3.2918
-5.934 -34.1587 -3.5893
-7.9762 -36.3328 -3.4081
-8.6789 -34.5484 -3.3875
-7.4545 -39.4109 -3.5422
-8.3137 -31.2239 -2.6979
-7.5479 -35.585 -3.4798
-5.1922 -38.5392 -3.518
-7.9153 -40.5471 -3.6784
-1.6008 -35.0845 -2.3897
-6.014 -41.4629 -3.3808
1.2819 -34.795 -3.7197
-1.3105 -35.6102 -1.761
-3.4172 -35.0777 -2.5222
-4.7707 -34.3814 -3.3797
-4.2104 -34.2804 -3.3169
-6.0142 -37.0051 -3.5622
-7.2619 -37.9251 -3.5449
-0.6892 -36.3026 -4.3821
-1.2127 -42.4345 -3.9609
-2.1197 -34.1147 -3.8881
-4.6743 -38.0215 -3.6706
-8.0081 -39.8453 -3.6284
-5.1012 -31.5474 -3.4029
0.0325 -37.2277 -3.5816
-2.8491 -42.003 -3.6517
-4.5156 -39.1102 -3.5438
-7.9763 -35.2455 -3.5128
-3.9428 -39.2233 -3.5492
-0.0628 -42.211 -4.0854
-2.5525 -36.4757 -4.5461
-5.4546 -38.5963 -3.6212
-6.4904 -39.277 -3.62
2.3919 -36.0802 -3.527
-5.5533 -36.2755 -2.7285
-2.7004 -32.9861 -3.3004
1.2477 -33.4114 -3.8374
-7.6075 -32.9045 -3.5877
-7.7373 -40.8677 -3.5284
-0.4501 -42.1491 -4.1049
-5.1474 -38.4564 -3.3518
-2.4694 -41.2693 -3.6872
0.2545 -33.2025 -3.3662
-6.2704 -38.5241 -3.4287
-3.9045 -34.2578 -3.8821
-1.6981 -39.2786 -3.4326
-4.5417 -30.3329 -2.8201
1.1228 -35.1496 -3.6518
-6.3687 -35.0673 -3.1335
-6.4086 -32.4581 -3.1436
-3.8465 -32.3995 -3.2087
-7.9155 -38.7325 -3.5241
-7.9762 -40.8773 -3.5419
-2.7153 -35.5084 -4.6337
-4.135 -39.4379 -3.5464
-2.2764 -41.3265 -3.6238
-0.2676 -36.92 -4.1916
-4.8656 -41.652 -3.3744
-6.6837 -41.5766 -3.4938
0.3975 -33.1023 -3.2351
-2.7518 -33.5779 -3.4949
1.4719 -39.6306 -3.909
1.472 -39.1247 -3.8407
-4.4816 -36.0139 -2.7174
-7.9762 -40.4967 -3.7924
1.9841 -36.6457 -3.3819
-3.0203 -33.3183 -3.4216
-5.8261 -42.713 -3.5652
-2.8493 -38.3689 -3.6496
-0.0633 -34.7071 -3.8862
-4.7712 -38.0322 -3.4637
2.0093 -34.8229 -3.5551
-7.5479 -36.9172 -3.5878
-6.8715 -40.6205 -3.4414
-6.6837 -40.8929 -3.5387
1.6627 -40.5771 -3.8535
-4.2846 -41.6597 -3.4035
1.8503 -42.336 -4.3284
-1.4118 -35.4481 -2.4172
-1.7931 -34.8293 -3.9477
-4.7708 -36.0912 -2.7212
-2.7184 -35.3765 -2.6099
-7.5478 -39.4047 -3.579
-5.6791 -36.5903 -3.5324
1.427 -34.1739 -3.8094
-5.9479 -37.923 -3.7284
-0.1743 -30.9276 -2.757
-4.5125 -38.1494 -3.5532
3.383 -39.24 -4.2123
-8.7852 -33.9128 -3.4976
-5.4401 -38.9123 -3.4561
-4.9313 -33.01 -3.3483
-2.469 -34.5549 -3.7724
-7.4544 -41.3601 -3.5717
3.9602 -40.0413 -4.1986
-6.1571 -38.3939 -3.6562
-2.4426 -34.8234 -6.0975
-7.262 -35.2224 -3.4722
-6.3433 -35.1004 -3.2096
-7.9762 -40.0625 -3.5976
-4.2849 -34.4105 -3.4113
-5.0559 -39.9626 -3.4829
0.5642 -36.44 -3.6258
-1.0752 -36.9122 -2.6656
-0.4499 -38.786 -3.4921
-8.0226 -35.5372 -3.2717
-1.4127 -40.5121 -3.5683
-7.5479 -35.8038 -3.4469
0.8076 -40.1838 -3.6803
-5.2434 -37.0594 -3.6608
-1.3109 -41.9873 -3.9298
-5.9184 -36.663 -3.5686
-5.0056 -38.9697 -3.5077
-4.5803 -34.3469 -2.2041
-6.9722 -42.6627 -3.6718
-2.9442 -34.987 -2.601
-2.7562 -35.3939 -2.5345
0.5157 -40.1503 -3.7332
-7.3535 -42.4742 -3.4986
3.5949 -36.4465 -3.6881
-3.4159 -36.8915 -2.7668
-0.924 -36.7434 -4.2501
-2.1785 -42.3478 -3.9017
-7.2619 -40.6254 -3.54
-3.6217 -34.8757 -3.7801
3.403 -38.2021 -3.9748
-5.5342 -41.1181 -3.5788
-7.7371 -41.8091 -3.5995
-6.6414 -32.8842 -3.2994
-2.9457 -40.6227 -3.5454
-6.0141 -38.6627 -3.4817
-1.7932 -37.3561 -3.3107
-7.6439 -40.5468 -3.5795
-7.2619 -38.5135 -3.6047
-1.9831 -34.9915 -2.4923
-5.5343 -38.9468 -3.3813
-3.5245 -32.0859 -3.0994
-7.3537 -37.7922 -3.5802
-4.2846 -42.3755 -3.5671
-5.5613 -29.8419 -3.1926
-4.4815 -35.7298 -2.671
-7.9157 -37.0083 -3.5713
-0.4563 -35.0239 -3.906
-3.5238 -41.2443 -3.5357
1.57 -34.8738 -3.5574
-4.2358 -38.9199 -3.5355
0.0322 -34.652 -3.9281
-3.5237 -40.9317 -3.6277
-3.9976 -35.535 -2.7028
-7.9159 -35.3196 -3.5665
-6.5893 -37.1904 -3.4249
-5.4844 -36.7764 -3.6654
-7.4544 -40.7952 -3.5336
-6.8721 -35.0425 -3.3951
-2.2763 -40.1318 -3.2997
0.867 -29.871 -3.2104
-7.4544 -41.2229 -3.473
1.9793 -41.312 -3.9508
-3.084 -31.5502 -2.8948
-0.1618 -40.2583 -3.608
-4.6766 -33.433 -3.3416
-2.1784 -38.9721 -3.5319
-2.8196 -36.2373 -4.3198
-5.2719 -37.3907 -3.5753
-3.5228 -35.7834 -2.6988
-3.0415 -39.7556 -3.2593
-7.9156 -37.4651 -3.6645
1.5699 -34.4915 -3.7074
-2.4823 -37.7475 -3.9418
-2.7567 -41.1983 -3.6797
-0.45 -42.479 -3.9252
-6.6837 -37.9965 -3.6209
-7.7375 -39.7759 -3.6242
-3.2371 -34.4792 -3.8027
-1.9601 -33.3527 -3.3895
1.3755 -35.8069 -3.5877
-5.1348 -32.8108 -3.355
0.9006 -36.5666 -3.4462
-6.6531 -36.087 -3.6433
2.0018 -39.6168 -4.1064
-6.5891 -34.8415 -3.4866
3.0157 -36.9746 -3.6802
0.7083 -35.2295 -3.7127
-7.7375 -39.716 -3.531
3.4089 -36.557 -3.6987
-4.4819 -39.6306 -3.4152
-0.0389 -35.4497 -4.307
0.2231 -35.6435 -3.5888
-7.7384 -34.9484 -3.567
0.0322 -34.7738 -3.8997
-7.5512 -32.71 -3.4189
-1.983 -36.0779 -1.8027
-2.4695 -42.3728 -3.8329
-3.0913 -39.4843 -3.502
1.6583 -33.9309 -3.6396
-7.262 -37.8692 -3.6297
-7.5478 -38.1916 -3.5341
-6.4903 -35.8608 -3.4611
-4.5758 -40.35 -3.6332
-3.0426 -34.4351 -3.7912
-5.5341 -41.7266 -3.3133
3.7784 -35.4439 -3.5883
0.6068 -35.4566 -3.669
-5.362 -31.6909 -2.8435
0.9006 -41.4136 -3.9557
-5.4405 -36.0107 -3.5525
-4.2548 -38.8536 -3.4784
-1.7936 -41.5716 -3.7471
-0.1619 -42.3708 -3.9815
-6.9724 -36.5455 -3.5407
-8.6577 -35.207 -3.2335
-3.9981 -38.4023 -3.5353
-2.6069 -32.5026 -3.2524
-7.2619 -37.8032 -3.5733
-5.1473 -39.1077 -3.4134
-2.3729 -42.4937 -3.7825
-7.9159 -34.9713 -3.5642
-6.8717 -38.5753 -3.5396
-6.6836 -36.5607 -3.5769
-1.7931 -34.6513 -3.9148
0.9006 -40.6364 -3.7445
-5.826 -37.8006 -3.4387
-7.074 -38.0715 -3.5358
-0.6306 -38.1708 -3.6932
-8.7607 -34.2306 -3.4635
0.7082 -38.1789 -2.422
-4.338 -36.0283 -5.6468
-0.0628 -41.706 -4.1405
-6.7769 -32.5544 -3.1056
0.2763 -38.1194 -3.7892
-4.7709 -35.3805 -3.6126
-2.5567 -32.3233 -3.1016
-5.2489 -38.1332 -3.6737
-3.0415 -40.145 -3.3419
-7.6438 -41.747 -3.5747
-3.5237 -40.7194 -3.4547
-5.9182 -42.1674 -3.4945
0.8398 -38.5324 -4.1273
-5.1157 -34.08 -3.4276
-6.78 -39.1869 -3.6882
-6.7801 -37.0376 -3.5582
-7.6438 -41.9476 -3.5061
-3.0806 -31.3656 -2.8677
-7.6438 -42.3014 -3.6407
-1.0535 -33.4137 -3.2915
-4.3276 -34.108 -3.393
-6.0141 -35.8925 -3.3985
3.7907 -40.1352 -4.2783
-6.4904 -38.4227 -3.5494
-5.44 -39.8575 -3.559
-3.2197 -34.4246 -3.6936
-8.1682 -33.0745 -3.5524
0.8077 -41.689 -4.1277
-0.6365 -34.1618 -3.6739
-5.2493 -40.5811 -3.5859
-3.6127 -37.6922 -3.8809
0.4643 -37.4064 -3.727
-3.808 -41.4349 -3.5605
-7.7371 -41.7734 -3.5052
-2.8908 -34.1197 -3.9175
-0.9288 -40.79 -3.7308
-5.8261 -39.6886 -3.5669
1.1879 -41.2479 -4.0191
-4.9417 -34.9186 -3.4114
0.2229 -39.1965 -3.5539
0.3588 -33.9131 -3.4995
0.3976 -35.8452 -4.1855
-3.905 -39.3724 -3.4325
3.3992 -33.6303 -3.6698
-7.8176 -34.5378 -3.522
-8.0218 -42.4453 -3.0311
0.6135 -36.6708 -3.4838
0.1265 -42.1355 -4.1805
3.7222 -37.3105 -3.8209
-8.0081 -42.5464 -3.6001
-7.5479 -34.992 -3.411
-7.4545 -35.573 -3.4071
0.1316 -38.2694 -3.6783
1.9846 -41.2088 -3.9912
-2.1782 -35.4137 -2.5126
-2.7566 -39.064 -3.3848
1.3752 -41.8525 -3.9923
2.3697 -35.8593 -3.4604
-5.2143 -35.6236 -3.4507
2.3038 -33.1111 -3.8404
-7.7561 -32.9842 -3.4663
-6.2043 -36.8494 -3.4732
-7.5479 -35.4948 -3.4245
2.6969 -35.6809 -3.5848
-2.3979 -32.3842 -3.1949
-2.3718 -35.0056 -2.4731
-8.7038 -32.5869 -3.1009
-7.5479 -35.778 -3.3476
-7.7866 -33.5744 -3.346
-3.4442 -33.3232 -5.5586
-4.9283 -32.8011 -3.3199
0.6353 -31.7915 -3.2362
-4.8997 -31.2073 -3.0886
-7.6439 -39.2465 -3.534
-0.9036 -35.1198 -2.5458
-7.262 -35.8531 -3.4204
-5.4017 -33.7979 -3.4114
1.082 -30.1812 -3.2764
-6.2828 -34.0752 -3.3597
-8.0218 -42.0046 -3.0423
-5.1474 -38.5367 -3.4121
-7.5478 -40.2444 -3.4995
-4.2952 -34.0225 -3.2986
-5.9184 -36.8372 -3.5698
-5.148 -35.3965 -3.5511
-4.3464 -34.2359 -3.4555
-7.5479 -35.9924 -3.452
-7.4544 -41.8538 -3.5674
-2.8354 -36.8999 -4.2723
-3.7592 -39.5466 -3.5285
-7.4544 -41.6645 -3.5852
-1.6016 -39.896 -3.4113
-3.9984 -40.5113 -3.5619
-7.9151 -42.7339 -3.5415
-1.4722 -37.1771 -2.7318
-1.913 -32.1986 -3.152
-2.0805 -38.7666 -3.5032
-2.2763 -39.2959 -3.4113
-7.3536 -41.1831 -3.4708
-2.7121 -35.3979 -4.6432
-4.5978 -36.9614 -2.8473
-7.5478 -41.5547 -3.6862
-3.3304 -33.3313 -3.3605
2.103 -33.5297 -3.5356
-4.7698 -39.6022 -3.6403
-5.5142 -36.3433 -3.44
2.041 -33.9504 -3.65
-4.1873 -38.5767 -3.4576
-6.78 -38.4658 -3.5385
-6.4561 -33.1396 -3.5905
-6.0141 -39.6299 -3.6521
-4.8655 -40.3226 -3.6362
-1.903 -38.3533 -3.6146
-1.6573 -38.1803 -3.8314
-7.5478 -38.655 -3.5677
-7.5479 -36.5264 -3.5509
1.5699 -34.6847 -3.7214
-0.0743001 -37.9764 -3.6837
-3.0417 -38.9948 -3.4449
-1.7935 -40.6348 -3.6852
2.2735 -36.0465 -3.46
-2.2763 -38.682 -3.5446
2.2167 -38.9412 -3.8793
-6.8714 -41.5323 -3.5276
-1.1241 -36.8227 -4.23
-2.178 -35.6445 -1.9446
-4.2003 -31.4669 -2.7974
-6.3023 -33.6868 -3.3331
-3.3321 -42.1734 -3.4992
3.0839 -32.9856 -4.1649
-4.7717 -41.4892 -3.5565
-6.6939 -30.5752 -3.2132
-2.2764 -41.9339 -3.6963
-6.8722 -34.3998 -3.5205
-8.4993 -30.8378 -2.7001
-6.9723 -41.1845 -3.5933
-5.3395 -38.1677 -3.6733
-4.8475 -32.0368 -3.0307
-0.0632 -35.4803 -3.9193
-4.8651 -35.6219 -2.636
2.5751 -35.3773 -3.5166
-7.3539 -35.0985 -3.379
-7.7374 -40.3944 -3.4999
-7.5479 -34.9785 -3.5304
-2.9292 -31.7283 -3.0236
1.7244 -38.8234 -3.8402
-4.1412 -38.9851 -3.5273
0.1266 -39.7742 -3.5626
-3.5238 -41.7364 -3.4309
-4.0964 -33.7442 -5.2895
1.8503 -41.3468 -4.0904
-5.0558 -41.9683 -3.2587
1.188 -35.3462 -3.6539
-8.4729 -33.868 -3.3794
-2.0805 -38.919 -3.583
-7.4545 -39.2254 -3.5918
-4.0119 -34.0216 -3.3378
-1.6871 -37.4635 -2.5372
-6.11 -39.979 -3.5088
-4.5992 -36.4861 -2.8046
-5.056 -34.3597 -3.4604
0.4178 -39.9899 -3.6552
0.0325 -36.7472 -3.3204
-8.0222 -39.4076 -3.299
-6.1855 -38.4818 -3.6549
-6.1101 -36.563 -3.4964
3.1422 -38.4986 -4.0609
-3.0868 -31.0848 -2.8568
-6.4902 -34.8144 -3.4998
-0.9909 -37.3094 -2.6089
-5.5205 -36.2439 -3.4209
-5.4397 -41.4688 -3.4121
-7.3537 -38.4381 -3.5096
-2.2759 -35.4681 -2.4958
-5.5709 -31.8314 -3.1548
-7.7374 -40.5967 -3.5317
-7.3537 -39.6028 -3.5568
-7.7923 -37.378 -3.731
-5.826 -34.3649 -3.4364
-5.8261 -41.5603 -3.4445
-2.154 -35.4928 -2.5564
-7.0741 -38.7835 -3.6676
-2.8788 -38.175 -3.7738
-3.2371 -42.1497 -3.4782
-0.0526 -36.9411 -3.5252
-6.5894 -38.3165 -3.4694
-3.9524 -33.7916 -3.223
-7.0423 -33.9137 -3.6978
-7.6438 -40.8056 -3.5036
0.5155 -41.9176 -4.1594
-5.2574 -37.8138 -3.6651
-7.5479 -37.704 -3.6478
-7.3535 -42.3873 -3.6442
-5.9184 -37.0991 -3.5486
1.1846 -37.3655 -3.7031
-0.3443 -36.0903 -3.4595
-7.3061 -37.7449 -3.7614
-6.3591 -35.3324 -3.162
-6.4904 -40.3144 -3.5634
-1.6984 -40.8556 -3.753
1.9792 -40.9176 -4.0282
-7.0737 -35.0159 -3.4521
-6.7799 -40.3339 -3.5306
-3.6631 -36.1581 -5.4094
-6.5891 -35.4761 -3.4667
0.1167 -29.8755 -3.1562
-8.9047 -33.2982 -3.7552
-6.5892 -36.0274 -3.4781
-8.022 -40.7127 -3.0379
-5.826 -36.1512 -3.4139
-3.711 -36.8653 -2.6312
-2.398 -36.6493 -4.167
-6.0053 -32.7586 -3.6418
-5.5088 -30.5207 -2.8616
-3.3317 -34.4573 -3.7349
-8.6973 -33.961 -3.5311
-3.6737 -35.5424 -2.6117
-2.2066 -30.9975 -2.8108
-7.7373 -40.6868 -3.587
0.3578 -36.1447 -3.7834
-0.2582 -35.8397 -2.4086
-7.5478 -38.6049 -3.4695
-8.7018 -34.6727 -3.2988
-5.9689 -33.9922 -3.6659
-0.1614 -37.3715 -2.4707
1.3752 -41.7693 -4.0235
-1.6979 -37.2476 -3.389
-6.8715 -40.3866 -3.4932
-3.2386 -34.9074 -2.4822
-2.8991 -33.4973 -4.8957
-5.826 -36.2301 -3.5199
-5.0563 -34.4969 -3.3545
-7.2233 -36.6147 -3.6834
-4.1507 -38.8968 -3.4987
-7.5478 -39.5031 -3.5289
-3.2371 -41.045 -3.5243
-7.2619 -38.7825 -3.6701
-7.9152 -41.3957 -3.4704
-1.983 -36.0074 -1.7374
-7.7258 -33.2627 -3.4129
-4.1264 -37.8049 -3.7214
-2.3725 -38.3047 -3.8838
-7.5478 -38.9338 -3.628
-7.6442 -35.0657 -3.5291
-5.3426 -39.431 -3.4413
-7.5478 -39.2109 -3.5879
1.2286 -30.0996 -2.8787
-2.8414 -37.1158 -2.7938
-8.5615 -32.2076 -3.4521
-7.262 -35.3699 -3.3969
-1.3109 -42.3159 -3.9421
-8.0081 -39.2515 -3.5827
0.9826 -37.2618 -3.6229
-7.3539 -35.1848 -3.4025
-5.1473 -36.3434 -2.7934
-8.0222 -39.5743 -3.3827
-8.6424 -31.3284 -2.8665
-0.2585 -39.7834 -3.4792
-6.4904 -40.0668 -3.5884
0.8666 -33.1727 -3.8513
-5.9183 -38.69 -3.4346
-2.1784 -40.0387 -3.3137
-3.2371 -41.5471 -3.5607
-2.8607 -37.0767 -4.1962
-3.2372 -41.8848 -3.5909
-7.9049 -33.8932 -3.4479
-6.11 -39.4862 -3.6365
-5.1466 -42.4586 -3.4931
-7.6442 -35.8365 -3.4847
-0.0628 -39.1236 -3.4779
-8.0223 -38.2906 -3.2728
2.2609 -39.6149 -4.0127
1.0362 -36.4243 -3.4972
-3.7114 -40.0467 -3.3259
-6.9723 -39.1239 -3.5643
-7.5478 -40.0316 -3.4955
-7.6442 -34.4947 -3.5279
-1.1019 -36.6128 -4.2965
-8.5427 -35.819 -3.3021
-1.3738 -38.0676 -3.8309
-6.9724 -37.5118 -3.5878
3.2732 -35.8387 -3.5846
-4.4816 -34.2432 -3.767
-6.1678 -33.9621 -3.4647
-1.9971 -35.904 -3.905
-7.3536 -40.7719 -3.4668
-2.4936 -31.5666 -3.1131
2.864 -36.7877 -3.794
-2.2763 -39.486 -3.3705
3.6303 -34.4612 -3.5448
-7.074 -37.9081 -3.653
-0.5603 -35.873 -3.6108
-0.1619 -34.6862 -3.9874
-0.2402 -30.4924 -3.3951
-2.1586 -36.191 -5.735
-3.3315 -35.4107 -2.6632
-4.2608 -31.7976 -2.9905
-2.3718 -35.5101 -2.1255
-6.0238 -39.7823 -3.9033
-8.7595 -33.3071 -3.6327
0.6137 -34.3638 -3.749
-8.0219 -41.7102 -3.1701
2.1093 -35.0648 -3.555
-7.2079 -35.2987 -3.514
-4.3769 -37.8851 -3.6237
-0.4496 -37.6244 -2.4308
-6.2042 -40.6298 -3.5923
-4.3822 -41.0671 -3.6057
-7.5478 -40.4239 -3.4867
-3.5237 -41.4676 -2.9042
-7.5478 -40.5164 -3.6195
-5.6445 -32.925 -3.4576
0.708 -41.9998 -4.1523
0.2229 -38.527 -3.4566
-0.0627 -40.558 -3.5674
-0.0295 -35.9356 -4.3356
-2.0697 -38.665 -3.6867
-0.8012 -35.1706 -2.5425
-7.4545 -36.8122 -3.6976
-4.7 -36.4811 -2.7059
-5.6728 -36.7449 -3.5515
-5.7311 -39.6869 -3.4676
-6.5894 -38.2302 -3.446
-8.1512 -31.6662 -3.3693
-6.2543 -35.0254 -3.3609
-2.6633 -34.8455 -3.8823
-2.1786 -38.2481 -3.9353
-7.5478 -41.3492 -3.4535
-7.6439 -40.6216 -3.5075
-3.6227 -40.728 -3.4154
-1.2127 -41.1576 -3.7912
1.8503 -40.5264 -3.8675
3.6235 -33.8842 -3.7733
-6.0141 -36.5681 -3.4589
2.7319 -36.9951 -3.6897
-2.865 -38.2759 -3.6043
-2.0805 -40.6635 -3.5028
-8.2359 -34.7126 -3.3656
-6.8714 -40.9273 -3.5325
-6.1886 -37.8523 -3.6453
-2.8491 -39.5445 -3.3535
-4.583 -37.6374 -3.6415
-2.2354 -31.3009 -2.917
-7.5478 -38.8285 -3.5917
-5.2079 -36.0811 -2.8625
-7.5477 -41.8393 -3.5635
-2.8491 -39.4073 -3.2547
-7.5477 -42.3285 -3.5503
1.5416 -33.5997 -3.867
-4.1694 -34.954 -3.4407
-6.11 -38.2085 -3.4895
-6.5897 -42.106 -3.607
-8.6584 -34.9693 -3.2122
-5.0055 -39.3342 -3.5078
-3.7109 -34.2505 -3.7517
-6.1101 -36.1017 -3.3942
1.472 -41.8313 -3.9454
1.9844 -39.9457 -3.9941
-3.9053 -41.8343 -3.4701
-2.7437 -35.7845 -4.5481
0.3398 -33.7364 -3.4424
-6.6837 -37.523 -3.4461
-7.4545 -37.4437 -3.6231
-7.7871 -36.5093 -3.6328
0.1018 -35.3343 -3.7287
-3.0426 -34.3351 -3.7409
-8.4341 -35.6253 -3.4487
-6.2042 -40.9304 -3.5739
-2.6383 -37.6395 -2.5533
-7.5477 -42.3846 -3.6117
3.8076 -38.2382 -4.0778
-0.4938 -38.2552 -3.8097
-4.1873 -38.6796 -3.4163
2.9588 -36.1573 -3.5088
-4.5209 -37.6022 -3.7286
-8.0081 -42.9257 -3.5415
-6.5895 -39.5102 -3.6707
-2.1779 -35.9965 -1.8324
-3.8916 -34.1839 -3.5016
-6.2042 -39.8777 -3.5034
-4.3822 -39.2669 -3.4552
-4.8652 -35.2974 -3.5554
1.5319 -38.6469 -3.8393
-6.4902 -35.3019 -3.3861
0.5157 -40.3183 -3.625
-1.6009 -35.4186 -2.5342
-5.8261 -39.6188 -3.4787
-5.1474 -38.0497 -3.3567
-6.7799 -40.8881 -3.4504
-7.9155 -38.556 -3.4454
-0.8591 -35.0865 -2.4243
0.9199 -39.6998 -4.015
1.5704 -39.8902 -3.9133
0.6137 -34.4576 -3.6899
-8.4187 -32.8863 -3.6731
-2.3453 -36.6168 -1.9493
-4.1873 -41.0356 -3.5869
0.106 -33.8252 -3.5703
3.355 -34.5691 -3.5367
-3.8075 -35.7239 -2.6718
-1.2956 -31.2156 -2.9568
1.1879 -42.4186 -4.0296
-7.1438 -30.4633 -3.1177
-0.4496 -37.1882 -2.4508
-7.5477 -42.6036 -3.725
-5.3607 -32.2806 -3.1541
-1.0248 -35.5529 -2.2172
1.9791 -37.7844 -3.6458
-7.4546 -34.298 -3.63
0.5178 -34.1983 -3.5306
-3.3611 -32.4868 -3.2121
0.304 -36.9261 -4.1744
-6.6837 -38.0676 -3.5172
-4.7687 -36.294 -2.7826
-5.3566 -37.4222 -3.6458
-7.4545 -38.0418 -3.5317
-7.4545 -34.9461 -3.4907
-5.281 -33.4369 -3.5456
-6.4903 -36.8521 -3.4842
-4.0606 -33.7699 -5.1968
1.8501 -34.6385 -3.6754
-6.1102 -35.025 -3.471
3.6171 -34.1935 -3.7543
-0.7091 -33.8415 -3.4551
-5.056 -35.7707 -3.6746
2.4701 -39.9339 -4.0507
-7.3539 -35.0068 -3.3695
-3.4632 -38.0374 -3.7762
-2.9456 -42.1048 -3.6555
-4.7032 -36.2492 -2.6964
-7.2566 -36.0618 -3.4652
-2.8495 -34.6192 -3.7854
-7.0741 -38.5487 -3.5962
-0.0035 -38.1784 -3.5457
-6.0374 -32.7616 -3.7275
-7.6437 -42.8889 -3.5772
-0.0605 -32.5378 -3.3718
-3.6857 -36.4464 -5.4977
-5.3432 -35.9614 -3.5907
-0.6146 -33.5935 -3.4191
-3.6223 -38.6025 -3.4537
-7.0741 -38.1224 -3.6111
-3.7116 -42.0688 -3.4982
1.1099 -38.0433 -3.813
1.1439 -39.3399 -3.821
-4.3133 -33.0152 -3.2486
-6.2042 -41.4861 -3.448
-7.074 -37.9353 -3.5603
-6.4904 -40.6354 -3.5121
-2.2764 -38.3003 -3.9871
-7.4545 -35.6586 -3.4535
-4.3822 -38.9587 -3.4099
-6.1529 -37.7723 -3.513
-8.2034 -37.6686 -3.5681
2.0934 -36.622 -3.5078
-3.8081 -42.6368 -3.656
0.9031 -31.2938 -3.2531
-8.0219 -41.5048 -3.0836
-8.0225 -37.0851 -3.2918
-6.0141 -42.2842 -3.727
-1.146 -39.3499 -3.585
0.2522 -37.5682 -3.7484
-7.3535 -42.2631 -3.5951
-7.4545 -36.1562 -3.481
-2.6702 -35.8865 -3.8998
-1.6649 -30.8162 -2.6244
-1.6009 -34.6012 -3.8966
-5.9184 -37.6896 -3.3936
-7.4545 -36.2319 -3.5323
-7.4545 -36.4371 -3.4727
-0.0628 -41.9073 -4.0491
-4.2847 -38.7905 -3.3934
0.3059 -38.1603 -3.7145
-0.3676 -38.1056 -3.718
-6.2107 -37.3885 -3.5787
-5.7311 -38.954 -3.5377
-3.1363 -33.2527 -5.5025
-8.0218 -41.9866 -3.1528
-8.0227 -34.5695 -3.2706
-7.4545 -36.647 -3.5681
-1.9831 -35.4572 -2.4571
-5.4751 -31.0931 -3.3422
-7.4544 -42.3173 -3.601
-2.9463 -34.543 -3.7562
-7.4545 -36.859 -3.595
-6.0142 -35.2042 -3.4346
3.9875 -39.3424 -4.2165
-8.0081 -41.7139 -3.4511
0.4801 -34.0515 -3.6168
-3.524 -42.7065 -3.5098
-5.8261 -39.4772 -3.5172
-7.3537 -38.2284 -3.5603
1.3752 -42.1813 -4.1509
0.613 -42.4256 -3.9019
-7.7868 -37.7171 -3.7493
-2.9458 -38.7923 -3.4331
-5.1225 -33.8575 -3.4242
-3.6231 -42.5858 -3.5814
-5.3432 -36.0819 -3.608
-6.6837 -38.9537 -3.6502
-0.646 -40.839 -3.7048
-5.8261 -40.2528 -3.6278
-4.877 -33.5501 -3.3157
3.3175 -36.667 -3.7178
-4.1824 -38.4615 -3.6847
-4.5758 -42.6225 -3.689
-4.5755 -36.3467 -2.7613
2.2281 -34.8561 -3.6125
0.1397 -36.4107 -3.4755
-2.0805 -39.7212 -3.3086
-5.9183 -40.6303 -3.5924
0.9584 -36.8381 -3.6467
-1.5068 -38.3637 -3.7542
-4.1873 -41.2741 -3.544
-2.0805 -38.371 -3.7726
-2.2762 -39.8372 -3.2813
0.3944 -36.4968 -4.1761
1.0985 -30.3262 -2.8831
-7.4545 -39.1285 -3.5962
-6.8717 -38.3898 -3.5892
4.2026 -40.2369 -4.8634
-2.8489 -35.9378 -1.8746
-4.3821 -35.5357 -2.7033
-8.662 -34.3409 -3.4747
-6.2042 -38.5026 -3.5299
-6.6836 -35.1892 -3.4889
-0.8519 -37.002 -2.5916
-8.5565 -37.7491 -3.2123
-3.2371 -38.6958 -3.4402
-3.1555 -33.1674 -3.2431
-7.6438 -41.8394 -3.5613
2.2759 -38.4786 -3.7557
-7.7647 -35.4157 -3.4668
-1.5068 -38.6876 -3.6114
-2.3255 -32.7743 -3.3002
1.8849 -38.7672 -4.0315
-7.3537 -37.9429 -3.5596
-2.1192 -37.1936 -2.6613
1.1879 -39.9322 -3.7001
-4.4328 -34.197 -5.2078
0.2228 -39.9265 -3.5752
-6.3582 -37.6176 -3.7677
-4.4244 -36.5912 -2.8666
-1.3108 -38.7093 -3.5325
-6.8575 -38.0047 -3.8529
-7.4545 -38.1456 -3.6138
1.5702 -37.5386 -3.6049
-3.5059 -34.4672 -3.7075
0.2703 -35.438 -4.9536
-5.8261 -42.1253 -3.4825
2.7224 -37.1166 -3.6611
-6.8346 -37.9298 -3.7848
-4.2848 -35.7847 -2.654
-8.5662 -37.653 -3.2285
-2.1305 -36.5812 -1.8781
0.7082 -38.7892 -3.6185
-2.8446 -37.218 -2.8122
-5.8261 -40.558 -3.6184
-5.4766 -38.2429 -3.5545
3.8245 -37.9631 -3.9238
1.1874 -32.4601 -3.3693
-7.2619 -42.8587 -3.6159
-1.5066 -37.1811 -3.3564
-1.0247 -37.5562 -3.877
-2.3729 -42.1674 -3.8477
-1.6985 -41.9666 -3.8161
-7.0744 -41.4997 -3.6207
-4.1873 -35.1422 -2.6558
-6.0804 -38.4571 -3.7318
-5.9758 -38.2748 -3.8372
-6.1099 -42.4054 -3.5986
-6.11 -40.3926 -3.5904
2.9133 -34.9295 -3.6518
0.0917 -37.8948 -3.7479
-7.2619 -39.81 -3.6185
-8.0081 -38.3419 -3.4281
-7.3536 -40.3079 -3.6022
-7.4545 -39.498 -3.5428
-3.9977 -36.5088 -2.6673
-5.4715 -37.6581 -3.7173
-7.4545 -39.5896 -3.5523
-7.4545 -39.682 -3.5389
0.4181 -36.9379 -3.4571
-1.4125 -39.0415 -3.5538
-7.6927 -35.0011 -3.494
-1.7791 -38.0387 -3.8885
-3.4674 -31.4987 -3.1499
2.7034 -36.4871 -3.6039
-7.4544 -40.0507 -3.5083
-2.3727 -40.9327 -3.5665
-4.3822 -38.1766 -3.5051
-5.3424 -40.8531 -3.4586
-5.2111 -33.1939 -3.4595
-7.4545 -39.9289 -3.5367
-3.6651 -38.7289 -3.5277
-8.709 -33.9408 -3.2465
-7.4545 -39.9017 -3.6294
-3.2732 -38.2728 -3.796
1.282 -37.1665 -3.5566
-6.5896 -41.1245 -3.5787
-4.2607 -34.955 -3.4587
-1.6014 -38.6218 -3.6115
2.5783 -35.9957 -3.5262
-2.8413 -33.2248 -3.3863
-6.5897 -42.717 -3.5653
-6.014 -41.31 -3.4701
-1.412 -34.5658 -3.8467
0.9641 -40.031 -4.1482
-4.1872 -42.2023 -3.4191
-7.4544 -40.9526 -3.4533
-1.6015 -38.9738 -3.4994
-8.57 -37.5175 -3.2255
-6.1101 -35.9337 -3.5024
-8.0219 -41.7987 -3.1249
-7.2619 -38.0947 -3.5371
-7.3537 -39.1098 -3.5382
1.8564 -38.2142 -3.6686
1.2614 -39.3973 -3.8758
-4.8824 -37.6575 -3.6715
-7.9778 -33.4255 -3.3456
-7.4544 -41.5995 -3.6522
2.931 -39.2505 -3.9941
-5.6949 -37.275 -3.485
-7.5479 -37.9773 -3.5759
-5.3423 -41.9747 -3.4942
-5.9183 -40.6483 -3.4819
-7.6438 -41.6554 -3.5652
-2.0801 -34.879 -2.494
-3.042 -37.0531 -3.333
-5.7025 -33.7638 -3.7499
-6.6836 -36.1632 -3.5997
-7.262 -37.1996 -3.5324
0.8858 -31.5831 -3.5709
-8.1711 -32.1766 -3.988
-7.4544 -42.4512 -3.499
-0.1614 -36.7907 -2.4745
-5.3972 -35.248 -3.5411
0.5157 -40.4138 -3.6663
-7.4544 -42.0759 -3.7354
-3.7802 -34.3006 -3.4607
-6.0238 -30.8351 -2.7398
2.4795 -39.4038 -4.0791
-7.4544 -42.4097 -3.5877
-5.2988 -31.5297 -2.6595
-3.0414 -40.5751 -3.3587
-6.0141 -37.7129 -3.3699
-6.7799 -41.6424 -3.4706
-7.1548 -30.9688 -3.1963
-1.481 -35.0344 -6.12
-1.7827 -31.1862 -2.9736
-5.5014 -35.2941 -3.4778
1.1479 -36.5214 -3.564
3.9653 -38.8123 -4.1499
-2.2764 -41.7741 -3.6991
-4.1872 -37.1845 -2.6489
-7.2619 -39.1565 -3.6255
-1.3961 -37.4408 -2.5363
-6.8721 -35.2887 -3.4158
-1.6018 -41.2293 -3.7886
-4.3822 -38.5468 -3.4288
-0.0049 -36.7413 -4.1264
-2.4691 -39.0826 -3.363
-3.332 -41.2193 -3.5248
-3.5197 -33.5837 -3.3634
-7.2619 -38.169 -3.6342
-6.0141 -36.9982 -3.4757
-1.2127 -42.3436 -3.9285
-1.5063 -36.3011 -1.8025
-2.8489 -35.6403 -1.9476
-3.8075 -36.6994 -2.7366
-2.3725 -38.7004 -3.6143
-0.5637 -39.1421 -3.6017
-2.2757 -36.0288 -1.7481
-8.0081 -42.1724 -3.6447
0.9969 -34.7292 -3.6303
0.9859 -33.4184 -3.6315
2.7298 -33.6543 -3.9824
-7.4544 -42.7506 -3.6726
-5.0087 -38.5722 -3.4981
-5.8744 -38.3589 -3.8423
-2.1784 -37.1393 -3.3422
-5.6141 -36.2882 -3.4295
-6.0141 -38.0864 -3.4944
-5.7311 -42.2403 -3.3688
1.4719 -34.5606 -3.7159
-2.3927 -37.5566 -2.6705
3.7283 -34.0083 -3.8396
-5.5385 -30.669 -2.9552
-0.518 -31.1348 -2.9228
-7.0739 -36.3049 -3.5483
-5.5951 -35.979 -3.4865
-4.5756 -35.2422 -3.5612
-2.8123 -37.455 -2.6268
-5.8261 -40.6465 -3.5732
-4.5135 -33.8746 -3.2667
-8.2852 -38.0034 -3.5473
-3.9176 -30.8379 -2.7415
-6.9722 -42.9185 -3.5413
-5.9183 -37.8364 -3.3412
-8.6074 -35.866 -3.326
-2.9457 -39.3252 -3.2624
-2.3728 -41.9642 -3.6926
-3.6215 -35.2452 -2.6576
-7.262 -36.7733 -3.5473
-7.3538 -35.4696 -3.426
-1.6568 -33.9269 -3.4689
-7.1385 -37.8313 -3.8245
-6.4098 -33.6058 -3.513
-7.4544 -40.1719 -3.5028
0.5091 -30.8132 -3.2241
-2.8492 -41.1995 -3.6566
-7.1086 -36.2277 -3.588
-8.0226 -35.9304 -3.3861
-2.8491 -41.288 -3.6114
-1.549 -35.9148 -3.7926
2.7478 -37.5142 -3.7373
-6.4152 -35.3839 -3.4469
1.188 -38.4978 -3.6103
-7.9761 -41.2854 -3.4912
-5.3813 -35.6248 -3.5358
-7.3538 -36.9699 -3.5721
0.9669 -34.4787 -3.5747
-6.9724 -37.3405 -3.4951
-5.1922 -38.7491 -3.518
-7.3538 -35.6589 -3.4082
-2.7567 -40.8915 -3.5887
-0.739 -39.7624 -3.3893
-7.5478 -39.9894 -3.6071
-7.5956 -36.197 -3.613
0.1265 -41.9961 -4.1504
-7.8667 -32.2091 -3.4262
-7.3537 -39.6385 -3.6511
-7.5972 -33.83 -3.6505
2.9588 -35.5499 -3.5087
-2.3725 -39.5799 -3.3454
-6.6837 -41.6774 -3.5211
-0.0628 -40.2363 -3.6415
-0.0112 -36.6088 -4.1073
-2.8104 -30.8392 -2.6206
2.7281 -33.1296 -3.6793
-5.1467 -42.029 -3.3072
-7.3538 -37.1857 -3.6308
3.4188 -38.6328 -4.0224
0.4175 -41.6727 -4.3044
-4.114 -32.9576 -3.2165
-6.014 -42.337 -3.5875
-5.2493 -38.9163 -3.2873
-7.3538 -37.4652 -3.6683
-6.78 -39.0557 -3.5526
-1.0271 -36.7342 -5.655
-6.4904 -39.0846 -3.5831
-7.6439 -40.3172 -3.494
-7.2619 -41.7789 -3.638
2.7511 -38.3646 -3.747
-0.9708 -38.8319 -3.5361
-7.6441 -36.2137 -3.4948
-0.1614 -35.7834 -2.3472
-7.3538 -37.572 -3.6588
-1.2127 -39.8477 -3.4357
-4.7719 -42.6463 -3.5401
-6.872 -35.7053 -3.5521
-5.6981 -37.0099 -3.4754
-7.3537 -38.108 -3.5429
3.2954 -36.7443 -3.6513
1.5701 -35.6393 -3.5271
-4.6961 -30.6287 -3.2593
-6.5896 -41.3055 -3.5202
-5.343 -36.3982 -2.7941
0.6406 -38.1069 -3.8376
-7.262 -35.6441 -3.4483
-0.1617 -39.4364 -3.4311
-7.1905 -35.4765 -3.4851
-7.3537 -38.4064 -3.5932
-3.9045 -34.8027 -3.6378
-7.9153 -40.4815 -3.9144
3.0562 -38.9937 -4.0809
-5.7441 -31.9831 -3.3772
-7.9058 -30.3181 -3.1009
-2.3718 -34.8928 -2.5194
-7.3537 -38.9448 -3.5549
-7.7231 -32.8404 -3.3645
-3.2605 -38.9417 -3.5704
1.5703 -37.8172 -3.5191
-8.0223 -38.6245 -3.2711
-2.6756 -36.8512 -4.1751
-7.4544 -42.2158 -3.5965
1.143 -35.6036 -3.6421
-7.3537 -39.3627 -3.4993
-8.4425 -32.8061 -3.7286
-0.0633 -34.633 -3.9353
-8.7432 -32.6391 -3.2106
-2.8492 -39.016 -3.3869
-7.4677 -38.0916 -3.7227
0.3319 -31.852 -3.2876
-2.7567 -41.177 -3.5893
-7.3535 -41.7739 -3.6083
-2.9459 -34.9895 -2.4931
-5.3643 -33.4695 -3.5912
-7.3536 -39.705 -3.5384
-5.7602 -36.7679 -3.6288
-1.311 -42.2358 -4.028
1.8503 -40.9241 -3.991
-1.2332 -33.3751 -3.3171
-1.6008 -35.1603 -2.441
-7.3536 -40.0617 -3.5815
-4.2849 -34.6751 -3.6139
-5.8417 -35.1776 -3.3317
-1.3318 -36.0925 -5.8265
0.8075 -39.2774 -3.7263
1.3755 -35.5404 -3.5998
-7.4545 -35.1709 -3.421
2.0379 -33.8399 -3.6405
1.0727 -32.432 -3.6713
0.2228 -40.3432 -3.7115
0.6676 -37.304 -3.6874
-1.8587 -38.1876 -3.7477
-6.5895 -39.445 -3.5915
-7.644 -38.343 -3.4886
1.472 -40.3916 -3.8696
-0.6453 -36.5278 -2.4727
0.9921 -38.2337 -3.6517
-1.212 -31.4038 -3.004
-6.9722 -42.1712 -3.6075
-8.324 -37.1096 -3.5631
-7.3537 -38.1588 -3.6183
-0.012 -31.0064 -3.3508
-4.3822 -41.3094 -3.5946
-4.1874 -35.0966 -3.6355
-7.3536 -40.5615 -3.5404
-4.6004 -37.5856 -3.5702
0.8077 -40.6994 -3.5973
-6.4904 -38.7636 -3.6343
-5.4398 -41.1986 -3.5387
-5.7849 -37.6404 -3.5034
0.4182 -35.3406 -3.7771
-5.2492 -36.7454 -2.7743
3.8066 -33.1357 -3.6736
-5.9183 -38.4635 -3.4039
3.0601 -34.1031 -3.8127
-3.5533 -34.3789 -3.5648
-6.4904 -39.9538 -3.4885
1.8554 -36.3371 -3.3736
-8.5915 -31.6886 -2.7147
-4.4816 -36.1396 -2.7208
-5.1821 -35.9237 -2.6888
-7.3536 -41.0741 -3.5489
-3.885 -37.4634 -2.7972
-1.7614 -31.4995 -2.9477
-3.5236 -40.4862 -3.4837
-3.2371 -40.1367 -3.3239
-5.3427 -39.2446 -3.3676
-3.2372 -42.0235 -3.6439
2.6512 -37.078 -3.7451
-2.7566 -40.7778 -3.5117
-6.3307 -35.2992 -3.2476
-3.3143 -37.8255 -3.8616
-1.5073 -42.2837 -4.0489
-7.0739 -36.9394 -3.5284
-4.3081 -34.2261 -3.3159
-2.5704 -35.1702 -4.7957
-0.2477 -31.7494 -3.0323
-3.8076 -37.4786 -2.7328
1.9841 -37.2797 -3.5311
-3.8383 -37.6591 -2.7094
-1.3108 -37.3512 -3.3255
-8.0081 -43.0836 -3.2921
-7.7382 -36.3257 -3.4719
-5.1376 -35.1978 -3.5947
-5.8261 -39.2561 -3.4725
-7.0741 -38.9856 -3.5533
-4.1872 -37.005 -2.6617
0.7083 -35.6565 -3.6749
-7.4545 -37.9616 -3.6176
0.5218 -32.4758 -3.3522
-1.1316 -35.4568 -2.477
-6.2042 -41.8763 -3.6539
-3.3321 -42.0031 -3.5299
0.3811 -31.5175 -3.1242
-7.3535 -42.6508 -3.5773
-3.3319 -39.5803 -3.326
3.7928 -37.2342 -3.8286
0.4181 -36.3987 -3.3722
-1.9605 -37.9563 -3.8388
-2.7883 -36.8158 -4.1393
-7.2619 -38.8991 -3.6556
1.0192 -38.3716 -3.8772
-4.1873 -39.811 -3.4466
-7.3993 -33.9359 -3.6368
1.9841 -37.4039 -3.5802
-2.0805 -39.2246 -3.4045
1.0774 -37.6281 -3.621
-7.3535 -42.8658 -3.5127
-1.6788 -33.6661 -3.4468
-2.7567 -42.5183 -3.715
1.7933 -36.2484 -3.4779
-1.0253 -38.7003 -3.5255
-4.8701 -38.1124 -3.6832
-4.0407 -31.4372 -2.8738
0.0478001 -35.0822 -3.8477
-3.5714 -31.0073 -2.6064
-6.6837 -39.7404 -3.564
-8.0081 -39.8921 -3.5258
1.0565 -36.4229 -3.5883
-7.3535 -42.8871 -3.6031
3.3393 -35.8834 -3.4894
-7.737 -42.5794 -3.724
-1.8987 -30.7262 -2.7185
-5.7314 -31.6222 -2.8021
3.1903 -34.9881 -3.6314
-6.7801 -37.9056 -3.6555
0.6134 -37.354 -3.608
-7.3118 -31.7254 -3.1881
-6.0141 -38.7991 -3.6034
0.0956 -33.3442 -3.293
-7.2619 -40.2908 -3.5645
-7.262 -34.5182 -3.5501
-2.1585 -33.2424 -3.4195
-4.5127 -36.1058 -2.795
-7.262 -37.742 -3.672
-3.9052 -41.6388 -3.3786
-7.9156 -38.1911 -3.5078
-0.7388 -37.0927 -2.58
-4.1602 -39.1287 -3.4703
-2.298 -35.9729 -3.8749
-7.7381 -36.9938 -3.6148
-4.7717 -41.3712 -3.6168
3.8112 -34.3757 -3.7513
-7.0739 -36.7715 -3.6366
-7.9306 -38.0586 -3.6731
-1.3109 -41.8594 -3.9951
-2.7097 -33.7011 -3.4922
-8.0224 -36.957 -3.2109
-7.6438 -41.8037 -3.467
-3.5239 -42.125 -3.5364
-5.8261 -37.0043 -3.6762
1.121 -31.4573 -3.4477
-4.5758 -42.0284 -3.3507
-6.1521 -34.2824 -3.5123
-7.7383 -35.5184 -3.445
-6.014 -41.5576 -3.445
-7.7369 -42.8177 -3.5349
-4.4303 -33.5146 -3.3415
-7.6438 -41.0563 -3.5333
1.5704 -40.1522 -3.8922
3.1068 -39.1703 -4.2331
-7.262 -35.0398 -3.4303
-2.8692 -36.3695 -1.8589
-0.1619 -34.2362 -3.8345
-0.8986 -30.7748 -2.6236
-2.9505 -36.4563 -5.3207
-2.1785 -40.9873 -3.6172
1.9838 -34.5523 -3.7745
-7.5478 -40.6088 -3.6062
1.8503 -39.9849 -3.8512
-4.2846 -42.5094 -3.4651
-4.1874 -34.9186 -3.6026
-3.6734 -33.7936 -3.2033
-7.9153 -41.2374 -3.4274
-0.6458 -39.0856 -3.4518
-5.338 -34.0444 -3.3746
-1.6985 -41.5146 -3.878
-7.0738 -35.5929 -3.4165
-7.0775 -35.7737 -3.4608
-1.7322 -39.5285 -3.5341
-3.9044 -35.5404 -2.6537
-0.9061 -33.798 -3.4384
-7.262 -34.296 -3.8435
2.084 -36.1251 -3.4792
2.9564 -39.3168 -4.0702
1.6626 -41.8585 -4.0326
-4.9007 -39.0049 -3.5357
-0.333 -33.7601 -3.4221
-5.8687 -33.979 -3.6449
-7.262 -35.5638 -3.388
1.4719 -41.8965 -4.0246
-7.4545 -38.8953 -3.6252
-1.1801 -35.8069 -1.7466
-3.9461 -35.8877 -2.8065
1.8722 -38.3357 -3.7162
-5.8261 -41.9686 -3.54
3.0063 -34.6664 -3.6512
-7.7791 -35.6208 -3.5249
-8.0081 -42.1995 -3.5521
-3.5571 -33.4375 -3.3177
-7.262 -37.0451 -3.5212
0.9565 -37.6047 -3.7266
-7.0742 -39.0553 -3.6414
-5.3002 -36.0102 -3.4893
-3.0426 -34.8533 -3.8816
-7.8014 -34.0512 -3.4316
2.2831 -39.3167 -4.0792
-0.6453 -36.8012 -2.547
-6.2042 -39.5015 -3.6166
-2.2764 -41.5491 -3.6227
-7.2619 -39.3888 -3.4733
-7.072 -31.2133 -3.0001
-0.162 -41.9008 -4.1538
-2.4881 -32.7933 -3.2179
-5.5732 -38.7731 -3.5538
-2.9461 -38.1394 -3.8788
-3.9977 -36.277 -2.6505
-0.2585 -39.7379 -3.3899
-6.9996 -35.7538 -3.501
-6.9082 -34.1481 -3.6106
0.418 -37.4856 -3.5828
-0.9289 -41.7809 -4.0691
0.2028 -31.8296 -3.3692
-5.7311 -39.3213 -3.5528
-1.7945 -33.781 -3.5135
-2.7566 -34.4839 -3.7641
1.7438 -33.4228 -3.8963
1.5704 -42.0256 -4.4782
-7.3538 -35.8664 -3.4261
-5.7311 -40.1209 -3.5162
-3.6798 -37.9562 -3.7659
-7.2619 -40.7716 -3.5105
2.9405 -38.9523 -4.0226
-7.5477 -41.7016 -3.6338
-7.262 -35.7478 -3.3841
2.8381 -34.7335 -3.7176
-6.9953 -38.3632 -3.7445
-5.7311 -38.0429 -3.4287
-7.6441 -36.0083 -3.4083
-7.2619 -38.955 -3.5708
-4.5757 -39.0752 -3.3947
3.0815 -39.6563 -4.1571
-4.9543 -34.5762 -3.3733
-6.5819 -33.6663 -3.4685
-2.8494 -38.1928 -3.8633
-1.7454 -37.3936 -2.6429
2.6539 -33.312 -3.7541
-4.2846 -41.7461 -3.427
-0.0285 -30.749 -2.8574
-7.2619 -39.0474 -3.5574
-4.277 -32.5668 -3.3631
-7.2619 -39.1647 -3.5201
1.8503 -40.3721 -4.0025
3.4789 -39.3617 -4.2032
3.4473 -38.3567 -4.108
-4.7321 -34.9738 -3.4672
-6.204 -37.4638 -3.6283
-5.4752 -39.248 -3.8488
-5.4402 -36.7002 -2.7169
1.5701 -36.2792 -3.4933
-7.2619 -41.213 -3.4766
0.7969 -35.5362 -3.6428
-6.8712 -42.7608 -3.6998
-7.4544 -39.641 -3.4585
-5.9184 -35.7375 -3.4557
-0.9287 -40.2414 -3.4818
-3.6226 -40.3622 -3.3546
-3.5239 -42.1233 -3.436
-2.7757 -32.1642 -3.1618
-4.7257 -37.9225 -3.487
-2.7028 -38.5495 -3.5111
-2.6627 -36.3918 -1.8102
-7.2619 -39.2496 -3.5893
-0.485 -31.5212 -3.1297
-7.0737 -35.1757 -3.4494
0.4175 -42.2684 -4.1355
-5.2492 -42.543 -3.5192
-5.6582 -34.4549 -3.2959
0.2848 -35.5235 -4.117
-2.08 -36.1077 -1.7432
-7.885 -33.1664 -3.5677
-6.6837 -40.7118 -3.4511
-7.2619 -39.6896 -3.6011
-8.0221 -39.8325 -3.3297
-1.4101 -38.2437 -3.6513
-1.0571 -35.2662 -2.409
1.5477 -39.0444 -3.8869
-4.3822 -39.4941 -3.463
-0.2587 -42.1809 -4.0224
-5.3839 -38.2958 -3.5354
-5.3422 -42.386 -3.6445
-0.646 -41.2358 -3.7048
-3.4303 -33.7311 -3.3439
-7.4545 -37.3338 -3.5778
-7.4902 -36.0369 -3.5817
-5.7249 -38.5681 -3.6843
0.516 -38.3449 -3.5966
-5.9183 -39.7093 -3.4884
-7.2619 -40.1924 -3.6147
-2.849 -35.5635 -2.2344
-7.2619 -40.4316 -3.5489
-8.5054 -30.8114 -2.5617
-4.7709 -35.4647 -3.7047
-6.5893 -37.9864 -3.5028
-2.104 -32.9401 -3.2317
1.282 -35.6249 -3.6453
0.3493 -32.8109 -3.3349
-7.2619 -40.6867 -3.4413
1.984 -36.5003 -3.3885
-5.0016 -34.8803 -3.463
-2.1086 -33.0521 -3.2548
-4.8652 -35.0786 -3.5882
-6.014 -42.4754 -3.4943
-3.9049 -38.9953 -3.4224
-3.1375 -36.7598 -1.9413
-7.737 -42.6428 -3.5566
-2.4567 -38.0313 -3.9016
-5.5456 -35.018 -3.3446
-6.5894 -39.0846 -3.6628
-3.3318 -37.3123 -3.2794
-4.9511 -34.7419 -3.3829
-3.2371 -39.4053 -3.3483
-0.1617 -39.2138 -3.4322
-4.4819 -38.9702 -3.3358
-7.2619 -41.0048 -3.4815
-4.7922 -34.5541 -3.2864
-6.4904 -38.9059 -3.573
-1.4477 -36.7107 -1.8528
-2.0803 -37.0754 -3.2748
-4.4044 -33.8693 -5.1003
-7.3535 -42.7645 -3.6544
-6.4903 -37.9895 -3.4779
-6.7801 -37.3721 -3.3876
-7.0745 -42.6765 -3.5941
-5.3429 -36.7646 -2.686
-6.653 -33.1539 -3.6076
0.1265 -37.2744 -3.4992
-3.5237 -40.6028 -3.4692
-7.3536 -40.394 -3.4795
-6.0141 -40.3348 -3.5513
-5.2493 -40.7217 -3.4242
-3.8382 -37.1511 -2.7093
-1.6249 -35.8618 -3.8574
-7.2619 -41.6153 -3.6089
-2.9456 -36.0882 -1.8761
-7.2619 -41.7379 -3.5576
1.1063 -35.9432 -3.6183
1.6626 -41.798 -4.1084
-0.9288 -34.7755 -4.0204
-3.9983 -39.5614 -3.3039
-1.4572 -36.0937 -4.3615
2.0681 -36.6662 -3.4317
-3.3394 -31.4515 -3.0536
-7.2619 -40.851 -3.4475
-3.0416 -39.3331 -3.306
-6.2705 -36.4588 -3.4285
-0.6452 -34.9027 -2.4468
0.4217 -39.402 -3.6909
-7.2092 -30.9184 -3.0892
-3.344 -32.7471 -3.1919
-3.6356 -37.0775 -2.7259
-2.1617 -36.7394 -1.9765
-6.5893 -37.7357 -3.4731
-3.3983 -39.4961 -3.4395
-7.738 -37.1792 -3.5652
0.0553 -36.0566 -4.307
0.8071 -34.9551 -3.7596
-5.9184 -36.1199 -3.4519
-2.1785 -34.4175 -3.7189
-3.8075 -34.8219 -3.6498
-4.4442 -37.4015 -3.7559
-7.7372 -41.5327 -3.6167
1.9839 -35.4494 -3.5645
-7.5478 -38.7633 -3.5125
-6.11 -39.153 -3.6152
-6.2705 -36.5693 -3.4285
-3.3314 -34.9396 -2.566
-3.2372 -37.3465 -2.8489
-4.8655 -40.642 -3.4846
-5.9574 -30.3853 -3.0134
-6.8713 -41.6262 -3.4685
-4.2449 -34.3392 -3.45
-8.0081 -35.0758 -3.4185
-5.9816 -32.233 -3.0109
-3.5235 -39.6037 -3.2363
-2.9925 -37.6233 -2.7323
-3.5704 -36.3796 -2.638
-4.2386 -34.5243 -3.5252
-5.3246 -35.1764 -3.587
-3.9975 -35.0056 -2.6129
-7.0737 -34.3384 -3.6066
-1.6974 -35.8873 -1.7201
-0.8272 -37.4283 -2.5082
0.2433 -30.7732 -3.1584
-5.2493 -37.7299 -3.4648
-6.6836 -36.0972 -3.5433
-5.4403 -36.2405 -2.7151
-3.9985 -40.7241 -3.5658
-6.3963 -34.6184 -3.5761
-4.8362 -38.553 -3.4403
-4.7708 -35.0473 -3.5913
-7.0737 -35.115 -3.3791
1.8409 -33.4984 -3.62
-3.2372 -40.8384 -3.6298
-6.6837 -38.294 -3.5479
-4.6414 -38.7674 -3.4467
-2.5632 -35.8324 -5.7578
2.4485 -33.3301 -3.6976
-3.8078 -39.8163 -3.3288
-3.3697 -35.9115 -5.6128
-3.9047 -37.7281 -2.64
1.8501 -34.347 -3.7116
-7.6441 -37.3429 -3.5938
-0.9288 -34.4397 -3.7754
-3.8076 -37.6722 -2.5777
-7.0738 -36.0088 -3.5756
-1.5072 -41.4225 -3.8921
1.8564 -38.8004 -3.9459
-3.8458 -39.3247 -3.5482
-5.0559 -38.6509 -3.3418
0.8966 -32.4683 -3.385
-7.0739 -36.4162 -3.5478
-7.6438 -40.9299 -3.5528
-3.3573 -38.5353 -3.563
-7.0739 -36.5138 -3.5205
-4.2486 -33.8321 -5.1947
-3.6225 -39.6957 -3.3121
-7.0739 -37.0431 -3.4642
-3.7614 -32.5676 -3.2639
-6.8576 -38.1939 -3.8717
-0.3495 -35.9647 -3.4613
-1.9664 -35.8723 -1.8779
-4.1872 -35.077 -2.5766
0.6133 -39.2381 -3.7047
-5.6204 -37.7636 -3.6124
-3.7115 -40.7839 -3.5799
-7.7024 -36.9763 -3.7119
-4.5757 -40.2341 -3.6248
-5.6887 -32.4146 -3.2722
-6.6837 -38.4948 -3.6255
-2.902 -33.1612 -3.3446
-6.9723 -39.5299 -3.5822
-5.596 -31.5719 -3.1964
-7.074 -37.1712 -3.5451
-7.7377 -38.7861 -3.5554
-3.7113 -39.1168 -3.3503
-7.074 -37.2318 -3.6155
-1.2127 -39.7621 -3.3894
1.8997 -36.7016 -3.5068
-4.5043 -36.4903 -2.7266
-6.6837 -37.6866 -3.4752
-7.8867 -33.5276 -3.364
-3.8078 -38.92 -3.5162
-7.0739 -36.57 -3.5819
-6.2936 -32.6538 -3.1111
-5.826 -38.0285 -3.4237
-3.1296 -33.4432 -3.3876
-7.074 -37.3871 -3.6038
-0.6453 -35.9364 -2.5044
-6.11 -38.4623 -3.5738
1.1751 -33.5638 -3.9152
0.0489 -35.9461 -4.2879
0.7081 -41.0689 -3.9071
-7.9231 -30.4361 -3.1585
-6.78 -38.7476 -3.6535
-8.032 -38.4221 -3.7134
-6.2958 -36.4147 -3.3524
-6.78 -38.9528 -3.5938
-4.3822 -38.8428 -3.4015
-5.44 -39.9825 -3.5853
-1.7928 -35.8627 -1.721
-8.8473 -33.3656 -3.6092
-4.3822 -34.9302 -3.4848
0.7082 -38.5778 -3.5687
1.1914 -39.4042 -4.2511
-3.7114 -39.7878 -3.4018
-0.4499 -39.7181 -3.3989
-2.2762 -34.3841 -3.7244
0.2189 -38.36 -3.7124
0.8073 -36.5623 -3.4348
-7.7381 -36.899 -3.5506
-2.6844 -34.1098 -3.5683
-7.566 -36.2379 -3.5383
-0.6052 -37.2613 -2.6049
-1.9582 -37.2465 -2.7595
-6.1434 -35.1804 -3.3203
-5.2492 -36.2244 -2.725
-7.6437 -42.8133 -3.672
-7.0742 -39.5004 -3.4931
-3.6214 -34.9777 -2.5465
-4.2849 -35.0484 -3.5922
-1.3109 -38.329 -3.9292
-0.7177 -36.3689 -4.2965
-3.0417 -39.1659 -3.3914
-7.9151 -42.8771 -3.6034
-7.1806 -32.9213 -3.456
0.5095 -37.4255 -3.6409
-5.7375 -34.442 -3.5998
-2.4685 -35.5073 -2.1159
1.2599 -37.7846 -3.5899
3.3704 -39.8805 -4.1744
-2.7565 -39.3636 -3.2431
-7.0743 -40.2601 -3.6456
-0.1619 -41.9241 -4.0294
1.8503 -40.6022 -3.9189
-2.4784 -36.2994 -1.883
-2.3722 -34.7086 -3.9075
-0.5256 -36.0607 -3.7155
-7.2618 -42.9319 -3.4436
0.691 -36.7682 -3.573
-5.7311 -39.2289 -3.5662
-1.3109 -40.7156 -3.7462
-6.9326 -37.8521 -3.7906
-6.8721 -34.9176 -3.3688
-0.2582 -37.2937 -2.488
0.5078 -30.9297 -3.2389
-7.0745 -42.4176 -3.6699
-4.5755 -35.634 -2.6524
-5.7311 -39.5946 -3.4809
-4.5755 -35.7386 -2.7115
-3.9977 -36.184 -2.6867
-2.8548 -33.5489 -5.2869
-4.5755 -36.639 -2.7023
-3.4361 -32.5241 -3.1667
-5.7312 -39.4554 -3.5969
-1.1618 -39.2284 -3.5374
-7.4939 -30.5025 -3.3064
-3.9208 -33.9683 -3.3182
0.8071 -34.8603 -3.6955
-1.6632 -33.7612 -3.4498
-7.074 -38.0156 -3.6206
-1.0336 -33.2877 -3.3448
-3.9867 -34.1982 -3.414
3.7782 -38.6663 -4.2401
-3.622 -37.2716 -3.1539
-5.2175 -38.0312 -3.4418
-1.1722 -37.3212 -2.64
-4.7713 -39.0355 -3.4131
-5.7311 -39.5917 -3.5724
-5.7312 -39.7893 -3.5953
-5.779 -35.8188 -3.5861
-1.9064 -37.4599 -2.6428
-5.4402 -36.4821 -2.7269
-6.1209 -33.5317 -3.5085
0.2226 -41.9166 -4.1465
-0.5858 -38.7003 -3.5351
2.8881 -35.6033 -3.5759
-1.2126 -36.1339 -1.674
-2.4487 -30.9657 -2.9352
-5.7312 -40.046 -3.5882
1.9839 -35.0459 -3.624
3.3614 -35.033 -3.5558
-8.4248 -32.5446 -3.385
-7.0029 -37.903 -3.7196
-5.7312 -40.196 -3.5904
-3.0542 -35.1369 -2.4555
-1.1943 -37.2108 -2.5735
1.8503 -40.2001 -3.9327
-4.6955 -34.5375 -3.2846
-3.4842 -37.8308 -3.8121
-3.155 -38.3869 -3.752
1.2821 -40.4411 -3.7544
-6.3338 -35.5201 -3.2381
0.4183 -34.2653 -3.8082
-7.9762 -37.7695 -3.575
-0.8938 -34.8661 -2.308
-7.5181 -32.6729 -3.3272
0.4655 -34.9309 -3.7412
2.8097 -34.6783 -3.632
-1.2197 -30.835 -2.7182
-7.644 -39.1239 -3.5853
-1.5069 -39.9109 -3.3358
-5.7311 -40.9402 -3.4695
0.1266 -36.4648 -3.3948
2.8199 -33.748 -3.9553
-1.2127 -42.2551 -3.9737
0.2143 -38.0542 -3.6343
-5.7311 -41.0431 -3.4283
-5.0559 -38.1785 -3.4365
0.3011 -37.8013 -3.6124
-0.6454 -37.2539 -2.4622
-4.4819 -39.5428 -3.4375
-3.237 -39.68 -3.2306
-4.4816 -36.3198 -2.6851
-1.591 -36.5749 -4.2496
-6.9722 -41.9965 -3.7754
0.4175 -41.8239 -4.1147
-4.482 -41.012 -3.4981
-5.7311 -41.3468 -3.4646
-6.7802 -35.5282 -3.3943
-3.0418 -38.6026 -3.4538
-3.9076 -35.0638 -2.4997
1.9567 -34.5148 -3.6776
-5.7311 -41.8322 -3.4195
-5.5613 -34.6094 -3.2969
-4.8652 -34.8392 -3.5078
-6.809 -32.5574 -3.1913
-6.1545 -34.2043 -3.4175
-5.7896 -32.8076 -3.8318
-5.7311 -41.9495 -3.3822
-3.9933 -35.0514 -2.5376
-2.08 -35.9865 -1.7487
-1.0152 -30.9219 -2.6984
-1.5072 -41.3172 -3.8558
-7.4544 -42.8588 -3.6174
-7.5479 -37.5958 -3.703
-4.6441 -32.6028 -3.5705
-0.739 -39.3255 -3.4322
-4.2847 -37.5794 -2.6722
-6.8717 -38.2277 -3.5144
-5.7311 -42.1297 -3.3465
-4.9867 -33.3372 -3.5635
-7.2619 -40.5278 -3.5673
-3.9977 -36.0901 -2.7459
-5.056 -34.9225 -3.5672
-3.9283 -36.9775 -2.8652
-5.7311 -42.0555 -3.3956
-3.9978 -36.9541 -2.6651
-3.9271 -33.7695 -3.2991
-6.7268 -33.1687 -3.5542
-4.3436 -35.8492 -2.8311
-1.2127 -35.2869 -2.4439
-1.2128 -38.7984 -3.5662
-4.1317 -38.1679 -3.5556
-3.6346 -31.5711 -2.8294
-6.014 -42.4665 -3.6227
-5.7312 -42.5662 -3.6189
0.1533 -30.7307 -3.1425
-1.6016 -40.0557 -3.4085
-5.3425 -40.826 -3.5512
-5.048 -36.4989 -2.8027
-0.9849 -35.8612 -3.7724
-6.1101 -37.1575 -3.5194
-6.7801 -37.4676 -3.4289
-4.5758 -41.4108 -3.5983
-8.1445 -31.2647 -2.7859
-7.9386 -31.4087 -3.0441
-4.2848 -36.0635 -2.7143
-3.9045 -34.5976 -3.6975
-8.1688 -31.8667 -3.4357
-0.1868 -35.0718 -2.4258
1.3754 -38.127 -3.5183
0.418 -38.1178 -3.4853
-5.5344 -36.0758 -2.6632
-3.2366 -36.9771 -1.9429
-5.5347 -34.5601 -3.4591
1.1217 -38.3672 -3.8134
-1.6265 -35.25 -6.2708
-5.5347 -34.7911 -3.4987
-4.8654 -38.3852 -3.3868
-5.5344 -36.4174 -2.7252
3.1492 -35.6949 -3.5079
-5.5344 -36.7528 -2.6779
-0.352 -33.5503 -3.365
-1.3109 -41.6389 -3.9275
-4.522 -37.9947 -3.5247
-3.711 -37.2084 -2.6475
0.7999 -37.4468 -3.6529
-4.7708 -34.817 -3.5288
3.1042 -38.2667 -3.9467
-7.5477 -42.7799 -3.6575
0.7082 -36.5111 -3.4302
-1.7928 -36.2535 -1.7579
-2.6415 -35.3975 -2.5435
-5.6032 -32.9567 -3.7599
-1.7935 -40.8581 -3.6612
-5.8707 -35.5596 -3.5583
-3.5281 -32.4598 -3.1452
-1.0027 -30.7024 -2.6438
1.8503 -37.4735 -3.5457
0.0326 -39.3418 -3.4482
-2.6627 -36.2956 -1.7918
-3.9052 -41.1165 -3.5214
3.5127 -35.3863 -3.4406
0.0327 -41.1983 -3.8062
0.4187 -37.8006 -3.6811
-5.5345 -37.4303 -3.5925
0.4179 -38.1149 -3.5768
-3.8079 -40.1481 -3.3958
-6.1329 -38.1268 -3.7445
-0.674 -35.3081 -4.0012
-4.7464 -31.2039 -2.9372
-8.5294 -30.863 -2.4693
-5.5345 -37.3009 -3.7035
-2.5147 -35.4817 -4.6603
-6.2042 -37.8906 -3.4483
-2.9457 -39.4221 -3.2579
1.2407 -35.0236 -3.5325
-6.8386 -37.6877 -3.7717
-4.0819 -31.771 -3.0158
-3.7116 -42.1945 -3.5015
-3.5238 -41.644 -3.4443
-4.8954 -32.2548 -3.1793
-5.5344 -38.0881 -3.4481
-6.3841 -32.9194 -3.3777
1.8503 -38.2671 -3.546
-0.8097 -35.3363 -2.5813
-5.9183 -37.96 -3.4132
-3.3319 -39.8824 -3.2618
1.1879 -39.418 -3.7373
0.8824 -33.261 -3.8989
-7.737 -38.5027 -3.9525
-2.0805 -38.5418 -3.5729
-6.2043 -34.751 -3.4187
-3.7633 -32.2573 -3.2385
-5.7559 -39.3546 -3.8741
-7.5479 -38.0826 -3.6122
-5.5343 -38.3758 -3.3801
-5.5343 -38.5447 -3.3952
-5.579 -33.5161 -3.5335
-3.1517 -33.5647 -3.3211
-8.1092 -32.9429 -3.3828
-5.5343 -38.7241 -3.3824
-2.0805 -38.6539 -3.5495
-0.255 -36.4782 -4.2296
-4.8323 -30.3181 -2.8226
-5.1468 -41.524 -3.3623
-1.9272 -35.9726 -1.8141
-4.6892 -34.1399 -3.3036
-4.8654 -38.944 -3.3155
-1.4834 -35.4073 -2.5663
-0.2669 -38.9398 -3.623
-5.5343 -38.8407 -3.3679
-4.5589 -35.2419 -5.6449
-4.2847 -39.6553 -3.436
-5.5343 -38.7894 -3.4617
-3.6226 -40.0813 -3.3629
-5.5887 -35.6477 -3.5055
1.4593 -37.0455 -3.6202
1.3753 -39.3043 -3.9305
3.0054 -37.9777 -3.9284
-2.2763 -38.8288 -3.4922
-6.5896 -41.5137 -3.5152
-4.2846 -41.3782 -3.5809
0.9006 -37.8639 -3.5834
-3.196 -30.8802 -2.6166
-5.5343 -39.0022 -3.4656
-3.3319 -40.0635 -3.3494
-3.2371 -39.3129 -3.3617
-7.4544 -40.8511 -3.4489
-8.3355 -34.8453 -3.3724
-2.3726 -40.3874 -3.5184
-8.5797 -36.7975 -3.4959
1.9846 -41.3717 -4.0431
1.5702 -37.8778 -3.5894
-4.5758 -41.5757 -3.4354
-6.8139 -30.8798 -2.7945
-1.9836 -40.1385 -3.4661
-2.1785 -38.4726 -3.7193
1.188 -37.9495 -3.5075
-5.5454 -36.6946 -3.5629
0.2916 -37.9228 -3.5838
0.9006 -39.9623 -3.6383
-5.6965 -39.1644 -3.7701
-3.8078 -39.1561 -3.3957
-7.2341 -36.7418 -3.7245
-7.3539 -34.9123 -3.4515
-5.5343 -39.1135 -3.4651
-5.3381 -34.9942 -3.3749
-6.2043 -34.5466 -3.4555
-6.9982 -36.229 -3.5437
-6.7798 -42.7747 -3.6244
-5.5343 -39.243 -3.5002
-4.4821 -42.2403 -3.5241
1.6518 -37.0785 -3.6211
-6.8798 -38.5065 -3.9613
-3.6683 -39.0823 -3.5183
-3.7113 -38.4727 -3.5215
-4.5757 -40.1931 -3.5445
-5.5019 -37.9668 -3.4784
-5.6424 -34.5322 -3.3435
3.7911 -36.1618 -3.6264
-5.0919 -36.403 -2.8425
0.2707 -35.5543 -3.8118
-2.7425 -37.2061 -2.805
-7.4545 -34.5812 -3.553
1.0069 -33.0953 -3.6056
-6.3528 -34.9348 -3.181
-6.9722 -42.7983 -3.6702
-7.3538 -35.7807 -3.3798
-3.1781 -37.2488 -2.6627
0.247 -36.4954 -4.0031
-5.8951 -34.4401 -3.4544
-2.2762 -34.4252 -3.8048
-3.237 -40.273 -3.2993
-5.5343 -39.3414 -3.4501
-6.8716 -39.8559 -3.5952
-8.0095 -32.9676 -3.385
-2.9455 -36.0373 -1.8008
-5.5343 -39.4013 -3.5432
-5.5343 -39.7519 -3.4769
-4.8655 -39.9371 -3.5853
-3.8478 -35.8578 -2.7913
-0.2582 -36.5114 -2.4371
4.1837 -40.3253 -4.8064
1.961 -39.6251 -3.9333
-7.2654 -30.4404 -2.9391
-5.5343 -39.9104 -3.6661
-5.5343 -40.0119 -3.6706
-6.5336 -35.9223 -3.56
-4.3144 -34.3476 -3.2969
-5.5352 -38.8836 -3.668
-6.6837 -38.8431 -3.6279
-0.1617 -39.8529 -3.4211
-5.5342 -40.4085 -3.5245
-5.2493 -40.506 -3.5117
-3.6224 -39.0552 -3.3689
1.8503 -39.3777 -3.9246
-7.5477 -42.6868 -3.6938
-6.0616 -39.3516 -3.7891
-7.7855 -37.6005 -3.7345
-5.8261 -40.4028 -3.63
-5.9184 -37.7548 -3.4729
-5.5342 -40.4737 -3.6037
-6.3236 -35.7127 -3.4897
0.7082 -37.8978 -3.4993
-3.905 -39.4185 -3.3527
-0.6454 -37.6855 -2.4333
-5.9183 -39.6337 -3.5832
-3.5247 -37.6211 -3.8991
-4.8656 -40.8708 -3.5929
-0.9493 -36.5004 -4.174
-4.4738 -37.9277 -3.635
1.1631 -37.8843 -3.5809
-1.3105 -35.9115 -1.7197
2.279 -38.2577 -3.7652
0.1428 -31.8117 -3.018
-3.6362 -31.4742 -2.8241
-5.2492 -41.2109 -3.411
-7.5938 -37.0991 -3.6959
-7.2403 -30.7698 -2.6581
-7.0285 -38.4002 -3.8362
-4.0119 -33.6571 -3.3377
-5.5342 -40.7174 -3.5469
0.9609 -32.9295 -3.5024
-7.9761 -41.1407 -3.475
-7.5479 -37.2564 -3.5723
-5.5341 -41.1505 -3.4722
-4.5757 -39.7879 -3.5037
-6.5895 -40.608 -3.5383
3.2732 -35.673 -3.5846
0.4177 -40.7835 -3.6554
0.9795 -38.0349 -3.6136
-3.1241 -33.851 -3.4916
1.6139 -36.0624 -3.5068
2.6256 -34.4495 -3.6687
-2.1051 -35.7203 -5.5472
-2.2292 -37.6044 -2.7453
-5.5341 -41.2678 -3.4349
-5.5341 -41.4737 -3.3523
0.3695 -37.3593 -3.7252
-6.0057 -34.0572 -3.5025
-5.5341 -41.24 -3.5503
0.997 -42.5005 -3.9416
-2.2764 -41.5462 -3.7142
-8.8054 -32.6777 -3.431
-5.9242 -33.8764 -3.5356
-1.0255 -40.5657 -3.7551
-5.2494 -35.9337 -3.492
-3.0426 -34.7602 -3.9179
-5.6823 -38.3352 -3.5233
1.3755 -36.1521 -3.5354
2.962 -36.3561 -3.5183
1.6678 -34.5825 -3.6682
-0.0628 -41.9922 -4.1183
3.3235 -35.5631 -3.4418
0.4181 -36.1472 -3.3655
-0.7131 -35.9384 -4.5904
-8.7578 -31.9504 -3.2335
-5.7311 -38.801 -3.4807
-1.6984 -41.1442 -3.8082
-4.7716 -41.0265 -3.5001
-4.2846 -40.8754 -3.5674
-0.8665 -37.5855 -2.6872
-5.5341 -41.4458 -3.4678
-5.5341 -41.6063 -3.4422
-3.1696 -31.9172 -3.1584
0.3871 -36.0115 -3.5856
1.9607 -35.1388 -3.6443
-0.7392 -41.7679 -4.0875
-2.1786 -34.6313 -3.8461
-5.1468 -41.3287 -3.4169
-1.8756 -33.7366 -3.3931
-7.2047 -37.9421 -3.7637
-2.9462 -38.3308 -4.2538
-0.1784 -31.1477 -3.0429
-5.2925 -32.8061 -3.2712
-3.7979 -35.0637 -2.5267
-0.7021 -39.753 -3.7706
-5.534 -41.9871 -3.3379
-8.5426 -36.7067 -3.3884
-0.9378 -36.5726 -5.0847
-5.3563 -34.02 -3.5589
-0.9736 -33.9945 -3.5256
2.279 -38.0699 -3.7652
-5.5341 -42.1698 -3.526
-5.6654 -35.7013 -3.531
2.6225 -35.068 -3.6592
-4.3822 -34.8985 -3.5685
3.6969 -36.9461 -3.7448
-2.4799 -31.4198 -3.0624
-8.334 -35.1314 -3.3964
-4.1324 -32.222 -3.194
-5.4403 -36.1057 -2.6939
-7.4545 -35.9614 -3.3665
-8.0225 -36.636 -3.2622
-2.5844 -34.1865 -3.6058
-6.2042 -42.6011 -3.6892
-3.6733 -33.9686 -4.4402
-5.4408 -34.3342 -3.6202
-1.7934 -39.2525 -3.4792
0.3973 -34.604 -3.6315
-6.0141 -38.0257 -3.4241
-6.4902 -34.9665 -3.4335
-7.2056 -36.7101 -3.6458
0.0325 -36.611 -3.3449
-5.8713 -35.1327 -3.5181
-2.3727 -41.204 -3.7093
-6.6708 -33.0568 -3.3942
-5.4407 -34.9906 -3.5216
-3.7305 -32.4919 -3.1743
-5.4406 -35.1473 -3.4642
-3.9983 -39.5191 -3.4155
-7.4917 -35.94 -3.5765
-0.1618 -38.7505 -3.5448
-6.4904 -40.2309 -3.4484
-0.2582 -37.1951 -2.392
-3.7109 -35.6061 -2.6662
-4.0055 -38.2681 -3.6976
-5.4403 -36.4262 -2.8117
-7.6121 -34.1029 -3.4531
-3.067 -31.8471 -3.1438
-5.6487 -35.0071 -3.3246
-5.4402 -36.533 -2.8022
-4.4822 -42.3592 -3.5872
-4.2939 -31.9413 -3.0923
-0.1617 -37.023 -3.3912
-5.4405 -35.8826 -3.4716
-4.0567 -37.8897 -3.797
-5.2494 -36.1064 -3.539
-3.715 -31.1841 -2.7412
-6.5894 -39.0443 -3.5595
-3.8576 -34.4542 -3.5086
-7.4545 -38.5559 -3.4945
-5.4405 -35.7986 -3.5257
-5.4405 -35.9039 -3.562
-3.2372 -34.6322 -3.8596
0.5272 -36.2206 -4.5755
-5.2783 -39.0253 -3.5568
3.4343 -37.6283 -3.775
-4.2146 -33.8435 -5.1055
-1.5063 -34.3631 -3.7145
-2.2758 -35.4609 -2.2631
-5.4405 -36.1704 -3.5498
-4.0898 -31.026 -2.7158
-2.8101 -37.0644 -2.7055
-6.11 -39.4058 -3.5762
-5.4403 -37.6334 -3.501
0.5158 -39.6125 -3.6025
-5.7311 -38.5184 -3.3886
-3.0417 -36.1385 -1.808
-1.025 -34.5199 -3.8133
-1.6981 -38.9691 -3.5794
-5.4402 -37.9619 -3.3672
1.2395 -37.1401 -3.6761
-5.0559 -39.8151 -3.5581
-5.9183 -40.8717 -3.458
0.6133 -39.0055 -3.5646
1.3754 -38.6497 -3.668
-3.808 -41.3979 -3.6582
-7.7626 -32.49 -3.4353
-4.5757 -38.5625 -3.3862
-5.5079 -32.602 -3.3203
-4.4804 -31.4234 -2.7634
-3.6215 -35.6389 -2.603
-5.0142 -31.3597 -3.1533
-0.7388 -35.4031 -2.4521
-2.7561 -35.5319 -2.149
-3.3321 -41.9229 -3.6158
-2.7375 -39.3226 -3.4064
0.7356 -30.9477 -2.8871
1.2821 -38.9599 -3.7672
2.3962 -39.616 -4.1173
-7.8029 -34.6528 -3.494
-4.0122 -32.2342 -3.1288
-5.2494 -36.0224 -3.5931
-5.4403 -37.7872 -3.5351
-3.5231 -37.16 -3.2342
-4.3687 -30.6758 -2.9022
-4.8656 -41.3931 -3.4502
-5.4402 -38.0703 -3.4582
-7.5478 -39.0269 -3.5918
-3.2039 -37.4162 -2.7672
-5.5857 -38.1215 -3.5156
-5.4401 -38.4587 -3.4175
-5.4401 -38.542 -3.3863
-0.1617 -40.0302 -3.4769
1.3753 -40.0972 -3.9537
-5.4401 -38.6125 -3.4516
-7.7381 -36.74 -3.5305
-1.6984 -41.3738 -3.8936
-1.6403 -37.4981 -2.6909
-5.3426 -39.8143 -3.5609
-4.0237 -38.0419 -3.7239
-5.4401 -38.832 -3.3959
-3.9049 -38.5623 -3.4971
-4.2849 -34.4494 -3.5603
-5.44 -39.2568 -3.4266
-5.2493 -37.7466 -3.5463
-0.4496 -36.6734 -2.5111
-0.7439 -33.2782 -3.3504
-5.9183 -42.0479 -3.6005
-5.44 -39.3168 -3.5198
-3.943 -37.4479 -2.6904
-5.44 -39.4144 -3.4925
-5.44 -39.5303 -3.5009
-5.343 -35.9674 -2.8001
-5.6981 -37.1204 -3.4755
0.5161 -37.5285 -3.5518
-5.44 -39.4646 -3.5907
3.7624 -38.4454 -4.1925
-7.1916 -31.0156 -2.7992
-5.44 -39.6515 -3.4954
-4.3645 -32.9327 -3.3767
-2.8492 -39.0999 -3.3328
2.411 -36.9416 -3.5843
-2.7566 -38.4366 -3.6375
-1.3077 -38.391 -3.6786
-0.4548 -30.8669 -2.7288
-6.8719 -36.6594 -3.5267
0.7081 -39.5525 -3.6566
-3.7114 -40.1211 -3.423
-7.5478 -40.3315 -3.5001
-3.7267 -33.2192 -3.235
-6.9357 -37.1733 -3.7326
-5.44 -39.7568 -3.5316
-4.1872 -36.8165 -2.6566
-5.4399 -40.115 -3.5289
-5.4399 -40.3179 -3.5379
-5.9183 -40.5166 -3.5153
-5.4406 -35.7017 -3.5302
-0.9911 -35.7845 -4.6293
-4.2625 -30.5171 -2.8701
1.8503 -38.5398 -3.6432
-5.4399 -40.5542 -3.5636
0.2226 -42.199 -4.0924
-7.7059 -34.0952 -3.4408
-7.5477 -42.7586 -3.5671
-2.1785 -38.2812 -3.8058
-2.2177 -35.7729 -3.8181
-5.9183 -40.5182 -3.6158
-5.4398 -40.8275 -3.4917
-0.9287 -40.2102 -3.3965
-4.2806 -38.3627 -3.6824
-5.4435 -34.9163 -3.3538
-5.4398 -40.7435 -3.5458
-6.318 -37.9097 -3.6894
-3.2307 -33.9748 -3.5219
1.472 -36.1808 -3.4408
-0.0628 -41.8241 -4.0803
1.8501 -34.4636 -3.6971
0.6135 -36.8774 -3.3785
-7.0743 -40.0361 -3.6924
-3.3321 -41.8584 -3.5137
-5.0559 -38.5072 -3.4489
-2.1784 -39.754 -3.2902
-7.9492 -30.3173 -3.2163
3.6937 -37.2774 -3.7353
-3.8078 -39.0644 -3.3862
-1.9411 -39.4246 -3.5007
-6.5894 -39.3087 -3.616
-5.4398 -41.1818 -3.4572
-5.6047 -37.5694 -3.4584
-2.9457 -40.2255 -3.253
-1.9835 -39.556 -3.3696
-5.4397 -41.3726 -3.3936
-4.5409 -38.1604 -3.4676
-4.7383 -38.7177 -3.4492
-4.645 -33.2342 -3.4367
1.4719 -41.6762 -4.1032
-7.3536 -39.8141 -3.6065
-5.9183 -39.3466 -3.4822
-3.808 -41.4999 -3.4936
-2.2036 -36.3238 -1.8239
1.5667 -38.9009 -3.9439
-7.3875 -33.7747 -3.5896
-5.4397 -41.8831 -3.4708
-7.262 -37.6132 -3.614
0.5165 -35.1723 -3.8424
-4.482 -39.9996 -3.5308
-6.4903 -37.6433 -3.4069
-4.3822 -40.2409 -3.5659
-0.0986 -32.4631 -3.2108
-5.4396 -42.0481 -3.4541
1.9565 -37.4746 -3.6782
-5.4396 -42.1359 -3.4318
-3.638 -31.1639 -2.7988
-2.6923 -33.3243 -5.3335
-5.3434 -34.6058 -3.4607
-6.8717 -39.0009 -3.5475
-2.5305 -35.6032 -4.6127
-3.8319 -37.372 -2.7284
-5.5678 -36.9004 -3.6425
-4.1873 -39.561 -3.3941
0.9005 -35.8096 -3.6635
-5.343 -36.2171 -2.7064
-5.343 -36.1756 -2.7951
-3.9974 -34.3753 -3.5646
-5.343 -36.3428 -2.7098
-2.9346 -35.0831 -2.5848
-5.3433 -34.7831 -3.5166
-7.8757 -35.9569 -3.5723
-3.2368 -35.5543 -2.5564
-5.343 -36.2627 -2.7957
-6.9723 -40.2757 -3.5618
-3.5229 -34.7671 -3.7687
-6.7532 -33.9134 -3.697
-5.3429 -36.4587 -2.7182
-0.7391 -41.3092 -3.7477
0.2229 -37.7986 -3.5357
-7.9152 -42.0552 -3.4264
-6.6088 -34.0921 -2.2995
-1.9836 -40.5914 -3.5275
-4.7712 -38.1512 -3.5268
-5.8539 -38.1951 -3.579
-3.8276 -34.0687 -3.318
-5.3433 -35.0662 -3.4397
1.1879 -39.2113 -3.6965
-5.3429 -36.642 -2.7373
-7.0742 -39.2499 -3.6097
-5.3433 -35.4397 -3.5642
-8.1293 -30.623 -2.6829
3.8023 -37.3999 -3.8572
1.8503 -41.7498 -4.1999
-5.3432 -35.878 -3.4757
-5.7089 -32.0576 -3.0324
-5.0558 -41.4611 -3.3824
-6.5216 -37.5366 -3.6854
-2.0803 -34.6052 -3.8041
-7.4023 -34.1321 -3.4169
-5.3429 -37.8597 -3.3989
-5.3428 -37.9876 -3.3337
-4.2848 -36.5663 -2.7278
-5.8792 -30.4459 -2.8114
-4.5284 -34.0763 -3.4062
-1.6015 -39.8019 -3.3243
-2.4685 -36.055 -1.78
-0.57 -39.4513 -3.5827
-5.3428 -38.1209 -3.4007
-2.1786 -34.6874 -3.9075
-5.3428 -38.3292 -3.3957
-4.5755 -37.2092 -2.7264
-5.3427 -38.5487 -3.34
-1.3571 -36.8119 -1.8714
-4.9961 -37.534 -3.5359
-2.7566 -38.9157 -3.483
-7.4545 -37.8669 -3.5534
-1.0248 -34.8777 -2.4492
-5.4399 -40.4345 -3.5234
-3.0421 -34.9839 -2.5097
-5.3427 -38.6442 -3.3813
-6.8717 -38.464 -3.5401
3.9717 -38.724 -4.1689
0.208 -38.1536 -3.6153
-6.2766 -34.9035 -3.3788
-0.2587 -41.0114 -3.8203
-8.4015 -33.5708 -3.4233
-2.6807 -37.1657 -2.7242
-5.3427 -39.1288 -3.3592
-5.1467 -41.8323 -3.4076
0.1381 -36.6098 -3.499
-7.3536 -41.5536 -3.6869
-0.9156 -33.544 -3.4098
-5.6262 -37.2111 -3.574
3.4536 -39.5053 -4.1271
-4.9314 -32.9033 -3.3382
1.6628 -40.3158 -3.8517
-5.7217 -39.1203 -3.694
0.2821 -38.5192 -3.5554
-5.3426 -40.0491 -3.6324
-0.1807 -35.606 -3.4845
-5.3427 -39.1645 -3.4535
-0.6403 -37.5467 -2.5948
-1.445 -33.9586 -3.5455
-5.7311 -40.8934 -3.5722
-5.3427 -39.2659 -3.458
0.997 -41.4358 -3.9446
-5.3426 -39.4864 -3.5256
-6.0324 -32.6598 -3.1879
-7.262 -37.3951 -3.624
0.8071 -35.3859 -3.7536
-5.779 -30.4343 -3.0601
-4.9866 -37.3904 -3.5644
-5.3426 -39.906 -3.5704
-3.9473 -33.7323 -5.1458
3.2511 -36.0375 -3.518
-4.0493 -35.7365 -2.6526
-1.3486 -37.7132 -3.981
1.472 -38.4953 -3.7005
-6.0141 -37.5244 -3.3648
-5.3425 -40.2898 -3.5209
-5.3425 -40.5578 -3.463
0.1266 -39.5439 -3.5001
-5.3425 -40.3694 -3.6041
-5.3425 -40.6593 -3.4675
-7.198 -36.3892 -3.5943
-6.4905 -42.8679 -3.611
-5.3272 -34.2258 -3.5016
-5.3425 -40.5647 -3.5495
-1.9399 -31.7354 -3.1783
-7.6805 -36.3437 -3.5922
2.0599 -34.3259 -3.7072
-1.3106 -35.1895 -2.5159
-2.08 -36.2243 -1.7287
-5.3424 -40.9947 -3.4202
1.9449 -39.4851 -4.2123
-7.9762 -35.7126 -3.432
-5.3424 -40.9767 -3.5307
-3.1516 -38.2023 -3.7249
-5.3424 -41.0894 -3.4844
-0.2585 -38.4999 -3.5153
2.3655 -38.1559 -3.7364
-5.3423 -41.53 -3.3272
1.7331 -34.9571 -3.5742
-2.756 -36.1152 -1.7613
-5.9014 -34.2523 -3.4353
1.0521 -37.087 -3.5449
-2.0769 -33.2407 -3.3734
-5.3423 -41.6482 -3.4132
-5.3422 -42.0412 -3.3815
0.3069 -34.7614 -4.1834
0.2228 -39.9675 -3.6556
-4.6656 -39.5129 -3.6681
-3.839 -38.0209 -3.7342
-2.8489 -35.7546 -1.8556
-2.5785 -38.4714 -3.7584
-5.2494 -34.3305 -3.3871
-2.7566 -38.6537 -3.5041
-2.4684 -36.1435 -1.7348
-1.2545 -36.5755 -1.8274
-7.2677 -38.3186 -3.7155
-5.2494 -34.3079 -3.4886
0.7082 -38.9118 -3.5672
-0.9167 -34.1933 -3.6969
-7.7383 -35.7979 -3.4824
-5.2492 -35.9617 -2.7689
-4.9939 -34.3703 -3.3928
0.2227 -40.9816 -3.7233
-0.574 -35.339 -2.4141
-5.5346 -35.7294 -3.5151
-5.1473 -38.9592 -3.3654
-4.7712 -38.4274 -3.3634
-1.4127 -40.9499 -3.6487
-7.1578 -37.6391 -3.8569
-3.9303 -36.6748 -2.7282
-0.7391 -41.1427 -3.8102
-7.5478 -40.7934 -3.4332
-3.7113 -39.6053 -3.3599
-8.652 -35.3075 -3.39
-2.8492 -38.82 -3.4644
-4.1064 -37.7813 -3.6316
-2.7562 -35.1705 -2.5585
-3.3437 -33.5524 -3.2696
-4.4816 -36.5908 -2.6818
-4.2232 -39.4279 -3.5736
-2.0805 -38.4701 -3.6996
2.4521 -37.306 -3.708
-8.4327 -32.3562 -3.3876
-0.0633 -35.1948 -3.9187
-6.9723 -40.8458 -3.4397
-5.2492 -36.7817 -2.6995
-7.3476 -29.6525 -3.0804
-6.9428 -33.0215 -3.3461
-5.2492 -36.918 -2.675
0.5759 -37.0598 -3.655
-5.2494 -35.6748 -3.5678
-5.2494 -35.7717 -3.5634
1.3417 -33.7212 -3.5525
-5.9029 -32.1169 -3.0385
-4.7813 -36.548 -2.7446
-5.4529 -34.2868 -3.3251
-3.8079 -39.9852 -3.3439
-6.9725 -35.1694 -3.4438
-5.148 -35.5374 -3.5356
-5.0559 -40.9191 -3.5351
-7.0745 -42.039 -3.7056
3.7781 -39.4173 -4.2402
-5.8261 -38.5018 -3.4522
-3.8108 -38.3086 -3.6525
-2.9818 -33.7027 -3.3569
-5.2493 -37.8549 -3.4911
-5.2493 -38.1342 -3.3824
-5.5706 -32.53 -3.2225
0.7083 -35.0478 -3.7941
-1.29 -37.4294 -2.5752
1.5705 -40.983 -3.9411
-5.2493 -38.5809 -3.3346
-5.2493 -38.5348 -3.4144
-0.089 -32.2633 -3.1658
-3.7927 -37.5553 -2.81
0.6136 -34.9786 -3.7392
-4.8652 -35.52 -3.5543
-5.6254 -38.9537 -3.6946
-0.5074 -34.3738 -3.7259
-1.5069 -39.6036 -3.4139
-3.8075 -36.2563 -2.6702
-8.2987 -36.8841 -3.474
-1.7928 -35.5385 -2.1791
-4.8651 -35.9431 -2.7309
-1.4149 -37.9162 -3.9254
2.3334 -34.7654 -3.6404
-5.2493 -38.7764 -3.4262
-3.3623 -32.1182 -3.1794
-2.7566 -34.6393 -3.8986
-5.2493 -38.8748 -3.376
-2.9456 -41.8678 -3.6527
0.1018 -38.1411 -3.566
0.3296 -39.0272 -3.6981
1.0175 -35.6714 -3.7271
-5.2493 -38.9914 -3.3616
-6.83 -34.9897 -3.485
-6.4903 -37.8131 -3.5453
-7.916 -34.3105 -3.8002
-5.5948 -33.2842 -3.4858
-2.9589 -38.0969 -3.6257
-4.3869 -35.6924 -4.7903
-5.2493 -39.0815 -3.4168
-3.2371 -38.7716 -3.4916
-7.0743 -40.2782 -3.5351
-1.8247 -32.2525 -3.1892
-7.8895 -30.2341 -3.0493
-5.6202 -33.8585 -3.4099
-4.7026 -36.5356 -2.8298
-6.0601 -33.2994 -3.7879
-3.1191 -35.4006 -2.5492
-4.2847 -39.7302 -3.364
-3.9051 -40.0677 -3.4828
-1.9296 -30.8018 -2.8081
-4.1872 -37.0921 -2.6623
-7.0745 -42.6251 -3.6878
-5.5342 -40.0836 -3.544
-5.2493 -39.5496 -3.4594
-5.1479 -39.5442 -3.6514
-5.2493 -39.7882 -3.5627
-1.0248 -35.8582 -1.7464
-5.2493 -39.9653 -3.4724
-6.4904 -40.8345 -3.4893
-6.5891 -34.5894 -3.5027
-7.4102 -32.6902 -3.5439
-3.7787 -35.8677 -5.941
-5.2493 -39.9381 -3.565
-7.3582 -30.6674 -3.2079
-5.2493 -40.0358 -3.5377
0.6133 -38.7495 -3.5489
1.0489 -36.6121 -3.5353
-0.7387 -40.5184 -1.9795
0.5162 -36.9156 -3.3468
-0.1513 -36.9599 -3.2837
0.5164 -35.2798 -3.8101
-4.2846 -41.647 -3.5
-3.711 -36.3308 -2.7014
-8.261 -36.1217 -3.5701
-7.6442 -35.5479 -3.4294
-5.2493 -40.6226 -3.4972
-4.8655 -40.3497 -3.5436
-2.4693 -40.5678 -3.5276
3.7006 -35.193 -3.4185
-3.0882 -38.4903 -3.5115
3.7813 -33.1026 -3.5975
0.3048 -30.5475 -3.4812
-4.0213 -38.4831 -3.7605
-3.1325 -39.3076 -3.3783
0.5146 -35.9224 -4.5374
-0.154 -33.3153 -3.3753
-4.5691 -33.0354 -3.665
-5.2493 -40.9391 -3.4371
-5.2493 -40.8779 -3.5358
-2.5927 -38.1914 -3.769
-8.2675 -34.5737 -2.1348
-7.074 -37.5922 -3.5441
-5.3884 -39.6455 -3.8211
1.9536 -34.2829 -3.6681
-5.1481 -34.5831 -3.4147
-7.1428 -31.9912 -3.2645
-5.2493 -41.1231 -3.4333
-7.7376 -39.4396 -3.5483
-3.259 -34.1133 -3.6106
-5.2492 -41.5735 -3.2711
-2.9457 -39.7992 -3.268
-6.6837 -42.5446 -3.6414
-5.2492 -41.4993 -3.3202
-0.7391 -34.2873 -3.7643
-2.0247 -32.7656 -3.2519
-4.8654 -38.1664 -3.4196
-5.5341 -41.9312 -3.4227
-0.4499 -38.93 -3.5311
-5.2493 -41.4609 -3.4635
-5.826 -35.906 -3.5165
-1.2128 -38.6288 -3.574
-5.3427 -38.9666 -3.2844
-7.9092 -32.8458 -3.3571
1.8502 -34.9103 -3.6493
-5.7464 -39.6749 -3.9027
-2.4691 -34.7079 -3.8293
-3.1588 -32.3819 -3.1749
-5.2492 -41.697 -3.3431
-5.7496 -37.0191 -3.6253
-4.4967 -37.5861 -3.6007
-3.4479 -37.7048 -3.9511
-6.1445 -38.9788 -3.7785
-1.2704 -37.3533 -2.7222
-5.2493 -41.3867 -3.5126
-5.2492 -42.4469 -3.5007
-4.3821 -37.3418 -2.6708
-1.599 -39.6036 -3.641
-5.0278 -35.0491 -3.4402
2.4237 -37.1625 -3.6223
2.0411 -33.5196 -3.6499
-0.2714 -32.0718 -3.1267
-5.1481 -34.4778 -3.3784
-0.2588 -41.9273 -4.0843
-5.1482 -34.3153 -3.6189
-3.4272 -33.5323 -3.3534
0.1856 -33.8905 -3.5478
2.9135 -36.4536 -3.6522
-7.4544 -42.6385 -3.696
-4.2847 -40.8823 -3.6538
3.3933 -33.8175 -3.9458
-7.3914 -30.4783 -3.0315
-4.1872 -36.197 -2.6576
-1.1126 -33.0363 -3.1629
-6.6349 -38.3604 -3.8174
-5.3365 -39.0247 -3.6783
-7.737 -42.6687 -3.656
-6.5895 -39.5995 -3.6027
-4.5784 -35.3989 -3.6366
1.0332 -38.5539 -3.7754
-0.1119 -37.1552 -3.7035
-6.0859 -33.0239 -3.3657
1.0616 -38.4975 -4.1405
-3.808 -41.1079 -3.6486
-5.1481 -34.9527 -3.5075
-6.6837 -38.4977 -3.534
-5.147 -40.7532 -3.4067
-5.1476 -36.558 -2.7899
-2.2763 -40.6092 -3.5061
-2.3726 -40.9742 -3.4777
0.4123 -38.4964 -3.6622
-0.5033 -35.8695 -2.5798
-1.0252 -37.3068 -3.3702
-5.1476 -36.7593 -2.6985
1.7311 -32.8816 -3.8582
-5.1475 -36.8759 -2.684
1.8503 -37.3137 -3.5485
-1.5745 -35.9718 -1.7189
-3.8343 -36.3853 -2.8069
-1.6983 -40.9116 -3.6682
-6.7799 -41.5948 -3.5962
-5.1475 -36.963 -2.6846
-0.9272 -32.4827 -3.1244
-2.6272 -35.6451 -4.6244
-4.544 -39.2869 -3.4582
1.0238 -30.9041 -2.8942
-2.4098 -38.4393 -3.8167
-2.4693 -41.7031 -3.5896
1.2138 -38.4917 -3.7331
-5.1475 -37.899 -3.3773
-3.3044 -33.9098 -3.4536
-5.1475 -37.8052 -3.4364
-2.8491 -40.1699 -3.3156
-5.1475 -37.8863 -3.4738
1.6613 -37.6086 -3.6497
-6.024 -38.7477 -3.6823
-6.0369 -37.4337 -3.6676
-4.1025 -31.1387 -2.7603
-1.2731 -35.002 -2.3353
-5.1474 -38.1694 -3.3969
-6.11 -37.7374 -3.3923
0.1908 -36.9365 -3.6484
-5.2493 -39.4277 -3.4878
-5.6349 -38.7991 -3.666
-7.2619 -41.107 -3.4632
-6.2043 -35.9801 -3.4217
-4.6453 -31.2788 -3.1875
-5.8261 -39.9885 -3.5714
-5.1474 -38.3292 -3.3942
1.5703 -39.3821 -3.9136
-3.7749 -33.4829 -3.1935
-4.4822 -36.5565 -2.7932
-4.2093 -33.8239 -5.349
2.9231 -37.2157 -3.681
-5.1473 -38.6965 -3.4094
2.392 -36.6324 -3.5271
-5.1473 -38.8131 -3.3949
-1.8073 -37.6921 -3.9297
-7.4544 -41.2246 -3.5734
-1.416 -36.5884 -4.1921
0.223 -36.8292 -3.4339
2.8848 -34.9627 -3.5663
-4.6446 -38.0274 -3.4371
-1.7619 -30.7146 -2.6059
-8.5583 -37.2496 -3.1683
-1.6976 -34.4759 -3.8134
-3.332 -40.9436 -3.5192
-4.6348 -35.0636 -5.5629
-5.1472 -39.3152 -3.4313
-5.9184 -35.19 -3.4762
1.9165 -38.7443 -3.8494
2.8398 -39.3253 -4.0135
-7.1162 -33.4508 -3.5861
0.1944 -34.5276 -3.6556
-3.6419 -37.3426 -2.7069
-7.4545 -36.2637 -3.4486
-6.8714 -41.0417 -3.5866
-2.6633 -37.3754 -3.2999
-5.0559 -40.7109 -3.54
2.0595 -37.86 -3.7079
-0.5731 -31.9937 -3.1531
-4.1603 -39.4932 -3.4704
-1.4127 -40.9856 -3.743
-5.147 -40.5048 -3.4546
-8.3805 -33.9666 -3.4062
-2.6737 -36.7547 -1.8697
0.708 -42.3343 -3.9817
-4.0241 -35.9684 -2.7287
-2.2746 -38.4235 -3.6472
0.9006 -40.3373 -3.7171
-4.2846 -41.8499 -3.509
-1.8991 -36.8095 -4.2
3.8782 -38.4049 -4.0855
-0.328 -34.669 -3.7845
-6.6837 -39.2711 -3.7134
0.8493 -32.628 -3.5261
-5.1469 -40.8683 -3.438
2.9936 -35.0971 -3.6132
-6.8713 -42.6444 -3.8605
-6.5893 -37.582 -3.439
1.8407 -37.8167 -3.6209
-5.147 -40.7548 -3.5071
-2.5204 -35.7825 -5.8912
-1.0255 -40.27 -3.4672
-2.8491 -42.1695 -3.5892
-2.6826 -34.9447 -2.4198
-3.7058 -30.6642 -2.6661
-5.1469 -41.0288 -3.4123
1.8503 -41.0112 -3.9915
3.3678 -36.2257 -3.575
-6.8353 -38.4732 -3.8397
-8.0225 -36.9299 -3.3035
-3.7115 -41.2776 -3.5756
-0.2764 -39.5031 -3.5946
-5.5343 -38.6447 -3.4454
-5.6025 -38.0724 -3.5949
-4.4822 -42.6411 -3.7022
-2.3726 -40.569 -3.437
-6.6836 -34.4661 -3.5539
0.4175 -42.5765 -4.0345
-7.7371 -42.0346 -3.5069
-8.6837 -34.603 -3.2437
-7.5478 -39.5401 -3.4312
-6.6895 -30.8289 -2.7046
-5.1469 -41.1931 -3.4185
-3.6225 -39.679 -3.2306
0.6132 -39.6364 -3.6592
3.2473 -33.4419 -3.8023
-4.1872 -41.8396 -3.4129
-1.1574 -33.9162 -3.5455
-2.3728 -41.5917 -3.6915
0.7082 -38.5272 -3.6396
-7.8326 -31.1436 -3.2318
-3.8392 -37.911 -3.5667
-5.0559 -38.5859 -3.4088
-5.1467 -42.3883 -3.574
-4.5519 -34.3469 -2.2897
-4.5878 -37.4752 -3.6083
-7.5478 -41.0215 -3.5644
-5.7138 -33.774 -3.4272
1.6629 -38.3264 -3.7186
-1.3108 -38.9818 -3.4834
-7.4466 -32.7227 -3.644
-6.6261 -35.284 -3.4931
-3.9982 -39.4539 -3.3363
-5.8261 -42.1244 -3.3592
-7.4544 -41.6957 -3.6706
-3.0439 -38.2336 -3.7073
-4.5264 -31.8301 -3.1826
-6.4904 -40.7194 -3.458
-4.4816 -36.2365 -2.7163
-2.3721 -34.3653 -3.7451
-8.0394 -36.9917 -3.5932
2.8443 -33.9825 -3.7365
-6.7801 -38.0334 -3.5903
-0.1022 -33.0262 -3.2754
-8.0081 -38.0602 -3.4593
1.472 -40.3703 -3.7792
-7.9762 -40.0215 -3.5173
-2.4693 -38.2671 -3.9031
-5.7302 -37.3181 -3.6029
1.1407 -33.8276 -3.6269
-4.7719 -42.6131 -3.6695
3.1808 -35.8606 -3.603
-1.9834 -37.1114 -3.2445
3.6138 -36.8662 -3.7452
-5.5134 -35.3045 -3.5988
-5.0847 -34.4748 -3.2689
-2.3728 -42.0559 -3.7021
-4.3202 -36.9822 -2.8793
-6.0141 -38.3832 -3.4443
-6.8714 -40.9106 -3.451
-4.5188 -32.1011 -3.1886
-5.2494 -37.4529 -3.6511
-3.9982 -39.4267 -3.4289
-5.275 -37.5122 -3.5658
-7.7508 -31.3344 -3.2917
-5.7044 -33.9286 -3.4558
-1.0449 -32.6561 -3.1952
-8.6981 -35.2047 -3.3921
-7.7464 -35.1569 -3.393
-5.0558 -37.1727 -2.6557
0.6132 -40.5535 -3.7315
-5.056 -35.4647 -3.5607
-3.9985 -40.6871 -3.6635
-2.6635 -41.3634 -2.5134
-5.056 -35.8518 -3.712
-7.9312 -35.182 -3.3936
-4.504 -33.5654 -3.2952
-3.3319 -38.9141 -3.4296
0.2861 -32.0019 -3.4239
-5.6297 -34.3997 -3.3815
-6.4903 -36.5728 -3.593
-4.3821 -37.4296 -2.6485
-5.056 -37.7236 -3.5898
-6.2043 -35.0214 -3.4383
-5.0559 -38.4563 -3.3736
-6.8715 -39.9725 -3.5807
-5.0559 -38.3709 -3.4734
-2.3729 -42.515 -3.8729
-5.0559 -39.0144 -3.3252
-4.2847 -40.4476 -3.6281
-5.2494 -36.192 -3.5853
-2.7566 -40.2376 -3.3035
-0.4501 -42.2293 -4.019
-0.9925 -33.8952 -3.4685
-8.2725 -34.6615 -2.1566
-7.569 -34.6617 -3.657
-5.3425 -40.2581 -3.6046
-5.7711 -31.946 -2.9394
-5.0311 -37.2067 -3.7681
1.8503 -36.8433 -3.4284
-2.7406 -35.4311 -4.5576
-4.5755 -35.9862 -2.6865
-2.076 -38.5656 -3.6676
-1.2513 -37.4389 -2.6797
-6.8331 -30.5125 -3.0553
-7.9154 -39.7147 -3.5293
0.2226 -42.2445 -4.1817
-8.0081 -42.0798 -3.5119
-4.6846 -35.548 -3.61
-6.0142 -35.6548 -3.4185
-3.8075 -34.4736 -3.6475
-3.9051 -40.6508 -3.5565
-5.0559 -39.8082 -3.4717
-5.3426 -39.8172 -3.4694
3.2346 -33.5192 -3.7643
-7.13 -36.2928 -3.6514
-6.2704 -38.1707 -3.4286
-7.111 -30.9237 -2.8287
-5.4407 -34.6005 -3.4618
-5.937 -32.8056 -3.4648
-7.5479 -36.3158 -3.4783
-2.0805 -38.9605 -3.4943
-5.0559 -39.9158 -3.5855
-5.0559 -40.3301 -3.6442
-6.8976 -38.4212 -3.7529
-3.2368 -34.9894 -2.5184
-5.8227 -35.7187 -3.3889
-0.9709 -39.4835 -3.5362
0.4609 -37.2952 -3.7253
-5.0559 -40.6298 -3.5026
-7.644 -38.5445 -3.5433
-5.0559 -40.5458 -3.5567
-6.2958 -36.6245 -3.3524
-4.9828 -34.5652 -3.2877
-1.9331 -36.5337 -1.8537
-4.7936 -36.4655 -2.8035
-4.2846 -41.4774 -3.5078
1.4554 -39.7181 -3.8956
-3.6418 -33.8377 -3.2984
0.4463 -36.5861 -3.4505
-2.3835 -31.694 -3.0892
-6.8715 -39.8542 -3.4948
-5.8874 -38.4474 -3.8856
-5.0559 -41.0743 -3.5234
-5.8261 -40.6926 -3.4934
1.6628 -40.4915 -3.8071
-8.5338 -32.1274 -3.3709
-5.0558 -41.3635 -3.4097
-6.8721 -35.2327 -3.5006
-4.1491 -35.6662 -2.8031
-0.7387 -35.6514 -2.4041
-5.0558 -41.5165 -3.4666
-4.7664 -35.6705 -3.649
-1.226 -37.5973 -2.4784
-5.0558 -41.8882 -3.3446
-3.3339 -36.3172 -1.9024
3.4441 -38.7985 -4.0985
0.4178 -39.8983 -3.6457
-0.9287 -37.1001 -3.3518
-2.469 -34.3308 -3.8193
-5.0558 -41.8996 -3.44
-7.7372 -41.2964 -3.591
1.5886 -35.9962 -3.4307
-4.8651 -35.6288 -2.7225
-4.8651 -35.8348 -2.7861
-4.8651 -36.5102 -2.7004
-6.0141 -40.4967 -3.4799
-2.2764 -41.2895 -3.7214
-3.4185 -34.4119 -3.6679
1.3755 -34.7604 -3.6263
-4.8652 -36.6791 -2.7156
0.4083 -34.8414 -3.9354
1.188 -37.561 -3.5481
-4.8652 -36.5996 -2.7786
2.8152 -33.8862 -4.2393
-4.8652 -35.1846 -3.6016
-4.8655 -40.2475 -3.562
-0.5664 -31.2217 -3.0601
-5.2493 -40.9748 -3.5314
-8.41 -35.919 -3.4133
-2.7566 -40.406 -3.4877
-0.4499 -40.2787 -3.5742
-6.7801 -36.2788 -3.529
-7.147 -36.7309 -3.7393
-6.5745 -34.5048 -3.5307
0.4806 -38.1034 -3.7517
-3.0413 -41.534 -3.4883
-3.3457 -37.7702 -3.9399
-4.8652 -37.0509 -2.7397
-2.0772 -35.3207 -2.4973
-0.0631 -36.2143 -3.511
-7.442 -34.1601 -3.5253
-0.1036 -37.072 -3.6734
-0.4565 -30.9592 -2.7423
-7.7378 -38.2046 -3.5821
-4.8652 -37.1819 -2.7291
-5.655 -34.6206 -3.3055
-4.6593 -39.3693 -3.6871
-5.6728 -37.9929 -3.5517
-5.2494 -34.7539 -3.4637
1.1879 -42.2543 -4.0234
-1.1555 -39.5929 -3.5566
0.5157 -39.9397 -3.6606
-0.4723 -36.8676 -4.1687
-4.8654 -38.0369 -3.3844
-0.1917 -36.154 -2.5441
-5.7311 -38.6048 -3.4121
-3.0412 -42.3729 -3.4316
-2.819 -33.643 -3.4212
-1.9917 -38.2989 -3.6311
-4.8654 -38.4874 -3.3684
-8.0081 -38.8228 -3.5202
-2.9457 -42.0345 -3.7364
-3.8076 -37.7473 -2.6519
-6.5894 -38.6392 -3.5186
3.9158 -38.1969 -4.0654
-5.8261 -41.2333 -3.5326
-0.0629 -37.3265 -3.3822
-6.0745 -34.2938 -3.4598
-7.4544 -40.6347 -3.5593
-8.1673 -31.4463 -2.8642
-4.8654 -39.0493 -3.3518
-2.4836 -35.159 -2.6779
-8.0523 -34.2522 -3.3595
-4.8654 -39.3372 -3.43
-3.2407 -37.2353 -2.8472
-2.0265 -36.9917 -2.6568
-3.924 -37.0834 -2.7473
-4.8655 -39.4849 -3.5009
3.2693 -37.4177 -3.8696
-6.0141 -38.2992 -3.4984
-2.2763 -39.5927 -3.361
-4.8655 -39.8863 -3.51
-4.6751 -37.1384 -3.639
-6.6216 -38.0002 -3.7466
-6.2705 -36.2711 -3.4284
1.576 -36.3496 -3.3927
-4.8655 -40.1916 -3.6468
-3.9804 -34.2976 -3.4331
2.657 -33.2015 -3.7636
-0.4947 -31.1292 -3.1171
-7.9155 -39.3164 -3.575
-3.261 -32.4311 -3.1942
-2.4693 -40.808 -3.5851
1.8503 -40.2742 -3.8836
-4.0402 -37.4373 -2.6815
-5.2492 -36.4811 -2.7178
-4.8656 -40.957 -3.4702
0.2565 -33.8807 -3.4787
-8.5172 -37.6648 -3.4144
-4.8656 -41.0448 -3.4479
-4.8656 -40.998 -3.5505
-4.8656 -41.1585 -3.5249
-5.0559 -41.3075 -3.4945
-1.8592 -38.0042 -3.841
3.1263 -39.4815 -4.0135
-2.2758 -35.548 -2.2637
-0.0628 -39.8846 -3.4384
-0.9287 -36.9948 -3.3156
-2.2493 -32.9898 -3.7226
-2.1784 -39.5868 -3.3756
-2.2401 -37.3289 -2.7475
-7.5752 -36.7578 -3.6133
2.0563 -38.2134 -3.6985
2.7234 -33.4224 -3.9634
0.4789 -38.1958 -3.7653
-8.655 -34.7847 -3.1851
-7.4544 -41.779 -3.6394
1.472 -40.4816 -3.7787
-6.4918 -33.5622 -3.4726
1.4719 -34.9157 -3.6586
1.9611 -41.0791 -4.0132
-4.8656 -42.0138 -3.2574
-4.8656 -41.7551 -3.4793
-4.8235 -39.05 -3.4785
-4.2577 -31.6954 -2.9721
1.8503 -40.0161 -3.9365
-7.3536 -40.9484 -3.5455
-0.2582 -36.9415 -2.4539
-7.3536 -40.8167 -3.579
-4.7708 -36.2056 -2.7753
-4.2018 -37.0484 -2.8266
-4.7709 -35.192 -3.6076
-3.5231 -37.6091 -2.6562
-4.7709 -37.1725 -2.6534
-4.2342 -33.5135 -3.3414
-3.808 -41.5258 -3.5929
-6.11 -38.0737 -3.4683
0.1266 -39.987 -3.5665
-4.7709 -37.1021 -2.7343
-7.273 -36.335 -3.5356
-6.2043 -34.3227 -3.6485
-7.6059 -37.3428 -3.7518
-0.0105 -35.4276 -4.3926
-3.4076 -33.2997 -5.2116
-4.855 -33.3971 -3.4401
-4.0402 -36.1132 -5.6249
-8.4006 -31.4439 -3.484
-4.7712 -38.1201 -3.4414
-4.7712 -38.3298 -3.3907
-7.4545 -38.1917 -3.534
-8.15 -32.2239 -3.4208
-6.6837 -40.8368 -3.4773
-3.2367 -35.5871 -2.1346
-3.9044 -35.1064 -2.6051
-4.7713 -38.5486 -3.3578
-5.3427 -38.7495 -3.4176
-0.2586 -34.3143 -3.8172
-4.7713 -38.9022 -3.3462
-2.7129 -33.8889 -3.4827
-6.1061 -37.513 -3.6131
-5.9183 -39.2513 -3.587
-6.78 -39.3942 -3.5599
-3.7116 -42.3583 -3.6768
-4.9701 -33.9136 -3.3257
-3.5238 -41.7138 -3.5325
1.8406 -39.1538 -3.8984
-4.7714 -39.4278 -3.4043
-2.528 -31.8269 -3.2298
-6.6836 -34.7953 -3.3972
-2.9457 -35.5908 -1.9949
-4.7714 -39.4006 -3.4969
-3.6226 -40.2758 -3.3311
-1.6871 -36.3189 -1.9483
-6.8721 -35.4508 -3.4906
-6.8452 -32.9925 -3.3302
-4.8079 -30.8252 -2.8072
0.9006 -38.45 -3.5657
2.7943 -36.2355 -3.5847
-7.779 -33.8454 -3.3521
-4.5758 -40.7141 -3.5937
-3.0291 -37.2533 -2.7936
-4.7715 -39.7996 -3.4284
0.4182 -36.0511 -3.3471
-6.8715 -40.1459 -3.6048
-6.7799 -40.7821 -3.437
-4.7715 -40.058 -3.5216
0.1264 -35.0289 -3.8125
-7.5648 -34.5255 -3.6325
3.75 -32.9565 -4.1535
-1.6982 -39.9115 -3.3122
-6.4904 -40.0507 -3.4841
-2.7659 -35.8507 -4.4815
-1.7514 -31.7104 -3.1966
0.3038 -35.3468 -4.1741
0.6457 -37.2381 -3.7394
1.8754 -38.4572 -3.7257
-7.2194 -36.2651 -3.6389
-7.6437 -42.7392 -3.7211
-5.0558 -41.6194 -3.4254
-4.1872 -41.7434 -3.3945
-8.3917 -37.7073 -3.5398
-2.4686 -35.5204 -2.3117
-3.332 -41.5789 -3.4763
-6.6837 -37.9313 -3.5417
-7.6794 -33.9424 -3.3556
-4.7715 -40.1232 -3.6009
-6.4608 -36.5281 -3.6797
-1.9835 -38.6664 -3.4973
-4.7715 -40.2655 -3.5395
0.1265 -37.7638 -3.6321
1.6631 -34.9004 -3.5642
-6.713 -30.7729 -2.7615
-5.3803 -29.797 -3.2116
-4.7716 -40.4646 -3.5167
-6.78 -39.4352 -3.6403
-4.7716 -40.2573 -3.645
-1.994 -35.9923 -3.9145
-4.1872 -42.204 -3.5196
-4.7716 -40.3655 -3.5898
-6.5357 -35.3986 -3.5147
2.6717 -36.465 -3.5088
-7.4047 -35.3596 -3.5431
-3.9052 -40.7259 -3.6307
-3.5231 -37.5129 -2.6378
-5.7786 -32.3164 -3.243
-1.6974 -36.0586 -1.8127
-7.8887 -32.7351 -3.5358
-5.8261 -41.2703 -3.4349
-2.7567 -40.7173 -3.5876
-6.9722 -41.4517 -3.5582
-4.7716 -40.6594 -3.6311
-0.9287 -36.8549 -3.4545
-2.1224 -37.4145 -2.6519
-1.7871 -34.3219 -3.6595
0.298 -36.2206 -3.5458
-1.6018 -41.3799 -3.768
-4.7716 -40.8192 -3.6284
-2.906 -38.6735 -3.4806
-6.2229 -39.2751 -3.5714
3.422 -38.5224 -4.0319
-3.9982 -39.3337 -3.4651
-7.2619 -39.7743 -3.5242
-7.7379 -38.0417 -3.5302
-2.9875 -37.3126 -2.6551
3.3365 -37.3075 -3.775
-0.5794 -38.3027 -3.5541
-3.7115 -41.7848 -3.4518
-6.9594 -31.7383 -3.002
-0.5414 -33.6803 -3.49
-6.2102 -35.6881 -3.4942
-4.5204 -33.7796 -3.356
-4.1792 -39.2171 -3.4132
-6.0649 -37.7868 -3.5585
-7.2619 -42.088 -3.8066
-0.2586 -40.6039 -3.7019
-7.3727 -32.0319 -3.38
-2.4494 -36.747 -1.9806
-4.7717 -41.1325 -3.5135
-7.5479 -35.3835 -3.4251
-2.2764 -41.0813 -3.7265
-4.7717 -41.4883 -3.4332
-1.3388 -34.0728 -3.5828
1.188 -35.7634 -3.6211
2.9068 -33.6705 -3.6325
-4.8203 -37.802 -3.4877
-4.7717 -41.399 -3.5013
2.6259 -37.2768 -3.669
0.5163 -36.406 -3.393
-3.237 -39.4976 -3.3349
-4.7717 -41.9993 -3.3413
-4.7717 -41.6641 -3.5348
-4.7664 -35.7588 -3.649
-4.7717 -41.7558 -3.5443
-4.2848 -35.7674 -2.7415
-6.78 -38.7263 -3.5631
-6.1102 -34.7062 -3.4536
-4.2212 -36.139 -5.6064
-1.2127 -35.5462 -2.199
-4.7719 -42.5388 -3.5724
-7.7968 -31.1693 -3.1391
-2.08 -35.8562 -1.7365
0.3135 -37.1359 -4.203
-6.3434 -34.5482 -3.2095
3.4691 -37.805 -3.8796
-6.9114 -30.6411 -3.276
-3.0557 -36.947 -1.8944
-5.141 -36.7189 -2.8125
-4.7719 -42.4685 -3.6533
1.1571 -35.4811 -3.5927
-6.2831 -37.1325 -3.3905
-4.7953 -33.8583 -3.2767
-3.808 -40.9579 -3.6464
-2.6639 -41.297 -3.6951
-4.7719 -42.6873 -3.6204
-2.8491 -41.3531 -3.5445
-0.9293 -34.105 -3.6588
-4.5755 -36.2429 -2.6793
1.1711 -32.703 -3.4237
1.2533 -34.6149 -3.5705
-3.8381 -36.0577 -2.7091
1.663 -37.9832 -3.5561
-6.11 -39.811 -3.617
2.7242 -39.5519 -3.9642
-4.945 -38.8614 -3.4025
0.4179 -38.8819 -3.5005
-2.1785 -41.9212 -3.7706
-2.1784 -38.7109 -3.5302
-2.4693 -40.9565 -3.6331
-5.4401 -39.057 -3.4723
-8.0081 -39.1258 -3.5793
2.2767 -39.405 -4.0602
-7.2323 -30.2948 -3.0897
-4.2599 -31.2283 -2.6669
-5.0558 -37.0031 -2.6634
-0.9289 -42.5388 -3.9749
-2.0759 -31.4045 -3.0079
-7.9157 -37.2218 -3.5523
-4.5755 -37.2507 -2.6377
-2.4692 -40.2654 -3.2994
-4.5756 -35.312 -3.6494
-3.7403 -33.9909 -3.2982
-5.4263 -32.4032 -3.3403
0.5587 -37.5805 -3.7515
-1.4472 -36.8417 -1.8641
-5.272 -38.5835 -3.5757
-7.6441 -37.0468 -3.6211
-5.5672 -34.6883 -3.4246
-4.5756 -35.4506 -3.7024
-8.0081 -41.1137 -3.6112
-4.3822 -41.6038 -3.4669
-6.1099 -41.2027 -3.5258
-2.1067 -32.1787 -3.165
-3.3131 -35.3911 -2.5604
-7.262 -35.9342 -3.4578
-4.5757 -38.2513 -3.4324
3.8583 -39.3758 -4.23
-6.0838 -37.4997 -3.5014
-0.6453 -35.8008 -2.5061
1.2821 -40.2252 -3.6957
-6.4902 -34.7438 -3.4345
-4.1872 -36.0569 -2.6504
-5.9839 -34.9866 -3.5356
-4.1873 -39.3194 -3.3824
-4.3822 -39.878 -3.4135
-1.4125 -39.5465 -3.4986
-4.1457 -30.7596 -2.8383
1.188 -35.6893 -3.6702
-4.5757 -39.1357 -3.3188
-7.7376 -39.1867 -3.5873
0.3229 -36.1972 -4.2313
-2.8332 -35.068 -2.5719
-2.0803 -37.3297 -3.19
-4.3822 -39.9993 -3.5541
-4.4821 -41.1187 -3.4887
-7.6602 -35.0223 -3.4096
-6.2043 -36.5428 -3.5284
-4.5757 -39.2614 -3.3222
-4.3822 -39.7818 -3.395
-1.4085 -35.4087 -2.4978
-0.6453 -36.3082 -2.5285
1.7394 -34.8466 -3.5932
-6.7799 -42.0523 -3.6666
-4.5757 -39.3926 -3.4578
-4.5757 -39.5893 -3.3574
1.1281 -30.3671 -2.8083
-4.5757 -39.8242 -3.4289
-6.4903 -37.5593 -3.461
1.0457 -36.0157 -3.5257
-4.5757 -39.9114 -3.5757
-3.5228 -34.7019 -3.6895
-5.751 -32.2362 -3.1617
-5.2864 -32.495 -3.2245
-3.2122 -31.0709 -2.6782
-3.808 -41.338 -3.565
-4.5757 -40.0681 -3.5182
-2.89 -32.1366 -3.2123
1.6631 -35.0299 -3.5995
-7.3741 -35.8516 -3.5098
-4.5757 -40.5376 -3.515
-5.461 -38.9608 -3.6022
-4.8392 -33.4781 -3.406
-6.2988 -34.9587 -3.3122
-4.1349 -38.5655 -3.5462
-2.6628 -35.1372 -2.4618
0.4182 -35.0877 -3.8161
-4.5758 -40.9481 -3.5419
2.6355 -37.7076 -3.6976
-3.0587 -32.3557 -3.1713
-7.2163 -34.4942 -3.4577
-6.6837 -41.1093 -3.4283
-7.0742 -39.4301 -3.574
-4.5758 -41.0268 -3.5017
-4.5758 -41.2842 -3.4716
-4.5758 -41.1313 -3.5609
-4.5758 -41.4538 -3.4639
-2.4686 -35.5332 -2.2152
-3.9986 -41.4525 -3.4867
1.0958 -30.437 -3.2646
-1.9831 -34.8968 -2.4281
-4.5758 -41.8998 -3.4389
-0.8619 -34.0078 -3.5716
-2.2759 -34.9063 -2.5126
-4.5758 -41.9967 -3.4344
-4.5758 -41.7947 -3.5488
-4.2201 -39.5604 -3.5832
1.9845 -40.9301 -3.9308
-7.2619 -41.4329 -3.7132
-1.0674 -38.8432 -3.5257
0.112 -32.3306 -3.4084
-6.2042 -42.4593 -3.5815
-8.0081 -42.7486 -3.6319
-4.2847 -37.0267 -2.7067
-2.4685 -36.4602 -1.8208
-4.5758 -42.5823 -3.5858
-4.4815 -35.4391 -2.6843
-2.8491 -41.6059 -3.5054
-4.4815 -35.8147 -2.7402
0.418 -37.3909 -3.5186
-3.4251 -35.9499 -5.5173
-4.3822 -41.9196 -3.4296
1.8504 -42.5583 -4.035
0.4052 -35.9017 -3.926
-1.4122 -37.2245 -3.3222
0.5161 -37.4369 -3.5423
-7.2619 -40.2347 -3.5031
-2.9817 -36.0226 -5.3614
-3.0416 -36.2491 -1.8303
-4.4821 -41.2036 -3.5579
-1.7388 -34.0506 -3.5149
2.1995 -33.5087 -3.5266
-3.2299 -38.4627 -3.6993
-4.4816 -35.0343 -3.5435
-3.8709 -36.335 -5.1965
-0.0628 -41.0126 -3.7292
-2.2762 -34.4902 -3.7378
0.6131 -40.7512 -3.7545
-3.8079 -40.6996 -3.5532
-6.7802 -34.4448 -3.5308
-4.4816 -36.8718 -2.6735
-5.6109 -35.8906 -3.4389
-2.6627 -35.7421 -1.8492
-5.2493 -40.4273 -3.5518
-6.1485 -37.9633 -3.7699
-4.6873 -35.9179 -2.7439
-4.4816 -37.0126 -2.6579
-2.5735 -36.6867 -1.8808
-4.4816 -37.1194 -2.6485
-2.7561 -36.8992 -1.9126
-3.4458 -36.933 -2.8503
-2.8492 -38.6064 -3.4834
-8.2506 -30.6073 -2.7331
-4.4816 -37.2088 -2.7266
-4.037 -32.8865 -3.258
-6.3085 -35.9177 -3.3143
-0.4773 -34.9939 -2.4257
-4.2849 -35.1134 -3.5253
-4.4817 -37.3012 -2.7133
-2.8439 -36.734 -1.935
1.1879 -41.9522 -4.0874
-0.1692 -32.2965 -3.1305
-6.2043 -34.8163 -3.4979
-8.6843 -35.2531 -3.3087
-0.02 -35.6374 -4.3641
-3.9984 -40.0697 -3.4497
-2.469 -34.3814 -3.7484
-4.1872 -37.5957 -2.6529
-4.4818 -38.5333 -3.3786
2.77 -38.0995 -3.804
1.4396 -38.5143 -3.8479
-2.4694 -41.579 -3.6867
-4.2485 -39.2512 -3.4975
-4.4819 -38.9241 -3.4156
-0.1618 -38.4938 -3.5521
3.7086 -38.092 -4.0307
-0.0527999 -33.6965 -3.4643
-3.8652 -32.6341 -3.2812
-4.482 -40.6084 -3.5577
-2.3616 -35.1183 -2.5177
-4.4819 -39.2367 -3.3236
2.8659 -35.4708 -3.5093
-6.4429 -35.4641 -3.5282
-4.6256 -39.1318 -3.4943
0.9006 -40.0137 -3.5445
-4.4819 -39.3641 -3.4274
-6.1888 -39.3212 -3.6454
-4.8914 -35.7745 -2.695
-7.5862 -38.151 -3.7782
-4.4819 -39.5654 -3.336
1.4214 -34.8367 -3.5057
0.6295 -31.0498 -3.1791
-3.5614 -33.4461 -5.126
-8.4074 -36.952 -3.5076
-6.6174 -35.7101 -3.5118
-1.0756 -35.7605 -3.7933
-6.4904 -40.4249 -3.5857
1.7268 -33.3004 -3.5549
0.5166 -34.4718 -3.806
-4.2223 -36.9727 -2.8738
-1.6982 -40.0614 -3.3144
-1.1374 -31.9132 -3.1195
-8.7243 -34.4265 -3.4964
-1.5071 -40.883 -3.6611
-2.782 -36.6832 -4.1583
-2.9464 -34.7069 -3.9314
-4.3822 -34.7243 -3.5673
-3.7116 -42.0992 -3.6064
-0.6813 -36.9661 -5.5616
-4.482 -40.4321 -3.6252
-2.9457 -41.0848 -3.6247
3.364 -39.991 -4.1554
-4.8012 -32.4655 -3.2061
-8.0221 -40.0716 -3.2638
-6.1099 -42.6788 -3.6729
-4.482 -40.5199 -3.6029
-3.0414 -41.3946 -3.4582
3.1643 -39.1833 -4.1276
-0.4326 -36.9932 -2.5394
-4.482 -40.8711 -3.5137
-8.4183 -36.4873 -3.491
-1.2127 -35.5271 -2.04
-3.7252 -36.4442 -2.7457
-6.5682 -36.2651 -3.6853
-2.1784 -39.3944 -3.3388
0.4749 -31.1802 -3.3508
-5.7167 -33.6542 -3.4674
0.8283 -38.6396 -3.7388
-5.1238 -34.8618 -3.5253
-5.0857 -32.3696 -3.1816
-1.7932 -37.2712 -3.2415
-2.4685 -36.364 -1.8024
-3.3194 -38.1708 -3.6771
2.2343 -33.8511 -3.6313
-8.0393 -30.3703 -3.2103
1.8501 -34.7484 -3.7206
-6.9541 -30.272 -3.108
-6.9723 -39.7532 -3.5583
0.2728 -38.4933 -3.835
-8.4551 -32.2661 -3.4384
1.8659 -39.8275 -3.9746
-2.6639 -41.5439 -3.6929
-2.2764 -41.8878 -3.7761
-0.0628 -41.831 -4.1668
-7.2842 -32.4243 -3.4357
-3.622 -37.1444 -3.1963
0.613 -41.9557 -4.2203
-4.4821 -41.7403 -3.4191
0.223 -35.0888 -3.8381
-2.6639 -41.4189 -3.6667
-5.8261 -38.6093 -3.4199
-0.9287 -39.5493 -3.4862
-4.4821 -41.7465 -3.5284
-4.4821 -42.1395 -3.4967
-8.5525 -30.9301 -2.8504
-4.4822 -42.6447 -3.5878
-4.1592 -31.9008 -2.9852
0.5732 -38.0739 -3.761
-4.2136 -34.1478 -3.3074
-7.2618 -42.9192 -3.5401
-4.1873 -39.7208 -3.3914
-5.7377 -34.3353 -3.5897
0.9006 -36.4553 -3.4467
3.4251 -38.1248 -4.0414
-6.5896 -40.664 -3.4535
-0.7788 -37.0361 -2.6643
-1.8251 -38.5629 -3.5461
-4.7795 -30.2708 -2.9339
1.9788 -34.2408 -3.9902
0.1264 -41.9167 -4.2134
-0.7588 -36.7886 -4.1729
-8.0223 -38.733 -3.362
-4.3822 -34.3871 -3.3681
2.4045 -35.528 -3.5649
0.2229 -37.6949 -3.5998
-1.5063 -34.4631 -3.7647
-5.0297 -30.9003 -3.1499
0.1265 -37.8857 -3.6036
-7.1816 -31.9151 -3.1131
-5.4301 -38.3188 -3.6718
-6.2452 -37.6185 -3.5047
-2.5747 -35.7326 -1.9494
-4.3822 -34.394 -3.4545
-4.7971 -36.9677 -2.6971
-4.3822 -34.6447 -3.4842
-4.1229 -35.2999 -2.6979
-1.5073 -42.2677 -3.9446
-4.3821 -36.1053 -2.7503
0.8075 -38.957 -3.6085
-0.2954 -39.5914 -3.5375
-4.3821 -36.1885 -2.7191
-1.2127 -39.735 -3.482
-4.1409 -34.9871 -3.5263
-1.9837 -41.2845 -3.6464
-3.2364 -31.9679 -3.0837
-7.3536 -40.1913 -3.6167
-0.5676 -35.4605 -2.4332
-4.3822 -34.3073 -3.7463
-3.0426 -34.6549 -3.8816
-4.0147 -36.7176 -2.8155
-3.6991 -31.6595 -3.0095
-3.7434 -33.5713 -3.2886
-7.225 -31.4311 -2.9285
-4.3821 -36.5649 -2.7521
-7.4545 -38.8006 -3.561
-5.9362 -35.4451 -3.331
-4.7709 -37.2845 -2.63
-4.3821 -36.736 -2.6985
-4.6559 -34.3588 -2.2697
-7.2607 -31.512 -3.0312
-5.4397 -41.565 -3.4305
-8.5648 -36.2383 -3.4017
-1.5073 -41.9875 -3.93
-4.3821 -36.848 -2.6751
-6.8716 -39.1107 -3.5927
-4.3822 -35.1598 -3.5702
-5.4406 -35.4208 -3.5385
1.348 -33.3125 -3.5715
2.376 -35.5832 -3.4793
-4.3822 -35.2468 -3.5708
-4.3018 -34.447 -3.335
1.6825 -36.0836 -3.4223
-0.1614 -36.1939 -2.374
-3.9982 -39.2435 -3.4099
-4.3821 -37.1676 -2.6696
1.8503 -40.6763 -3.8698
-5.9183 -38.8401 -3.583
-5.8261 -38.3564 -3.4589
-2.7566 -34.5484 -3.8662
-4.3821 -37.0882 -2.7327
-0.4499 -39.1797 -3.4374
0.7081 -41.1953 -3.8876
-1.4126 -40.2098 -3.4863
-4.3822 -38.0653 -3.5056
-5.5956 -31.892 -3.2265
0.6137 -34.257 -3.7585
-1.3456 -31.7976 -3.1464
-3.3319 -40.5519 -3.359
3.4596 -37.4295 -3.851
-4.3822 -38.334 -3.4248
-2.8492 -39.1976 -3.3055
-1.4124 -38.6893 -3.5198
0.117 -37.213 -6.234
-4.3822 -38.4309 -3.4204
1.2819 -35.2804 -3.6747
-0.8962 -35.6519 -4.9146
-2.36 -36.1458 -5.5003
-4.3822 -38.6437 -3.4243
-1.9837 -42.1616 -3.7614
-1.9114 -31.9995 -3.1284
-4.3822 -39.1593 -3.3413
0.3265 -39.6015 -3.6887
-7.0737 -35.2642 -3.4042
0.0327 -40.9938 -3.843
-3.0415 -40.9049 -3.6405
2.88 -37.605 -3.8417
-5.5542 -38.6516 -3.6108
-6.4513 -38.3755 -3.8351
-5.9183 -40.9074 -3.5523
-4.3822 -39.0889 -3.4222
-0.2582 -37.5557 -2.4668
-3.0505 -34.1831 -3.6255
-3.0493 -37.7984 -3.9374
3.3356 -38.2018 -4.0695
-6.0766 -32.9066 -3.3295
0.1455 -34.4082 -3.6983
-4.5025 -32.0171 -3.1371
-7.3437 -29.788 -3.0834
-1.6009 -36.0884 -1.7086
-3.9958 -31.1323 -2.7248
-2.2762 -34.7008 -3.8103
-2.8495 -34.3291 -3.7759
-4.3822 -40.0598 -3.4782
-2.1785 -41.8265 -3.7064
-4.5757 -39.6106 -3.4478
-5.1468 -41.4347 -3.4303
1.6631 -36.6988 -3.4685
-4.3822 -40.1908 -3.4677
-3.2371 -38.9775 -3.409
1.3755 -37.5357 -3.5498
-3.8507 -35.2625 -2.6709
0.9969 -37.7664 -3.5324
-0.1617 -39.6917 -3.4696
1.5702 -37.4439 -3.5407
-7.704 -36.8794 -3.7066
0.9005 -35.7067 -3.7048
-4.3822 -40.1493 -3.5564
1.5703 -38.136 -3.5365
1.9791 -39.4984 -3.9193
-4.3822 -40.69 -3.5955
-5.7693 -32.495 -3.2356
-7.8645 -35.3689 -3.4849
-3.8557 -33.0261 -3.2938
-1.2127 -39.1254 -3.4781
2.0721 -38.4122 -3.7461
2.8905 -40.0321 -4.1659
-3.8358 -36.691 -2.8404
-4.3822 -40.6871 -3.687
0.1835 -31.3415 -3.3728
-8.0081 -36.0316 -3.4933
3.8835 -38.9892 -4.3061
-7.0739 -36.9325 -3.4419
-5.2359 -38.0447 -3.6305
1.2822 -41.6204 -3.9518
-2.4692 -40.0578 -3.2816
0.2792 -35.6342 -4.679
0.613 -42.045 -4.1523
-3.0416 -39.5452 -3.3329
-2.5846 -37.1344 -4.1566
-5.826 -35.3298 -3.5292
-8.3028 -37.908 -3.5849
-8.1406 -32.9943 -3.4711
-4.6306 -34.3919 -2.3458
-6.449 -35.7751 -3.5749
-2.9457 -39.8796 -3.3283
-4.3822 -41.0347 -3.7122
0.8093 -38.7501 -3.6818
-4.1873 -40.0737 -3.4026
-4.3822 -41.5244 -3.5299
-4.532 -32.6995 -3.5327
0.8474 -35.735 -3.795
-1.8335 -36.6324 -1.8521
-3.7113 -39.2622 -3.3436
-4.1872 -36.1464 -2.7285
-1.5063 -34.2609 -3.7329
0.0322 -34.4761 -3.8265
-4.3822 -41.7099 -3.4803
-3.1734 -31.0016 -2.822
-4.7716 -40.6282 -3.5457
-6.0545 -30.8283 -2.8206
-3.3316 -37.5379 -2.7254
2.3083 -36.4662 -3.5647
0.9969 -39.6765 -3.7282
-4.3822 -41.8121 -3.4619
-4.3821 -35.6531 -2.6659
-5.3032 -33.8456 -3.4792
-4.3822 -42.1112 -3.4893
-6.9245 -31.9817 -3.196
-8.0404 -32.2623 -3.3982
-4.4934 -31.6863 -3.0808
-0.2424 -36.3015 -4.2676
-4.3822 -42.2233 -3.4659
-5.5082 -37.8564 -3.4593
0.7622 -34.2772 -3.5378
-4.3822 -42.467 -3.4091
2.0469 -37.2967 -3.6697
-3.5913 -34.4403 -3.766
-3.9979 -37.556 -2.6056
1.9775 -35.9163 -3.4602
-7.894 -30.7011 -2.8562
-6.6837 -38.5946 -3.5296
-2.08 -36.2751 -1.804
-4.3822 -42.3257 -3.5937
3.684 -33.931 -3.7065
-3.9049 -38.7045 -3.4357
-7.074 -37.2976 -3.5256
-7.6853 -37.5326 -3.7205
-1.5335 -33.5721 -3.2791
-4.116 -33.6176 -3.2863
3.3585 -33.1107 -3.8411
-3.5786 -34.3237 -3.4887
-8.6142 -34.6081 -3.3736
-7.3537 -39.3068 -3.5841
-8.5433 -33.4041 -3.5211
-4.2848 -35.1706 -2.641
-0.0628 -39.6061 -3.5243
-4.2848 -35.6197 -2.6707
-4.2848 -36.1854 -2.6858
3.2345 -37.3846 -3.765
-2.1385 -33.3896 -3.3671
-1.3105 -35.7692 -1.7811
-6.5891 -35.5994 -3.3926
-6.8721 -35.3493 -3.4861
-4.2849 -34.5743 -3.5866
-5.2493 -39.3329 -3.4236
1.0854 -30.4148 -2.9263
-7.3346 -35.031 -3.572
-3.9983 -39.938 -3.4831
-0.29 -31.5253 -3.1228
0.613 -42.422 -4.0163
-6.5894 -38.6264 -3.6152
-7.1673 -33.8272 -3.5093
0.9763 -35.1192 -3.6034
-5.7132 -30.2292 -2.8652
-4.2847 -36.6745 -2.6726
-0.7186 -33.5985 -3.4265
-0.0627 -42.1995 -3.99
2.74 -38.9665 -4.0116
-5.763 -32.7758 -3.2464
-1.1298 -32.4801 -3.1543
-4.2847 -36.9358 -2.6743
-4.2849 -35.1726 -3.6414
-5.1469 -41.3598 -3.5023
-2.8491 -41.4985 -3.5378
-4.0538 -33.1355 -3.327
-3.4272 -33.3445 -3.3534
-6.9722 -42.8065 -3.5647
-3.2371 -41.0663 -3.6147
-7.4675 -36.3404 -3.5511
-4.8655 -40.7442 -3.4662
-4.2847 -37.3136 -2.6616
-4.3373 -35.9408 -2.8232
-2.178 -35.603 -2.0333
-5.7311 -36.0596 -3.4053
-1.4118 -35.2127 -2.5149
-2.2757 -36.119 -1.8034
-6.8714 -40.7145 -3.5285
-3.3603 -35.6852 -2.6934
0.263 -37.6109 -4.0509
-7.5633 -30.504 -3.2356
-5.826 -38.1125 -3.3696
-2.9494 -36.5251 -1.9157
-4.2208 -30.5035 -2.7582
-4.2847 -38.552 -3.4363
-6.2353 -33.4125 -3.5024
-4.2847 -38.6679 -3.4447
-6.4903 -38.0819 -3.4645
1.8754 -39.9158 -4.0031
-3.4943 -39.3708 -3.4405
-3.5777 -34.1428 -3.4413
-4.926 -37.9447 -3.4594
-2.4693 -41.4221 -3.598
-8.892 -33.1854 -3.7106
-3.9052 -40.6093 -3.6452
-4.9197 -37.7238 -3.4784
-5.816 -38.4822 -3.6932
-6.6837 -40.7377 -3.5504
-4.9771 -39.4115 -3.5934
-5.9184 -34.4099 -3.3567
-4.2847 -39.0925 -3.3293
-4.2847 -39.4493 -3.3723
-2.6627 -36.1842 -1.7923
-5.4515 -32.6287 -3.4295
-3.042 -35.5011 -2.5271
1.2532 -33.6541 -3.5704
-6.8714 -41.2673 -3.4941
2.9483 -32.7344 -4.0502
-4.6418 -37.284 -3.7635
-4.2847 -39.7652 -3.4812
-4.2847 -39.9075 -3.4198
-3.7489 -32.0522 -3.1804
-4.2847 -39.9379 -3.5281
-3.0418 -38.7245 -3.4253
-5.8035 -33.3471 -3.4099
-2.4692 -38.5265 -3.6581
0.97 -37.1734 -3.5848
-8.0081 -39.5051 -3.5207
-6.9725 -35.6883 -3.5616
-8.0225 -36.53 -3.2488
-4.9381 -33.6752 -3.4312
1.2822 -40.8152 -3.7099
-5.0559 -38.2807 -3.4182
-0.2245 -33.2379 -3.3695
-4.2847 -40.3726 -3.5538
-3.8528 -33.5982 -3.3417
-6.9722 -41.5661 -3.6124
-7.0599 -31.7507 -3.0206
-4.2846 -40.7838 -3.5578
-3.8528 -33.5276 -3.2418
-3.8687 -32.1202 -3.2406
-5.056 -35.7297 -3.5942
-0.4501 -42.3036 -4.1161
-6.2042 -40.4154 -3.4879
-1.7101 -38.5455 -3.6007
-3.8656 -38.0671 -3.8094
-3.2371 -41.5159 -3.4753
0.1975 -31.8569 -3.1349
-4.6892 -33.7864 -3.3036
-4.2847 -40.6931 -3.6716
-1.1577 -36.7352 -1.8529
-2.4691 -39.6558 -3.2955
-0.3677 -34.9929 -3.9217
-1.5069 -39.1471 -3.4669
-3.8224 -37.0517 -2.7569
3.0467 -39.4575 -4.0525
-6.134 -35.6001 -3.3489
-5.828 -34.4021 -3.578
0.3552 -35.115 -4.9071
-4.2846 -40.9951 -3.6076
1.7521 -37.8506 -3.6318
1.3755 -35.8947 -3.5654
-4.2846 -41.1223 -3.5652
-7.6439 -39.882 -3.6373
0.0323 -35.4583 -3.8317
-8.606 -34.7141 -3.3622
1.8503 -40.9028 -3.9006
-6.0221 -30.7428 -2.7262
-4.2846 -41.5568 -3.4448
-0.4375 -36.6908 -4.2733
-2.2763 -38.5913 -3.6585
-4.2846 -42.2489 -3.4405
-1.4512 -39.4696 -3.5281
-4.2846 -42.0651 -3.5905
-4.3822 -40.9604 -3.6151
-1.7043 -32.8169 -3.1793
-4.2846 -42.1975 -3.5342
-4.2846 -42.4588 -3.5359
-4.1872 -35.2353 -2.6195
-6.7801 -37.1079 -3.4773
-4.1872 -35.651 -2.6324
-0.2582 -37.4542 -2.4623
-4.1874 -34.3915 -3.5902
-2.9458 -35.4792 -2.3107
-8.0081 -39.3871 -3.581
0.1264 -34.4421 -3.8532
-3.1727 -32.0193 -3.1767
0.3674 -37.1315 -3.7086
-6.5891 -35.4888 -3.3702
-7.4056 -33.8443 -3.6447
-4.1873 -39.1422 -3.3266
0.3175 -36.4754 -3.3764
-2.0804 -34.5303 -3.876
-0.8594 -38.8783 -3.5819
1.6139 -36.7803 -3.5069
-4.1874 -34.8164 -3.621
-1.7644 -37.3163 -2.5858
-4.1872 -36.7196 -2.6611
-4.1872 -36.9081 -2.6661
-0.2686 -33.7805 -3.5399
-1.0251 -34.8185 -4.0098
-4.1874 -34.9989 -3.6629
-2.758 -36.1223 -3.9279
-7.6439 -40.4724 -3.4824
-6.1415 -39.6083 -3.7881
-1.0366 -36.8225 -5.6264
-5.3574 -38.4507 -3.7484
0.0389 -30.8755 -3.2027
-4.1872 -37.4949 -2.6255
-6.0201 -34.4515 -3.5794
-2.2809 -30.7821 -2.7279
-4.4566 -34.979 -3.4381
-4.1872 -37.6751 -2.5898
-6.2042 -41.5928 -3.4385
-7.1185 -38.072 -3.7948
-4.1872 -37.4776 -2.7131
-0.5351 -35.9393 -3.6869
3.0197 -39.9021 -4.2605
-3.8628 -37.6448 -3.7609
-1.4432 -37.2763 -2.6645
-4.1873 -39.4466 -3.34
-6.045 -33.2366 -3.6149
-4.1873 -39.6124 -3.3004
-0.9493 -36.412 -4.1739
-4.1873 -39.4051 -3.4287
-4.1873 -39.9746 -3.4757
-6.5736 -30.5414 -3.1421
-4.8793 -31.4347 -3.313
-4.1409 -34.689 -3.5263
1.8965 -36.812 -3.4973
-4.2847 -39.4024 -3.475
0.708 -42.2443 -4.0726
-6.4622 -36.8339 -3.7133
-5.9378 -34.0232 -3.5863
-4.1873 -40.4078 -3.5472
1.3753 -40.5392 -3.7507
-8.7681 -38.52 -4.0122
1.1879 -39.6982 -3.7519
-4.1873 -40.4337 -3.6465
-2.4762 -37.9216 -3.9427
-4.6778 -36.945 -2.7726
-0.6687 -39.2642 -3.5792
-7.262 -37.255 -3.6167
-5.0559 -38.2437 -3.5158
-4.1786 -35.1648 -3.7061
-2.6632 -34.2585 -3.7768
-4.1873 -40.9562 -3.6499
-4.1873 -41.1311 -3.6282
-8.0756 -33.5218 -3.3499
-4.4816 -34.8208 -3.5624
-7.2619 -40.3179 -3.4719
1.3643 -38.8227 -3.9039
-4.1872 -41.6427 -3.3671
-4.1873 -41.4612 -3.5948
-7.3539 -35.2704 -3.4488
-7.9762 -37.5143 -3.5365
-6.4506 -32.7434 -3.283
-5.4114 -32.0331 -3.2648
-5.8316 -36.856 -3.5814
-4.7708 -35.7376 -2.7328
-1.3834 -37.3524 -2.5743
-7.8416 -30.5604 -2.7032
-3.6229 -41.6679 -3.5322
1.1033 -37.3357 -3.7619
-5.528 -36.1871 -2.8046
-7.0054 -30.3787 -3.2549
-4.3822 -40.4014 -3.5402
1.7649 -36.2926 -3.3923
-6.9724 -36.6448 -3.6138
-4.3822 -41.2003 -3.5265
-2.1785 -41.042 -3.7243
-8.0081 -34.2992 -3.6461
-7.6441 -36.6954 -3.5641
-5.5265 -34.2094 -3.5268
-3.9975 -34.7502 -3.6433
2.1535 -37.6601 -3.6888
-3.8654 -33.4282 -3.2037
-5.4915 -33.5381 -3.506
-5.3567 -29.9597 -3.1648
-4.6252 -34.3719 -3.4355
-0.6462 -42.2313 -4.052
-5.7311 -40.6245 -3.5068
-3.623 -41.9647 -3.482
-3.0414 -33.4915 -3.3784
-2.3725 -38.7812 -3.5055
-5.0507 -30.2756 -2.8851
-3.0724 -38.91 -3.559
-6.0902 -37.6874 -3.4824
-0.418 -34.9316 -2.2993
-6.5897 -42.6003 -3.4336
0.5162 -36.5219 -3.4014
-3.9979 -37.2206 -2.6529
-2.3728 -42.2188 -3.754
-0.8648 -37.1973 -2.6449
-0.2582 -36.4653 -2.5169
-3.9979 -37.6726 -2.5911
-3.9981 -38.7301 -3.4243
3.2637 -34.8999 -3.556
-2.4685 -37.1031 -1.8414
-0.1617 -38.4339 -3.4589
-1.0032 -38.083 -3.8712
-3.9982 -39.0837 -3.4126
-0.6458 -39.6686 -3.3793
-3.9983 -39.7204 -3.324
3.7813 -33.2241 -3.5976
-7.0743 -40.3585 -3.5954
-0.8429 -34.0851 -3.6287
-2.6627 -36.0888 -1.751
-3.9983 -39.6266 -3.3832
-8.5091 -31.3171 -2.4595
0.8073 -36.8478 -3.4355
3.2283 -33.8726 -3.7453
2.9706 -37.547 -3.8237
-5.0559 -41.1614 -3.524
-3.9983 -39.7417 -3.4144
-5.1471 -40.3611 -3.5617
-3.9985 -40.6219 -3.5842
-3.9984 -40.5561 -3.674
0.0325 -36.7981 -3.3957
-3.9985 -40.8301 -3.5792
-3.9985 -41.0535 -3.5553
-5.7667 -36.2737 -3.5978
1.472 -35.9212 -3.5395
-1.2127 -41.4529 -3.7868
-3.9985 -41.1989 -3.5486
-2.3718 -36.3124 -1.851
3.5538 -34.8782 -3.5642
-7.8228 -37.5091 -3.5834
-7.1332 -35.318 -3.5644
-3.9985 -41.0794 -3.6546
-5.2396 -34.1879 -3.3742
-7.4545 -39.3276 -3.5734
1.1 -32.1941 -3.2705
-3.9986 -41.6008 -3.3886
-7.5479 -38.1887 -3.6256
-7.3537 -38.623 -3.629
1.979 -37.1088 -3.5852
1.8627 -39.2311 -3.965
-8.5873 -37.9315 -3.3119
-8.3438 -36.4905 -3.5554
-4.0427 -35.8859 -2.8091
-6.9724 -37.2292 -3.4957
-3.9986 -41.5266 -3.4377
-2.2763 -39.0582 -3.4314
2.904 -35.9567 -3.6236
3.5324 -38.2026 -4.0699
1.1879 -42.1583 -4.1511
-2.1784 -39.4596 -3.418
-8.3169 -38.0306 -3.6343
-8.5447 -38.4783 -4.0218
0.3233 -39.458 -3.6792
-8.6731 -31.3216 -2.9473
-3.9986 -41.2248 -3.6479
-1.79 -35.8151 -1.9135
-5.5346 -35.9096 -3.4794
1.9744 -35.596 -3.4506
-3.9986 -41.5283 -3.5381
-7.2619 -40.4103 -3.4585
-3.9986 -41.607 -3.4979
-4.8656 -40.77 -3.5655
0.0727 -33.8891 -3.4794
3.5514 -38.6995 -4.127
-4.4819 -39.6957 -3.3483
-6.6837 -40.5825 -3.5621
-3.5227 -35.1599 -2.5218
-3.9986 -41.3557 -3.6374
-5.4563 -29.8883 -3.1745
0.0327 -42.1261 -3.9967
-1.7936 -41.2444 -3.6891
-1.2828 -36.714 -1.9161
-7.9157 -36.6682 -3.4635
-1.444 -36.0733 -1.8219
0.5978 -34.5293 -5.0584
-3.8764 -38.4901 -3.8792
-6.5475 -36.7434 -3.6769
1.4018 -34.1068 -4.0174
-4.5296 -35.2586 -5.5689
-3.3353 -37.6189 -3.8975
-3.9986 -41.8409 -3.4461
-3.6217 -34.7855 -3.7249
-2.1329 -39.4271 -3.4966
-1.7937 -42.1442 -3.8487
-3.9987 -42.1113 -3.4657
-2.7463 -34.3845 -3.6716
-5.2111 -35.0051 -3.46
-3.524 -42.5976 -3.5879
-0.6456 -34.7118 -4.0408
-1.8352 -32.889 -3.279
-3.9044 -34.9723 -2.561
-2.5511 -36.9723 -2.0079
-3.7447 -33.6202 -4.8539
-6.11 -40.4773 -3.5134
-1.0256 -41.4526 -3.8652
-8.5586 -36.7403 -3.1195
-4.2846 -41.3622 -3.4765
-5.4402 -37.8642 -3.3945
-3.9045 -34.302 -3.5557
-3.9045 -35.9744 -2.7023
-3.9045 -36.1236 -2.7274
-6.9724 -38.1432 -3.5132
-5.9553 -32.4468 -3.2102
-5.7973 -34.1173 -3.4646
0.4182 -34.9862 -3.8116
-3.1287 -37.0552 -2.7911
-2.7289 -36.8273 -1.954
-5.0559 -39.478 -3.505
-3.9045 -36.2802 -2.67
-2.0012 -38.9726 -3.6027
-3.9045 -34.4846 -3.5976
-6.2942 -32.5228 -3.0998
-4.4821 -41.9032 -3.471
1.7047 -35.2553 -3.4887
-2.9817 -30.8276 -2.5521
-0.9658 -35.7385 -1.7542
-2.3075 -34.9851 -2.3963
-4.3821 -36.9828 -2.6964
-3.9045 -34.6847 -3.6981
-4.685 -32.9755 -3.4585
-8.3885 -37.6051 -3.5215
-3.9046 -36.7353 -2.6628
-8.0222 -39.1221 -3.2984
-1.6017 -40.8512 -3.6553
-7.907 -30.7897 -2.8995
-7.9155 -38.6824 -3.4259
-2.7526 -32.0068 -3.0849
-1.0249 -35.3609 -2.4727
-0.5795 -39.0316 -3.5542
-3.9046 -37.2684 -2.6383
-3.2371 -41.7023 -3.549
-6.0886 -32.6534 -3.5848
-4.9171 -36.7719 -3.7735
-5.8261 -40.1665 -3.6043
1.7078 -36.6248 -3.4984
-6.8438 -37.0769 -3.7259
-5.1472 -39.0295 -3.2845
-5.4358 -29.6681 -3.0985
-8.5019 -33.7689 -3.4467
-3.9046 -37.3646 -2.6567
-6.5249 -34.0835 -2.3387
-1.0348 -30.7054 -2.7295
-6.9579 -33.3815 -3.6676
-3.9049 -38.8015 -3.4313
-5.0558 -41.8157 -3.4941
-3.808 -41.248 -3.6559
-1.0248 -35.5656 -2.1207
-3.9049 -39.0603 -3.3554
-3.1056 -38.4916 -3.8965
-0.45 -41.0152 -3.851
-0.942 -36.9357 -2.5726
-7.0745 -42.5054 -3.6476
-0.9723 -35.9385 -3.8105
1.7869 -33.455 -3.7357
-3.905 -39.6503 -3.3694
-1.4118 -35.5715 -1.8816
-4.5642 -32.2751 -3.3263
-3.9051 -40.2972 -3.5681
-1.1322 -34.0929 -3.6216
0.9692 -33.4381 -3.5298
0.7081 -41.1596 -3.7933
-3.9427 -37.9974 -3.5487
-3.9051 -40.5494 -3.552
-5.6542 -37.2671 -3.654
-1.8804 -33.0631 -3.6798
1.2821 -37.7632 -3.5111
-2.0806 -41.7831 -3.7529
-0.0865999 -36.9297 -3.6144
-5.0276 -33.9805 -3.4444
0.6137 -34.5531 -3.7312
-3.9051 -40.5026 -3.6547
0.0326 -38.6057 -3.4636
-3.9052 -40.8303 -3.5437
2.981 -34.5559 -3.575
-2.6766 -35.533 -3.8808
-7.9867 -34.9398 -3.5173
0.4968 -38.563 -3.6031
-8.0226 -35.7735 -3.2974
-3.7489 -36.3953 -5.1365
-5.5343 -39.2027 -3.397
-6.55 -37.8643 -3.7928
-6.5897 -42.533 -3.5692
-1.0248 -35.5359 -1.9896
0.6136 -35.2399 -3.741
-1.7934 -39.8679 -3.3001
-3.9052 -41.1568 -3.6246
-5.8919 -37.1569 -3.4646
-2.1477 -37.4697 -2.5758
-6.4903 -38.0638 -3.575
-3.3313 -36.0078 -1.8408
-7.6442 -34.9271 -3.4761
-3.9554 -35.9017 -2.6519
-4.9867 -33.1053 -3.5634
-3.9053 -42.019 -3.4434
0.0955 -38.7375 -3.5471
-0.0358 -36.278 -4.3167
-3.1165 -31.529 -2.9792
-7.738 -37.3951 -3.6238
0.2755 -36.5064 -4.0887
-7.2817 -32.3438 -3.6684
-6.1037 -32.3222 -3.0979
-2.4692 -40.1646 -3.2721
-5.2499 -38.9811 -3.6424
-0.6033 -35.8771 -2.5935
-6.1604 -39.2991 -3.731
-5.5341 -41.3429 -3.5091
-6.4003 -34.1286 -3.0383
-7.0864 -31.9035 -3.1058
-4.1317 -33.9392 -3.3592
-0.644 -36.4927 -4.2283
-2.2757 -35.7556 -1.8201
1.229 -31.6033 -3.024
1.4585 -38.7683 -3.905
-8.5864 -36.4925 -3.4838
-3.9053 -42.4175 -3.5438
-4.3821 -36 -2.714
3.3324 -39.6265 -4.0602
-3.9053 -42.5492 -3.5104
-8.3487 -35.6081 -3.482
-5.146 -32.322 -3.3373
-7.0743 -40.3758 -3.5078
-2.75 -36.6349 -4.5291
-1.1204 -38.3117 -3.6608
0.3584 -37.7581 -3.7937
-6.0531 -36.8434 -3.6529
-4.7709 -36.828 -2.6829
-3.8074 -34.9325 -2.6031
0.9006 -41.4152 -4.0561
-4.5758 -40.8195 -3.63
-5.8597 -37.8821 -3.7566
-3.8075 -35.9571 -2.6428
-1.9837 -41.5747 -3.8021
2.0797 -39.5177 -4.0495
-3.8075 -36.4842 -2.6551
-6.6 -33.7359 -3.5235
-6.3528 -36.2879 -3.6233
-3.8075 -34.6849 -3.6972
-2.5531 -31.4643 -3.0082
-3.8075 -36.7795 -2.6507
2.2663 -37.8711 -3.7271
1.9612 -42.3023 -4.1996
-2.2762 -34.2752 -3.8025
-7.4545 -39.0338 -3.532
-3.8076 -34.7759 -3.7296
1.6628 -39.0134 -3.8746
-7.0737 -34.4473 -3.5285
-5.9183 -40.7747 -3.4624
-5.6337 -37.6387 -3.6356
-3.8076 -34.8872 -3.729
-3.7392 -34.5767 -3.5844
0.5164 -35.5917 -3.741
-5.056 -34.5437 -3.4566
-3.8076 -37.2468 -2.716
-3.8076 -37.4179 -2.6624
-5.1574 -37.2581 -3.6223
0.4463 -36.4647 -3.4504
-2.0806 -41.0046 -3.7339
-4.1873 -40.5397 -3.6599
0.9969 -38.7298 -3.671
-6.11 -38.3031 -3.4075
-0.6839 -34.0292 -3.5312
-3.8078 -38.5239 -3.4933
0.3662 -34.5729 -3.7111
-7.9151 -42.2409 -3.523
-7.1154 -35.5201 -3.5369
-3.8078 -38.7684 -3.4136
-4.3822 -35.3279 -3.6082
-8.0224 -37.2137 -3.2036
-4.3544 -38.3778 -3.6117
-7.5477 -42.6019 -3.6246
-3.8078 -39.7247 -3.3193
-7.5084 -36.8875 -3.7132
-4.0519 -32.9607 -3.3048
-2.9459 -34.9056 -2.5472
-3.8078 -39.6505 -3.3684
3.1169 -38.7416 -3.9849
-8.6351 -35.6997 -3.2216
-3.8665 -35.7706 -2.6235
-0.2587 -42.5096 -4.0347
-0.5478 -39.0095 -3.6493
-1.3109 -41.4487 -3.8221
-4.5092 -39.6072 -3.5629
-4.8075 -35.5932 -3.5253
-3.0415 -40.4184 -3.4162
0.4175 -41.6619 -4.1861
-3.8079 -40.1838 -3.4901
0.2231 -36.3914 -3.3535
-4.8655 -40.0908 -3.6194
-1.603 -34.1257 -3.6306
-1.4127 -40.4425 -3.6264
-2.1784 -39.1067 -3.4069
1.2822 -41.6763 -3.8671
-0.0628 -39.0387 -3.4087
-3.5238 -41.3602 -3.5441
-2.4691 -39.2937 -3.2665
-0.9288 -34.339 -3.7481
-3.5539 -38.8849 -3.5656
-3.808 -41.063 -3.5365
-6.6837 -37.7079 -3.5656
2.4713 -38.5872 -3.7653
-5.7311 -40.7274 -3.4656
-2.7327 -36.1886 -4.004
0.3043 -39.5463 -3.6221
-4.8453 -37.1024 -3.7765
-3.0016 -31.1327 -2.8999
0.6133 -38.2043 -3.5007
-7.2618 -42.5185 -3.5082
-3.7113 -39.4932 -3.3833
-7.5479 -37.1209 -3.5739
3.7497 -38.2356 -4.1544
-4.3822 -39.3828 -3.4636
-6.0895 -35.7165 -3.6392
-1.7934 -40.2498 -3.4653
-4.4841 -37.3542 -3.6388
0.6133 -39.3972 -3.7249
-8.6594 -34.1079 -3.445
-3.808 -41.2221 -3.5566
-1.1586 -39.0738 -3.5469
-1.7933 -38.6914 -3.4731
-2.9747 -38.4061 -3.5781
-2.1781 -35.4603 -2.2637
3.7064 -37.5867 -3.7734
-7.5478 -41.0493 -3.4489
-5.9183 -40.8006 -3.5617
-3.808 -41.8149 -3.4791
-7.9762 -39.506 -3.6003
-6.7252 -33.2656 -3.5594
-1.3108 -39.3944 -3.4415
-3.808 -41.7204 -3.5611
-2.4691 -34.6429 -3.8963
1.9609 -37.5408 -3.5897
-3.808 -41.9301 -3.5103
0.5154 -30.5609 -3.435
-3.9978 -37.1138 -2.6624
-6.6641 -37.5627 -3.8171
-3.808 -42.0846 -3.5215
1.2456 -39.7397 -3.8283
0.9006 -40.9257 -3.777
-4.6134 -31.6542 -3.1393
-0.7506 -30.935 -2.7584
3.5855 -34.2156 -3.6592
-1.4124 -38.4988 -3.7296
-2.7566 -40.9421 -3.5179
-6.78 -40.3159 -3.641
0.3027 -34.785 -3.8999
-3.8081 -42.5809 -3.7408
0.2238 -39.4015 -3.6632
2.703 -34.2783 -3.6035
2.7127 -35.2722 -3.6322
-5.6823 -37.8272 -3.5232
-6.8713 -42.1937 -3.7304
3.5642 -40.058 -4.1653
-3.7109 -35.2402 -2.6053
-0.5089 -36.3293 -4.3508
-5.6823 -36.4136 -3.5229
-2.4692 -39.8822 -3.3262
1.4499 -34.1298 -3.5912
-4.6944 -36.4524 -2.7996
-3.7109 -35.9271 -2.6149
-3.7109 -36.0285 -2.6194
-1.0144 -36.8888 -5.693
-6.8714 -41.2159 -3.5878
3.7348 -37.5425 -3.859
-0.2536 -35.0777 -3.8779
-4.2421 -38.5223 -3.5164
-0.4499 -40.4317 -3.6311
1.6627 -40.9868 -3.9033
-3.711 -36.6208 -2.711
-2.9229 -34.1227 -4.0032
-3.711 -36.7329 -2.6876
-3.7115 -40.9633 -3.5671
-0.633 -33.6863 -3.3918
-7.9762 -34.9584 -3.4118
-5.983 -33.6864 -3.4055
0.9969 -34.6634 -3.7201
-3.7116 -42.6613 -3.736
-6.8977 -30.1843 -2.9494
-3.808 -42.1498 -3.6008
2.5911 -36.6915 -3.5643
0.2228 -39.5758 -3.4954
0.708 -42.0785 -4.1122
-3.7113 -38.5566 -3.4674
-6.0675 -36.7526 -3.6822
-1.4196 -38.6855 -3.6229
-3.7113 -38.6884 -3.4339
-5.2493 -41.2519 -3.4913
2.6512 -36.9124 -3.7451
-8.0852 -33.4257 -3.3661
-3.3667 -39.2642 -3.5346
-2.3722 -34.6683 -3.8043
-6.0747 -36.1275 -3.6399
-0.139 -36.4801 -3.459
-6.1099 -42.3062 -3.6717
-3.7113 -39.0564 -3.4262
-6.3055 -33.488 -3.3235
-2.8492 -37.5104 -3.2551
0.0327 -40.9922 -3.7426
-2.6636 -39.5911 -3.3167
-5.1477 -35.8764 -2.7663
-5.736 -34.768 -3.3608
-3.7113 -39.7764 -3.3064
-5.1799 -30.2392 -3.2252
-8.6041 -35.4348 -3.1132
-3.7789 -35.4834 -2.5838
-3.7113 -39.8824 -3.3198
-3.7114 -39.962 -3.4029
-4.0234 -33.4899 -5.0706
-0.1725 -31.4853 -3.3119
-3.753 -31.5224 -2.8749
-3.7114 -40.3202 -3.4002
-3.7114 -40.5725 -3.5302
-7.9352 -37.5788 -3.6386
-5.3022 -31.4185 -2.6577
-5.5343 -38.8908 -3.4661
-4.3822 -34.8227 -3.5171
-4.432 -37.5604 -3.7388
-3.7115 -40.7423 -3.6686
-6.2042 -37.7361 -3.4372
-7.644 -38.8989 -3.5088
-3.7115 -41.0626 -3.6403
-4.757 -32.795 -3.3802
-0.7391 -34.5533 -3.9211
-2.9457 -40.4392 -3.3802
-3.9052 -41.813 -3.3797
1.4719 -39.3497 -3.9172
-6.8254 -34.3926 -3.4143
-4.8311 -33.7732 -3.4133
-3.7115 -41.3829 -3.6119
-1.3108 -37.1945 -3.3829
-3.7115 -41.6607 -3.5489
-4.6252 -35.1597 -5.5467
-5.7973 -34.0179 -3.4646
-7.0743 -40.7263 -3.4414
-3.7441 -37.6591 -2.6888
0.7082 -36.6944 -3.4493
-4.3821 -36.3202 -2.6856
-3.7115 -41.8773 -3.5846
-0.7742 -33.9438 -3.5518
-6.5491 -34.386 -3.4516
-3.2318 -33.0396 -3.1757
-3.7116 -41.9978 -3.6019
0.1973 -32.2716 -3.4272
-6.9722 -42.2741 -3.5662
-1.6023 -38.4219 -3.6313
-1.3109 -41.8676 -3.8896
2.2862 -36.157 -3.4981
-3.9618 -31.6764 -2.9406
1.3753 -40.2681 -3.754
-3.7355 -36.0841 -2.7676
-1.2127 -41.8317 -3.8973
-3.6216 -35.9776 -2.7565
-0.2722 -32.3192 -3.1529
-4.8626 -30.5783 -3.4446
-2.3849 -36.0341 -1.8622
-2.1786 -34.7829 -3.9487
-3.2371 -34.7541 -3.8312
-3.6219 -37.2764 -2.8476
0.44 -33.6705 -3.4308
-6.2042 -40.0656 -3.5314
-3.0412 -42.3595 -3.551
0.418 -37.5931 -3.5504
1.1944 -30.1707 -2.9766
-5.1312 -36.5797 -3.7118
-3.622 -37.112 -3.3028
-8.5525 -33.143 -3.5198
-3.622 -37.3973 -3.1572
-2.8491 -42.6217 -3.6735
1.9847 -42.4554 -4.053
-2.5667 -38.5199 -3.9851
-8.1104 -33.8555 -1.6471
-3.622 -36.9879 -3.3999
-3.6223 -38.7531 -3.433
-3.6223 -38.5451 -3.5842
-3.3496 -31.4246 -2.8295
-2.9456 -42.6002 -3.7515
-0.7391 -41.1168 -3.7108
-7.9147 -38.4355 -3.6678
-7.5478 -40.6465 -3.4856
-3.6224 -39.2869 -3.3857
-2.594 -37.3302 -2.6864
-7.0225 -38.2784 -3.8083
-3.6225 -39.5201 -3.3567
-7.644 -38.4407 -3.4613
-5.5346 -36.1322 -3.4784
-3.6226 -40.1326 -3.2692
-3.6226 -40.1971 -3.3713
-4.7714 -39.6293 -3.459
0.708 -42.2316 -4.1691
-3.6227 -40.4675 -3.3908
-6.4903 -35.6502 -3.3885
-3.6227 -40.4025 -3.4578
-3.9052 -41.4279 -3.6213
0.4147 -35.2832 -3.9544
-6.1466 -37.8607 -3.532
-3.6227 -40.622 -3.402
-6.0141 -40.596 -3.553
-1.8318 -30.8667 -2.8065
-2.7565 -39.456 -3.2298
1.0712 -39.2165 -3.8897
-7.0743 -40.5749 -3.4849
0.997 -42.1236 -4.0776
-3.6228 -41.0061 -3.4986
0.9006 -38.2039 -3.545
-3.6229 -41.4453 -3.5332
-3.6229 -41.4962 -3.6086
-7.5479 -35.1033 -3.4105
-0.7392 -41.9927 -4.0178
-4.1873 -42.5259 -3.5916
-3.623 -42.0911 -3.4625
-5.5887 -35.8244 -3.5055
1.4752 -34.185 -3.6673
1.6631 -36.5328 -3.3619
-3.623 -42.1761 -3.5317
-4.6846 -39.4356 -3.611
-6.0301 -32.0097 -2.8715
2.4264 -33.7057 -3.6311
1.6631 -34.2784 -3.949
-3.5234 -39.2222 -3.3635
-5.4398 -40.9244 -3.4873
-3.2366 -35.7037 -2.1201
-3.5227 -35.0683 -2.5123
-7.6438 -42.0469 -3.5792
-3.5227 -35.2434 -2.6368
4.0045 -40.0855 -4.3318
-3.7343 -37.0445 -2.8578
-7.9154 -39.9373 -3.5282
-6.512 -38.4137 -3.7454
-3.5228 -35.6947 -2.5978
-5.1477 -36.1036 -2.7742
-3.0414 -41.3425 -3.5748
-1.9347 -39.2147 -3.5197
-0.7363 -31.0258 -2.7291
-6.0936 -34.2082 -3.5023
-1.6019 -41.7542 -3.8696
-0.1618 -38.6997 -3.4695
-5.968 -36.7121 -3.663
-2.9457 -41.4036 -3.642
-3.5228 -34.5958 -3.6761
-3.5231 -37.3677 -2.7906
-4.4821 -41.6389 -3.4146
-7.7384 -35.1134 -3.5503
-3.5231 -37.731 -2.6278
-6.4903 -36.7417 -3.6081
1.7331 -36.9561 -3.5746
1.1879 -41.2463 -3.9187
1.1756 -39.8811 -3.9162
-3.6224 -39.489 -3.2713
-3.5234 -38.6627 -3.4576
-6.37 -33.0927 -3.3571
-3.2371 -42.3899 -3.5357
-3.5234 -38.8967 -3.4058
-8.2709 -34.7353 -3.4609
-3.5234 -39.1313 -3.3311
-1.1034 -35.9794 -4.5733
-3.8323 -34.5425 -3.5847
-3.8465 -33.8147 -3.2609
-3.8647 -32.4691 -3.2637
-0.091 -39.2459 -3.5672
-3.5234 -39.0663 -3.398
-3.332 -38.1794 -3.8609
1.5825 -39.8617 -3.9916
-4.7841 -34.4771 -3.3572
-4.2051 -37.3019 -2.759
-6.1102 -34.5675 -3.4006
-2.4122 -38.9879 -3.5328
-3.8806 -36.2389 -5.2127
-3.5234 -39.3213 -3.2904
2.2988 -35.7815 -3.536
-3.5235 -39.7052 -3.2408
0.6131 -41.1429 -3.9148
1.9934 -35.2757 -3.5076
-3.5235 -39.8908 -3.3374
-0.2946 -36.6677 -3.3838
-3.5236 -40.0983 -3.3553
-5.2924 -32.6169 -3.2524
1.9847 -42.2713 -4.0569
-8.0227 -35.2661 -3.2751
-7.3537 -38.3186 -3.6155
-0.5355 -30.2584 -2.884
-6.1044 -37.2315 -3.5808
-3.5237 -40.8229 -3.2444
-7.8935 -35.7549 -3.5998
-4.6035 -39.3306 -3.5609
-2.946 -38.2484 -3.8007
-3.332 -41.0089 -3.5984
-8.0224 -37.449 -3.106
-2.1785 -34.2623 -3.7306
-0.4211 -35.02 -2.2898
0.7081 -39.4828 -3.5685
-3.5237 -41.0543 -3.5764
-0.2585 -38.7142 -3.4735
-1.4125 -39.7607 -3.4567
-7.7583 -31.1702 -3.2956
-4.193 -33.7399 -5.2975
-1.3108 -37.124 -3.3177
-3.5238 -41.1467 -3.563
-7.0558 -33.3862 -3.6822
-5.368 -37.6 -3.5828
-6.872 -35.8644 -3.5722
-2.112 -35.2791 -6.0372
-3.5238 -41.2119 -3.6423
-4.1873 -41.9602 -3.5764
-2.4694 -42.4916 -3.7498
-3.8076 -37.5928 -2.6407
-2.7565 -39.7173 -3.2315
-7.6442 -35.3299 -3.4394
-3.5238 -41.5562 -3.4666
-2.3622 -32.4042 -3.3615
-8.1971 -38.0561 -3.5891
-0.0603 -38.3389 -3.6819
-7.262 -36.9254 -3.481
-4.1951 -36.8683 -2.7912
-7.0742 -39.3452 -3.5048
0.4716 -35.9456 -3.5264
-5.1472 -39.2183 -3.4358
-2.2653 -36.4726 -4.5665
-8.6844 -34.8505 -3.2699
-3.3313 -35.8269 -1.8994
-5.4664 -30.5556 -2.7524
-7.4278 -32.5949 -3.5815
-3.3315 -35.2464 -2.657
-1.6008 -34.9808 -2.4538
-4.8817 -37.4146 -3.5925
-3.3318 -34.6444 -3.7857
-0.3612 -36.5466 -4.2101
-3.3317 -34.7572 -3.7394
-0.0628 -40.0717 -3.4892
0.2879 -38.0407 -3.7508
0.0786 -30.2557 -3.0367
-3.3319 -38.4659 -3.5233
-1.1442 -35.1034 -2.439
-3.2367 -35.5246 -2.4253
-0.4889 -31.0447 -2.8367
0.3012 -39.3365 -3.6126
0.997 -41.0319 -3.7118
0.9005 -34.6995 -3.7234
-2.6769 -35.8491 -1.8601
-3.3319 -38.7982 -3.4213
-3.2398 -33.3362 -3.2259
-5.5464 -32.2175 -3.385
-3.3319 -39.0595 -3.423
-0.5022 -38.0425 -3.811
-0.8101 -36.0365 -4.5923
1.472 -35.4351 -3.6074
-6.9724 -38.444 -3.6411
-2.1784 -39.2339 -3.3645
-3.3319 -39.4553 -3.2997
-2.6467 -33.0157 -3.4084
2.6449 -37.1995 -3.7261
-2.613 -38.6262 -3.5203
-2.4429 -37.605 -2.5642
1.2821 -39.8603 -3.7581
-2.2475 -35.5151 -2.5772
-6.7802 -34.338 -3.5402
-6.5894 -38.0864 -3.553
-3.3319 -40.0035 -3.2563
0.0326 -38.427 -3.4535
-7.7896 -33.4874 -3.3456
-3.9424 -33.5379 -5.1139
-3.3318 -41.5076 -2.8263
-5.4999 -32.9639 -3.7711
-6.0845 -38.9351 -3.875
-3.3319 -41.454 -2.9886
-3.332 -40.5876 -3.4533
-3.332 -41.3321 -3.4785
-3.3321 -41.2157 -3.6392
-3.332 -41.3337 -3.5789
0.8076 -39.7954 -3.7209
-3.332 -41.6653 -3.4997
-3.8639 -34.3548 -3.4895
1.6628 -39.2695 -4.0365
0.223 -35.3735 -3.8616
-2.3379 -33.2769 -3.4563
1.9841 -36.8563 -3.4545
-3.332 -41.7485 -3.4685
0.9006 -36.9248 -3.4435
-1.6425 -35.9168 -1.7941
-2.4594 -30.8007 -2.6945
-6.3815 -36.1062 -3.682
-5.0558 -41.106 -3.4397
-3.3321 -41.5662 -3.5728
-1.5644 -38.1236 -3.7454
1.5509 -39.7734 -3.8965
-3.3321 -41.8267 -3.5974
-3.0663 -34.1058 -3.5779
3.203 -34.6567 -3.6694
-7.0745 -42.3327 -3.6007
-7.0743 -40.9302 -3.5737
-4.4816 -36.8257 -2.7533
-5.6835 -33.1233 -3.8068
-1.4255 -36.7872 -4.1636
-6.7798 -42.5846 -3.665
-5.9623 -32.7847 -3.7771
-3.3321 -42.0539 -3.6052
-0.0484 -35.7037 -4.2785
-1.6014 -38.3192 -3.8446
-3.7325 -31.7791 -3.11
0.3422 -35.167 -3.8329
-2.3376 -36.2359 -5.4496
0.8078 -42.4174 -4.0486
0.2226 -42.3443 -4.0858
-0.1192 -30.9336 -2.8646
-3.2366 -35.6377 -2.0638
-3.2366 -36.0948 -1.8418
-4.1654 -38.3193 -3.6257
-6.2256 -33.7222 -3.4464
-2.506 -32.4846 -3.2354
-8.7875 -34.1701 -3.5286
-4.4132 -37.4325 -3.6763
0.9969 -36.482 -3.445
-3.8172 -38.419 -3.6335
-3.2366 -36.0343 -1.9177
2.563 -39.0841 -4.0412
1.3448 -33.8426 -3.5621
-3.808 -40.7694 -3.6414
-6.6837 -40.2113 -3.5151
-2.1785 -34.3434 -3.768
-3.2367 -35.5472 -2.3238
0.4794 -31.8492 -3.404
-3.5238 -41.4578 -3.5168
-0.1973 -32.5417 -3.2293
-6.1687 -37.5404 -3.4654
-4.4819 -39.071 -3.3632
-7.5478 -40.1931 -3.5932
-1.5066 -37.2667 -3.4027
-3.3479 -35.0376 -2.4558
-1.6009 -34.261 -3.7889
-5.6593 -31.461 -3.101
-4.2496 -37.5995 -3.7794
-8.0602 -34.0637 -3.3622
-3.2368 -35.2803 -2.6512
-3.4685 -32.6096 -3.2611
-5.1472 -39.5198 -3.5407
-2.3727 -41.3645 -3.6837
2.2028 -35.1874 -3.5364
3.2953 -34.6017 -3.651
-3.2371 -34.5874 -3.7475
-5.3603 -31.8197 -3.1078
-0.0426999 -36.7655 -3.4815
-3.0252 -39.4995 -3.4259
-1.5063 -36.4721 -1.7489
-2.0805 -40.2485 -3.4671
-4.7712 -38.2124 -3.428
-6.512 -38.1178 -3.7166
-3.237 -39.2234 -3.2835
-5.7044 -34.0501 -3.4558
-1.0248 -35.4295 -2.2914
-4.0461 -35.4604 -2.662
-7.1784 -35.8246 -3.4868
-0.4496 -36.1916 -2.4418
-1.3109 -40.7715 -3.6614
-3.2371 -38.864 -3.4782
-1.753 -31.2271 -2.8988
-1.8598 -31.2186 -2.9153
-4.9574 -34.0019 -3.3637
-3.237 -39.4324 -3.2557
-8.1436 -32.9073 -3.4706
-5.4404 -37.2951 -3.6399
-2.9456 -35.9116 -1.7974
-0.45 -40.6877 -3.6467
-8.3115 -30.9666 -2.6669
-5.3427 -39.0357 -3.3954
-3.237 -39.5823 -3.2579
-1.9837 -41.8526 -3.739
-5.8391 -34.0199 -3.5702
-6.5039 -34.8863 -3.3802
-3.0724 -31.4715 -2.8563
-3.237 -39.8489 -3.2457
-7.2619 -42.2793 -3.5739
1.5705 -41.9046 -4.0224
-6.9384 -36.8145 -3.7047
-0.6462 -42.2683 -3.9544
0.951 -36.9747 -3.5277
-1.5063 -35.5028 -2.255
-2.5558 -35.6805 -4.5366
-4.8889 -37.4592 -3.6694
-4.3392 -37.6309 -3.7669
-2.9457 -40.8432 -3.6129
-2.1784 -40.4382 -3.5374
-1.3109 -40.6556 -3.653
-7.5477 -42.8646 -3.5806
-0.1444 -37.0288 -3.5271
1.57 -34.9685 -3.6216
-5.048 -36.764 -2.8027
-4.1742 -31.2898 -2.7108
-1.7966 -38.5519 -3.6317
1.7647 -34.195 -3.6692
-5.8634 -36.1408 -3.5499
-3.2371 -40.9511 -3.5835
-5.2427 -34.7621 -3.3648
1.0032 -35.2249 -3.6134
-3.2371 -41.4046 -3.4759
0.3014 -35.7225 -4.7456
-4.8576 -30.2477 -2.8829
-1.538 -37.2375 -2.6456
-3.2372 -41.2503 -3.6109
-0.632 -29.8648 -3.1022
-3.6224 -38.9575 -3.3962
-3.2371 -41.6469 -3.4648
-5.5344 -38.0229 -3.3689
0.997 -42.0715 -4.1942
-3.6228 -41.1493 -3.5605
-6.0141 -40.3998 -3.4844
-1.9658 -33.4939 -3.4231
-0.9288 -41.3573 -3.8464
-6.6244 -36.4578 -3.6035
-3.2371 -41.9681 -3.5597
-3.2371 -42.0566 -3.5145
-7.548 -34.5537 -3.4996
2.3365 -33.7935 -3.6497
-3.5117 -37.2772 -2.7919
-3.2371 -42.4458 -3.4509
0.3457 -35.601 -4.8787
-3.2372 -42.3195 -3.6166
0.1265 -37.1207 -3.4652
-6.0491 -37.9856 -3.6061
-6.8716 -39.7702 -3.5489
-7.8631 -36.9211 -3.6329
-7.7889 -31.0619 -3.1077
-6.201 -36.2509 -3.6072
-3.0418 -35.6352 -1.9636
-0.6462 -42.1473 -4.1061
0.8317 -35.1828 -3.7473
-2.9456 -35.7641 -1.8727
-4.2847 -40.2059 -3.4701
-3.0417 -36.0462 -1.8213
-0.0142 -32.223 -3.218
3.7816 -35.3446 -3.5978
-3.0421 -34.8947 -2.5777
1.961 -39.1678 -4.009
-0.1179 -37.2771 -3.7315
-6.4903 -36.3024 -3.5733
-2.08 -35.7533 -1.7777
-3.0426 -34.4191 -3.6868
-2.6635 -41.3605 -2.6049
-3.0426 -34.5767 -3.7527
0.0327 -40.0583 -3.5889
-4.0866 -32.3091 -3.3338
-2.6639 -41.1516 -3.7018
-5.7596 -38.3141 -3.5797
-0.9287 -39.7673 -3.4762
-4.8652 -36.8609 -2.7803
-3.0417 -39.0083 -3.3255
-3.0416 -39.4445 -3.3055
-5.4152 -35.7004 -3.4396
1.2822 -40.725 -3.6546
-7.0738 -36.1655 -3.5182
-7.7385 -34.5955 -3.5558
-2.5704 -35.3578 -3.9107
-3.6176 -38.3644 -3.6703
-5.816 -38.8245 -3.6932
-2.1414 -33.1133 -3.3479
-5.1472 -39.6877 -3.4326
-4.7074 -37.2775 -3.6861
0.9005 -42.2199 -4.4671
0.2617 -37.778 -3.7769
-4.6544 -34.67 -3.4083
-3.1333 -37.6841 -3.8913
-3.0416 -39.8163 -3.3296
-0.2914 -32.4229 -3.214
-7.3409 -34.7503 -3.5611
-0.521 -35.0164 -2.2725
-3.0415 -40.2616 -3.3274
-3.0415 -40.5101 -3.4257
-3.0414 -40.9373 -3.534
-5.44 -39.9554 -3.6779
-5.9837 -36.2527 -3.6596
-3.6593 -31.6316 -2.9011
-3.0414 -41.194 -3.5268
2.8129 -34.9544 -3.6416
-1.213 -34.5839 -3.8605
-7.6438 -42.3141 -3.5442
-8.0223 -38.9405 -3.3799
-0.3465 -32.0982 -3.3291
-3.6225 -39.9577 -3.2909
-3.0414 -41.4356 -3.5385
-1.0757 -31.9508 -3.2085
1.2374 -33.9302 -3.5228
-1.0254 -39.3469 -3.4319
3.7657 -35.2452 -3.5502
-6.4875 -36.4676 -3.7449
-4.3748 -32.599 -3.3715
-3.0413 -41.6786 -3.5045
-3.9775 -35.4821 -2.5852
-8.5009 -32.1728 -3.2878
-1.983 -36.1861 -1.7475
-2.9456 -42.4215 -3.7414
-5.895 -37.2453 -3.4551
-7.3537 -38.8161 -3.643
1.0869 -37.4404 -3.6495
-3.0413 -42.0687 -3.5643
-3.0413 -41.9348 -3.6664
1.8386 -33.3234 -4.1816
-4.9548 -31.6151 -2.7605
-3.0413 -42.2323 -3.5933
-2.9456 -35.6187 -1.8794
1.5702 -37.7612 -3.6038
0.7081 -40.2168 -3.7679
2.77 -37.9007 -3.804
0.5162 -36.6006 -3.3613
-0.7391 -38.9093 -3.5884
-3.4384 -36.1209 -5.5693
-0.4496 -37.0435 -2.4346
1.5922 -33.7101 -4.0192
-2.9457 -35.5373 -2.1573
-3.808 -40.8656 -3.6598
-8.2605 -35.1757 -3.4762
-1.3451 -33.9844 -3.5637
-2.9457 -35.5723 -2.2744
-2.9459 -35.4403 -2.6231
-3.0621 -31.0243 -2.7851
0.7082 -35.7467 -3.7302
-2.2763 -40.4775 -3.5396
-1.6981 -39.5413 -3.3886
-5.2776 -36.5787 -3.5985
0.181 -35.0771 -3.7451
-2.9464 -34.4636 -3.8193
0.4186 -39.5346 -3.6814
3.0753 -39.8993 -4.1382
-2.9463 -34.7772 -3.8505
-5.3601 -34.1217 -3.3081
-6.0019 -38.836 -3.7489
-6.6213 -30.6769 -3.2819
-5.4853 -33.505 -3.6051
0.0727 -32.0463 -3.2273
-2.3722 -37.0309 -3.3073
-4.1539 -38.7974 -3.4892
-8.7258 -33.4088 -3.2392
-2.9464 -34.8705 -3.9605
-2.9459 -38.578 -3.4749
-2.9458 -39.002 -3.3823
-2.9458 -39.0951 -3.3461
-0.0629 -37.0893 -3.2332
-5.5644 -34.3112 -3.2874
2.9199 -36.7629 -3.6713
-6.5543 -36.5209 -3.6734
-2.8491 -39.617 -3.204
-2.9458 -38.9696 -3.4889
2.8334 -38.5854 -3.9944
-2.9457 -39.5819 -3.2552
0.6134 -38.0975 -3.5101
-6.0141 -39.9017 -3.626
-4.3822 -39.8273 -3.4843
-2.9457 -39.7819 -3.3556
-4.9227 -34.7861 -3.4685
-7.7229 -32.9472 -3.3745
-4.2848 -35.2864 -2.6494
-7.4252 -35.2839 -3.5903
-4.4821 -41.2118 -3.4524
-7.0043 -30.6704 -3.017
-4.5757 -38.8639 -3.345
-6.9724 -36.1062 -3.506
3.3425 -35.7729 -3.4989
-2.9457 -40.0621 -3.3702
-7.4545 -34.7235 -3.4917
-2.2763 -40.8834 -3.5574
-2.9457 -40.1598 -3.3428
-8.7207 -34.2087 -3.3037
-3.6988 -37.89 -3.7088
3.7475 -37.675 -3.897
-3.3317 -34.4458 -3.6395
1.3764 -37.7964 -3.6576
-2.7567 -41.1021 -3.6613
-6.9723 -39.4351 -3.518
-2.9544 -33.3723 -3.3383
-5.3433 -34.6975 -3.4702
-2.9457 -41.0392 -3.5354
-6.8722 -34.5209 -3.5149
-5.2492 -41.9847 -3.2751
-5.3892 -32.7975 -3.2804
-2.9456 -42.5645 -3.6572
-0.1525 -34.9671 -3.8535
1.7872 -33.3217 -3.4583
-4.8656 -41.877 -3.4509
-7.6823 -35.1457 -3.4804
-2.9456 -42.5071 -3.7878
-1.0234 -32.887 -3.1606
-5.5905 -33.0671 -3.798
-7.1364 -31.0425 -2.9078
-3.3319 -41.3883 -3.0784
-0.069 -35.8415 -3.4616
-1.1386 -37.5693 -3.9214
-2.8489 -36.0074 -1.8166
-2.849 -35.5194 -2.0994
-2.8489 -36.1286 -1.811
-7.0349 -37.4209 -3.7577
-5.8538 -31.9716 -2.8938
-2.9457 -40.0113 -3.2948
3.4188 -38.4119 -4.0224
3.8456 -38.3708 -4.1919
0.2228 -40.705 -3.5944
-6.6578 -38.4353 -3.8856
-5.807 -37.298 -3.4368
0.9006 -41.4956 -4.1164
-2.8491 -35.4176 -2.4102
-0.9285 -37.6577 -2.4034
0.8073 -37.1652 -3.4986
-3.5238 -41.8016 -3.5102
-5.7974 -36.028 -3.465
3.6429 -33.6439 -3.5828
-8.423 -32.2631 -3.3527
1.7584 -37.5414 -3.6508
-2.8495 -34.4344 -3.8122
-0.2622 -31.5291 -3.3029
-7.5478 -40.3725 -3.5804
-7.9154 -39.4798 -3.4578
-8.0224 -37.7681 -3.2694
-5.7425 -30.4113 -3.2196
-2.6636 -40.2074 -3.261
-1.6975 -36.9083 -1.8742
-3.7113 -38.78 -3.4434
-7.373 -37.7821 -3.6953
-0.8475 -35.0078 -2.3858
-4.3996 -37.3756 -3.6096
-4.2468 -35.7671 -2.8217
0.2228 -39.6516 -3.5467
-2.8493 -37.0576 -3.3398
-5.7311 -41.9708 -3.4725
-2.8491 -39.3058 -3.2502
2.4423 -34.5008 -3.6788
-6.1466 -35.4786 -3.3109
-6.5897 -42.4893 -3.7265
-3.2257 -38.2901 -3.675
-8.6752 -31.9797 -3.279
0.5157 -40.3925 -3.5759
-8.0227 -34.7004 -3.26
-1.729 -33.6584 -3.3273
-7.8505 -31.4266 -3.3069
-2.2763 -38.9272 -3.442
-5.1637 -39.4338 -3.6038
-8.6521 -31.3782 -3.007
-5.9501 -32.7617 -3.2272
-5.4548 -30.06 -2.9307
-4.2848 -36.3936 -2.6809
-4.3811 -38.3172 -3.6769
-3.6216 -34.2698 -3.6618
-0.9927 -35.7032 -4.9061
-3.9052 -40.9167 -3.5671
-2.5336 -35.8904 -4.6032
-2.8491 -39.9427 -3.3078
-2.4195 -38.0472 -3.8041
-4.3052 -35.4814 -4.7513
3.7517 -37.0465 -3.705
0.3104 -37.0255 -4.1935
-2.8491 -40.0797 -3.2604
-4.0234 -32.0412 -3.1398
-1.7931 -34.743 -3.9243
-3.2396 -35.0474 -2.6307
-6.2167 -35.8312 -3.5596
0.9006 -40.6348 -3.6441
-2.664 -42.04 -3.766
-5.3427 -38.8447 -3.3128
-1.5072 -41.6192 -3.7917
1.6425 -34.4941 -3.5921
-2.6639 -41.5377 -3.5835
-4.974 -36.9155 -3.6023
-2.8491 -40.6101 -3.4735
-2.8491 -40.748 -3.5494
-5.9183 -38.634 -3.5194
-3.0421 -35.1226 -2.5627
-3.9712 -35.3937 -2.6042
1.8125 -33.156 -3.5344
-2.0801 -34.9721 -2.4578
-2.8491 -41.0153 -3.5143
-3.2366 -36.16 -1.921
-2.8492 -40.92 -3.6192
0.2229 -38.4156 -3.4572
-2.8491 -41.1153 -3.5645
-2.5351 -32.8705 -3.3503
-3.2193 -37.8011 -3.8657
-2.8491 -41.2274 -3.5411
-1.6977 -34.7002 -3.9127
0.1266 -40.4044 -3.6798
-5.2492 -36.0533 -2.7785
-2.8583 -32.1093 -3.1253
-2.8491 -41.3744 -3.6349
-6.11 -38.5273 -3.5069
-8.0218 -42.2675 -3.1444
-7.262 -35.1723 -3.3739
-2.8491 -41.8046 -3.6516
-5.614 -35.8023 -3.4294
-2.6636 -39.6653 -3.2677
-2.8491 -41.9137 -3.7197
-5.2255 -36.5776 -2.9577
1.9845 -40.291 -3.9418
-2.9938 -37.666 -2.6361
-2.8491 -42.1044 -3.6561
-5.6728 -38.1585 -3.5518
-7.3539 -35.1054 -3.4655
2.26 -37.6171 -3.708
-6.11 -39.009 -3.5761
1.1879 -40.4827 -3.7343
-2.8491 -42.4151 -3.7789
-2.756 -35.6345 -1.8154
2.43 -36.8753 -3.6413
-7.1865 -30.996 -3.2833
-2.491 -35.2063 -6.2636
-6.8952 -38.2706 -3.7319
-4.952 -34.9815 -3.5957
-4.1146 -35.2167 -2.6677
0.1264 -32.2322 -3.3604
-2.756 -35.7443 -1.8606
-2.756 -36.032 -1.7926
-1.738 -37.6786 -3.9968
-8.5873 -36.2627 -3.1493
0.1264 -34.3315 -3.8308
-2.0381 -38.0907 -3.7817
3.9571 -39.7652 -4.1891
-2.7561 -35.9859 -1.8723
1.0521 -36.9876 -3.5448
-7.0741 -39.1309 -3.5466
-2.7562 -34.9093 -2.5568
-2.7561 -36.3054 -1.8668
1.3754 -38.4005 -3.5926
1.3755 -35.3981 -3.6612
-2.7562 -35.4657 -2.4079
2.3274 -37.0515 -3.622
-0.4496 -36.5136 -2.5138
-2.7561 -37.046 -1.8602
-4.7709 -35.2829 -3.6399
0.8074 -37.615 -3.5055
-2.7561 -36.9856 -1.9361
-2.7561 -37.1218 -1.9116
-3.7109 -34.3753 -3.6317
-3.8079 -40.0497 -3.446
-7.6437 -42.6507 -3.7663
1.4719 -35.0376 -3.6302
-8.3881 -36.8483 -3.4464
-2.7566 -38.5827 -3.6079
-0.0629 -38.3497 -3.4677
-2.7565 -39.1775 -3.3156
-6.4468 -37.6716 -3.7543
-2.3725 -39.3088 -3.3488
-4.833 -37.9235 -3.4497
-7.3156 -33.7419 -3.6479
-2.7565 -39.2758 -3.2654
3.9352 -39.8406 -4.2568
1.188 -37.8578 -3.498
-2.7566 -39.9461 -3.3397
-4.4438 -38.2887 -3.5903
-0.6458 -39.6997 -3.4647
-4.5758 -42.2292 -3.4283
-2.7566 -40.1491 -3.3487
0.933 -31.2522 -3.1696
-8.0595 -32.6618 -3.4882
-3.7377 -36.3414 -2.7986
-0.0575 -36.5438 -3.4995
0.4621 -38.3311 -3.4984
-3.2372 -34.761 -3.9177
2.6164 -37.1885 -3.6405
-2.7566 -40.5453 -3.5178
-6.9724 -37.8253 -3.6191
-2.6639 -41.7286 -3.6661
1.711 -33.3778 -3.5074
-4.2847 -39.347 -3.3907
2.7973 -35.7606 -3.5941
-1.5063 -36.5885 -1.5882
-2.7567 -41.0573 -3.5491
-0.9567 -33.4004 -3.2862
-3.8075 -34.3244 -3.6224
-2.7567 -41.3716 -3.5575
-2.7567 -41.7237 -3.5916
-2.7567 -41.967 -3.7038
2.3418 -33.0669 -3.9546
-4.8656 -40.658 -3.5889
-2.7567 -42.1531 -3.6313
-2.1057 -35.1219 -2.4117
-6.0952 -30.8903 -2.9351
-2.4693 -41.6061 -3.5941
-3.0729 -38.1345 -3.7746
-2.4692 -38.7443 -3.5019
-2.7567 -41.9065 -3.7797
-2.7567 -42.0684 -3.7083
-4.0575 -33.9945 -3.4203
-0.6228 -36.0928 -4.5818
-2.7568 -42.0224 -3.7881
-6.2042 -42.7925 -3.6028
-3.6325 -36.3928 -2.7354
-2.7568 -42.3692 -3.8361
-2.7568 -42.5941 -3.7664
-2.4288 -33.3476 -3.3709
-4.4344 -38.6125 -3.5052
0.9827 -35.3843 -3.6224
-5.3065 -38.3198 -3.6002
-1.8181 -34.9639 -2.4235
1.3752 -41.5262 -4.0574
3.7338 -39.9143 -4.1071
-6.8719 -37.0289 -3.4733
-3.7667 -35.6505 -2.8084
-7.0743 -41.1958 -3.4382
-2.3717 -35.8026 -1.7511
-2.6299 -37.8796 -3.8377
-4.2271 -32.174 -3.1923
-0.8998 -33.6986 -3.4574
-5.902 -34.3449 -3.5225
-1.2736 -36.49 -1.8698
-2.6627 -35.8169 -1.7772
-5.5242 -37.7889 -3.6135
-2.6627 -35.6272 -1.9641
-6.0663 -30.3179 -3.2962
-2.6628 -35.5072 -2.2392
-0.6346 -36.6363 -4.2568
1.7996 -36.6129 -3.497
-5.563 -34.848 -3.429
3.0537 -37.2507 -3.7943
-2.6628 -35.4354 -2.3658
-5.0558 -36.1672 -2.7747
-2.6629 -35.2934 -2.5734
3.5253 -35.9274 -3.4787
-6.3054 -34.2058 -3.3236
-7.0318 -35.4609 -3.5578
2.2953 -33.6499 -3.526
-2.6628 -37.04 -1.8169
-2.9457 -41.1786 -3.5656
-7.4544 -42.2528 -3.4989
-6.2042 -41.9474 -3.5502
-3.3252 -33.2111 -3.187
-3.9046 -36.886 -2.6421
-2.6632 -34.4046 -3.7473
-4.9691 -37.7539 -3.6566
-2.6632 -34.4986 -3.8343
-8.6428 -35.1328 -3.1868
-3.1072 -39.3739 -3.4544
-3.9333 -38.1299 -3.5773
2.1005 -38.8319 -3.8317
-8.6367 -37.8815 -3.4895
-8.7165 -32.9878 -3.4872
1.2821 -38.2403 -3.5716
-2.2764 -42.0195 -3.7426
-2.3457 -38.259 -3.7325
0.1266 -40.3294 -3.6056
-2.6633 -34.6032 -3.8935
-2.0207 -31.2324 -3.0922
0.2978 -37.4673 -4.1555
-2.7562 -34.9698 -2.4809
-2.6633 -34.7752 -3.9632
-8.116 -31.7502 -3.284
-5.8955 -30.449 -3.1235
-2.6635 -39.2572 -3.3184
-6.099 -34.3852 -3.4534
1.9449 -39.0646 -3.9351
-1.7929 -37.1039 -1.7964
-4.2847 -40.0386 -3.5554
-2.6635 -39.0081 -3.3893
-2.6635 -39.1504 -3.3279
-5.0559 -40.4443 -3.5522
-7.3535 -42.1441 -3.532
-7.1559 -33.9377 -3.4897
-3.0413 -42.1802 -3.7099
-1.7936 -41.6808 -3.8152
-2.6635 -39.6144 -3.1923
1.8503 -38.6504 -3.6655
-2.6635 -41.4519 -2.4682
-4.7709 -36.6924 -2.6845
3.1453 -38.3219 -4.0704
-7.6438 -41.2744 -3.5233
-2.9006 -33.6373 -3.5
2.8413 -34.866 -3.7272
3.0055 -38.5409 -3.9286
-2.6636 -40.106 -3.2565
3.8703 -37.3214 -3.8644
-0.1619 -42.0968 -4.0763
-6.2042 -42.2649 -3.7595
-3.3313 -36.1668 -1.8609
-6.0244 -32.6731 -3.6843
-2.6068 -37.0792 -4.09
-2.6636 -40.0402 -3.3463
-5.1476 -36.2747 -2.7206
-6.3149 -34.6255 -3.2951
-2.6636 -40.1614 -3.3408
-2.6637 -40.4744 -3.5411
-1.9913 -30.669 -2.7117
-5.8761 -33.9541 -3.5113
-4.9292 -39.0491 -3.4501
-7.2619 -42.3914 -3.5505
-1.0252 -37.1167 -3.4109
-7.3201 -33.8539 -3.6711
-8.1477 -31.7774 -3.371
-2.6638 -40.822 -3.5662
-6.6836 -36.6751 -3.6311
-5.1476 -37.6305 -3.6043
-0.739 -39.4709 -3.4256
-2.6638 -41.0598 -3.5461
0.2229 -38.6853 -3.4996
1.7552 -37.7512 -3.6413
-6.7267 -30.6365 -3.3063
-4.2488 -36.2192 -5.6877
-5.6044 -34.223 -3.4575
-3.0417 -35.9401 -1.8079
-2.6639 -41.8308 -3.6477
-4.2326 -37.8154 -3.5448
1.9607 -35.2411 -3.626
-6.78 -39.6744 -3.5745
0.3933 -39.2916 -3.6053
-8.2214 -36.768 -3.528
-0.6452 -35.41 -2.4692
-1.4596 -37.0644 -2.6873
-7.5478 -40.9562 -3.4852
-7.6618 -33.2295 -3.5001
-3.7843 -34.122 -3.4763
-2.6639 -41.9702 -3.6778
0.206 -34.4489 -3.6172
-2.664 -42.0777 -3.6455
3.6714 -33.2021 -3.6684
-7.2255 -31.0024 -3.1408
-2.6641 -42.521 -3.8581
-6.899 -38.1352 -3.7289
-2.4684 -35.6038 -1.8191
-2.028 -33.057 -3.2891
1.1879 -41.9827 -4.1957
-6.1699 -35.6029 -3.5955
-4.8897 -34.3692 -3.3702
0.0322 -34.2573 -3.8594
-5.1475 -37.9696 -3.4426
3.1745 -34.4911 -3.5838
-0.8249 -37.7469 -3.8687
1.2821 -40.6311 -3.7137
1.6626 -41.9653 -4.0231
-2.4685 -35.5246 -2.0283
-4.9285 -33.7714 -3.415
-3.524 -42.8164 -3.555
-3.0698 -33.3258 -3.2928
-2.4686 -35.4357 -2.3887
-2.4685 -36.9904 -1.8877
3.0561 -38.3421 -4.0807
1.9792 -40.0937 -4.0657
-3.147 -36.2297 -1.9127
0.1494 -34.7259 -3.7946
-2.9464 -34.5591 -3.8606
-5.7311 -35.9082 -3.4488
-2.4686 -36.9057 -1.9647
-8.0223 -39.0851 -3.3961
-7.3605 -33.4569 -3.4869
-4.394 -37.3287 -2.766
-2.4691 -34.4519 -3.8137
-2.4691 -34.8079 -3.8795
-2.43 -37.2447 -2.7392
-2.2757 -36.5309 -1.7844
-2.4691 -34.7384 -3.9376
-0.9131 -37.6832 -3.8449
0.3548 -37.5031 -3.774
-4.8656 -41.7724 -3.3918
-3.9018 -39.6208 -3.673
-2.4691 -34.8588 -3.9549
-2.4692 -39.1584 -3.4143
-4.4821 -42.3576 -3.4868
-2.4691 -39.5557 -3.2453
-4.0355 -36.1326 -2.8139
1.4719 -39.5375 -3.9452
-8.6198 -36.9732 -3.467
-7.7325 -31.0756 -3.2178
-2.4692 -39.9609 -3.286
-5.8951 -34.0646 -3.4543
-5.8261 -39.1311 -3.4462
-2.4692 -40.0019 -3.3664
1.2821 -38.8638 -3.7487
0.7591 -33.5152 -3.528
-2.4692 -40.4776 -3.4724
-6.4903 -37.1361 -3.5306
-5.0335 -37.0614 -3.7603
-5.0558 -36.7116 -2.6996
1.4719 -34.6909 -3.7283
-7.3536 -40.6584 -3.536
-2.4695 -42.4736 -3.8602
-2.9438 -39.303 -3.3664
-4.1366 -33.5419 -3.3335
-4.6466 -35.6274 -5.6489
-4.8879 -35.6254 -3.5732
-6.1949 -37.5652 -3.6263
-6.78 -38.3257 -3.5312
-7.3536 -41.1703 -3.5674
-4.9197 -38.519 -3.4786
-2.3718 -35.5797 -2.0675
3.7611 -34.5284 -3.7333
-5.8353 -35.0561 -3.3507
-4.4312 -38.4027 -3.5147
-4.192 -38.3654 -3.7009
-2.3718 -35.4717 -2.2689
-1.2079 -33.4082 -3.3932
-2.3718 -35.459 -2.3654
-2.3799 -34.2168 -3.6275
-2.1779 -36.5394 -1.8028
-2.6638 -40.7153 -3.5757
-0.1618 -38.5255 -3.4684
-8.0226 -36.1619 -3.2566
-4.4258 -36.3052 -2.8427
0.4139 -31.7985 -3.3135
-2.3721 -34.254 -3.7457
0.8074 -37.9451 -3.4721
-1.2869 -37.2086 -2.5846
-4.1874 -34.6899 -3.6405
-2.3722 -34.4305 -3.8244
0.5157 -39.9722 -3.5541
-5.3518 -33.3161 -3.4782
-2.3722 -34.8153 -3.898
-2.3723 -37.0969 -3.3637
-6.2863 -37.254 -3.381
-8.0081 -39.6347 -3.5559
-2.1235 -39.0516 -3.525
-2.3725 -38.6934 -3.5278
-2.3725 -38.387 -3.7292
-5.2733 -31.6321 -2.8583
-7.7374 -40.3174 -3.6405
0.1266 -38.9842 -3.4481
0.8124 -39.1808 -3.6914
-5.1479 -35.688 -3.515
-7.4545 -36.5023 -3.5519
-3.4898 -34.3568 -3.7362
-2.3724 -39.09 -3.3817
-1.0254 -39.9831 -3.5123
-3.9996 -33.5702 -5.015
-6.2704 -38.0713 -3.4286
-2.3725 -39.4072 -3.2985
-3.9045 -34.9579 -3.6261
1.5703 -38.0899 -3.6163
-2.3725 -39.4679 -3.3689
-2.3727 -40.7715 -3.615
-2.2764 -41.4402 -3.7008
-0.7391 -41.2925 -3.6662
-4.5757 -38.4762 -3.3627
-7.1235 -38.1598 -3.8166
-2.9457 -40.3409 -3.4304
-5.9887 -36.3405 -3.6814
0.5713 -33.6797 -3.5903
-3.905 -39.1959 -3.3538
-4.8654 -38.7192 -3.3852
-2.3728 -41.7922 -3.6229
0.9006 -39.5459 -3.6481
-4.4318 -35.8377 -2.6515
-5.048 -36.6646 -2.8027
-0.1618 -39.7924 -3.4969
-2.3728 -41.9083 -3.7774
-6.2027 -34.4702 -3.3602
-3.5239 -41.9933 -3.5699
-3.6843 -36.3434 -5.2256
-6.0142 -35.832 -3.4743
-2.6883 -37.0058 -4.1371
-6.5894 -38.8529 -3.6459
-8.0081 -37.9028 -3.5396
-1.7587 -38.1322 -3.7457
-5.7467 -30.3488 -2.9657
-2.2757 -35.6555 -1.7699
-2.2757 -35.5951 -1.8458
0.6395 -31.6553 -3.2118
-3.4089 -38.2222 -3.6971
3.1808 -34.8997 -3.6029
-6.1604 -39.7188 -3.731
-1.8472 -33.7256 -3.4787
-6.014 -42.2432 -3.6466
-1.4124 -38.5782 -3.6665
-4.5757 -39.4864 -3.3987
3.6524 -33.2794 -3.6113
-2.2765 -42.419 -3.9663
-6.2042 -41.0765 -3.5444
-5.5626 -32.1123 -3.4178
-2.1784 -38.8752 -3.5363
-3.2648 -36.0528 -5.6004
-8.6241 -35.7859 -3.2006
-0.2585 -39.682 -3.4747
-8.0081 -42.442 -3.6871
-4.9007 -38.2429 -3.5356
1.2821 -39.7164 -3.7189
-2.583 -36.002 -1.8521
2.8698 -34.7114 -3.8127
-2.2757 -36.3083 -1.7855
-3.9978 -36.5959 -2.6679
-6.0453 -35.2806 -3.4788
-2.2759 -35.3803 -2.5181
-5.9679 -38.1674 -3.8057
3.0474 -33.8822 -3.7746
-8.8484 -31.6242 -3.4425
-5.5055 -31.9663 -3.2517
-2.3802 -32.5805 -3.4266
-2.9457 -41.5353 -3.6085
-2.2762 -34.5161 -3.8371
-2.8342 -35.4671 -2.5602
-0.0516 -36.0351 -4.2691
0.9006 -36.1964 -3.5225
-4.2728 -32.4306 -3.3387
0.2226 -42.137 -4.214
2.8993 -38.7094 -3.8989
-2.2763 -34.7562 -3.8946
-5.6933 -33.4143 -3.3818
-2.2762 -39.2549 -3.3309
-4.7717 -41.8729 -3.3608
-2.2763 -38.3728 -3.8376
-5.8874 -31.9845 -2.9843
-7.2198 -35.4598 -3.5612
-2.2763 -39.1937 -3.4297
0.1265 -41.0627 -3.8278
0.3863 -32.1746 -3.4236
0.2457 -34.4979 -3.7286
3.5506 -35.6071 -3.5548
-2.2762 -39.3799 -3.3571
-8.0081 -36.6654 -3.4961
-0.8184 -31.7175 -3.0144
-5.9855 -30.8314 -2.8841
-4.2249 -33.6922 -3.3339
-0.3456 -33.6607 -3.384
-1.7421 -33.1552 -3.313
-5.5542 -38.9719 -3.6109
-4.4193 -36.5004 -2.6897
-2.2763 -40.656 -3.4034
-1.388 -38.1111 -3.7179
-0.5437 -36.8042 -4.2461
-2.2764 -40.8517 -3.6411
-5.3425 -40.4769 -3.5717
-2.3725 -39.8486 -3.2645
-1.6009 -36.2239 -1.7069
-2.2764 -40.9669 -3.6723
2.5846 -35.819 -3.5452
-6.1101 -35.0665 -3.3823
0.4181 -36.4963 -3.3449
-3.305 -34.0491 -3.4367
-1.0526 -37.5116 -2.6638
3.205 -40.3299 -4.5282
-3.9054 -42.3753 -3.6554
-2.8489 -35.9067 -1.7892
-7.9432 -37.8754 -3.6889
-1.6338 -39.5042 -3.5364
-3.324 -33.6957 -3.3796
-7.862 -34.544 -3.3976
-2.1779 -35.6232 -1.8542
-0.9287 -38.7458 -3.4911
-2.1779 -35.7208 -1.8269
-8.7534 -33.9923 -3.4207
-2.1779 -35.9003 -1.814
-2.1779 -36.1894 -1.7002
0.5983 -36.558 -3.5467
-2.178 -35.5191 -2.0874
2.0346 -34.613 -3.6311
-5.7311 -41.4815 -3.3396
-4.3011 -37.0677 -2.8369
-2.1781 -34.9903 -2.4362
-3.4753 -39.2162 -3.4976
-2.1779 -36.5999 -1.727
-2.1782 -35.2465 -2.598
-3.5239 -42.2248 -3.4405
0.0806 -36.1118 -4.3831
-5.6775 -39.3743 -3.8272
3.4088 -34.039 -3.6984
1.472 -37.0017 -3.4947
-2.1786 -34.5154 -3.8377
0.9969 -37.3408 -3.5245
-2.1786 -34.738 -3.8366
2.1776 -36.5238 -3.4606
-6.4961 -38.4912 -3.9653
-0.739 -37.0945 -3.2881
0.9175 -32.2723 -3.3102
-1.7934 -39.1419 -3.4569
-1.3689 -36.8373 -1.7637
-2.1785 -38.4853 -3.6228
1.1034 -34.0009 -3.7431
0.2228 -40.0584 -3.688
-0.5289 -34.628 -3.8081
3.5538 -34.9776 -3.5642
-7.0742 -39.7537 -3.7465
-6.0969 -33.4109 -3.6813
-2.1785 -38.3803 -3.7327
-5.3018 -39.2897 -3.783
-5.736 -35.0331 -3.3609
0.0121 -31.3001 -3.3154
-4.0448 -38.1311 -3.7886
-3.6164 -33.2634 -3.3744
-7.9155 -38.7884 -3.4393
-6.3716 -34.5578 -3.5045
1.1028 -38.5669 -3.6973
-2.3727 -41.6521 -3.6156
-2.1785 -38.3623 -3.8432
-2.1784 -39.1281 -3.4973
-0.646 -41.2087 -3.7975
0.0327 -40.1672 -3.5108
-5.3886 -37.236 -3.7127
-2.1784 -39.6525 -3.2858
-1.7933 -39.0148 -3.4993
-3.0824 -37.5214 -2.7136
-5.8261 -39.0303 -3.4189
-6.6836 -35.5018 -3.3969
-2.1786 -38.2975 -4.0563
-0.4499 -39.0343 -3.4441
-2.1784 -39.9524 -3.2902
-2.1784 -40.2275 -3.4649
-0.201 -39.2043 -3.5371
-6.11 -40.6637 -3.5871
-1.9634 -35.4181 -2.5466
-3.5238 -41.4209 -3.6144
2.355 -39.4504 -3.9936
-6.7801 -36.3841 -3.5653
-3.6225 -39.7744 -3.2719
2.7974 -35.9594 -3.5942
-7.5404 -30.4291 -3.1674
-3.5213 -32.8715 -3.1674
-7.4676 -37.9024 -3.7039
-5.1467 -41.9443 -3.3842
-2.8491 -40.263 -3.2793
-3.9052 -41.2513 -3.5426
-2.1785 -41.2418 -3.6785
-2.9028 -39.0932 -3.4901
-7.6584 -32.4531 -3.4154
0.0325 -36.3315 -3.3075
-6.6837 -37.861 -3.6225
-8.6184 -37.3268 -3.3869
-2.1785 -41.1579 -3.7327
-2.1785 -41.3591 -3.6411
-5.4952 -36.2771 -3.497
-7.6442 -35.9069 -3.4038
-5.9787 -36.1649 -3.6377
-4.7718 -42.2289 -3.4267
1.57 -34.861 -3.654
0.5163 -35.8655 -3.5
-2.1785 -41.3222 -3.7388
-2.1785 -41.4743 -3.6724
-6.5895 -40.5519 -3.4769
-7.0843 -38.2968 -3.7257
-7.3537 -38.0475 -3.6188
-2.1785 -41.713 -3.7756
-4.5757 -38.3641 -3.3862
-7.1136 -38.4693 -3.8206
-2.1786 -42.3252 -4.0032
-7.6439 -39.6841 -3.4682
-2.08 -35.6422 -1.9245
-7.6441 -37.3982 -3.6781
-5.6522 -39.8492 -3.9034
-1.402 -33.7636 -3.3925
-3.4501 -34.3788 -3.5728
-6.2042 -38.6117 -3.598
-1.9834 -34.7475 -3.9334
-2.7938 -34.0863 -3.5289
-0.3223 -37.1263 -3.7545
-2.6223 -32.7417 -3.3166
-3.3319 -39.3644 -3.2673
-2.08 -35.5114 -2.0812
-8.6145 -36.6812 -3.3136
-8.4 -35.4475 -3.3408
1.1962 -36.695 -3.607
-2.08 -36.057 -1.814
-0.1619 -42.6138 -3.9475
-2.8492 -37.4149 -3.2138
-8.5616 -36.432 -3.4121
-2.8607 -36.8447 -4.1962
0.516 -38.2463 -3.5006
-2.8575 -36.6349 -4.2057
-2.8543 -36.9773 -4.2152
-0.5658 -36.6938 -4.1796
-2.8354 -36.7012 -4.2723
-0.0627 -42.3154 -3.9983
-2.829 -37.0767 -4.2913
-4.4506 -37.3099 -3.7638
-2.8133 -36.3698 -4.3389
-0.739 -38.9508 -3.4997
-4.9394 -34.8687 -3.5511
-2.7943 -36.3036 -4.3959
-2.8567 -31.4252 -3.0541
-6.4379 -29.9459 -3.2303
-2.788 -36.5907 -4.415
-5.0036 -34.7592 -3.4565
-8.0218 -41.9304 -3.0914
-2.7816 -36.3809 -4.434
-2.7753 -35.7403 -4.453
-2.7595 -35.9833 -4.5005
3.9289 -39.443 -4.2377
-2.7532 -35.663 -4.5196
-7.5939 -37.8801 -3.7722
-6.5672 -33.9705 -3.4592
-7.5834 -32.4171 -3.4758
-2.7437 -35.5415 -4.5481
-3.2565 -35.1897 -2.6897
-2.7406 -35.906 -4.5576
-4.0257 -37.9208 -3.7174
-2.7216 -35.6078 -4.6147
-3.3479 -35.137 -2.4558
-0.6453 -36.3915 -2.4973
1.2821 -42.1651 -4.1691
-8.5975 -31.8105 -2.7427
-8.0367 -37.3504 -3.6212
-3.3162 -35.4905 -2.5509
-3.3003 -37.633 -2.5984
-8.2244 -30.8329 -2.6855
-3.2908 -37.5336 -2.6269
-0.8483 -35.437 -2.6936
3.5506 -35.2758 -3.5547
-0.2585 -39.8849 -3.4837
-8.3953 -36.7083 -3.4517
1.6628 -40.4082 -3.8383
-3.2878 -35.5236 -2.6365
-0.2897 -37.1077 -4.1251
-5.8593 -30.499 -3.0321
-3.2751 -35.6561 -2.6745
0.3927 -31.7347 -3.1145
-3.2751 -37.1029 -2.6745
-0.8162 -35.434 -2.6079
3.3935 -37.9591 -3.9462
-5.0601 -31.4028 -3.2797
-3.275 -37.3459 -2.6745
-3.2624 -37.4563 -2.7125
-1.6966 -37.6512 -2.5087
-3.2529 -37.2354 -2.7411
3.2448 -35.6288 -3.499
-3.054 -33.6019 -3.3404
-0.274 -36.7985 -4.1726
-2.0804 -34.8302 -3.8805
2.7509 -37.0724 -3.7467
-0.3882 -35.5087 -2.4907
-8.6601 -31.9707 -3.086
-4.7545 -37.0588 -3.7897
-3.0379 -39.3891 -3.3878
-3.0347 -39.2786 -3.3974
-3.0192 -34.1099 -3.445
2.3645 -39.8038 -4.0222
-3.0129 -33.9553 -3.464
-1.3593 -35.9869 -1.7922
0.1803 -33.4544 -3.3365
-3.0126 -39.2234 -3.4639
-3.0066 -33.7676 -3.4831
-5.3429 -37.7485 -3.5456
-2.4936 -35.0096 -2.4116
0.3871 -36.895 -3.5858
-3.0034 -33.867 -3.4926
1.3753 -39.9538 -3.7455
-2.3963 -38.5572 -3.5803
-1.9412 -32.7397 -3.2795
-7.08 -33.2818 -3.7364
-3.0031 -38.9031 -3.4925
-3 -38.4393 -3.502
-0.9451 -34.0277 -3.6112
-2.6904 -36.628 -4.4342
1.7394 -38.0826 -3.5938
-2.9968 -38.7485 -3.5115
-2.9939 -34.1983 -3.5211
-6.3235 -38.1625 -3.7286
-3.8367 -35.9441 -2.7703
-2.9936 -39.5216 -3.521
-7.5568 -33.4479 -3.5059
-2.9905 -39.0467 -3.5305
-0.9209 -36.898 -4.2597
-2.9684 -38.2846 -3.5971
0.2704 -33.0943 -3.3133
-2.956 -34.364 -3.6352
-5.237 -36.9268 -3.6798
-3.5234 -38.8506 -3.4856
-2.9497 -34.2535 -3.6543
-2.9463 -38.1963 -3.6637
-6.5692 -37.672 -3.8252
-3.7113 -39.6969 -3.3694
-0.8213 -38.1494 -3.6959
3.3397 -37.6609 -3.7845
-2.801 -37.0146 -4.1013
-2.7915 -36.9262 -4.1298
-2.7788 -37.1913 -4.1678
-2.7725 -36.9925 -4.1869
-2.7662 -36.5728 -4.2059
-7.8621 -37.0762 -3.6456
-2.7662 -36.9041 -4.2059
1.1247 -32.9111 -3.5675
0.0489 -35.7694 -4.2879
-2.7631 -36.7605 -4.2154
-3.0529 -33.0973 -3.2285
-2.7473 -36.2636 -4.263
-4.9108 -34.1626 -3.4061
-2.7473 -36.4071 -4.263
-2.7125 -36.4844 -4.3676
-2.703 -36.2304 -4.3961
-3.178 -32.9706 -3.2837
-2.703 -36.3961 -4.3961
-1.6015 -39.7187 -3.3555
-2.6999 -36.0537 -4.4057
-2.3061 -32.2923 -3.2015
-8.3469 -33.3405 -3.5266
-2.7721 -36.5023 -4.4625
-2.6904 -35.7997 -4.4342
-2.6809 -35.8991 -4.4627
-0.3545 -37.4717 -2.4898
-2.6809 -36.131 -4.4627
-0.4616 -35.8024 -3.4848
-7.6439 -39.4425 -3.4565
-4.9587 -33.3036 -3.4496
1.8871 -36.1714 -3.4687
3.7689 -35.0132 -3.5597
-2.6651 -35.7224 -4.5103
-2.6462 -35.5567 -4.5674
-2.6272 -35.4021 -4.6244
0.5162 -36.8446 -3.4506
-2.6177 -35.5015 -4.653
-2.2035 -36.854 -1.824
-7.3981 -38.1143 -3.7944
-3.2575 -34.9737 -2.4251
-3.1407 -36.6273 -1.9317
-7.7037 -37.3888 -3.7555
-3.2449 -35.0952 -2.4631
-3.2259 -35.2167 -2.5202
-7.9159 -35.0174 -3.4845
-3.2195 -35.4375 -2.5392
-3.2164 -35.305 -2.5487
-3.2133 -35.1173 -2.5583
-3.1943 -35.2056 -2.6153
-3.1942 -35.3713 -2.6153
1.771 -38.2593 -3.689
-3.1911 -35.4928 -2.6248
1.1939 -33.2789 -3.6757
-3.191 -35.6032 -2.6248
1.0268 -36.9324 -3.4687
-5.492 -37.0973 -3.717
-3.178 -37.6132 -2.6627
-5.2341 -39.5774 -3.6901
-5.4183 -35.5237 -3.4301
-3.1686 -37.05 -2.6913
-3.1626 -35.5811 -2.7104
-2.9228 -33.7036 -3.4334
-2.9165 -33.2066 -3.4525
-2.6217 -34.9691 -2.5231
1.9607 -35.5666 -3.5837
-1.2754 -36.4259 -1.7528
-2.9132 -33.9024 -3.462
1.033 -31.6168 -3.5464
0.3742 -35.2255 -4.9642
1.787 -36.4803 -3.459
-8.5597 -37.0382 -3.4661
-2.9029 -38.4857 -3.4902
-7.1329 -37.9812 -3.8241
-2.8934 -38.3532 -3.5187
-2.8784 -34.1012 -3.5666
-5.2393 -31.6435 -2.7691
-2.8777 -38.1434 -3.5663
-2.8776 -38.5851 -3.5662
-2.8595 -34.1785 -3.6236
-2.7517 -36.0008 -3.9469
-2.7358 -36.0671 -3.9945
-4.2846 -42.1073 -3.4789
-2.7072 -36.8954 -4.08
-3.9053 -41.9351 -3.4975
-2.6978 -36.796 -4.1085
-2.6977 -37.3703 -4.1085
-6.5577 -33.1755 -3.6099
2.5852 -39.7357 -4.108
-2.9185 -39.5349 -3.4425
-2.6946 -36.6966 -4.1181
-0.9287 -39.7415 -3.3769
-2.8381 -34.9665 -2.575
-2.6914 -37.2488 -4.1275
-2.6693 -36.7297 -4.1942
-3.6216 -34.6742 -3.7254
-2.6599 -36.6082 -4.2227
-2.75 -35.2882 -2.5148
-2.5777 -36.542 -4.47
-2.5746 -36.3874 -4.4795
-6.9722 -41.1586 -3.494
-2.5524 -36.5861 -4.5461
0.2227 -41.1588 -3.7792
-0.4825 -39.6038 -3.5453
-2.5462 -35.9787 -4.5652
-7.1689 -38.453 -3.7186
-2.9272 -33.3867 -3.4338
-2.5335 -36.1665 -4.6032
-3.939 -36.0277 -2.8012
-8.3153 -38.1275 -3.6395
-1.6245 -38.4771 -3.5647
-2.5272 -36.2769 -4.6222
-2.9621 -31.6829 -3.1066
-2.4893 -36.2769 -4.7364
-2.4484 -35.2829 -4.8601
-5.9035 -32.8518 -3.8859
-6.5519 -33.1396 -3.3375
-5.2241 -32.072 -3.0178
-4.3821 -35.2493 -2.5793
-2.4357 -35.3602 -4.8981
-3.0968 -33.3072 -5.4028
-2.7848 -33.2759 -3.2945
-6.9276 -38.0602 -3.7975
-2.3757 -35.1504 -5.0789
-2.3567 -35.2167 -5.1359
-3.9045 -34.3915 -3.6339
-5.1889 -33.6358 -3.579
-1.1304 -36.911 -4.211
-6.9457 -30.6055 -3.3639
0.3997 -37.3589 -3.6239
-3.3087 -36.2731 -1.9785
-0.1432 -36.6163 -3.4834
-6.5893 -37.2413 -3.5003
-3.623 -42.185 -3.4033
-7.9763 -34.7487 -3.4626
-3.3055 -36.4829 -1.988
3.7453 -34.0977 -3.6857
-6.9722 -42.5483 -3.6176
-3.1571 -35.0251 -2.4351
-8.2803 -37.3238 -3.4678
-3.1413 -34.9367 -2.4826
0.8693 -39.6225 -3.8628
0.658 -32.9827 -3.2919
-3.135 -35.1686 -2.5016
2.3075 -38.8872 -3.8509
-3.4221 -31.8097 -3.0598
-3.1192 -35.3122 -2.5492
-7.7382 -36.4727 -3.5656
-3.1128 -35.522 -2.5682
-8.5848 -36.8107 -3.1959
-2.3362 -38.1154 -3.761
0.2976 -36.142 -4.1552
-3.1034 -35.2018 -2.5968
0.347 -36.9607 -4.0336
-3.3887 -35.7073 -2.6078
-7.6437 -42.7035 -3.6268
-3.0938 -35.4337 -2.6253
-3.0935 -37.4658 -2.6252
-8.4629 -31.9412 -3.1641
-5.9104 -32.028 -3.5652
-3.0875 -35.5441 -2.6443
-3.0777 -37.267 -2.6728
-5.4578 -39.0491 -3.6117
-5.1085 -33.5612 -3.6185
-6.4904 -38.5976 -3.5277
-3.0714 -37.1566 -2.6918
-3.6219 -37.5396 -2.6345
-4.748 -36.9612 -3.7631
-3.0619 -37.4216 -2.7203
1.6631 -35.4843 -3.6153
-4.1873 -40.9008 -3.5656
-2.8603 -33.3463 -3.3292
0.6136 -35.0688 -3.7945
-0.1614 -35.8191 -2.4415
-5.672 -36.284 -3.6052
-2.8498 -39.4537 -3.3576
-2.8466 -39.277 -3.3671
-7.2619 -40.0098 -3.5728
-3.0644 -38.4538 -3.7833
-2.834 -39.3654 -3.4051
0.9447 -33.7277 -3.5079
-2.8128 -33.8543 -3.4718
-2.8088 -39.012 -3.4812
-2.5014 -37.4653 -2.7007
-4.3306 -35.4648 -2.759
-2.8057 -38.4156 -3.4907
2.0966 -35.5176 -3.517
-2.8033 -33.7218 -3.5004
-6.052 -30.4088 -3.2669
-2.7646 -38.0843 -3.6144
-2.7621 -34.3071 -3.624
-2.752 -38.1837 -3.6524
-2.6765 -35.6324 -3.8808
-5.2873 -32.3399 -3.2118
-2.6733 -36.0632 -3.8903
-1.6249 -36.0164 -3.8574
2.3495 -36.9852 -3.6885
-2.6733 -36.1626 -3.8903
-4.8425 -38.8844 -3.4214
-4.7037 -36.8656 -2.8647
-2.6702 -35.9748 -3.8998
-4.6585 -32.512 -3.5998
-2.6701 -36.6375 -3.8998
-2.6543 -36.2399 -3.9474
-1.6525 -32.6255 -3.2752
-6.1282 -37.1513 -3.6363
-2.6512 -35.7097 -3.9569
-1.7386 -38.7775 -3.5151
-2.6481 -35.8202 -3.9664
-2.6417 -36.0963 -3.9854
-2.6067 -37.1897 -4.09
-1.9315 -35.9906 -3.8114
0.223 -36.7042 -3.4077
-8.463 -32.3735 -3.4698
-7.5479 -36.4309 -3.5096
-2.6005 -36.9246 -4.109
-8.1927 -31.6022 -3.7387
-2.5973 -36.8031 -4.1185
-2.5783 -37.267 -4.1756
-2.5752 -36.8694 -4.1851
-1.3166 -31.6008 -3.0503
-6.9205 -34.3777 -3.4193
-4.1193 -31.3525 -3.0745
0.2826 -35.2039 -3.7459
-2.572 -36.77 -4.1946
-5.8133 -37.6183 -3.4178
-4.3822 -40.9044 -3.6999
-2.4364 -35.1907 -4.6037
0.9006 -42.1234 -4.1563
-0.0633 -34.4224 -3.8628
-2.4363 -35.3232 -4.6037
-2.4237 -35.1023 -4.6417
-2.4174 -35.4005 -4.6607
-2.4079 -35.279 -4.6893
2.3793 -36.4447 -3.489
-3.2564 -35.9542 -1.8467
-3.7308 -31.6867 -3.0965
-8.3617 -34.6198 -3.4201
-3.2279 -36.5395 -1.9323
-5.4985 -36.5973 -3.4876
-3.2248 -36.418 -1.9418
-3.0605 -35.0375 -2.4364
-0.2755 -35.7588 -3.4968
-5.4982 -36.5206 -3.6773
-3.9053 -41.7321 -3.4885
-4.4642 -30.9368 -2.6731
-3.032 -35.2252 -2.522
1.0627 -30.2849 -3.3376
-0.5329 -37.3821 -2.5381
-7.4633 -35.9082 -3.4978
-7.1136 -30.931 -3.0831
-3.0131 -35.3467 -2.5791
-5.3023 -32.8992 -3.3061
-3.0064 -37.5335 -2.598
-2.9814 -35.5676 -2.6742
-2.978 -37.1911 -2.6836
-7.1299 -34.2457 -3.4508
-2.9654 -37.4009 -2.7217
-2.7445 -33.5355 -3.3876
-2.7406 -39.2343 -3.3969
-1.5063 -36.148 -1.7456
-2.7351 -33.3698 -3.4162
3.9654 -38.9007 -4.1499
-2.7279 -39.4662 -3.4349
-6.5452 -38.1549 -3.8084
-2.7185 -39.1349 -3.4635
0.9365 -37.9558 -3.814
-2.7184 -39.5546 -3.4635
-2.36 -33.4978 -3.3898
-2.706 -38.406 -3.5016
-2.6964 -39.0023 -3.5301
-2.6933 -38.2845 -3.5396
-2.6907 -33.8226 -3.5493
-2.6869 -38.8919 -3.5586
-2.6775 -38.163 -3.5872
-2.6774 -38.7925 -3.5872
-8.3752 -31.3994 -2.8784
-2.6743 -38.3507 -3.5967
-4.4344 -35.233 -3.5047
2.0473 -34.2265 -3.6691
-2.6617 -38.2403 -3.6347
-2.6586 -38.0525 -3.6442
-2.6559 -34.3307 -3.6539
-2.5893 -35.4903 -3.8536
-5.2493 -40.8127 -3.4566
-7.9352 -38.3598 -3.715
-6.78 -40.1774 -3.7342
-6.8311 -37.556 -3.7389
-2.3175 -35.2031 -4.6716
3.677 -38.0589 -3.9356
-7.9762 -36.4314 -3.504
-5.5083 -31.1302 -3.434
-2.3587 -32.5155 -3.3632
-5.9183 -40.1524 -3.5549
-2.3143 -35.1148 -4.6811
-3.1754 -35.7437 -1.8271
-6.5593 -34.159 -3.4565
-3.1723 -35.9977 -1.8366
1.0017 -32.26 -3.6923
-3.166 -36.3512 -1.8556
-2.6635 -39.5062 -3.2476
-3.166 -36.6714 -1.8557
-0.6493 -36.0172 -3.636
-3.166 -36.804 -1.8557
-3.1628 -36.561 -1.8652
-3.1533 -35.9315 -1.8937
-3.1375 -36.3732 -1.9413
-5.1178 -35.0359 -3.5261
-3.1375 -36.8813 -1.9413
-5.8349 -38.5595 -3.6361
-3.1312 -36.5058 -1.9603
2.7844 -39.9274 -4.1449
-0.7519 -33.0057 -3.215
-2.9826 -34.9927 -2.4073
-2.97 -34.9154 -2.4453
-5.7297 -35.1987 -3.3799
-2.951 -35.1694 -2.5024
-2.9447 -35.2909 -2.5214
1.7244 -38.6136 -3.8401
-2.9227 -37.5881 -2.5881
4.0172 -40.218 -4.3698
-1.0748 -33.5855 -3.3649
-2.91 -37.4556 -2.6261
-0.0633 -34.7383 -3.9716
-0.7431 -38.3504 -3.6469
-2.9005 -37.2347 -2.6547
-2.8942 -37.5329 -2.6737
-2.891 -35.5007 -2.6831
2.091 -38.7214 -3.8032
-2.8847 -37.3782 -2.7022
1.8155 -35.0446 -3.5443
-2.6762 -39.3551 -3.3301
-5.4398 -41.0047 -3.5476
-2.6636 -39.4545 -3.3681
-2.6476 -33.2588 -3.4155
-6.4905 -41.5244 -3.5537
-2.6478 -39.1011 -3.4157
-8.5583 -31.3557 -2.5942
-2.6478 -39.311 -3.4157
-2.2362 -36.873 -1.9375
-7.3537 -39.5423 -3.6327
-2.6381 -33.3802 -3.444
-6.8567 -33.1779 -3.3787
0.1266 -40.0938 -3.557
2.2766 -35.7263 -3.4694
-2.6318 -33.4796 -3.4631
0.7031 -30.9265 -2.9715
0.0886 -37.2461 -6.1484
-2.6256 -38.9686 -3.4822
-2.616 -33.7226 -3.5106
-2.6162 -39.0901 -3.5108
-2.613 -38.8913 -3.5203
-2.5971 -33.8551 -3.5677
-5.0559 -39.7271 -3.4343
-2.5972 -38.3833 -3.5678
-2.5972 -38.9686 -3.5678
-0.6556 -35.5865 -3.6169
-7.77 -38.3558 -3.7667
-0.6455 -34.3419 -3.802
-2.5909 -38.7256 -3.5869
-7.657 -33.8161 -3.5445
-2.5876 -33.1041 -3.5962
-2.5877 -38.8471 -3.5964
-5.6657 -35.4879 -3.5109
-2.5845 -38.571 -3.6059
-4.5182 -35.5775 -2.758
-2.5781 -33.9877 -3.6248
-6.0141 -38.1514 -3.4275
2.1629 -38.2234 -3.7175
0.5164 -35.3904 -3.8324
-2.5718 -34.2969 -3.6438
-2.5561 -38.2397 -3.6915
-2.5465 -34.2527 -3.7199
-6.8509 -36.7477 -3.7124
-2.5466 -38.074 -3.72
-2.3949 -36.5278 -4.1765
-7.0744 -41.3489 -3.4951
-2.3601 -36.4284 -4.2812
-5.0227 -36.3268 -2.8965
-2.2558 -35.07 -4.595
-0.4496 -36.4234 -2.4586
-3.0651 -36.7372 -1.8659
-3.0555 -35.8426 -1.8944
-5.02 -30.2824 -2.8042
-3.0556 -36.6157 -1.8944
-3.0524 -35.931 -1.9039
-2.3221 -39.042 -3.5046
-3.0492 -36.0304 -1.9134
2.3898 -39.4283 -4.0983
-4.5759 -34.814 -3.3627
-3.0493 -36.3285 -1.9134
-2.8815 -34.9259 -2.4175
-2.8281 -37.6207 -2.5793
0.0774 -35.9792 -4.3735
0.2753 -35.391 -4.0885
-2.812 -35.3898 -2.6267
2.2315 -37.3631 -3.6224
-6.6837 -39.2301 -3.633
-2.7994 -35.5444 -2.6648
-4.071 -31.194 -2.6821
0.3358 -37.0282 -3.7169
-2.7965 -37.5434 -2.6744
-5.7379 -31.6626 -3.0709
-2.7933 -37.19 -2.6839
-0.5856 -31.6213 -3.1501
-2.787 -37.4109 -2.7029
-2.7807 -37.3115 -2.7219
-3.488 -39.1278 -3.4595
3.1966 -34.5463 -3.6503
1.7363 -35.697 -3.5839
-6.6493 -32.9917 -3.3308
-2.5754 -39.3215 -3.3403
-2.6714 -35.9985 -4.4913
-2.5691 -39.4209 -3.3593
-2.9924 -32.6705 -3.284
-3.4563 -38.686 -3.5545
2.5915 -39.2718 -4.1269
-2.5525 -33.5233 -3.4066
-2.7475 -33.2955 -5.4773
-5.4398 -40.8625 -3.6089
-2.5462 -33.3797 -3.4256
-2.5438 -39.2994 -3.4354
-2.5375 -39.454 -3.4544
-2.5336 -33.7663 -3.4637
-6.08 -30.3553 -2.8421
0.9858 -35.6162 -3.632
-2.5153 -38.8356 -3.521
-2.509 -39.0344 -3.54
-5.7911 -37.3615 -3.5232
-0.0403 -36.0231 -3.403
-2.5052 -33.8105 -3.5493
-5.44 -39.1364 -3.4093
-2.5026 -38.5705 -3.559
-1.4214 -37.5313 -2.6312
-6.3766 -34.3497 -3.4975
-0.2075 -37.5925 -3.7499
-1.961 -36.6964 -1.9438
-2.7156 -37.6627 -2.6196
-2.5027 -39.5866 -3.559
-3.743 -35.3281 -2.714
-2.4962 -38.4601 -3.578
-2.4931 -38.9239 -3.5875
-6.2156 -35.2985 -3.3223
1.7458 -37.2763 -3.6127
-2.4862 -34.0976 -3.6063
-4.7899 -36.8513 -3.8683
-2.4868 -38.7803 -3.6066
-5.4407 -34.4437 -3.3731
-2.4805 -38.6589 -3.6256
-1.1411 -33.364 -3.2703
-2.4673 -34.3406 -3.6634
1.7363 -35.5535 -3.5839
-6.9389 -34.2339 -3.4543
-1.1448 -34.1923 -3.5836
-5.2266 -36.3157 -2.9351
-2.4456 -38.0956 -3.7302
0.1146 -39.5216 -3.6044
-2.379 -36.207 -3.9298
-2.3758 -35.942 -3.9393
-5.7088 -33.1675 -3.7307
-6.0142 -34.4651 -3.3953
-2.36 -36.0966 -3.9869
-2.3032 -36.6819 -4.1581
-2.3 -36.8145 -4.1676
0.2545 -35.184 -4.906
-2.2873 -36.6046 -4.2057
-2.281 -36.5163 -4.2247
-5.3664 -34.7697 -3.4127
-2.2716 -36.6819 -4.2532
-2.9716 -36.8565 -1.8491
-2.9684 -36.3484 -1.8586
-2.9651 -35.8514 -1.8681
3.2638 -36.1921 -3.5561
0.3075 -36.5059 -3.5484
-6.4039 -29.9573 -3.1411
-7.3055 -36.3138 -3.62
0.7777 -38.2641 -3.5865
-2.9526 -36.7571 -1.9062
-1.1128 -37.3674 -2.5341
-0.7094 -34.8648 -2.2906
-2.9463 -36.8785 -1.9252
-2.7879 -34.99 -2.4006
0.3674 -37.4148 -3.8121
-2.7753 -34.8795 -2.4387
-2.7563 -35.0562 -2.4957
1.1216 -31.262 -3.4144
-2.7377 -37.6074 -2.553
-4.3479 -34.5417 -3.4891
-2.7187 -37.4307 -2.6101
-2.7153 -35.5643 -2.6194
-2.7156 -37.5522 -2.6196
-3.7378 -36.5326 -2.7077
-8.7748 -34.3532 -3.5129
-2.706 -37.3424 -2.6481
-5.1467 -42.4799 -3.5835
1.2407 -35.2555 -3.5325
-3.8941 -36.1011 -5.7599
-2.6807 -37.2761 -2.7242
-7.5478 -39.5962 -3.4926
-7.3676 -36.3457 -3.5407
-2.4557 -33.5431 -3.3992
-2.4502 -39.3524 -3.4187
0.1391 -36.7649 -3.5117
0.2226 -41.9962 -4.2296
-3.715 -33.6611 -4.7791
-2.4399 -33.267 -3.4467
-4.1872 -35.9677 -2.7184
-2.4304 -33.6094 -3.4753
-8.7333 -34.3215 -3.3483
-2.4312 -39.0984 -3.4757
-2.4312 -39.264 -3.4757
-8.1418 -32.3299 -3.4095
-7.7373 -41.0964 -3.4905
-2.4178 -33.8634 -3.5134
2.2483 -38.9302 -3.9744
-3.4618 -31.4979 -2.8752
-2.402 -34.0291 -3.5609
0.3628 -35.7569 -4.0808
2.8515 -37.4062 -3.7561
-0.9288 -40.8315 -3.6421
-2.3963 -38.3805 -3.5803
-8.2286 -35.5511 -3.4281
-2.3925 -33.9076 -3.5894
-7.9868 -34.0521 -3.4308
1.7996 -36.8006 -3.4971
-5.1476 -36.5125 -2.7006
-7.8028 -33.7651 -3.4076
-2.3837 -38.8223 -3.6184
2.4351 -38.8958 -3.9458
-5.5716 -32.3748 -3.2098
-6.6082 -38.4209 -3.7522
-2.3773 -38.2921 -3.6374
-0.3138 -36.4141 -4.3528
-2.3774 -38.4578 -3.6374
-4.5757 -40.0122 -3.603
-7.548 -34.4325 -3.5051
-5.8261 -38.6261 -3.5014
-7.0745 -42.2403 -3.6141
-4.8531 -34.9735 -3.5891
-2.3704 -34.3162 -3.6561
-2.3615 -38.1706 -3.6849
-1.3105 -36.0713 -1.7169
-5.3376 -35.2649 -3.6303
-2.2948 -36.0833 -3.8845
-4.598 -36.8547 -2.8373
-4.4821 -41.2876 -3.5038
-2.2821 -35.8735 -3.9225
-8.0081 -34.5118 -3.5038
-2.2727 -36.017 -3.951
1.472 -37.4985 -3.545
-3.7579 -33.6733 -3.3622
-0.9284 -35.6265 -2.2134
1.0679 -37.5066 -3.5925
-6.0741 -38.5565 -3.7509
-2.0925 -36.2821 -4.4932
-0.8368 -35.8964 -3.648
-2.086 -35.023 -4.5121
2.9358 -33.4523 -4.0123
-1.4291 -39.2266 -3.5946
-2.0765 -35.1224 -4.5407
-2.064 -36.0722 -4.5788
-0.8161 -30.8133 -2.6666
-2.8976 -35.7731 -1.7732
-3.5236 -40.3104 -3.3821
-2.8818 -36.248 -1.8208
-2.8723 -36.5462 -1.8494
-4.2757 -31.8717 -3.0372
-2.8692 -36.8223 -1.8589
3.1548 -38.7195 -4.099
-2.8565 -36.2922 -1.8969
0.9326 -38.3054 -3.8585
-2.8534 -36.1817 -1.9064
-2.6726 -31.0049 -2.7742
-2.6857 -35.0662 -2.4103
-6.9613 -36.8895 -3.7728
-2.6098 -35.5521 -2.6387
-1.4216 -37.8004 -3.9319
0.2407 -33.2622 -3.431
-0.3454 -36.4693 -4.2577
-2.6067 -37.2529 -2.6484
-2.5972 -37.4628 -2.677
-2.3474 -39.2518 -3.4285
-4.0533 -32.0828 -3.2233
-2.341 -39.4175 -3.4476
-2.3221 -33.6856 -3.5039
-4.2847 -38.9812 -3.3298
-2.3221 -39.1303 -3.5046
-2.3221 -39.296 -3.5046
-2.3063 -38.9647 -3.5522
-1.6441 -34.0263 -3.5069
-2.2968 -34.1163 -3.5801
-5.2493 -38.4249 -3.3692
-6.6704 -30.4421 -3.1376
-2.2841 -34.0169 -3.6181
-2.2683 -34.3151 -3.6657
-2.2683 -38.3241 -3.6662
-6.1101 -37.5337 -3.4062
-2.2651 -34.1494 -3.6752
-7.3535 -42.4956 -3.589
-8.4075 -35.5792 -3.3735
-2.2557 -38.2468 -3.7042
-3.8881 -30.7721 -2.6567
-0.9877 -32.0324 -3.2412
-2.2398 -38.1805 -3.7518
-1.4323 -39.1272 -3.585
0.3073 -36.719 -3.6312
-2.1924 -35.7287 -3.8942
-7.5431 -33.597 -3.484
-2.6959 -35.9706 -1.803
0.2882 -36.6831 -4.1268
-2.664 -42.3135 -3.8402
-2.6674 -36.2356 -1.8887
-2.6674 -36.9535 -1.8888
-2.6643 -36.0368 -1.8982
-2.4904 -34.9102 -2.4211
-5.0012 -30.9753 -3.0813
-0.2751 -31.4284 -3.3274
-3.9298 -34.6731 -3.5854
-2.4683 -35.0538 -2.4877
-8.0081 -40.1202 -3.6569
-5.5344 -36.0487 -2.7558
-2.4588 -35.3189 -2.5163
-2.4334 -37.4725 -2.5927
-7.837 -35.182 -3.3936
-2.424 -35.4182 -2.6209
-7.8649 -31.3921 -2.8466
0.2207 -39.2801 -3.6536
-2.4145 -35.5066 -2.6495
-2.168 -33.4743 -3.391
-2.1234 -39.3388 -3.5251
-2.114 -39.1841 -3.5536
-5.4403 -35.9642 -2.7324
-2.111 -33.9161 -3.5623
-4.1057 -31.9867 -3.1001
-6.6837 -39.6504 -3.6549
-2.0952 -34.1369 -3.6099
-2.092 -34.2253 -3.6194
0.691 -33.1348 -3.2189
-2.0855 -38.8197 -3.6391
-2.0792 -38.2454 -3.6581
-2.0729 -38.3889 -3.6771
1.3755 -36.6056 -3.4278
-2.0602 -38.3116 -3.7152
-2.0192 -35.9702 -3.8384
-4.4917 -37.0204 -2.7648
-2.0161 -35.7604 -3.8479
-8.5489 -37.6921 -3.5014
-2.0066 -36.1801 -3.8765
-4.6049 -36.0404 -2.7763
1.4719 -41.6844 -3.9978
-3.7627 -31.6155 -2.9098
-1.9275 -36.8316 -4.1144
-1.9212 -36.6439 -4.1334
-8.0694 -34.5836 -3.4373
-1.9086 -36.5555 -4.1714
-4.3822 -41.4222 -3.5483
1.8532 -39.0544 -3.9364
1.0488 -37.8207 -3.7449
3.6684 -36.9792 -3.6592
-2.6083 -35.7369 -1.776
0.1858 -38.2419 -3.5488
-2.5988 -35.9026 -1.8045
-6.5896 -40.6997 -3.5479
-2.5925 -36.245 -1.8236
-2.5798 -36.3996 -1.8617
-0.8116 -36.062 -3.7241
0.0322 -34.5678 -3.836
-3.4571 -32.1283 -3.1838
-2.5735 -36.5652 -1.8808
-2.564 -36.8193 -1.9093
-0.6249 -33.2597 -3.4139
-5.595 -31.1209 -3.407
-2.4059 -35.0411 -2.3846
4.0045 -39.6658 -4.3318
-0.008 -36.421 -4.1168
-3.6539 -36.4327 -5.1535
-2.3932 -34.8975 -2.4226
-3.6589 -36.3178 -5.4138
-2.39 -35.1294 -2.4321
-0.8906 -35.0649 -2.3176
-2.3679 -35.3171 -2.4987
-5.5424 -34.8082 -3.354
-7.1269 -35.4096 -3.5565
1.4468 -33.1579 -3.5815
-7.1848 -33.0575 -3.4805
-2.3426 -35.4607 -2.5749
-2.3332 -37.6585 -2.6038
-2.3174 -37.2057 -2.6513
-1.3108 -39.7111 -3.5275
-2.3047 -37.283 -2.6893
-2.0486 -39.4585 -3.4601
-2.0453 -33.7487 -3.4686
-2.039 -33.6272 -3.4876
1.8596 -38.966 -3.9554
0.1654 -37.0553 -3.7275
-2.036 -39.2487 -3.4981
-2.0263 -33.8481 -3.5257
0.0322 -35.2548 -3.9918
1.6868 -33.8646 -3.7252
0.9006 -42.4215 -3.9142
-2.0201 -38.8401 -3.5456
-5.1472 -39.7575 -3.5207
-2.583 -36.1124 -1.8521
-2.0074 -34.08 -3.5828
-2.0043 -38.6413 -3.5931
-2.0012 -38.7296 -3.6026
-4.8455 -34.8753 -3.411
-3.808 -41.646 -3.464
-3.2367 -35.6563 -2.3919
-0.8626 -39.1544 -3.5724
-0.935 -33.2887 -3.2235
-1.9979 -34.2457 -3.6114
0.3902 -37.2374 -3.5954
-5.8649 -36.7863 -3.6631
1.2822 -42.3141 -4.0481
-1.9853 -38.5639 -3.6502
-1.9694 -34.2898 -3.697
-1.96 -38.2436 -3.7262
0.2987 -37.1388 -5.0395
-4.9189 -34.9444 -3.5039
-1.9157 -35.8802 -3.8589
-1.9062 -36.0458 -3.8875
-1.7766 -36.4654 -4.2775
0.3239 -36.387 -3.3954
-4.4077 -33.1195 -3.2432
-2.5037 -36.2442 -1.8069
-2.4942 -35.8687 -1.8354
3.7228 -35.5795 -3.4851
-7.9158 -36.2721 -3.4406
-6.5375 -35.195 -3.4995
-2.4879 -36.7743 -1.8546
-0.9288 -40.933 -3.6465
-6.6128 -36.9709 -3.6226
-2.4847 -35.9902 -1.8639
-4.0337 -36.6753 -2.7003
2.1921 -39.4724 -4.1077
3.2187 -36.6115 -3.7173
-2.4816 -36.686 -1.8736
-6.147 -31.9457 -3.6706
-2.4689 -36.3878 -1.9116
-0.5631 -32.7058 -3.1958
-7.7375 -40.0506 -3.5065
-2.1784 -40.3237 -3.4833
-4.8196 -30.2746 -3.041
0.6135 -36.4338 -3.481
-2.3012 -35.0734 -2.4154
1.775 -39.1547 -3.9924
-2.298 -34.8746 -2.4248
-5.786 -32.2094 -3.005
-2.2603 -37.5583 -2.5396
-2.238 -35.3384 -2.6056
-0.1023 -36.9076 -4.1171
2.8663 -33.7837 -3.8031
-2.2316 -35.4378 -2.6247
0.4399 -34.9519 -4.0305
-2.2318 -37.1276 -2.6251
-2.216 -37.3595 -2.6727
-1.9943 -33.4828 -3.3375
-0.1738 -38.4674 -3.7458
-8.0849 -32.7806 -3.5673
-1.9284 -39.3031 -3.5387
-1.9189 -38.8171 -3.5671
-6.0701 -32.3093 -3.0074
-7.6409 -38.2803 -3.6754
-4.1178 -38.231 -3.74
-6.7801 -37.1943 -3.5008
-1.9158 -39.1264 -3.5767
-1.9094 -38.4416 -3.5956
-1.9058 -34.1565 -3.604
-1.9031 -38.6625 -3.6146
-4.9385 -35.0732 -3.421
-1.8963 -34.0019 -3.6325
-4.1941 -33.9192 -5.0583
-1.8714 -38.3091 -3.7097
-2.4134 -35.9789 -1.7766
-2.3976 -36.6746 -1.8243
-6.3997 -32.6125 -3.1348
0.9006 -41.5515 -4.0316
-2.3976 -36.9176 -1.8243
-0.5239 -33.7946 -3.4207
-4.1141 -37.9639 -3.7043
-2.2172 -34.9627 -2.3661
-2.1824 -35.2057 -2.4708
-2.1603 -37.5691 -2.5378
1.1055 -33.3651 -3.706
-3.3327 -31.8632 -3.0758
-2.154 -37.6685 -2.5568
3.6303 -34.7041 -3.5449
-2.1255 -35.5149 -2.642
-6.1564 -35.3494 -3.5348
-7.6521 -36.3119 -3.5135
-5.5164 -33.3595 -3.4168
-2.1129 -37.3151 -2.6804
-1.8756 -33.2949 -3.393
-1.8598 -33.6483 -3.4407
-1.0421 -38.5671 -3.6018
-1.6502 -35.9391 -3.7813
-1.8598 -33.8139 -3.4407
-2.5401 -37.1634 -2.7742
-1.844 -33.9133 -3.4883
-0.4467 -31.5031 -3.0261
-6.6836 -36.934 -3.5553
2.2205 -39.4171 -4.1933
-1.8409 -39.3581 -3.4987
-1.3109 -41.179 -3.7797
-1.8346 -39.5348 -3.5177
-1.8219 -34.0017 -3.5548
0.4178 -39.7961 -3.6641
-1.8219 -38.7617 -3.5556
-1.8125 -39.2256 -3.5842
1.1718 -33.1022 -3.6091
-1.7966 -34.2225 -3.631
-4.8864 -31.5952 -2.8368
0.6462 -37.9609 -3.8083
-8.5681 -30.9324 -3.3448
-1.7902 -34.079 -3.65
-2.6226 -35.9398 -5.926
-1.784 -38.3751 -3.6697
-0.0833 -36.8082 -4.1742
-6.1901 -36.5216 -3.7392
-1.4929 -36.2766 -4.5444
1.4751 -37.2443 -3.6678
-3.7089 -38.4516 -3.6979
-2.327 -35.9392 -1.7459
-8.0225 -31.1982 -3.2466
-2.3238 -35.7294 -1.7554
1.8565 -37.4411 -3.6684
-7.1869 -38.1442 -3.7361
-2.3049 -35.8729 -1.8125
-2.2931 -35.3327 -6.2599
-2.3017 -36.7123 -1.822
-2.2953 -36.6239 -1.8411
-6.0969 -30.9827 -2.9487
-2.2922 -36.0276 -1.8506
-2.2922 -36.9111 -1.8506
-2.1215 -34.9452 -2.3641
-3.8291 -32.9799 -3.2186
-3.5483 -36.8986 -2.7046
-2.3912 -36.52 -1.8433
-2.112 -35.0335 -2.3926
-2.0676 -37.6289 -2.5259
-8.6278 -37.7218 -3.399
-2.0644 -37.4964 -2.5354
-2.0423 -37.3859 -2.602
-2.0423 -37.5627 -2.602
-1.3108 -40.1509 -3.393
-2.036 -37.2203 -2.621
-4.8147 -31.1945 -2.8613
-1.8243 -33.3879 -3.2581
-3.2542 -38.3453 -3.5894
-1.7926 -33.3437 -3.3532
-8.5606 -38.2879 -3.2755
-2.3729 -42.4097 -3.8366
-1.7673 -33.8518 -3.4293
3.9288 -38.9239 -4.2377
-1.7417 -39.418 -3.5056
-1.7388 -33.9512 -3.5149
2.8976 -35.7468 -3.6045
-1.7354 -38.6228 -3.5246
-6.0988 -32.7479 -3.8893
-7.7377 -38.9353 -3.5806
-1.7259 -39.3076 -3.5531
-1.7199 -34.172 -3.572
-5.8379 -29.7849 -3.1533
-1.8959 -36.677 -4.2095
-1.7133 -38.7554 -3.5912
-1.7101 -39.2303 -3.6007
-5.617 -31.4959 -2.9917
-1.4128 -41.6938 -3.8429
-5.4166 -33.0911 -3.3818
-1.7072 -34.0506 -3.61
-0.6844 -38.5794 -3.5315
-7.9621 -33.9916 -3.3591
-1.704 -34.2493 -3.6195
-1.6914 -34.1499 -3.6576
-2.6641 -42.4188 -3.8765
-1.6914 -34.3377 -3.6576
3.3388 -39.494 -4.0792
-1.6817 -38.1479 -3.6863
-0.0608 -33.2969 -3.3739
-1.6407 -36.1048 -3.8098
-1.4414 -36.2262 -4.409
-0.4149 -33.3416 -3.3794
-1.413 -36.2814 -4.4946
-6.6231 -37.1223 -3.665
-4.6086 -37.0885 -2.8883
-0.0629 -38.6246 -3.4962
-1.0334 -37.0545 -5.636
3.7385 -34.696 -3.5326
-1.0176 -36.9771 -5.6835
1.1351 -34.7547 -3.7325
-3.5507 -33.825 -3.3386
-2.2322 -35.8269 -1.7382
-2.229 -35.9263 -1.7477
-0.2519 -34.9854 -3.8643
-2.2004 -36.9644 -1.8335
-0.8571 -37.3473 -3.9155
-2.1972 -36.6883 -1.843
2.88 -37.4614 -3.8417
-2.1877 -36.7767 -1.8715
0.4052 -35.6587 -3.926
-2.1751 -36.4343 -1.9095
-5.6478 -37.4654 -3.6562
-2.0172 -35.0316 -2.3848
-3.9982 -39.3608 -3.3725
-1.9982 -35.1641 -2.4419
-7.7572 -36.1717 -3.5205
-1.9792 -35.0868 -2.4989
-3.6082 -33.63 -5.2684
-1.9761 -35.2855 -2.5085
0.2757 -37.6882 -4.089
0.4178 -39.7551 -3.5838
-1.9725 -37.5717 -2.5184
-1.9631 -37.4723 -2.5469
-6.6837 -42.1319 -3.6831
-1.9473 -37.3729 -2.5944
-0.8975 -35.2939 -2.5466
3.39 -36.8111 -3.6417
-0.7999 -33.5195 -3.3924
-1.9441 -37.5606 -2.604
-8.4313 -34.8246 -3.3627
-0.6458 -39.6165 -3.4959
-1.9378 -37.2735 -2.6229
-8.591 -38.1986 -3.3477
-1.9349 -35.4733 -2.6322
2.2283 -37.2416 -3.6128
-1.7233 -33.4631 -3.2691
-1.7138 -33.5625 -3.2976
-1.6916 -33.7392 -3.3642
-1.6854 -33.2532 -3.3832
-6.922 -30.784 -2.8093
-1.6758 -33.8496 -3.4118
-1.6338 -39.3827 -3.5363
-0.2586 -40.4055 -3.7019
-8.0222 -39.6955 -3.3771
1.3543 -33.6438 -3.5906
-5.7328 -34.6796 -3.3703
-1.6251 -34.1809 -3.564
-1.6117 -39.2281 -3.6029
-1.6023 -38.8415 -3.6314
-3.6229 -41.5801 -3.5545
-1.5992 -38.1899 -3.6408
-1.5935 -34.2582 -3.6591
-1.5707 -38.2562 -3.7264
-3.4551 -32.8412 -3.2479
-2.1015 -32.0084 -3.1345
-1.5427 -35.8154 -3.8116
-6.668 -37.4272 -3.814
-2.5438 -39.1117 -3.4354
-1.5426 -36.0584 -3.8116
-8.035 -37.2581 -3.6076
-8.0113 -32.1722 -3.3121
-1.5268 -35.981 -3.8592
-0.9616 -31.5594 -3.1259
-1.4287 -36.6768 -4.1541
-5.9183 -39.5783 -3.499
-1.4033 -36.8645 -4.2302
-1.4002 -36.6988 -4.2397
-1.356 -36.003 -4.3728
-1.3402 -36.1355 -4.4203
-8.2228 -34.4579 -2.0045
3.0499 -39.6674 -4.062
-2.0205 -36.3557 -1.8152
-3.5154 -34.1663 -3.5375
-2.0205 -36.9741 -1.8154
0.538 -35.813 -3.7261
-6.9723 -40.1682 -3.5941
1.6141 -39.4862 -4.0867
-7.7382 -36.0999 -3.4183
-2.011 -36.444 -1.8437
-0.6459 -40.3616 -3.4983
-2.0079 -36.0022 -1.8531
-1.5069 -39.6967 -3.3776
-1.9984 -36.8416 -1.8819
2.9325 -36.6635 -3.7094
-1.8245 -35.0744 -2.4045
-1.8055 -35.1958 -2.4616
-1.7928 -35.0964 -2.4996
-3.2455 -32.8905 -3.1976
-3.9079 -37.7765 -3.6532
-1.7865 -37.5703 -2.5193
-1.777 -35.4498 -2.5473
-8.0081 -36.4692 -3.4274
-1.7675 -37.6366 -2.5764
-1.5068 -38.6171 -3.5461
-1.758 -37.5482 -2.6049
-0.0959 -36.3885 -4.136
-1.7486 -35.4719 -2.6329
0.5684 -36.5997 -3.6302
-1.5272 -33.4285 -3.2981
-1.5177 -33.7157 -3.3267
-1.5114 -33.5058 -3.3457
-3.946 -38.8809 -3.5396
-7.8761 -35.4476 -3.5234
-1.4861 -33.7156 -3.4218
-6.1246 -35.8099 -3.3775
-1.4766 -33.9034 -3.4504
-2.878 -32.8631 -3.2515
-1.4386 -38.5419 -3.5658
-1.4386 -39.3481 -3.5661
-2.178 -32.4473 -3.3805
-1.4323 -39.569 -3.5851
-6.0043 -32.4029 -3.3361
-1.426 -38.3983 -3.6038
-2.2758 -35.5008 -2.074
-1.4196 -38.9726 -3.623
-5.3425 -40.3966 -3.5115
-5.0217 -32.8642 -3.32
-1.4102 -34.1684 -3.6502
-3.8254 -36.8356 -2.8268
-8.0009 -30.5364 -2.8592
3.6304 -35.2343 -3.5449
-6.2208 -35.8073 -5.5286
-1.4101 -38.332 -3.6514
-1.388 -34.2678 -3.7168
-6.1152 -32.6968 -3.1651
-2.0469 -32.1904 -3.2551
-5.6158 -33.034 -3.7219
-1.1382 -36.0125 -4.4687
-1.0908 -35.7695 -4.6113
-7.7375 -39.8819 -3.6376
2.6035 -34.6815 -3.6021
-3.0415 -39.9094 -3.2933
-8.4326 -34.9412 -3.3775
-3.084 -37.6867 -2.6538
-1.0876 -35.88 -4.6208
-0.9864 -35.6038 -4.9251
-3.711 -36.4201 -2.6334
-0.9643 -35.7031 -4.9917
-0.9611 -34.9521 -5.001
0.1811 -37.9173 -3.7698
-0.9548 -34.8638 -5.02
-8.7632 -31.4222 -3.1965
-7.0305 -36.9063 -3.6957
-1.9411 -39.524 -3.5007
-0.765 -35.703 -5.5909
-1.9336 -35.8622 -1.795
1.9663 -33.819 -3.706
-2.756 -36.0979 -1.8489
-1.9337 -36.8893 -1.7952
-4.229 -31.2719 -3.1095
-1.9304 -36.2708 -1.8046
-1.9242 -36.7788 -1.8237
-1.9178 -36.6794 -1.8427
-1.9147 -36.9666 -1.8523
-4.4158 -34.3039 -3.3797
-3.5227 -34.9373 -2.5229
-1.9052 -36.8672 -1.8808
-1.7374 -35.0338 -2.3845
-4.8771 -34.1906 -3.3158
-1.7216 -35.1221 -2.4321
2.8191 -39.7065 -4.2495
-1.7121 -35.2546 -2.4607
-3.2057 -30.9733 -2.6516
-7.5796 -33.6295 -3.5841
0.0324 -35.9673 -3.347
-5.0797 -31.4823 -3.3395
-4.7708 -36.3781 -2.6761
-1.6712 -37.2426 -2.5847
-1.6681 -37.5297 -2.5942
-1.6615 -35.4755 -2.6129
-1.6586 -37.1653 -2.6227
-1.4241 -33.5648 -3.3259
-1.4114 -33.4654 -3.3639
-6.551 -33.8878 -2.126
-6.6836 -34.8265 -3.4826
-4.8109 -38.7518 -3.5165
-4.7717 -41.2726 -3.5208
-4.8118 -32.6994 -3.2571
-1.3672 -34.0507 -3.4972
-1.364 -33.2003 -3.5065
-8.077 -33.8276 -3.3836
-7.1854 -33.4117 -3.5168
-1.3514 -34.1722 -3.5447
0.2228 -40.1386 -3.6021
-8.7202 -32.375 -3.1237
-1.349 -39.4402 -3.5552
-8.1199 -31.3188 -3.2522
-1.3362 -38.4794 -3.5931
-1.0655 -37.4109 -2.6882
-5.3222 -33.9118 -3.4221
-6.5892 -36.2152 -3.506
-5.5342 -40.1918 -3.4887
-1.3331 -39.2304 -3.6027
-1.3332 -39.6501 -3.6028
2.9221 -39.8775 -4.2609
-1.3267 -38.5898 -3.6216
0.1769 -38.0535 -3.7942
-6.11 -39.0697 -3.6465
-1.323 -34.2053 -3.6303
-7.8868 -31.0779 -3.1248
-7.7848 -34.4765 -3.4289
-6.3121 -35.634 -3.4513
-1.3236 -39.0537 -3.6312
0.1055 -36.7778 -3.6022
-1.3072 -34.3157 -3.6779
0.8346 -38.8826 -3.7579
-1.2824 -38.1812 -3.7547
-1.8932 -34.3111 -3.6421
-6.9296 -37.9391 -3.791
-6.4681 -34.6127 -3.5122
-3.635 -33.9505 -4.3366
-3.9653 -31.0324 -2.6339
-7.7555 -36.0794 -3.507
-1.2694 -35.7846 -3.7923
-1.2599 -35.6962 -3.8208
-6.1099 -41.495 -3.4668
-7.3663 -36.5251 -3.5547
-1.1494 -36.8006 -4.1539
1.0743 -37.9705 -3.6116
-1.1303 -36.3036 -4.2109
-3.5895 -35.1868 -2.5808
-4.2336 -32.2716 -3.2189
-7.6188 -35.7626 -3.6324
-1.1082 -36.2152 -4.2775
-3.749 -38.4554 -3.805
-1.0227 -35.7734 -4.5342
2.4518 -34.4014 -3.7073
-6.964 -31.8503 -3.0251
-1.0069 -35.8618 -4.5817
0.0313001 -35.9783 -3.4634
2.2451 -39.4603 -3.9651
-6.1102 -34.4804 -3.4
-7.4809 -33.1596 -3.5312
-5.1118 -36.565 -2.9111
0.2001 -31.956 -3.3888
-0.9278 -35.6298 -4.8195
-0.675 -36.8115 -5.5806
2.6576 -37.5529 -3.7642
-1.7367 -36.9426 -1.8058
-7.9155 -39.3632 -3.4723
-1.7333 -35.8493 -1.815
-1.7335 -36.6665 -1.8152
-1.5529 -34.9988 -2.3569
-1.5434 -34.9104 -2.3854
-1.5276 -35.076 -2.433
1.2821 -38.4243 -3.5678
-1.5119 -35.3411 -2.4806
-1.4992 -35.1533 -2.5186
-1.6458 -36.8556 -1.7847
-1.4775 -37.2075 -2.5858
-1.211 -33.3198 -3.3837
-4.8295 -32.7932 -3.3135
-1.2016 -33.7395 -3.4123
-3.711 -37.0486 -2.6503
0.4344 -39.0155 -3.7289
-1.1953 -33.4855 -3.4313
-0.7542 -32.2686 -3.1495
-1.6018 -41.3384 -3.8567
3.8129 -33.4008 -3.6927
-0.5439 -31.7144 -3.0482
-6.8719 -36.8525 -3.5407
-1.1731 -33.1652 -3.4978
-1.1554 -38.9082 -3.5564
-0.4688 -35.2433 -3.9607
3.1423 -32.7667 -4.0598
-1.1492 -39.4935 -3.5756
-8.5459 -37.4832 -3.473
1.3385 -34.7041 -3.5431
-4.1575 -33.1461 -3.3507
-1.1396 -38.9965 -3.604
1.9817 -38.4796 -3.7545
-1.6982 -40.1449 -3.4293
-1.1364 -39.1401 -3.6135
-2.4263 -35.2277 -4.9267
3.3198 -37.8595 -4.0219
-1.1331 -38.5105 -3.6229
-5.4402 -36.5942 -2.7035
-5.0171 -31.7423 -2.9384
-2.0805 -40.4757 -3.4749
-1.1161 -33.0326 -3.6689
-1.1164 -34.1702 -3.6692
-1.1046 -38.2344 -3.7084
-0.1801 -35.1876 -2.4192
1.1471 -39.4283 -3.8306
2.0176 -39.7493 -4.154
-5.1474 -38.2452 -3.4483
-1.1049 -39.6591 -3.7088
-1.0978 -35.8268 -3.7267
-1.0942 -34.2475 -3.7358
-1.0915 -35.9151 -3.7458
-1.0662 -35.9372 -3.8219
-4.6607 -38.3598 -3.6675
-0.9461 -36.5887 -4.1835
-3.9084 -36.2237 -2.7391
-2.2598 -35.4024 -6.1782
-0.9462 -36.6771 -4.1835
1.673 -36.183 -3.3937
-0.9429 -36.3016 -4.1929
-0.924 -36.4673 -4.25
-7.6439 -39.7856 -3.4727
3.902 -38.2381 -3.9596
-0.9209 -36.6108 -4.2596
-4.2847 -39.5296 -3.4326
-3.7111 -37.6066 -2.6018
3.3739 -33.5862 -3.5937
-0.8258 -35.8487 -4.5447
-0.1662 -39.6018 -3.6418
-2.0806 -40.9886 -3.6295
-0.4972 -36.9971 -5.5342
-1.6394 -36.3807 -1.8037
-1.6394 -36.723 -1.8037
0.7081 -39.1392 -3.7212
-6.8212 -35.5225 -3.5138
-6.5466 -38.4606 -3.842
-1.63 -36.9881 -1.8323
0.8073 -36.6638 -3.4393
-1.6205 -36.8777 -1.8608
-2.3242 -38.1732 -3.823
-1.4401 -34.9117 -2.4026
-1.437 -35.1326 -2.4121
3.6264 -37.5398 -3.7833
-1.4117 -35.1105 -2.4882
-1.4087 -37.6396 -2.4983
-1.4024 -37.5402 -2.5173
-1.3959 -35.486 -2.5359
-7.4545 -34.3319 -3.4776
-4.2562 -32.8559 -3.3359
-0.7211 -30.8692 -2.6736
-8.1259 -31.4407 -3.2801
-1.3644 -37.2199 -2.6313
-0.0850999 -35.4507 -3.7214
-1.127 -33.4426 -3.3439
-1.1175 -33.3432 -3.3724
-4.8136 -36.8167 -2.8908
-1.1049 -33.5089 -3.4105
-1.0828 -33.5752 -3.4771
-7.6941 -36.0054 -3.5953
0.1922 -38.9598 -3.568
-4.4855 -36.0889 -5.5326
-1.0733 -33.6635 -3.5056
0.2228 -40.194 -3.6863
-7.7371 -42.1436 -3.4288
-3.6028 -31.1376 -3.2149
-1.0611 -38.9537 -3.5448
0.223 -37.2936 -3.5908
-1.0579 -39.1745 -3.5543
3.598 -36.579 -3.6976
-2.782 -31.8834 -3.1509
-5.703 -36.253 -3.6847
-4.9937 -30.8436 -3.0485
-1.9243 -33.0825 -3.2681
-1.0512 -34.1494 -3.5723
3.3329 -35.0882 -3.4702
-1.0385 -34.039 -3.6103
-1.0358 -38.7659 -3.6208
-6.8719 -37.1985 -3.4655
-6.8819 -35.9458 -3.4697
-1.0326 -38.9316 -3.6304
-1.0326 -39.1303 -3.6304
-2.0237 -36.8637 -1.8058
-1.0326 -39.2408 -3.6304
-5.9996 -38.4905 -3.9215
-5.7486 -34.8674 -3.3228
-4.3937 -35.8686 -5.7793
-4.9771 -39.3121 -3.5933
-1.0291 -34.2488 -3.6389
-3.7592 -33.4939 -3.3482
-4.8707 -33.7047 -3.3347
-1.0262 -38.291 -3.6493
0.6832 -33.3606 -3.2997
-2.3082 -36.3592 -5.3836
3.5475 -35.8612 -3.5453
3.0031 -34.3571 -3.6416
-0.7392 -42.4645 -4.0921
-5.7311 -41.8777 -3.5088
-1.0164 -34.1494 -3.6769
3.1738 -39.846 -4.1563
1.472 -39.7168 -3.7862
-1.6016 -40.1407 -3.4777
-1.0136 -38.5119 -3.6874
-3.5333 -35.2143 -2.9154
-1.0006 -34.2819 -3.7245
-0.9976 -35.7066 -3.7343
-2.5028 -35.5819 -5.8248
-0.9976 -35.9717 -3.7344
-0.9852 -39.7598 -3.7732
-0.8585 -36.5349 -4.153
-0.8522 -36.4134 -4.172
-2.9457 -41.7929 -3.7246
-0.8522 -36.8662 -4.1721
-0.8364 -36.7116 -4.2196
0.5859 -36.8842 -3.6113
-0.8332 -36.4907 -4.2291
-1.5808 -35.7288 -1.6998
-1.4118 -35.3066 -2.4557
-1.5808 -35.8613 -1.6998
0.5349 -34.8742 -3.7164
-1.5556 -36.8442 -1.7761
-4.8652 -35.2944 -3.6469
-1.5524 -36.5902 -1.7856
-4.7135 -34.4645 -3.4275
-2.9273 -33.4466 -4.9656
-1.5334 -36.7669 -1.8427
-5.9647 -34.8829 -3.4744
-5.9184 -35.2953 -3.5125
-1.5303 -36.6565 -1.8522
-1.3783 -35.0329 -2.3084
-1.3531 -35.066 -2.3845
-0.917 -38.1029 -3.6976
-1.2127 -41.6484 -3.8783
-1.3373 -35.2206 -2.4321
-1.3122 -37.4847 -2.5086
-3.5768 -36.236 -2.619
-1.2962 -35.4746 -2.5558
-7.4034 -32.025 -3.4609
-1.29 -37.308 -2.5751
-0.983 -33.6522 -3.497
-0.9609 -34.105 -3.5637
-0.9614 -39.108 -3.5647
-5.826 -34.5633 -3.4364
-0.9487 -38.6994 -3.6026
-6.5736 -36.0328 -3.6771
0.0327 -39.9643 -3.5019
-3.9975 -34.6336 -3.6578
-0.9488 -39.2957 -3.6028
-0.9451 -34.1823 -3.6113
-2.8495 -34.8533 -3.8797
-0.9455 -38.4232 -3.6121
0.0327 -39.7409 -3.5258
-0.9456 -39.4283 -3.6123
-0.9456 -39.5277 -3.6123
-0.936 -38.1913 -3.6406
2.2471 -34.9776 -3.6695
-3.6211 -35.0874 -2.4857
-4.2849 -34.731 -3.5291
-0.9325 -34.2817 -3.6493
-1.7084 -31.687 -3.0799
-0.9329 -38.3128 -3.6501
-6.1298 -30.9373 -3.0317
-0.9297 -38.5005 -3.6597
0.1709 -34.629 -3.7744
3.1801 -39.7355 -4.1753
-0.9297 -38.5889 -3.6597
-0.9263 -35.8941 -3.6687
-5.4401 -38.6828 -3.3707
1.188 -35.0979 -3.7018
-7.5839 -35.0413 -3.4695
-0.9105 -35.7947 -3.7162
1.1382 -36.6145 -3.599
-0.9044 -38.2244 -3.7357
-0.4571 -34.0052 -3.5564
-3.8075 -36.9923 -2.6546
-5.0273 -37.3422 -3.7712
-0.8979 -35.8941 -3.7543
-0.3551 -30.7019 -2.9631
-0.8915 -35.9825 -3.7733
2.8674 -37.8259 -3.8037
-0.7714 -36.5788 -4.1349
-4.0752 -32.7155 -3.3429
-5.2492 -41.5797 -3.3804
-3.0426 -34.5738 -3.8442
-0.7683 -36.4573 -4.1443
-0.7651 -36.6892 -4.1539
1.9846 -41.8593 -3.9295
-0.7462 -36.5235 -4.2109
-0.7398 -36.4352 -4.2299
-6.6836 -34.934 -3.4503
1.4592 -39.3638 -4.1893
0.8914 -39.8654 -3.9294
-0.7399 -36.8549 -4.23
0.797 -34.3213 -3.6424
-0.7335 -36.7555 -4.249
-0.6576 -35.9161 -4.4771
-2.8249 -37.5324 -2.5888
-1.4851 -35.7089 -1.6982
-3.5672 -36.8324 -2.6476
0.6132 -39.8924 -3.6749
-1.4631 -36.9016 -1.765
-1.4599 -36.7802 -1.7744
-2.1392 -32.1575 -3.2494
-1.4315 -36.9789 -1.8601
-3.9933 -37.1376 -2.7997
-1.2668 -34.9136 -2.3543
-1.2226 -35.3775 -2.4875
-7.0233 -37.6382 -3.7481
-7.0738 -35.8694 -3.5455
1.0394 -36.5237 -3.5067
-1.2004 -35.4548 -2.5541
1.4719 -34.291 -3.6734
-1.1849 -37.4206 -2.602
-2.0017 -37.6982 -3.9232
-5.826 -38.3934 -3.3613
-0.9472 -33.279 -3.3147
-0.9409 -33.4998 -3.3337
-1.0256 -41.1185 -3.7206
-0.8935 -33.9305 -3.4765
-0.8682 -34.1072 -3.5526
-0.8689 -39.4526 -3.5535
3.0473 -37.593 -3.7754
-4.5757 -40.2946 -3.549
-0.8656 -38.6133 -3.5628
-0.8658 -39.552 -3.563
1.2472 -36.9453 -3.5517
-2.3719 -35.3548 -2.5986
-0.8531 -39.3311 -3.601
2.0063 -33.5307 -3.5453
1.1914 -39.2405 -3.9637
-0.8498 -38.3703 -3.6104
-4.4028 -37.7621 -3.6002
-0.8461 -34.1735 -3.6192
-0.6433 -38.9881 -3.6552
-8.5985 -37.7385 -3.3229
3.5506 -36.1814 -3.5549
-0.8435 -38.2378 -3.6294
-0.8404 -39.0771 -3.639
-6.3148 -35.6306 -3.2952
-4.7194 -35.0731 -3.5053
-4.8593 -37.9852 -3.6422
0.1266 -36.6291 -3.4009
-0.8372 -38.4918 -3.6484
-0.8372 -38.5912 -3.6484
-0.8208 -34.2177 -3.6953
-0.8084 -35.8964 -3.7336
-0.6982 -39.9937 -4.0672
-0.3328 -37.7628 -3.8444
-1.5661 -37.1868 -2.7155
-0.3356 -36.6655 -2.5468
-0.6725 -36.5258 -4.1427
-0.6662 -36.6252 -4.1617
-0.6662 -36.8572 -4.1618
-8.6897 -35.0208 -3.3004
-1.9733 -35.9042 -5.4655
1.188 -36.4523 -3.416
-0.663 -36.4154 -4.1712
-0.6567 -36.9566 -4.1903
-4.1258 -37.2018 -2.89
-0.6377 -36.824 -4.2473
-0.6345 -36.3049 -4.2568
-0.6282 -36.0951 -4.2758
-0.6155 -36.0067 -4.3138
-4.9197 -38.9055 -3.4786
1.9845 -40.2598 -3.8564
-0.6029 -36.3049 -4.3519
0.6132 -39.9203 -3.5594
-0.5997 -36.1172 -4.3614
2.1283 -34.623 -3.6119
-0.5997 -36.2055 -4.3614
-0.8763 -37.0868 -2.6646
-0.587 -36.0288 -4.3994
-4.4154 -39.5403 -3.5624
-8.5853 -36.6797 -3.1846
-4.8172 -38.6524 -3.4974
-1.394 -35.7881 -1.6876
0.1113 -38.5497 -3.5946
-1.3909 -35.6887 -1.6971
-1.1884 -34.9156 -2.3058
-1.1632 -35.1696 -2.3819
-2.5084 -35.3492 -4.6793
-1.1474 -35.3463 -2.4295
-7.0538 -31.1437 -2.945
-1.612 -39.8266 -3.8956
-1.1318 -37.5331 -2.477
-1.1255 -37.6325 -2.496
1.292 -33.3561 -3.9705
-7.4405 -31.9964 -3.3101
-0.0994 -35.3319 -2.476
-3.6229 -41.2296 -3.6208
-1.1189 -35.3574 -2.5151
-2.5703 -35.4131 -4.7956
1.1471 -39.7486 -3.8306
0.2229 -37.9864 -3.5636
-7.5466 -32.598 -3.3958
-5.6502 -32.3139 -3.1599
-0.2192 -36.0495 -3.3756
-1.097 -37.4779 -2.5816
-1.0844 -37.3453 -2.6197
1.0554 -39.2939 -3.8421
-6.1579 -37.7847 -3.7774
0.9006 -35.8322 -3.562
-4.1872 -36.6279 -2.6516
-0.8658 -33.4026 -3.276
-0.85 -33.5351 -3.3235
-0.8058 -33.8665 -3.4567
-7.3748 -38.3596 -3.7564
-0.8026 -33.6566 -3.4662
-0.8026 -33.988 -3.4662
1.472 -36.4428 -3.4197
-3.6229 -41.8352 -3.4468
-0.7937 -39.2671 -3.4947
-0.2172 -31.6011 -3.4422
-0.79 -34.0763 -3.5042
-0.7842 -39.1566 -3.5233
-6.9876 -35.9952 -3.4926
-0.7715 -38.5161 -3.5613
-5.1468 -41.6322 -3.3071
-0.7717 -39.6205 -3.5613
-1.1255 -30.7893 -2.7144
-3.7113 -39.2161 -3.4234
-0.7622 -39.51 -3.5899
-0.7584 -34.0653 -3.5994
-0.7558 -39.1345 -3.6089
-0.7459 -35.9649 -3.6374
2.1113 -39.5288 -4.1446
-0.7462 -38.1627 -3.6374
-0.7462 -38.4498 -3.6374
-0.7462 -38.5823 -3.6374
-0.5731 -38.7776 -3.5731
-7.2619 -38.7513 -3.5847
-0.7431 -39.0131 -3.6469
-1.709 -37.7777 -3.9294
-8.2456 -34.8057 -3.4006
-0.7394 -34.1536 -3.6564
2.4057 -39.7154 -4.1459
-2.1996 -37.6496 -3.9429
-1.9478 -37.0951 -2.7171
-0.7238 -35.8986 -3.704
1.8503 -40.1032 -3.9371
-0.7175 -36.0201 -3.723
-5.4489 -38.4467 -3.7343
-0.7177 -38.1516 -3.723
-0.569 -36.5723 -4.17
-0.569 -36.8484 -4.17
-2.0038 -33.3614 -3.309
-0.5627 -36.9589 -4.1891
-0.5595 -36.4729 -4.1986
-7.8433 -31.6733 -3.3117
1.6833 -38.459 -3.7165
0.9005 -34.9373 -3.7034
-4.5598 -31.2921 -2.7092
-5.7314 -32.1568 -3.1018
-0.5342 -36.6055 -4.2747
-0.4899 -36.1747 -4.4078
-5.1525 -33.7924 -3.4976
3.8257 -34.2843 -3.7308
-4.2849 -34.8841 -3.5861
-1.6307 -39.2944 -3.5458
-0.4456 -36.0091 -4.541
-8.2252 -37.5203 -3.6114
2.8144 -38.6958 -3.9373
-8.022 -41.0946 -3.203
-2.7328 -37.1131 -2.7701
-1.2723 -36.7793 -1.7623
-1.2595 -35.9289 -1.8003
-3.3819 -37.9024 -3.795
-4.1204 -36.6191 -2.7198
3.8039 -36.703 -3.6646
0.4105 -29.936 -3.1404
-1.2565 -36.702 -1.8099
0.0189 -33.2928 -3.3176
-4.713 -38.5962 -3.5252
-6.4231 -30.0609 -3.2023
-1.2438 -36.3927 -1.8479
-5.5458 -36.9663 -3.5904
-0.4863 -35.2372 -2.3772
-1.0919 -35.0343 -2.3043
-1.076 -34.9018 -2.3519
-1.016 -35.4429 -2.5326
-8.6648 -36.162 -3.3967
-6.1998 -35.3979 -3.3698
-0.6462 -42.4251 -4.0431
-1.0163 -37.6076 -2.5328
-1.0036 -37.4198 -2.5708
0.613 -41.9627 -4.3068
-2.2759 -35.4293 -2.3468
-1.0004 -37.221 -2.5803
-0.766 -33.3555 -3.2839
-0.7249 -33.731 -3.4075
-4.2069 -38.1437 -3.7189
-8.0081 -39.7649 -3.5682
-0.6749 -38.7782 -3.5601
-2.08 -35.8874 -1.8218
-0.675 -39.3857 -3.5601
3.8101 -35.8747 -3.6835
-5.6593 -37.059 -3.647
-1.9212 -36.7322 -4.1334
-0.6717 -38.3585 -3.5696
-0.6681 -34.1176 -3.5788
3.8456 -39.8507 -4.192
-0.6588 -35.8957 -3.6074
-0.656 -38.8887 -3.6172
-1.1036 -35.8943 -1.883
-0.6522 -34.0292 -3.6263
0.1534 -38.4826 -3.8986
-2.2763 -40.2023 -3.3649
-0.6528 -38.5242 -3.6267
-5.8197 -37.4195 -3.3987
-5.0558 -37.0781 -2.7377
2.7716 -39.1322 -4.1068
2.6999 -34.3666 -3.594
3.3931 -36.2589 -3.6511
-0.6464 -38.3033 -3.6457
-0.6464 -38.4138 -3.6457
-0.6432 -38.0935 -3.6552
-0.6366 -35.6638 -3.674
2.8271 -38.8946 -3.9754
-0.6366 -35.7632 -3.674
-0.5065 -35.9716 -2.5982
-4.5546 -35.1057 -5.6204
-0.466 -36.7461 -4.1877
-5.8191 -39.1559 -3.6838
-0.466 -37.0222 -4.1877
1.2317 -37.0583 -3.6888
-2.6638 -40.9425 -3.5835
-0.4628 -36.6577 -4.1972
-0.447 -36.8234 -4.2448
-0.4439 -36.9228 -4.2543
-1.6424 -38.4021 -3.8135
-0.4407 -36.4479 -4.2638
-8.728 -33.6661 -3.2702
-2.5775 -32.626 -3.1864
-7.2572 -34.2603 -3.5434
-0.4312 -36.1607 -4.2923
-5.2279 -32.2325 -3.0436
-4.9701 -33.7037 -3.3257
-0.409 -36.238 -4.3588
-1.7653 -36.8315 -1.947
-2.7252 -36.3298 -4.3296
-0.4027 -36.1386 -4.3779
-1.4744 -37.329 -2.5953
3.9843 -38.6467 -4.2069
1.4719 -35.3223 -3.6537
-3.8609 -32.9004 -3.2956
-1.2022 -35.7296 -1.68
1.0771 -33.3651 -3.6204
-1.1674 -35.9063 -1.7847
-1.158 -36.8561 -1.8133
-1.1548 -36.9555 -1.8228
2.4585 -37.8141 -3.7271
-0.9492 -35.4314 -2.4409
-8.6336 -36.0039 -3.2984
-0.9462 -37.585 -2.4507
0.0325 -37.3942 -3.5192
-3.8075 -34.9287 -3.6403
-0.924 -37.3751 -2.5172
-0.9208 -35.4755 -2.5265
-0.9209 -37.4856 -2.5267
-0.4663 -38.0682 -3.7183
-0.9177 -37.2095 -2.5362
-7.4052 -35.5246 -3.5605
-1.6975 -35.446 -2.3617
-4.1195 -35.7071 -2.7283
-0.8924 -37.3089 -2.6123
-0.633 -33.4875 -3.3918
-0.6108 -33.863 -3.4584
-0.5953 -39.3961 -3.5066
-4.1639 -32.7586 -3.3298
-0.5763 -39.3298 -3.5637
-0.5731 -39.2304 -3.5732
-6.8721 -34.8525 -3.4358
-0.57 -39.5618 -3.5828
-4.2677 -31.4425 -2.7083
-8.5149 -33.3723 -3.4424
-2.0438 -33.5678 -3.3808
-0.5572 -36.0055 -3.6204
-4.1142 -37.4363 -2.7391
-0.554 -36.127 -3.6299
-5.4357 -30.9265 -2.9647
-0.5476 -34.1832 -3.6487
1.3733 -34.0414 -3.6477
-0.5478 -38.369 -3.6492
-5.2015 -35.9835 -2.8359
-0.5446 -38.2144 -3.6587
-0.5382 -35.7957 -3.6774
-5.1254 -37.1322 -3.7501
-0.5192 -34.1501 -3.7343
3.4853 -39.2071 -4.2222
-6.926 -31.8848 -3.1908
0.997 -42.6459 -3.9349
-8.0082 -41.9152 -3.821
-0.3833 -36.8007 -4.1436
-0.3833 -36.9442 -4.1436
-3.3952 -39.2973 -3.449
-0.3802 -36.6792 -4.1531
-3.9986 -41.339 -3.5559
-0.3644 -37.0657 -4.2007
-7.6925 -36.1022 -3.6005
-0.358 -36.7454 -4.2197
-0.358 -36.9774 -4.2197
-3.0415 -41.0268 -3.6121
-7.7871 -35.9174 -3.5752
1.1626 -34.4307 -3.6153
0.8965 -32.0433 -3.7968
-0.3485 -36.646 -4.2482
-0.1618 -39.928 -3.4953
-0.339 -36.381 -4.2767
-0.3359 -36.2374 -4.2862
-2.0032 -31.8128 -3.1021
1.5702 -37.6567 -3.5447
-0.3201 -36.5024 -4.3338
-8.0224 -37.2977 -3.1495
-0.3137 -36.1822 -4.3527
0.844 -38.7832 -3.7864
-7.8526 -35.5036 -3.4665
-0.3074 -36.3257 -4.3718
-4.392 -33.7923 -3.2666
-1.0961 -35.7056 -1.6994
-5.2492 -36.5878 -2.7084
-0.9064 -34.9655 -2.27
-0.8621 -35.1974 -2.4032
-0.8495 -35.4183 -2.4413
-4.6806 -32.6353 -3.6706
-4.1277 -35.6012 -2.7397
-0.843 -37.6271 -2.4607
0.4717 -33.2629 -3.3026
0.613 -42.1182 -4.5875
-0.8368 -35.2858 -2.4793
3.3482 -39.3725 -4.1077
-0.821 -35.4845 -2.5269
-7.3528 -32.4617 -3.369
-0.8209 -37.3179 -2.5272
-0.1326 -33.2328 -3.3763
-2.7311 -35.3206 -4.5861
-4.7675 -37.9198 -3.6495
-1.4128 -41.1711 -3.6933
-0.5524 -33.2535 -3.335
-4.482 -40.4789 -3.5225
-0.5524 -33.4081 -3.335
-8.0216 -39.3826 -1.3311
-0.5049 -33.905 -3.4777
-1.1553 -38.6983 -3.5563
-0.4951 -39.3388 -3.5072
-4.2589 -33.3849 -3.3943
-0.4857 -39.0185 -3.5357
0.613 -42.1631 -4.0921
-6.6846 -30.7411 -2.6828
-3.2844 -30.7927 -2.5944
-0.4825 -38.4 -3.5451
-0.4794 -38.3006 -3.5546
0.1523 -32.4335 -3.3114
-0.4669 -35.8267 -3.5922
-0.4667 -38.8307 -3.5927
-0.0908 -33.8674 -3.5657
-2.7509 -31.9145 -3.0713
-2.6627 -36.4887 -1.8057
-0.4604 -38.1349 -3.6116
-5.9848 -35.8017 -3.6181
-0.4604 -38.6098 -3.6117
3.6391 -37.4404 -3.8214
-0.4604 -38.9853 -3.6118
-3.6248 -34.4531 -3.8565
-0.4574 -35.9813 -3.6208
-0.4416 -35.893 -3.6683
2.9484 -37.0058 -3.757
-1.3109 -41.579 -3.8344
-0.4227 -34.1259 -3.7251
-0.2898 -37.0083 -4.1251
0.2227 -40.8786 -3.7646
-0.2803 -36.423 -4.1535
-0.2676 -36.688 -4.1916
1.663 -37.5091 -3.5503
-0.2676 -37.185 -4.1917
-0.2392 -36.1137 -4.2771
2.3982 -35.8041 -3.546
2.9841 -35.4726 -3.5847
-2.6651 -35.8218 -4.5103
-0.2392 -36.2021 -4.2771
-3.8475 -35.4282 -2.6805
-0.2297 -36.4119 -4.3057
-0.2203 -36.0254 -4.3341
0.2946 -37.3458 -4.146
-1.6981 -39.6775 -3.364
-0.2139 -36.18 -4.3532
-7.9264 -33.0705 -3.4249
-2.2145 -35.8723 -3.8276
-0.2139 -36.2794 -4.3532
-0.9056 -35.8036 -1.7011
-0.7094 -34.9973 -2.2906
-6.318 -35.3876 -3.2857
0.2286 -35.8551 -4.5268
-0.6778 -35.2182 -2.3857
-0.6526 -37.5153 -2.4623
-0.6147 -37.0735 -2.5764
3.5918 -33.9284 -3.6782
-1.3155 -33.153 -3.1981
-0.3519 -33.4178 -3.365
-0.3235 -33.5613 -3.4506
-4.7623 -31.3497 -2.7371
-3.8078 -38.6935 -3.4855
-0.3109 -33.9368 -3.4887
-0.3048 -39.2712 -3.5089
2.1321 -38.865 -3.9269
-0.3048 -39.3816 -3.509
-5.53 -29.7905 -3.1043
-1.7711 -37.7421 -3.8383
-0.2985 -38.8404 -3.5279
-4.0455 -33.0523 -3.2969
-0.2953 -38.6748 -3.5373
-0.2953 -39.0282 -3.5374
-3.5235 -40.043 -3.271
-6.8289 -36.8136 -3.6604
-3.0678 -30.8752 -2.5287
-0.2858 -38.2661 -3.5658
-6.8815 -35.6741 -3.4422
-0.2824 -33.8926 -3.5743
-0.6453 -36.0273 -2.5368
-0.2824 -33.992 -3.5743
1.2192 -33.3562 -3.7518
-6.9723 -40.8717 -3.5391
-5.8663 -35.045 -3.4962
-6.9724 -37.7503 -3.5449
-0.2795 -39.1496 -3.585
-0.2732 -38.73 -3.6039
1.2592 -38.1375 -3.7213
-1.6982 -39.636 -3.4527
-8.1711 -32.3132 -3.4855
-2.8182 -35.9556 -5.9243
-0.27 -38.8294 -3.6135
-0.2668 -38.1225 -3.6228
1.7434 -38.8897 -3.8973
-8.0209 -36.3545 -3.4818
-6.6526 -38.265 -3.855
-0.2571 -34.1245 -3.6505
1.4719 -42.2018 -4.1614
-4.9605 -30.8065 -2.9567
0.5879 -32.7801 -3.2062
-0.1023 -36.5542 -4.117
-0.0991 -37.1395 -4.1267
-0.0865 -36.6535 -4.1646
0.6136 -35.6012 -3.7931
-5.6665 -38.4125 -3.5708
-4.5796 -35.8405 -5.7586
-0.0738 -36.9849 -4.2027
-0.0707 -37.1726 -4.2123
-0.6209 -36.0503 -3.7216
1.2658 -33.4222 -3.6084
-0.0643 -36.267 -4.2311
-0.0611 -35.8584 -4.2405
-3.3982 -35.5968 -2.5793
3.0126 -33.8601 -3.67
-0.0548 -36.3664 -4.2597
2.065 -35.6943 -3.422
-3.1198 -39.4733 -3.4164
-0.0326 -35.8031 -4.3261
-0.0263 -35.527 -4.3451
-5.3697 -36.6231 -3.6026
-2.4744 -35.8131 -1.9558
2.05 -38.1251 -3.6794
-3.9049 -38.9029 -3.4358
-0.02 -35.3282 -4.364
0.1856 -34.9194 -4.9822
1.6888 -36.3266 -3.4413
-5.5037 -39.5572 -3.7633
-4.2668 -38.0267 -3.6129
0.2078 -34.9857 -5.0488
0.2235 -37.4375 -5.0969
-4.2552 -31.9474 -2.99
-7.753 -32.882 -3.448
0.2266 -37.305 -5.1063
-3.0367 -36.8145 -1.9515
-7.9676 -33.6525 -3.3408
-1.6015 -39.5923 -3.375
-0.5992 -35.0187 -2.338
-0.5929 -35.1402 -2.357
-3.1639 -30.8772 -2.5309
-7.5478 -40.124 -3.4822
-0.5645 -35.2396 -2.4426
-0.5456 -37.5699 -2.5001
-0.4499 -38.5581 -3.5071
-0.5424 -37.2717 -2.5095
-0.0411 -31.5816 -3.4845
-4.6243 -34.6018 -2.3649
-0.5203 -37.1502 -2.5761
-3.6225 -39.6041 -3.3026
-2.6629 -35.1964 -2.5779
-0.5171 -37.2385 -2.5856
-0.2292 -33.7816 -3.4506
-0.2197 -33.6932 -3.4791
-0.1979 -39.3147 -3.5466
-0.1979 -39.5577 -3.5467
2.8035 -35.2416 -3.6131
-0.1946 -38.4091 -3.556
-6.8717 -38.611 -3.6339
-7.28 -31.8049 -3.1112
-0.1884 -39.0607 -3.5751
-0.182 -38.5747 -3.594
2.4141 -36.5661 -3.5937
-0.1725 -38.133 -3.6225
-0.0423 -34.4438 -3.7671
3.6052 -39.4505 -4.2888
-3.1653 -36.981 -2.8812
-0.1662 -38.2545 -3.6415
3.9162 -39.1006 -4.1997
-0.1662 -38.7625 -3.6416
-0.1375 -34.1791 -3.7265
-6.1602 -38.3493 -3.7309
-0.0112 -36.5094 -4.1073
3.7547 -33.7001 -3.7142
-1.4076 -32.7133 -3.1403
-7.7371 -41.8984 -3.5314
-1.3109 -41.3928 -3.9069
0.0141 -36.4873 -4.1834
0.0173 -36.3548 -4.1929
0.0489 -36.2995 -4.288
0.0552 -36.3879 -4.307
0.0584 -35.8578 -4.3164
0.6135 -36.923 -3.4678
-0.0633 -35.2457 -3.994
-4.0595 -31.861 -2.9651
0.0774 -35.7363 -4.3735
0.0837 -35.6037 -4.3925
-0.1614 -36.7044 -2.4511
-3.4617 -38.3234 -3.8002
1.3754 -38.218 -3.5507
-6.7802 -34.5849 -3.5381
0.2324 -35.1177 -4.8394
2.0903 -36.865 -3.4984
-2.5178 -33.6448 -3.5112
0.2577 -35.5153 -4.9156
0.5156 -40.6129 -3.6435
-6.8915 -35.8496 -3.4859
0.283 -35.1287 -4.9916
0.2924 -37.2713 -5.0205
-2.8494 -38.3369 -4.0486
-4.6419 -37.936 -3.5762
0.2761 -33.7395 -3.6201
0.3019 -35.0625 -5.0487
-1.1801 -36.6452 -1.9036
-6.9724 -38.375 -3.53
1.3752 -42.1941 -4.0543
0.3018 -37.3597 -5.0491
-1.082 -36.421 -1.8772
-5.056 -38.3287 -3.6819
0.3051 -34.952 -5.0582
0.3113 -37.4811 -5.0776
-3.4034 -37.9675 -3.8583
0.324 -37.1056 -5.1156
-5.5344 -35.9472 -2.7513
0.3303 -37.3928 -5.1347
-0.4957 -35.0826 -2.3487
-0.4673 -35.3145 -2.4343
2.7463 -39.088 -4.0307
-3.3047 -39.3724 -3.4373
-0.4452 -36.1207 -2.5011
-4.1595 -36.322 -5.2009
-3.8393 -38.3307 -3.5669
-3.8079 -40.8442 -3.5694
-0.4452 -37.5344 -2.5015
0.9969 -35.3025 -3.7091
-0.4357 -37.1036 -2.5299
-0.4262 -37.192 -2.5585
2.3587 -34.5886 -3.7164
-0.1445 -33.4257 -3.4039
-0.1414 -33.6687 -3.4135
-7.5478 -39.3546 -3.4808
-0.1069 -39.4668 -3.5197
-3.2372 -34.8534 -3.9043
-0.1003 -33.768 -3.5371
-4.7992 -32.2907 -3.1838
-4.8635 -32.7818 -3.4027
-3.1823 -38.1955 -3.8057
-0.0878 -38.4176 -3.5765
-0.4389 -35.2017 -3.8772
-0.0879 -38.7931 -3.5766
-5.4746 -31.8906 -3.1621
-0.0847 -38.6937 -3.5861
-0.0847 -38.9698 -3.5862
0.1171 -35.9181 -3.4874
-0.1181 -34.5176 -3.7181
2.5029 -38.6534 -3.8604
-2.2779 -36.3842 -4.5285
-0.0847 -39.0692 -3.5862
1.0519 -34.3259 -3.5444
-0.0815 -38.5943 -3.5956
-2.5448 -35.691 -1.8659
-0.0815 -38.8815 -3.5957
-0.0816 -39.4999 -3.5958
0.997 -40.4336 -3.657
3.2471 -37.5282 -3.8031
-8.7373 -33.4875 -3.2777
-4.4534 -35.0674 -3.4476
-0.0625 -38.2078 -3.6525
-0.0433 -34.1324 -3.7084
0.1938 -35.9324 -4.4222
1.6363 -33.2682 -3.5729
-6.8541 -37.8201 -3.8259
0.2824 -35.7888 -4.6885
-6.4902 -35.5298 -3.3711
0.3077 -35.6342 -4.7646
0.3425 -35.4795 -4.8691
-3.8837 -39.1149 -3.434
1.0742 -37.1974 -3.6115
1.3732 -37.2221 -3.648
0.8077 -40.5624 -3.6447
0.3647 -35.5347 -4.9357
0.371 -35.3359 -4.9547
-3.12 -33.2813 -5.2015
-6.4904 -38.6628 -3.607
-3.0324 -31.0652 -2.7103
-4.485 -34.4379 -3.3524
0.0323 -35.5538 -3.873
0.3836 -35.4243 -4.9927
-8.0771 -33.1583 -3.5834
-3.3196 -34.3495 -3.6769
-3.45 -38.929 -3.5736
-8.0227 -34.5292 -3.1674
-4.9004 -37.3487 -3.6891
-4.5889 -33.9367 -3.2966
-5.0559 -39.2447 -3.3878
-4.8054 -32.5017 -3.7323
-3.073 -33.3874 -5.3473
-1.4122 -37.0587 -3.3618
-6.0649 -36.0344 -3.605
-4.0206 -37.2421 -2.8823
-0.4053 -35.1635 -2.3374
-7.8722 -34.0211 -3.3736
-0.3863 -35.3955 -2.3945
-0.4998 -36.3833 -2.6204
-0.38 -35.2629 -2.4135
-0.38 -35.5611 -2.4135
-0.3768 -35.771 -2.4231
-0.2583 -31.2022 -3.007
1.5703 -39.1883 -3.9225
-2.8489 -35.6591 -1.8143
-4.6277 -35.9261 -2.8257
-3.0593 -37.6781 -3.9522
-6.3364 -37.7659 -3.7244
-0.3736 -35.9256 -2.4326
-8.6949 -32.7413 -3.0921
-4.6727 -35.4019 -5.6966
-0.3704 -36.29 -2.4421
3.5348 -35.5298 -3.5072
-1.6052 -35.3741 -6.2262
-0.3609 -36.4667 -2.4707
3.7231 -33.667 -3.6191
-0.3547 -35.6715 -2.4896
-0.3514 -36.7428 -2.4993
-0.3572 -34.6523 -3.8606
-0.3483 -35.8814 -2.5087
-0.3483 -36.1464 -2.5087
1.8438 -38.2916 -3.6306
-7.4276 -34.0617 -3.4773
-0.3483 -36.2348 -2.5087
-0.342 -36.3894 -2.5278
-0.3388 -36.9085 -2.5373
-8.6454 -36.3935 -3.4785
-4.3595 -32.8449 -3.3548
-6.6166 -38.506 -4.0326
-0.3261 -36.787 -2.5754
-0.1089 -30.9561 -3.3464
-0.0672 -33.5068 -3.3549
-0.0545 -33.6062 -3.393
-0.0098 -38.819 -3.5267
0.8598 -39.0261 -3.8341
-8.7799 -32.5571 -3.6137
0.3726 -33.8835 -3.6269
-0.0066 -39.062 -3.5363
-0.0039 -33.9706 -3.5452
-0.000299998 -38.3551 -3.5552
-0.000299998 -39.1614 -3.5553
0.0092 -38.4766 -3.5838
0.0123 -38.6202 -3.5933
2.376 -35.4728 -3.4793
-5.0452 -32.8082 -3.3769
0.0124 -38.8852 -3.5933
0.0156 -39.57 -3.6029
0.0186 -38.2668 -3.6123
-7.2522 -33.3915 -3.4452
0.0313 -38.0901 -3.6503
0.1128 -38.1014 -3.712
-1.3108 -34.4063 -3.8722
0.0499 -34.1804 -3.7069
-8.4176 -35.1629 -3.3596
0.0221 -33.5137 -3.3272
0.3837 -35.115 -4.9927
3.2859 -34.9772 -3.6225
-3.0573 -32.8309 -3.2141
0.0505 -33.6904 -3.4128
-2.7567 -40.631 -3.5641
0.0885 -34.0217 -3.527
-6.9722 -41.6766 -3.4885
1.5068 -33.6328 -3.7623
0.0956 -39.4333 -3.5473
-0.4381 -37.5349 -3.8497
0.0987 -38.3841 -3.5565
0.1019 -38.6492 -3.5661
-6.0944 -36.5853 -3.7373
-3.5237 -40.9497 -3.5172
0.1145 -38.8038 -3.6042
-0.3869 -30.9348 -2.8115
-6.2293 -37.8062 -3.5522
0.1304 -39.2234 -3.6518
0.1328 -34.1431 -3.6602
-6.3411 -35.239 -3.4899
0.155 -34.3198 -3.7268
0.1582 -34.5517 -3.7364
0.1903 -37.7103 -3.8322
-0.0633 -34.5087 -3.8862
-3.2345 -31.2767 -2.7577
0.1993 -34.6842 -3.86
1.5702 -37.1941 -3.6343
0.2246 -34.7284 -3.9361
0.2409 -37.7324 -3.9844
-2.0855 -31.6043 -3.0528
0.2501 -35.7996 -4.0125
-3.2547 -37.7996 -3.9597
0.9617 -37.4344 -3.696
0.2533 -35.899 -4.022
0.2565 -36.5838 -4.0317
0.2595 -35.3026 -4.0409
-0.1317 -36.7268 -3.4637
-7.8364 -37.1709 -3.5865
0.2659 -35.6119 -4.06
0.5673 -37.7106 -3.7414
0.5284 -39.4686 -3.6984
0.2691 -35.7113 -4.0695
0.2723 -35.9763 -4.0791
2.449 -37.0631 -3.6984
-2.5862 -36.8966 -1.8428
0.2723 -36.4181 -4.0792
1.9409 -34.1945 -3.63
0.1064 -30.9146 -3.285
0.2725 -37.4452 -4.0794
3.8034 -39.4394 -4.3163
0.2756 -36.8819 -4.0888
-1.983 -36.1057 -1.6872
0.2851 -37.2243 -4.1174
0.2882 -36.5837 -4.1268
0.2912 -35.6339 -4.1361
-6.7801 -36.665 -3.557
-8.5648 -32.6881 -3.508
0.3102 -35.9652 -4.1932
-3.6293 -36.7131 -2.7449
-2.6636 -38.4837 -3.6007
2.4756 -33.7381 -4.0681
-8.4019 -38.4504 -3.6398
3.5948 -37.1754 -3.6882
0.5883 -34.6618 -5.0299
0.6042 -34.7833 -5.0775
-3.8173 -38.4652 -3.7197
-2.7563 -35.2751 -2.6177
0.1287 -33.5703 -3.3765
-3.1998 -33.6033 -3.4035
0.135 -33.3052 -3.3955
0.1477 -33.4377 -3.4336
-7.9152 -41.8146 -3.538
0.1762 -33.9789 -3.5193
0.1856 -33.7801 -3.5478
-4.337 -35.5624 -2.7857
0.1985 -38.7389 -3.5869
-1.9059 -35.9406 -1.9771
0.2048 -38.4518 -3.6059
-6.2864 -36.1054 -3.3809
0.208 -38.8714 -3.6155
0.0326 -38.5126 -3.4999
0.2143 -38.5512 -3.6344
0.2143 -39.0371 -3.6346
-0.3916 -30.3483 -2.767
-6.9185 -30.6762 -3.0529
0.2236 -34.1003 -3.662
-5.8261 -37.1405 -3.6517
0.249 -37.2148 -3.7388
0.2521 -34.3212 -3.7476
-0.1617 -38.9866 -3.4243
0.2553 -37.0381 -3.7577
0.9858 -34.6443 -3.6318
1.5702 -37.441 -3.6322
0.2617 -37.6676 -3.7769
-4.2335 -36.1879 -2.8272
0.9858 -37.7035 -3.6325
0.2648 -36.9387 -3.7863
0.2007 -34.6192 -3.6477
-5.8675 -36.5343 -3.6452
0.2712 -37.3915 -3.8054
0.2743 -37.1706 -3.8148
0.2932 -34.6635 -3.8713
0.3059 -36.1214 -3.9097
0.3153 -35.3372 -3.9381
0.3281 -36.8834 -3.9765
0.3311 -35.0059 -3.9856
0.3312 -35.7127 -3.9857
0.3343 -34.8181 -3.995
-5.189 -38.3625 -3.5275
2.393 -39.2737 -4.1077
0.3438 -35.2599 -4.0237
0.3533 -36.6846 -4.0525
-5.4534 -32.3931 -3.1551
-1.0419 -36.9818 -2.5839
0.3596 -35.8673 -4.0714
-1.0501 -36.7964 -1.829
0.3628 -36.8171 -4.0811
0.366 -36.5189 -4.0905
0.3722 -34.9727 -4.1092
0.3786 -36.4195 -4.1285
0.3881 -36.6404 -4.1571
0.3944 -34.8181 -4.1757
-4.3822 -35.0794 -3.5099
0.4134 -36.3753 -4.2332
2.4708 -34.2578 -3.7644
0.426 -36.2649 -4.2712
-7.644 -37.7253 -3.59
-1.803 -39.093 -3.6127
3.5885 -37.076 -3.6691
-2.8386 -37.9234 -3.8918
0.4893 -35.9777 -4.4613
0.4956 -36.0881 -4.4804
3.8899 -39.3426 -4.3252
0.4956 -36.1985 -4.4804
-1.6234 -30.8932 -2.7762
1.472 -37.8454 -3.5931
0.4988 -35.8451 -4.4898
-6.339 -37.999 -3.754
-6.0598 -38.4788 -3.8309
0.2344 -33.6598 -3.4121
-1.7928 -36.027 -1.7272
0.2439 -33.3837 -3.4406
0.247 -33.472 -3.4501
0.2597 -33.1628 -3.4881
-6.336 -37.0091 -3.6494
-2.08 -35.6329 -1.7604
0.2629 -33.9911 -3.4977
0.2723 -33.7923 -3.5262
0.2821 -38.2542 -3.5553
0.2853 -38.0885 -3.5648
3.7164 -34.961 -3.466
-4.5282 -39.1986 -3.5058
-7.2467 -31.836 -3.5255
-6.0117 -30.4167 -2.913
-0.9288 -34.4747 -3.8926
-2.6638 -41.0281 -3.6298
0.2853 -38.707 -3.5649
0.298 -39.4248 -3.6031
-0.7391 -34.357 -3.8524
-7.7378 -38.1288 -3.5308
0.301 -36.3766 -3.6122
0.3041 -36.2883 -3.6217
0.3074 -37.6578 -3.6314
1.4648 -39.8175 -3.9241
0.3105 -36.8294 -3.6408
0.3106 -38.9499 -3.641
1.2208 -31.4974 -3.0354
0.3106 -39.226 -3.6411
0.3136 -36.476 -3.6502
0.3136 -36.5754 -3.6502
0.3137 -38.0333 -3.6504
0.3166 -34.1899 -3.6594
1.9094 -33.4546 -3.5347
0.3169 -38.8174 -3.66
-3.4854 -37.6095 -2.7542
-0.6462 -42.0207 -3.9795
0.3265 -39.3696 -3.6887
-2.7567 -40.9923 -3.6161
-5.5783 -32.7441 -3.264
0.3294 -36.2441 -3.6978
-4.7673 -33.0531 -3.4326
0.3296 -39.6899 -3.6982
0.3483 -34.466 -3.7546
0.3548 -37.2049 -3.774
0.3642 -37.2933 -3.8025
0.3672 -34.5875 -3.8117
0.3767 -34.8415 -3.8402
-3.042 -37.0502 -3.4245
0.3831 -35.5372 -3.8594
0.3863 -35.9901 -3.8689
-3.736 -34.4884 -3.5939
0.3926 -35.4047 -3.8879
0.8223 -33.4599 -3.7182
0.4052 -35.1507 -3.9259
-6.0501 -36.9304 -3.6533
-3.5792 -38.9512 -3.4896
0.4084 -35.482 -3.9354
-2.781 -32.0386 -3.1636
0.5506 -38.9716 -3.7649
-6.0142 -35.9925 -3.4487
-4.3176 -33.9325 -3.3493
0.4115 -34.9408 -3.9449
-5.2492 -41.3359 -3.4373
2.9625 -38.8087 -4.0892
0.4305 -35.1286 -4.002
-3.8604 -38.1927 -3.8076
0.478 -36.5643 -4.1448
0.4938 -36.4759 -4.1924
-7.0737 -34.8955 -3.4348
-4.0282 -36.9711 -2.8762
-1.8898 -32.9289 -3.1615
0.5286 -36.5091 -4.297
0.3176 -36.2656 -3.3764
1.2819 -34.9071 -3.6963
2.0315 -34.3038 -3.6216
0.3303 -33.4493 -3.4138
0.3429 -36.2435 -3.4525
-8.0225 -36.7375 -3.2667
-4.0214 -38.3764 -3.7505
-2.9423 -36.2664 -5.2805
0.3651 -34.0125 -3.5186
0.3682 -34.1119 -3.5281
1.6426 -33.467 -3.592
0.387 -38.386 -3.5861
-7.9436 -36.2892 -3.5347
-4.8654 -38.8221 -3.3439
0.3934 -37.7013 -3.605
-7.7926 -34.9866 -3.4992
0.3965 -37.878 -3.6145
-1.8314 -39.093 -3.5271
0.3999 -33.0848 -3.623
0.3998 -34.2444 -3.6233
0.3996 -39.137 -3.6243
0.4061 -35.8569 -3.6426
0.4091 -39.0486 -3.6528
0.4123 -37.6129 -3.662
0.2292 -35.5153 -4.83
0.4188 -34.4101 -3.6804
2.4903 -38.7638 -3.8224
-0.2137 -39.392 -3.4991
0.4186 -39.2253 -3.6814
0.4281 -39.137 -3.7099
0.4344 -39.645 -3.729
0.7748 -34.0673 -3.5758
-4.143 -35.947 -2.8139
-6.1477 -32.6783 -3.7444
0.4377 -35.8458 -3.7377
0.927 -37.3746 -3.7826
3.1555 -35.8054 -3.5269
-4.7498 -31.373 -3.2223
0.9901 -32.0428 -3.702
-8.4394 -32.7039 -3.7103
0.4409 -34.642 -3.747
0.4504 -35.5255 -3.7757
-7.11 -37.9063 -3.7559
0.4533 -39.7444 -3.7861
3.7909 -34.3947 -3.6262
0.482 -34.8849 -3.8707
-5.4895 -32.4499 -3.2565
-3.2801 -31.3441 -2.8853
-8.3217 -38.4995 -3.9636
0.4242 -33.4496 -3.3832
-3.5236 -40.2135 -3.3865
-2.3347 -33.4095 -3.4659
0.4495 -33.7588 -3.4593
0.9763 -38.1232 -3.6041
-7.8353 -30.652 -2.6954
0.478 -33.9576 -3.545
-6.3956 -29.6848 -3.0922
0.4842 -37.2046 -3.5647
0.4875 -33.8692 -3.5735
0.4937 -37.9335 -3.5934
3.041 -36.9414 -3.7562
-1.7133 -38.413 -3.5912
0.8629 -39.755 -3.8438
1.188 -34.4254 -3.696
-1.7586 -35.783 -1.7389
0.4969 -35.8461 -3.6025
-0.4888 -39.1289 -3.5262
-7.6806 -30.8917 -2.8035
0.5 -37.304 -3.6123
0.5063 -38.806 -3.6317
0.5095 -39.5349 -3.6414
1.2209 -36.0564 -3.6317
-0.3408 -36.2015 -3.4612
4.1268 -40.4247 -4.6352
0.5127 -37.8451 -3.6505
0.5158 -39.0048 -3.6603
-0.1059 -37.5185 -3.7231
0.5191 -35.4927 -3.669
1.0806 -38.335 -3.6307
0.5222 -36.8732 -3.6788
0.9618 -33.2093 -3.2839
-0.4673 -35.4912 -2.4344
-7.8506 -33.202 -3.4798
0.5221 -38.9164 -3.6793
-7.0743 -40.1798 -3.5853
0.5254 -36.7297 -3.6883
-4.1085 -33.4859 -3.2535
-5.4214 -34.9826 -3.4204
0.5253 -38.563 -3.6887
0.5284 -39.314 -3.6984
-5.4132 -31.5402 -2.7072
0.5379 -38.6955 -3.7268
0.5475 -35.3381 -3.7545
-6.5421 -38.0527 -3.7901
0.5602 -34.9184 -3.7925
3.8957 -37.8736 -3.9405
0.7243 -33.3495 -3.4234
-7.2445 -37.3783 -3.8144
-6.11 -40.0102 -3.5942
0.7273 -36.1768 -3.4337
1.984 -36.1233 -3.5245
-4.8679 -37.8551 -3.6523
0.7433 -33.6477 -3.4805
0.743 -36.7842 -3.4815
0.3328 -39.1377 -3.7076
0.7464 -34.1889 -3.4902
0.7494 -36.1105 -3.5003
0.7493 -36.9168 -3.5005
0.7652 -35.8565 -3.5478
0.7685 -33.979 -3.5567
-2.1085 -34.0347 -3.5984
1.348 -34.6157 -3.5717
-2.4691 -39.4665 -3.3134
-2.9431 -36.4036 -1.9347
1.7141 -35.1007 -3.5172
0.7683 -37.1155 -3.5577
1.1879 -41.6023 -3.9847
-5.319 -32.663 -3.3276
0.7717 -34.1557 -3.5663
0.7779 -34.8625 -3.5855
1.2821 -39.1902 -3.8298
0.7843 -34.7521 -3.6045
0.7842 -35.7902 -3.6048
0.7872 -37.6567 -3.6149
0.7903 -38.5071 -3.6246
-6.0182 -33.7916 -3.5095
0.5162 -36.7604 -3.3585
1.9793 -41.1295 -3.9088
0.1264 -41.7478 -4.1983
0.7936 -37.1597 -3.6338
-7.7619 -36.5797 -3.5725
0.7969 -34.9619 -3.6426
-6.2575 -34.1415 -3.4358
0.7967 -38.0653 -3.6435
0.8001 -34.5201 -3.652
0.7999 -37.3585 -3.6528
0.5153 -42.6556 -3.9291
0.8064 -35.3043 -3.6712
-6.0141 -37.5987 -3.4619
1.1059 -36.2829 -3.4096
0.8062 -37.2591 -3.6718
0.8158 -35.7571 -3.6999
-4.7602 -37.0068 -3.6683
-8.0224 -37.1031 -3.1813
0.8381 -33.1396 -3.7657
0.8697 -33.3384 -3.8609
-3.905 -34.0898 -3.3658
0.8693 -39.3464 -3.8627
-6.7799 -41.0548 -3.5341
0.8756 -39.501 -3.8818
0.7306 -33.2501 -3.4424
-6.115 -33.3031 -3.4706
1.4719 -40.1819 -3.9203
-8.0224 -37.8748 -3.26
0.7401 -33.7802 -3.4711
0.7462 -36.0222 -3.4907
0.7494 -35.9338 -3.5002
0.7494 -36.3314 -3.5004
-5.3427 -39.3516 -3.5044
0.7557 -36.4198 -3.5194
0.7622 -33.3274 -3.5375
0.7716 -34.5202 -3.5664
0.7749 -33.6366 -3.5756
0.7937 -35.0834 -3.6331
0.5154 -42.58 -4.024
0.7937 -35.3816 -3.6332
-2.3726 -38.2193 -3.9836
0.797 -33.3605 -3.6421
0.7969 -35.2159 -3.6427
-8.8125 -31.65 -3.3499
-8.0564 -35.2761 -3.4705
-3.4828 -38.1168 -3.836
0.803 -38.3083 -3.6626
0.8314 -38.5402 -3.7483
0.1265 -42.1959 -4.1047
-8.695 -33.5145 -3.4814
0.8408 -39.3795 -3.7771
-6.4175 -35.6412 -3.4779
-1.6283 -33.949 -3.5545
0.844 -39.4789 -3.7866
0.8567 -39.2249 -3.8246
-7.3803 -33.1337 -3.508
0.8788 -38.8163 -3.8911
-7.609 -37.4449 -3.7701
0.613 -42.086 -4.2326
-0.1692 -34.1571 -3.6313
-4.0681 -32.8555 -3.3376
-1.4126 -32.8011 -3.1622
0.8977 -39.6335 -3.9484
-0.5758 -31.339 -3.0963
-3.8657 -31.1581 -2.6347
0.9036 -33.297 -3.3842
-4.0504 -37.9813 -3.7891
-8.2395 -36.9444 -3.5931
0.9162 -36.2347 -3.4229
-0.3247 -31.4655 -3.2094
0.9258 -33.2197 -3.4507
2.0436 -38.3901 -3.6604
-5.1164 -32.485 -3.5347
-4.4963 -36.3177 -2.7722
-2.1315 -32.8311 -3.2942
0.9321 -36.0028 -3.4704
-7.5252 -35.4677 -3.6193
0.9352 -34.059 -3.4795
-0.9701 -35.1095 -2.4699
-7.3536 -39.8413 -3.5139
-0.9285 -37.6987 -2.4838
-4.6275 -34.5225 -3.4564
0.9384 -33.9486 -3.489
-6.6837 -42.0039 -3.6021
0.9384 -34.2578 -3.489
-3.5386 -37.1099 -2.847
0.9447 -34.3572 -3.5081
-4.9961 -36.5766 -2.8501
0.9573 -37.074 -3.5468
0.9605 -34.6222 -3.5557
0.9858 -34.9204 -3.6318
2.3423 -39.1301 -3.9555
-7.3538 -37.531 -3.5784
3.9875 -39.221 -4.2165
-7.701 -38.446 -3.8511
0.9858 -37.8471 -3.6325
0.9922 -35.7266 -3.6511
-2.9842 -38.5166 -3.5496
-5.6211 -37.526 -3.591
0.9984 -38.3883 -3.6707
1.0111 -38.2999 -3.7087
1.0427 -37.2838 -3.8036
0.9499 -33.644 -3.8106
1.0459 -38.6975 -3.8135
1.049 -39.4706 -3.8231
1.0617 -39.7798 -3.8613
1.0649 -38.7969 -3.8705
1.068 -38.9404 -3.8801
-2.8272 -33.4687 -5.2056
1.068 -39.6804 -3.8803
1.0743 -39.581 -3.8993
-7.9834 -34.1634 -3.4325
1.0933 -39.835 -3.9564
-7.8004 -35.4967 -3.5695
1.1091 -39.2165 -4.0038
1.1882 -39.2938 -4.2416
-0.6461 -41.7868 -4.0313
1.2167 -39.3048 -4.3272
-0.1119 -36.5649 -3.3951
-1.4956 -33.804 -3.3933
1.0204 -36.0599 -3.4496
1.0296 -33.2988 -3.4777
1.0329 -34.0388 -3.4873
1.6361 -35.5765 -3.5733
-7.0947 -30.8397 -2.7771
1.0362 -36.7446 -3.4973
2.4193 -39.0063 -3.8983
1.0423 -33.8731 -3.5158
1.0424 -34.1382 -3.5159
1.8406 -38.8777 -3.8983
-6.3395 -32.6969 -3.2374
1.0425 -36.1151 -3.5162
-7.9411 -31.2043 -3.2813
1.0408 -37.5256 -3.7375
-0.4336 -37.3162 -3.8165
-7.9151 -42.5508 -3.6687
1.0456 -35.7948 -3.5256
1.0488 -35.9052 -3.5352
-2.9458 -39.1807 -3.3924
1.0518 -33.9615 -3.5444
-0.3642 -35.1041 -3.9235
1.0521 -37.9153 -3.545
-3.7477 -35.8987 -5.8614
-6.0141 -37.616 -3.3743
1.0582 -34.0609 -3.5634
3.4245 -33.3321 -3.7458
-6.8713 -41.7072 -3.5059
1.0614 -35.3199 -3.5731
-3.3319 -39.69 -3.225
1.0614 -35.4303 -3.5731
1.0616 -37.3852 -3.5734
0.1241 -32.0869 -3.3525
1.0647 -37.2968 -3.5829
1.0677 -34.4143 -3.592
1.0743 -37.7496 -3.6115
-4.5994 -34.2773 -3.3577
1.0772 -34.5799 -3.6206
1.9376 -37.2869 -3.6211
-4.454 -35.4843 -2.5848
1.0772 -35.5408 -3.6207
-7.4154 -33.3329 -3.3738
0.7082 -37.2428 -3.5521
1.0806 -38.0588 -3.6306
-7.4531 -32.9969 -3.4411
1.087 -38.4343 -3.6497
1.1091 -38.2908 -3.7163
1.1091 -38.3791 -3.7163
1.1123 -38.4785 -3.7258
1.1152 -35.6512 -3.7349
0.2173 -31.2461 -3.2736
1.1213 -33.4424 -3.7535
-3.3319 -40.3497 -3.3272
2.9548 -37.7237 -3.7762
1.1376 -38.7215 -3.8019
-6.2042 -40.7848 -3.4344
1.1629 -39.2737 -3.8781
1.1661 -39.5166 -3.8876
-2.2683 -38.7106 -3.6663
1.1724 -39.362 -3.9066
-5.3538 -34.5193 -3.3272
1.185 -39.0417 -3.9446
-5.5446 -37.524 -3.642
1.2672 -39.2184 -4.192
-7.0328 -34.7139 -3.4876
-2.6344 -31.1366 -2.9439
-4.7769 -31.0454 -2.7464
-0.0345 -30.1002 -3.065
-2.9459 -35.2138 -2.5924
1.1122 -36.3934 -3.4286
-1.6019 -41.8062 -3.753
-7.8011 -31.407 -3.4324
1.1185 -36.1946 -3.4476
1.1217 -36.4928 -3.4571
1.1218 -36.6363 -3.4571
2.2536 -37.3079 -3.6889
1.1276 -33.7427 -3.476
1.128 -36.0068 -3.4761
1.1281 -36.9345 -3.4762
1.134 -33.9747 -3.495
1.1372 -34.3612 -3.5045
1.1434 -33.6654 -3.5235
-4.4344 -39.1427 -3.5053
1.1466 -33.8532 -3.533
1.1469 -35.819 -3.5332
-4.3248 -37.7217 -3.7376
1.147 -36.4375 -3.5332
-4.8654 -38.2777 -3.4191
1.1498 -34.052 -3.5426
-1.2481 -37.1475 -2.6426
-7.2619 -39.9585 -3.6665
1.1563 -34.9576 -3.5616
1.9038 -39.8275 -4.0887
1.1563 -35.2779 -3.5617
1.1563 -35.3662 -3.5617
-5.3052 -37.2507 -3.7373
1.1566 -37.0008 -3.5618
1.1596 -35.6976 -3.5712
1.1599 -37.6855 -3.5713
-0.4741 -36.0091 -4.4554
1.1657 -34.7698 -3.5902
1.1693 -37.1223 -3.5998
1.6983 -36.2382 -3.4698
-2.3553 -37.5702 -2.5372
1.1693 -37.2548 -3.5998
-6.4631 -35.8977 -3.6243
1.172 -34.2066 -3.6092
-5.0559 -40.333 -3.5527
-3.4333 -32.2086 -3.1283
-1.9833 -34.2634 -3.7867
1.1756 -37.3431 -3.6189
-6.4905 -42.503 -3.6734
1.1757 -37.807 -3.6189
-4.1318 -38.4603 -3.7994
-5.4101 -31.438 -2.6889
-0.0633 -34.9146 -3.9041
-3.0134 -30.8548 -2.6391
1.1789 -38.1604 -3.6284
2.8555 -38.8836 -4.061
1.1884 -38.061 -3.657
1.1915 -37.4977 -3.6664
-8.5834 -35.5027 -3.3791
-8.2712 -31.2911 -3.1251
1.1939 -33.0469 -3.6757
1.2006 -35.554 -3.6948
1.2043 -38.3923 -3.7045
0.3082 -30.3628 -3.4542
-5.4183 -35.2366 -3.43
1.2359 -38.6905 -3.7997
0.421 -35.8023 -3.9735
1.2518 -38.8893 -3.8472
0.5154 -42.0176 -4.2096
1.2582 -39.2979 -3.8663
-7.4098 -37.0094 -3.7177
-4.5227 -31.2671 -3.1181
1.2582 -39.5961 -3.8663
1.2635 -33.3341 -3.8849
-4.6571 -31.3508 -2.7142
1.2802 -38.9335 -3.9328
-7.0483 -37.0002 -3.7521
1.2803 -39.1323 -3.9329
-3.3652 -31.5461 -3.1314
1.2866 -39.32 -3.9519
0.6847 -36.6766 -3.5809
-6.2169 -37.035 -3.5597
-3.442 -31.336 -2.8066
-5.6235 -35.5041 -3.4008
1.3087 -39.1322 -4.0185
1.2155 -36.1059 -3.4565
-5.3079 -31.679 -2.9549
2.124 -39.33 -4.1826
1.2218 -36.636 -3.4756
1.472 -36.3367 -3.4063
1.2219 -36.8569 -3.4756
1.2405 -33.5768 -3.5323
1.2408 -36.2716 -3.5326
1.2469 -33.8198 -3.5514
-5.4205 -38.119 -3.6268
-4.5045 -35.9158 -2.7549
1.247 -34.7696 -3.5515
1.2501 -34.5266 -3.561
1.2566 -37.0667 -3.5803
0.6136 -35.7382 -3.7457
-6.9162 -36.502 -3.6151
-8.2353 -35.7312 -3.4634
1.2595 -33.3007 -3.5893
-5.2009 -36.4103 -2.876
-3.3665 -32.8463 -3.2614
1.2628 -35.0788 -3.5991
1.2658 -33.5436 -3.6084
1.8504 -42.4614 -4.0394
0.1144 -38.2184 -3.6041
2.2283 -37.6834 -3.6129
-5.0559 -39.5628 -3.4281
1.269 -33.7424 -3.6179
-8.314 -33.3859 -3.4436
3.6114 -35.8086 -3.4879
-3.4603 -35.256 -2.7253
1.269 -34.14 -3.618
1.2691 -34.7033 -3.618
1.2756 -37.2655 -3.6374
-6.0142 -34.9566 -3.4596
1.2788 -37.5306 -3.6469
-3.6229 -41.5588 -3.4641
-6.4905 -42.6097 -3.6639
1.282 -37.376 -3.6564
-6.11 -39.7096 -3.6126
-3.4632 -32.7353 -3.2593
-3.713 -33.7227 -5.3035
1.2852 -37.9061 -3.666
1.2852 -38.2153 -3.666
1.2852 -38.4362 -3.666
0.5464 -29.7522 -3.0215
1.2884 -38.0607 -3.6755
1.2911 -33.0687 -3.6844
1.3006 -34.0958 -3.7131
1.3069 -33.3227 -3.732
1.3168 -38.4583 -3.7612
1.339 -38.5356 -3.8277
3.7782 -38.8982 -4.2401
-7.3453 -32.33 -3.3363
1.3453 -38.6571 -3.8468
-1.6981 -39.1689 -3.5336
1.3416 -36.9019 -3.5529
1.3612 -39.651 -3.8945
0.213 -36.6239 -3.5589
1.3702 -34.1289 -3.9223
-6.6366 -36.8907 -3.6782
-0.9089 -35.7513 -4.8766
1.3707 -39.7394 -3.923
-0.0627 -42.5469 -3.8689
1.3765 -34.2283 -3.9414
-6.4902 -35.055 -3.3883
1.377 -39.0767 -3.9419
1.3801 -38.9773 -3.9514
1.3892 -33.9522 -3.9794
1.4181 -39.4522 -4.0656
-5.5763 -38.5744 -3.5443
0.4685 -34.0901 -3.5165
-6.0214 -38.2715 -3.7085
1.4718 -39.2644 -4.2273
1.4782 -39.4522 -4.2464
-4.8359 -34.0581 -3.4394
1.3068 -35.9521 -3.4481
3.5538 -35.1654 -3.5642
-1.6848 -38.3909 -3.6767
-5.7485 -38.3579 -3.7532
1.31 -36.1398 -3.4577
-0.9287 -36.9578 -3.4132
3.0126 -34.5228 -3.6702
-8.2926 -33.51 -3.399
1.3226 -35.7533 -3.4957
-7.5383 -34.1835 -3.5285
1.472 -37.9431 -3.5658
0.223 -37.0518 -3.4329
1.3258 -36.3386 -3.5053
1.3258 -36.6037 -3.5053
-8.0081 -41.6535 -3.5269
-6.1285 -35.8597 -5.5453
1.3321 -35.5987 -3.5242
-1.2688 -37.5672 -4.0184
-8.5987 -37.6318 -3.3129
-5.1471 -40.252 -3.4935
1.3353 -34.4059 -3.5336
-1.732 -31.8202 -3.1555
-3.1849 -31.6712 -3.175
-7.7531 -32.7753 -3.4379
-7.9692 -30.6984 -2.791
-7.1312 -30.3506 -3.0731
-3.8632 -36.0254 -5.6703
1.3353 -35.1569 -3.5337
-4.7753 -37.838 -3.6622
1.3416 -35.422 -3.5527
-5.1476 -36.6382 -2.704
1.348 -33.2242 -3.5715
2.4236 -36.6545 -3.6222
1.3542 -37.0234 -3.5909
-7.4436 -32.3945 -3.3573
1.3542 -37.4209 -3.591
1.3606 -33.942 -3.6096
1.3605 -38.0836 -3.6101
-8.2346 -37.0458 -3.5901
-2.0051 -37.5869 -3.9215
1.3638 -33.0916 -3.619
-2.0211 -32.3918 -3.2061
-4.6625 -37.1016 -3.8007
1.3669 -34.925 -3.6288
-0.4066 -33.2583 -3.3493
-6.7888 -35.7329 -3.4481
-4.0631 -36.1881 -5.6931
1.3669 -37.1338 -3.629
-8.1338 -33.7995 -1.704
-8.5183 -37.8881 -3.4393
1.37 -38.1719 -3.6386
1.3764 -37.4983 -3.6576
1.3764 -37.6308 -3.6576
-4.2241 -36.6624 -2.8485
1.3796 -33.4892 -3.6666
-5.8294 -37.6756 -3.6557
1.3795 -37.8958 -3.6671
-2.0925 -36.1827 -4.4932
1.3828 -33.6328 -3.6762
1.3827 -38.2934 -3.6767
1.3891 -33.9641 -3.6952
-5.0995 -30.3384 -3.021
-1.5073 -42.3631 -3.9859
1.3954 -33.4119 -3.7142
-8.0223 -38.5641 -3.347
1.3954 -34.1519 -3.7143
3.7624 -38.3239 -4.1924
-7.7381 -36.5233 -3.4948
-5.6204 -31.671 -2.7592
1.4269 -38.7131 -3.8099
-7.383 -38.2536 -3.7678
1.4459 -38.8898 -3.8669
1.4617 -39.0444 -3.9145
1.4712 -38.8677 -3.943
-5.4647 -34.8391 -3.424
1.984 -35.8175 -3.5568
-1.412 -34.406 -3.8494
-6.9724 -36.9612 -3.5536
1.4838 -39.0996 -3.9811
-4.8281 -36.3232 -2.8813
-4.7236 -37.4682 -3.7477
1.4838 -39.453 -3.9811
1.487 -39.6739 -3.9907
1.4965 -39.3647 -4.0192
1.506 -39.5193 -4.0477
1.5281 -39.6629 -4.1143
1.5281 -40.0163 -4.1144
1.5376 -39.5303 -4.1428
1.4024 -36.0626 -3.4489
-0.7271 -32.3534 -3.0857
-7.473 -38.451 -3.7721
-3.0415 -40.0375 -3.3742
-7.7384 -35.249 -3.5487
1.4056 -35.919 -3.4584
-0.4469 -31.3964 -3.016
-4.1338 -36.178 -5.626
-0.0913 -37.8227 -3.7139
1.4151 -35.0134 -3.4867
1.4246 -35.3226 -3.5153
1.4245 -35.4883 -3.5154
1.4277 -35.5877 -3.5249
1.4341 -34.671 -3.5438
-0.4321 -36.0255 -3.6969
-5.7311 -40.4352 -3.5246
1.4436 -34.3618 -3.5722
1.4466 -36.9682 -3.5822
1.4626 -33.3236 -3.6291
-2.3725 -39.0015 -3.4268
1.4626 -33.9421 -3.6292
-7.736 -32.4439 -3.3602
1.4687 -37.4762 -3.6488
2.3461 -34.92 -3.6785
1.475 -38.2272 -3.668
1.4782 -37.3878 -3.6774
1.4782 -37.9401 -3.6775
1.4782 -38.1278 -3.6775
1.4816 -33.0917 -3.6862
-6.1067 -32.8554 -3.9207
1.491 -33.3788 -3.7147
1.4908 -38.3045 -3.7156
-4.8687 -32.467 -3.3857
1.4974 -33.5334 -3.7338
-0.6458 -39.4582 -3.4529
1.5098 -38.3929 -3.7726
-6.8583 -31.8008 -3.0024
-2.0805 -40.2946 -3.3873
1.5509 -38.8015 -3.8964
2.6069 -36.7799 -3.6119
-6.4492 -35.6684 -3.5649
1.5793 -39.0776 -3.982
-7.7382 -36.2204 -3.4356
-3.9914 -31.6356 -3.0153
1.5888 -39.3757 -4.0106
-4.7186 -31.8066 -3.1816
1.592 -39.5745 -4.0201
-2.982 -35.136 -2.7159
3.9384 -40.1388 -4.2663
0.9412 -30.3458 -3.3032
-6.8342 -33.0788 -3.3092
1.592 -39.685 -4.0202
3.2313 -36.987 -3.7554
-6.2042 -42.461 -3.6819
1.5951 -39.199 -4.0296
-8.3683 -32.1609 -3.1975
1.5855 -36.1066 -3.4212
-4.4148 -36.8765 -2.8692
1.5854 -36.4711 -3.4213
-0.7392 -42.674 -3.8951
-1.025 -34.2299 -3.8038
-4.0232 -33.1423 -3.2462
1.5981 -35.8968 -3.4592
-5.2493 -40.7135 -3.5296
1.6014 -34.9801 -3.4686
1.0969 -38.4277 -3.8851
1.6013 -36.3717 -3.4688
1.6045 -35.1347 -3.4781
1.6108 -35.5213 -3.4972
-2.4692 -38.8912 -3.4495
-5.609 -31.4712 -3.2208
1.6107 -36.5594 -3.4974
-0.7388 -37.6037 -2.488
1.6141 -33.1799 -3.5063
-6.1693 -36.0297 -3.6357
1.6235 -34.4168 -3.5351
1.947 -38.0931 -3.6498
-2.9418 -37.3928 -2.8292
1.6265 -37.0453 -3.545
-3.7526 -36.4156 -2.8453
1.0195 -34.758 -3.7339
1.6359 -37.8074 -3.5737
-4.4712 -32.5822 -3.3597
-3.0664 -38.0368 -3.7479
-4.5878 -37.2543 -3.6082
1.6486 -37.3767 -3.6117
-4.0336 -33.8855 -3.3461
1.6486 -38.0614 -3.6118
2.3888 -36.533 -3.5176
1.6581 -37.7301 -3.6403
-6.3819 -35.7861 -3.6519
-8.2171 -32.5455 -3.6306
-8.5934 -35.3823 -3.394
1.6615 -34.0192 -3.6491
1.6644 -37.4981 -3.6592
1.6742 -33.4118 -3.6871
-6.1535 -36.5827 -3.6655
-4.4122 -38.1156 -3.5717
-4.6239 -35.7656 -2.7999
1.6739 -38.0393 -3.6879
1.6805 -33.5112 -3.7061
1.7023 -38.6688 -3.7736
-7.1189 -36.675 -3.6593
1.709 -33.4007 -3.7917
-5.5897 -31.6634 -3.1885
-7.1193 -34.7929 -3.4761
0.2654 -34.6477 -3.7374
-3.5237 -41.3935 -2.9532
1.7248 -33.4891 -3.8393
-7.5479 -37.005 -3.5655
1.7434 -39.1437 -3.8973
1.756 -38.5583 -3.9352
-3.905 -39.5147 -3.3711
1.7591 -39.7953 -3.945
1.7623 -39.0553 -3.9544
-3.7382 -36.2682 -5.0954
-5.4403 -37.4366 -3.6014
1.7686 -39.3314 -3.9734
1.7686 -39.9057 -3.9735
-1.2208 -30.5732 -2.6956
-8.5014 -32.8768 -3.621
-7.8165 -38.3817 -3.652
1.7971 -39.7511 -4.0591
-3.207 -37.3292 -2.7667
1.807 -33.3123 -4.0865
-0.7398 -36.6229 -4.23
1.8192 -39.4418 -4.1256
1.8287 -39.729 -4.1542
0.2231 -34.3679 -3.8345
1.8635 -39.6185 -4.2588
-5.6904 -32.5069 -3.2857
1.6667 -36.2714 -3.3747
2.3961 -39.1743 -4.1172
1.6857 -35.9952 -3.4318
-2.2309 -35.2056 -6.082
-7.0743 -40.1716 -3.6907
1.6857 -36.8677 -3.4319
-7.3106 -35.5139 -3.5553
-1.4443 -37.6062 -2.6993
-6.2043 -36.0952 -3.453
-5.0563 -34.8393 -3.3546
-3.1812 -37.4034 -2.6532
-4.4171 -35.4651 -2.7375
-4.2847 -39.0366 -3.4141
1.6952 -33.2452 -3.4598
1.7047 -36.945 -3.489
-4.5028 -31.3334 -2.8142
-3.7143 -36.6934 -2.7705
1.7078 -35.0013 -3.4982
-5.8261 -40.3375 -3.5508
-0.1618 -40.003 -3.5695
2.4246 -39.2405 -4.2028
1.7078 -35.5866 -3.4983
1.7078 -36.1057 -3.4984
1.7078 -36.7683 -3.4985
-3.3634 -37.2313 -2.6839
-8.0533 -34.878 -3.4233
0.0709 -33.4047 -3.3647
-1.7934 -39.9816 -3.3771
-7.315 -37.8864 -3.799
-7.1083 -33.9351 -3.6123
-5.9174 -33.5071 -3.4814
-4.0422 -33.6178 -5.133
-4.034 -33.5688 -3.2711
-2.6636 -39.9493 -3.314
1.711 -35.4872 -3.5078
-5.8594 -36.1194 -5.6025
1.711 -35.7744 -3.5078
1.7173 -34.7804 -3.5266
-4.7717 -41.7201 -3.45
1.7205 -35.9511 -3.5364
-4.5758 -41.9368 -3.3412
1.7268 -34.4932 -3.5551
1.7268 -35.189 -3.5553
1.73 -34.3717 -3.5646
1.7331 -35.3105 -3.5743
1.7331 -38.193 -3.5748
1.7363 -37.6187 -3.5842
1.7394 -34.2282 -3.5931
-1.6974 -35.483 -2.2641
1.7394 -35.432 -3.5933
-1.0533 -32.9286 -3.244
-0.9844 -36.7541 -1.9031
1.7394 -37.442 -3.5937
1.7489 -33.4109 -3.6215
-3.9334 -39.3558 -3.5778
1.7489 -34.6699 -3.6217
1.7489 -37.0775 -3.6222
-5.0558 -41.7413 -3.397
1.7521 -34.438 -3.6312
3.8055 -37.8637 -3.8667
-5.992 -34.6914 -3.5282
1.7552 -37.1769 -3.6412
-4.6909 -39.2478 -3.592
1.7584 -34.2944 -3.6502
1.7584 -38.1599 -3.6509
-7.1499 -31.0702 -3.1933
1.7616 -33.7201 -3.6596
1.7647 -37.3647 -3.6698
-0.1518 -33.9282 -3.4951
1.7774 -33.8085 -3.7072
0.2228 -39.4479 -3.5606
-2.839 -36.9698 -2.0126
1.7932 -38.3807 -3.7556
-5.4401 -38.1852 -3.3433
3.976 -39.5333 -4.2462
1.7995 -33.6096 -3.7737
1.8058 -38.5243 -3.7936
-5.9594 -38.0017 -3.7669
-5.0986 -37.4887 -3.7137
-1.7935 -40.3513 -3.4698
1.8691 -39.1317 -3.984
-0.9361 -39.0748 -3.6408
1.8722 -38.8777 -3.9934
-1.6016 -40.1534 -3.3812
0.4182 -34.3956 -3.8205
-5.0559 -38.9448 -3.3832
1.9007 -39.2642 -4.0791
1.9038 -38.8335 -4.0886
1.9133 -39.7391 -4.1173
1.9197 -33.3556 -4.1351
1.9354 -39.6728 -4.1838
-6.4903 -35.7193 -3.4995
1.9513 -33.3666 -4.2302
1.9702 -39.5403 -4.2884
1.9955 -39.463 -4.3645
1.7649 -36.403 -3.3924
1.7744 -36.5687 -3.4209
1.7775 -36.1269 -3.4304
-2.6134 -32.0084 -3.2214
1.7775 -36.889 -3.4305
-6.4902 -34.5848 -3.4144
-3.9236 -31.2557 -2.7982
-0.00969994 -34.2758 -3.6639
1.7902 -36.7012 -3.4685
1.7934 -35.6299 -3.4778
-3.9982 -39.1396 -3.3278
-3.2627 -33.1152 -3.2653
1.7966 -35.5305 -3.4873
3.6493 -34.7925 -3.6019
-7.262 -35.2685 -3.3924
-7.1079 -35.6844 -3.5329
0.4747 -36.9395 -3.5362
-5.7695 -36.1041 -3.5887
-4.4629 -34.8907 -3.4191
1.4719 -34.8399 -3.6072
-3.8342 -31.6707 -3.1052
1.7997 -35.4201 -3.4968
-4.1168 -36.4685 -2.7949
1.803 -33.4101 -3.5059
1.8061 -35.2213 -3.5158
1.806 -36.889 -3.5161
2.8229 -36.6773 -3.6704
3.7326 -34.5726 -3.6477
-3.6349 -31.1406 -3.3006
1.8091 -37.1098 -3.5257
1.8188 -33.3327 -3.5534
-3.5565 -34.2684 -3.5553
-7.157 -31.4519 -3.0026
-6.5512 -32.5962 -3.2826
1.8187 -34.901 -3.5537
1.8219 -35.1329 -3.5633
-1.0485 -39.5832 -3.583
-5.2299 -37.9228 -3.6025
-2.0073 -32.0558 -3.1366
1.8217 -37.2092 -3.5637
1.825 -34.8127 -3.5727
2.722 -34.5764 -3.6606
-5.3903 -36.8433 -3.6786
1.8282 -34.6249 -3.5822
-7.7631 -33.5427 -3.5392
-7.9742 -34.4245 -3.4338
-3.576 -38.169 -3.8297
1.8281 -36.9773 -3.5827
-3.7393 -32.1484 -3.1642
1.0306 -37.8903 -3.8
1.8312 -37.5406 -3.5923
1.8345 -34.5365 -3.6012
-8.6106 -35.122 -3.4142
-3.9586 -38.9914 -3.5016
-5.8261 -41.8528 -3.5316
-6.1099 -42.7211 -3.5613
-0.9998 -34.9123 -2.2886
1.8376 -35.8618 -3.611
1.8409 -33.399 -3.62
1.8407 -37.1209 -3.6208
1.188 -38.0941 -3.5237
1.8438 -37.6952 -3.6304
1.8472 -34.2163 -3.6392
1.8502 -37.3418 -3.6494
-4.5975 -32.7973 -3.4656
1.8565 -37.2534 -3.6684
1.8596 -37.5626 -3.678
0.0779999 -34.473 -3.7079
1.8662 -33.4542 -3.6961
-4.3822 -39.4289 -3.3838
1.8725 -34.2604 -3.7153
1.8852 -34.0174 -3.7533
-1.0162 -37.3425 -2.5328
1.8975 -38.5345 -3.7923
1.9102 -38.6228 -3.8304
1.9354 -38.8437 -3.9065
1.9828 -39.4842 -4.0493
1.1158 -32.2751 -3.2364
-3.9984 -40.3971 -3.6539
1.9986 -39.3075 -4.0968
-4.5925 -31.3534 -2.8023
2.0081 -39.5284 -4.1254
2.0148 -33.2995 -4.1431
2.0271 -39.2854 -4.1824
1.8712 -36.6243 -3.4212
1.8809 -33.2889 -3.4491
1.8934 -35.6634 -3.4876
1.8966 -35.3652 -3.4971
1.8966 -35.5309 -3.4971
0.7083 -35.745 -3.6297
1.9029 -35.0449 -3.516
1.9062 -33.2447 -3.5252
1.9061 -34.8793 -3.5255
1.9094 -33.1564 -3.5347
-8.0222 -39.173 -3.3738
1.9094 -33.3441 -3.5347
-4.4791 -36.7553 -2.8028
1.9091 -37.0439 -3.5354
1.9188 -34.7467 -3.5635
-4.2019 -36.584 -2.7682
2.7432 -39.331 -4.0212
-5.1903 -36.1765 -2.8249
1.9218 -37.1764 -3.5735
1.9249 -37.7286 -3.5831
1.9249 -38.0268 -3.5832
-4.858 -33.3101 -3.4397
1.9314 -34.5369 -3.6015
-7.0659 -33.1592 -3.6871
1.9378 -33.9736 -3.6204
-4.1192 -39.6146 -3.594
1.941 -33.5098 -3.6299
1.9438 -38.2919 -3.6403
-7.924 -33.5117 -3.4615
1.3754 -37.9188 -3.5232
1.947 -37.9716 -3.6497
3.8551 -38.9892 -4.2205
1.9565 -37.563 -3.6782
1.9597 -37.3642 -3.6877
1.9663 -33.9184 -3.706
-5.3425 -40.7457 -3.4909
2.835 -34.6231 -3.7081
1.9723 -38.3361 -3.7259
-7.6756 -34.6696 -3.4162
1.9757 -34.0399 -3.7346
-7.9142 -33.7146 -3.4554
1.9789 -33.5097 -3.744
1.9884 -33.5981 -3.7726
-1.4418 -34.1905 -3.5551
1.9944 -38.6784 -3.7925
-3.3319 -41.3624 -2.9791
2.0007 -38.579 -3.8115
-2.2558 -36.6565 -1.9686
-8.7821 -32.0352 -3.3065
2.026 -38.7226 -3.8877
0.69 -32.092 -3.1199
-3.5234 -38.4917 -3.5112
-1.3109 -41.0867 -3.7931
2.0291 -39.0981 -3.8972
3.3708 -34.3924 -3.5843
-7.2433 -32.1364 -3.546
2.0355 -38.8993 -3.9162
2.0481 -39.0318 -3.9543
-5.2493 -40.2244 -3.5428
2.1018 -39.2747 -4.116
2.1018 -39.3962 -4.1161
-8.6191 -37.9769 -3.4519
2.1181 -33.2888 -4.1625
2.1271 -39.7275 -4.1922
2.1434 -33.344 -4.2386
-0.4496 -36.7907 -2.4737
1.9648 -36.104 -3.4222
1.9775 -35.7175 -3.4602
1.9346 -34.6252 -3.6111
-8.5373 -31.2664 -2.5295
1.9775 -35.8169 -3.4602
-3.3371 -36.4166 -1.8929
1.9869 -36.6231 -3.4889
1.9901 -36.4243 -3.4984
-4.4339 -34.9846 -5.7999
-6.0141 -37.4351 -3.4329
1.9998 -35.0327 -3.5266
0.9005 -34.4443 -3.6848
-6.9292 -33.7523 -3.6277
1.9997 -35.6291 -3.5267
1.9995 -36.9544 -3.527
3.1422 -38.8299 -4.061
-4.1801 -32.3575 -3.3338
2.009 -36.7777 -3.5555
-8.5999 -30.9831 -2.9816
-4.5502 -37.8721 -3.5772
2.0184 -37.7275 -3.5842
-0.4501 -42.5731 -4.0123
2.0221 -33.4423 -3.5928
2.0219 -34.7014 -3.5931
-4.7381 -32.5827 -3.5613
-0.6624 -36.8888 -5.6186
2.0217 -36.8771 -3.5936
0.9383 -37.6743 -3.7817
2.2314 -36.8109 -3.6223
0.6132 -39.7743 -3.7351
2.0248 -37.2415 -3.6031
1.3755 -34.2698 -3.6853
-8.5156 -30.9218 -2.7517
2.0284 -33.619 -3.6119
-5.9819 -32.493 -3.2854
2.0311 -37.4624 -3.6222
2.0346 -34.4142 -3.6311
3.0347 -36.6101 -3.7371
2.0346 -34.5136 -3.6311
-8.0081 -38.3973 -3.5123
2.0373 -37.9373 -3.6413
2.041 -34.1381 -3.6501
2.0405 -38.2907 -3.6509
-3.7179 -32.971 -3.1874
2.0473 -34.0387 -3.6691
1.182 -37.6303 -3.6379
2.0469 -37.606 -3.6698
-1.6009 -35.4494 -2.3272
3.5824 -33.5971 -3.6496
3.4467 -34.1052 -3.8125
-1.0796 -33.7629 -3.4866
2.0468 -38.0257 -3.6699
-1.6008 -35.0816 -2.4812
0.4558 -36.6745 -3.479
2.0506 -33.0447 -3.6784
-2.2016 -36.0912 -5.5801
3.3111 -33.8065 -3.6985
-6.9725 -35.03 -3.4136
2.0504 -34.6903 -3.6787
2.0537 -33.7184 -3.688
-4.4815 -35.3338 -2.648
2.0569 -33.5969 -3.6975
1.1257 -33.658 -3.6378
2.0564 -37.4955 -3.6983
2.0599 -34.5578 -3.7072
-8.7009 -34.1866 -3.4107
2.0759 -33.2546 -3.7545
2.1257 -38.9975 -3.9079
2.1257 -39.0969 -3.9079
2.151 -38.9533 -3.9839
2.151 -39.0748 -3.984
2.1668 -39.2405 -4.0316
2.1953 -39.3619 -4.1172
2.2048 -39.2625 -4.1457
-0.3821 -32.3926 -3.1999
-1.971 -32.4854 -3.3342
-2.08 -35.5674 -1.9964
-5.2055 -33.5063 -3.6105
2.2142 -39.5497 -4.1743
-0.4501 -41.7986 -4.1713
2.0555 -36.2024 -3.3936
0.3375 -35.1163 -4.0046
2.065 -36.5668 -3.4222
2.0682 -35.9263 -3.4315
-0.8751 -31.2409 -2.865
-2.9922 -33.8541 -3.3993
2.842 -37.2516 -3.7275
2.0745 -36.4785 -3.4507
2.0808 -36.2907 -3.4697
2.084 -35.1753 -3.4789
2.0839 -36.7656 -3.4793
2.0935 -33.4082 -3.507
2.0935 -35.8489 -3.5076
2.0935 -35.9483 -3.5076
2.1092 -37.0748 -3.5555
2.1155 -37.2294 -3.5745
-7.9158 -35.817 -3.4478
2.1189 -33.1652 -3.583
2.1187 -36.8319 -3.584
-3.9982 -38.9829 -3.3853
2.1251 -34.2696 -3.6023
0.9959 -38.4223 -3.9441
-4.7735 -31.1567 -2.7481
-3.1699 -33.0766 -3.2724
2.1251 -34.9875 -3.6025
-8.5024 -32.7216 -3.6083
-5.9184 -34.3494 -3.4325
2.1282 -37.4061 -3.6126
-8.6025 -35.5317 -3.1185
2.1315 -33.5738 -3.6212
2.1315 -34.5347 -3.6214
2.1346 -34.8439 -3.631
2.1345 -37.7485 -3.6317
2.1345 -37.87 -3.6318
2.1408 -37.1521 -3.6506
2.1442 -33.121 -3.6591
-5.9389 -38.0773 -3.7196
2.1441 -33.2977 -3.6592
-1.5068 -38.78 -3.598
2.1473 -33.2093 -3.6686
0.4155 -36.7404 -3.6713
2.1472 -37.3178 -3.6697
0.5155 -41.8261 -4.296
2.1503 -38.0467 -3.6794
-0.0629 -38.7321 -3.4639
-0.5373 -36.3846 -4.2652
2.1536 -34.0487 -3.6879
2.1536 -34.2696 -3.6879
-4.5604 -32.4106 -3.3293
2.1535 -37.4393 -3.6887
2.1535 -37.5276 -3.6888
2.1599 -34.5015 -3.707
0.0663 -32.5871 -3.5548
2.1631 -34.4021 -3.7165
2.1663 -33.8609 -3.7259
2.1726 -33.5517 -3.7448
-3.9987 -42.0781 -3.5951
2.1726 -34.1149 -3.745
-1.8648 -38.1503 -3.8702
2.1757 -33.9935 -3.7544
-5.778 -38.6147 -3.8073
2.1851 -38.4884 -3.7841
2.1979 -32.9222 -3.8207
-7.9767 -31.2852 -3.384
-4.2533 -33.1321 -3.3551
2.2135 -38.8087 -3.8698
-2.7565 -39.6196 -3.2588
-8.1971 -37.4643 -3.5314
-7.3025 -36.8859 -3.668
2.2388 -39.0737 -3.9459
-1.9284 -38.9276 -3.5386
2.2546 -39.2946 -3.9936
0.3005 -35.5127 -3.7284
2.375 -38.5866 -3.765
-5.2305 -31.578 -3.4896
2.2672 -39.9352 -4.0318
2.2736 -39.5155 -4.0507
2.2831 -39.1952 -4.0791
2.2928 -32.6902 -4.106
2.2925 -39.648 -4.1078
-0.1614 -36.7936 -2.383
2.2957 -39.8026 -4.1173
2.1775 -35.3752 -3.4604
2.1775 -35.4856 -3.4604
-7.3536 -40.6083 -3.4377
2.5187 -38.9295 -3.9081
2.1807 -35.7176 -3.4699
-6.3961 -33.7549 -3.4911
2.1868 -33.6081 -3.4886
-0.5859 -38.2137 -3.7927
0.1264 -35.6915 -3.8232
2.1934 -36.0158 -3.508
-3.6306 -34.9991 -2.4571
-5.3191 -35.5795 -3.4321
2.1965 -35.7949 -3.5175
2.1997 -35.6513 -3.527
2.1998 -36.4465 -3.5271
2.1998 -36.7999 -3.5272
2.2027 -33.6965 -3.5362
2.206 -35.4194 -3.546
1.0151 -35.0834 -3.7771
2.206 -35.5519 -3.546
2.2125 -36.9103 -3.5652
2.7171 -33.7427 -3.9444
-7.8727 -36.044 -3.5727
2.9416 -33.8251 -3.7372
2.2153 -33.7848 -3.5742
-7.9088 -38.2069 -3.6298
2.2156 -36.7115 -3.5747
2.2186 -34.9886 -3.584
2.8727 -33.9273 -3.8221
2.2315 -37.5288 -3.6224
2.2343 -34.337 -3.6314
0.0449001 -29.9065 -3.3503
-1.4286 -36.9197 -4.1542
2.2378 -37.087 -3.6414
2.2378 -37.838 -3.6415
2.2406 -33.7296 -3.6503
-6.6836 -34.7015 -3.4563
-7.377 -31.7528 -3.1174
2.2409 -36.9766 -3.6508
3.7137 -36.4059 -3.5908
2.2439 -34.7677 -3.66
-5.8738 -35.9576 -3.6055
2.247 -34.2266 -3.6694
2.2504 -37.1754 -3.6794
-8.0471 -36.4249 -3.5583
2.2534 -34.8892 -3.6886
0.9005 -35.1122 -3.6817
2.2537 -38.1693 -3.6891
-3.5913 -34.2463 -3.4506
2.2537 -38.2798 -3.6891
-2.2909 -30.9577 -2.7716
-2.6492 -36.5068 -1.9647
2.2565 -34.4033 -3.698
-2.6643 -36.3792 -1.8982
2.2565 -34.4916 -3.698
2.2568 -37.9816 -3.6986
-0.3181 -36.0199 -3.383
-5.8607 -38.2121 -3.7916
-0.162 -41.7449 -4.1884
2.2596 -33.9284 -3.7074
0.7081 -39.754 -3.7114
2.2596 -34.3039 -3.7075
2.2723 -33.8511 -3.7455
-1.9686 -38.1462 -3.879
-6.3835 -35.9852 -3.6754
2.2759 -38.3681 -3.7557
-2.2708 -31.2994 -3.011
2.2786 -34.1934 -3.7645
0.9694 -33.0597 -3.4923
2.2881 -33.9504 -3.793
-1.4819 -35.8635 -1.7077
-0.5668 -38.634 -3.5921
-6.4892 -34.1102 -3.5192
-0.383 -34.9359 -2.4213
2.298 -38.5448 -3.8223
0.2939 -36.9486 -3.6278
2.3006 -32.9785 -3.8309
-2.8335 -33.3772 -5.2135
2.3044 -38.7436 -3.8414
0.8539 -33.2611 -3.8133
2.317 -39.0197 -3.8794
2.3291 -32.857 -3.9165
2.3291 -32.9675 -3.9165
2.3613 -39.0639 -4.0126
-2.645 -35.0198 -2.5899
2.3804 -39.6934 -4.0698
0.223 -35.1811 -3.8247
-3.4899 -35.2151 -2.8
-3.8078 -38.5935 -3.4353
2.4214 -39.351 -4.1934
2.4193 -38.7412 -3.8982
-2.6159 -33.1292 -3.3375
2.4215 -40.0578 -4.1935
2.4437 -40.1461 -4.2601
2.2735 -36.3116 -3.4601
1.9901 -36.5237 -3.4984
2.2766 -35.4391 -3.4694
-0.6884 -35.4065 -4.0492
2.2797 -35.3397 -3.4789
2.2798 -35.6158 -3.4789
-0.6892 -36.1591 -4.3821
2.2799 -36.3999 -3.4791
2.2858 -33.5505 -3.4974
-0.4499 -39.5727 -3.4056
2.2987 -35.1519 -3.5359
-0.614 -37.9738 -3.8439
2.3019 -35.6821 -3.5455
2.302 -36.0576 -3.5456
0.9816 -33.3208 -3.6948
2.3048 -33.407 -3.5545
2.305 -35.2734 -3.5549
2.305 -35.3728 -3.555
1.0524 -31.4928 -3.6335
0.759 -33.8575 -3.5281
2.3051 -35.4943 -3.555
2.3051 -35.5827 -3.555
-5.062 -30.8636 -2.9723
2.3052 -36.3557 -3.5552
-5.7948 -32.803 -3.3334
-2.1222 -37.0656 -2.4084
3.6526 -36.5817 -3.6116
-4.8333 -32.9536 -3.3392
-5.9867 -34.8171 -3.5264
2.3084 -36.8196 -3.5648
2.3112 -33.7493 -3.5736
2.3175 -33.5726 -3.5925
-4.7854 -35.538 -3.5919
2.3208 -34.8427 -3.6024
-2.804 -30.7415 -2.5939
-4.1246 -30.6703 -2.7736
2.3208 -34.9752 -3.6024
-7.6438 -41.6904 -3.6824
2.3274 -36.7312 -3.6219
-0.319 -30.6452 -2.8617
-7.0137 -30.4918 -3.0245
-4.8158 -30.6903 -3.3309
-4.4941 -32.6571 -3.4279
2.3301 -33.2854 -3.6305
2.3306 -37.5927 -3.6316
-6.6837 -38.9233 -3.542
2.3306 -37.7031 -3.6316
2.3337 -36.8748 -3.6409
2.3338 -37.8356 -3.6412
-7.4737 -32.3294 -3.4307
2.3366 -35.1077 -3.65
-0.2586 -40.6651 -3.6032
2.3396 -33.1971 -3.659
-8.4445 -36.2618 -3.5387
2.3396 -33.7051 -3.6592
-5.7941 -33.5257 -3.4024
0.4186 -38.7284 -3.6813
-5.4639 -31.5886 -2.8467
2.3461 -35.0194 -3.6785
2.3492 -34.3898 -3.6879
-4.5677 -34.2585 -2.2421
2.3497 -38.3326 -3.6889
-5.8761 -36.7152 -3.512
-5.8261 -40.5662 -3.5129
-2.017 -37.2976 -2.6781
2.3559 -37.1288 -3.7076
-1.6982 -40.0009 -3.3903
-3.6357 -36.4811 -2.7259
2.3559 -37.2834 -3.7076
4.152 -40.2811 -4.7113
-6.6837 -39.7473 -3.6505
2.3559 -37.6479 -3.7077
2.3591 -37.3939 -3.7172
-7.1658 -33.3322 -3.4569
-3.3682 -38.3474 -3.8019
2.3592 -38.2443 -3.7174
-0.7865 -32.0582 -3.2151
2.3618 -34.1469 -3.7258
1.0901 -39.2938 -3.9467
2.3619 -34.7653 -3.726
-0.5634 -36.8436 -2.5815
-6.0072 -32.9077 -3.3933
0.1083 -39.2787 -3.5853
2.3623 -37.7583 -3.7268
-8.559 -37.2758 -3.4875
0.6225 -33.4663 -3.4334
1.4719 -38.9839 -3.8563
2.3623 -38.0234 -3.7268
-7.8666 -32.3158 -3.4362
2.3686 -37.924 -3.7458
-5.6775 -39.4626 -3.8272
2.3743 -33.1971 -3.7637
-8.0071 -37.0954 -3.5176
2.375 -38.4762 -3.765
-7.1461 -38.4481 -3.9049
-1.048 -33.9175 -3.5818
2.3876 -38.0013 -3.8029
2.3903 -34.1247 -3.8114
-0.6454 -37.0004 -2.5241
2.899 -37.8258 -3.8988
-5.923 -39.6091 -3.9868
-3.635 -38.4898 -4.0181
2.3908 -38.1007 -3.8124
0.0878 -30.8127 -3.0667
1.2819 -35.0191 -3.6729
-6.4903 -37.9578 -3.5616
2.3908 -38.2111 -3.8125
2.3908 -38.7412 -3.8126
-6.0658 -32.7794 -3.2884
2.394 -38.6529 -3.8221
2.4003 -38.4541 -3.8411
2.4003 -38.5424 -3.8411
2.4035 -38.8516 -3.8507
2.4218 -33.1749 -3.9063
-5.3426 -40.1749 -3.6358
3.7042 -35.5334 -3.5622
1.3701 -33.7874 -3.6381
2.4447 -39.0946 -3.9744
-1.0725 -35.8489 -3.8028
2.4637 -39.8235 -4.0316
-5.7215 -37.5549 -3.6029
2.4693 -33.5504 -4.0491
-2.8632 -33.8896 -3.5628
-8.2645 -34.6376 -3.4343
2.4763 -39.3154 -4.0695
1.472 -35.7402 -3.598
2.7274 -39.4194 -3.9737
2.4827 -39.7241 -4.0887
-7.4496 -33.7 -3.5005
2.4851 -33.6498 -4.0967
-5.7924 -33.4334 -3.3889
2.4883 -33.8706 -4.1062
-6.6837 -40.624 -3.4734
-6.3668 -34.0674 -3.4438
2.4922 -39.6136 -4.1172
2.8863 -33.7149 -4.155
2.4922 -40.0112 -4.1173
-4.9379 -32.705 -3.3361
-4.9845 -31.4336 -3.3359
2.4953 -39.8897 -4.1268
-4.771 -37.2574 -2.7226
-3.9914 -38.4415 -3.677
2.5041 -33.7491 -4.1537
2.5396 -40.0774 -4.26
-5.8666 -37.7975 -3.5408
2.3698 -36.3121 -3.4605
2.3792 -35.2961 -3.4888
-2.6415 -35.508 -2.5436
2.3888 -36.1906 -3.5175
-6.013 -34.2956 -3.5453
-1.0708 -35.9485 -1.7756
2.3951 -35.9697 -3.5365
2.3951 -36.279 -3.5366
2.3981 -35.1525 -3.5458
2.3982 -35.3844 -3.5459
-6.7802 -34.5295 -3.4538
2.3983 -36.3784 -3.5461
-2.0868 -31.7209 -3.0677
-7.9152 -41.9244 -3.5832
-8.4529 -33.0857 -3.5125
2.4011 -33.4185 -3.555
-2.2758 -35.5984 -2.0467
-7.2747 -32.1879 -3.6344
2.4011 -33.6836 -3.555
-7.4545 -37.2119 -3.6063
2.4015 -36.7207 -3.5557
-3.623 -42.0443 -3.5651
2.4078 -36.8091 -3.5747
-6.7799 -40.4529 -3.5937
2.4105 -33.1203 -3.5834
-7.9153 -40.9308 -3.4826
-1.1114 -36.4251 -4.268
2.4106 -33.54 -3.5835
-0.1614 -35.573 -2.4208
2.4171 -34.9647 -3.6028
-2.2763 -34.6449 -3.8952
-7.9661 -36.0924 -3.5753
0.0165 -34.2054 -3.5875
-7.0878 -38.5077 -4.0045
-0.4793 -39.2394 -3.5548
2.4205 -37.0521 -3.6128
-0.0977 -35.2396 -2.4625
-6.78 -38.5627 -3.534
2.4268 -37.2508 -3.6319
-1.3524 -36.9945 -2.6521
2.4268 -37.3392 -3.6319
-6.054 -32.1186 -2.9458
2.4295 -33.1866 -3.6405
-4.2928 -38.2038 -3.6994
2.4297 -34.3241 -3.6408
-1.6722 -38.2473 -3.7148
2.4299 -36.7428 -3.6413
-8.7597 -33.013 -3.3422
2.4301 -37.7589 -3.6415
2.4332 -37.8914 -3.651
1.57 -35.1192 -3.6011
2.4358 -33.054 -3.6595
3.1264 -38.3992 -4.0133
2.4361 -35.053 -3.6599
2.4459 -38.3332 -3.6892
-6.0575 -35.9027 -3.5722
0.5159 -38.7923 -3.5259
-7.7071 -36.6857 -3.6962
2.4517 -33.7277 -3.7072
2.4521 -37.2177 -3.708
2.4522 -37.4165 -3.708
-5.6766 -31.6858 -3.1687
-1.5029 -37.5389 -2.5098
0.5633 -35.6804 -3.8022
2.4553 -37.5711 -3.7175
2.4554 -38.2117 -3.7177
2.4613 -34.6444 -3.7359
-2.2757 -36.2114 -1.79
2.4617 -38.1233 -3.7367
2.468 -37.9245 -3.7557
2.4807 -38.3884 -3.7938
-5.3962 -29.9052 -3.2645
2.4902 -38.0681 -3.8223
-5.9048 -37.7103 -3.5929
1.0804 -34.9775 -3.6301
2.496 -34.059 -3.8404
-7.4545 -40.1349 -3.6004
2.4966 -38.4988 -3.8414
-7.8505 -34.6545 -3.3779
2.5219 -39.0399 -3.9176
-4.8136 -34.247 -3.4132
2.5504 -39.4817 -4.0033
-4.1494 -31.2293 -2.6392
2.5536 -39.3712 -4.0128
2.5662 -39.2276 -4.0508
-0.3539 -34.361 -3.8235
2.5662 -39.559 -4.0509
0.7082 -38.3439 -3.6205
2.5663 -39.9455 -4.0509
2.5719 -33.5841 -4.0686
-3.5392 -38.3499 -3.7497
2.5719 -33.7829 -4.0686
0.997 -40.6956 -3.6359
2.5751 -33.9596 -4.0782
-5.2493 -38.3318 -3.4054
2.5916 -39.6363 -4.127
2.6011 -39.9897 -4.1556
2.5499 -35.8743 -3.4406
2.5689 -36.2719 -3.4977
2.572 -35.7086 -3.5071
2.5752 -35.9074 -3.5167
-5.1471 -40.2733 -3.5839
2.5784 -36.5148 -3.5262
2.5815 -36.1614 -3.5357
0.5875 -29.8556 -3.1746
-3.6578 -36.0835 -2.6593
-0.0516 -36.1565 -4.2691
2.591 -36.3271 -3.5643
2.5972 -35.5429 -3.5832
2.6003 -34.5379 -3.5926
2.6004 -35.4435 -3.5927
2.6004 -35.6534 -3.5927
2.6035 -34.7698 -3.6021
1.0955 -33.1826 -3.5327
-1.6967 -32.2001 -3.099
-4.4316 -33.0393 -3.2988
-6.6253 -33.6655 -3.5839
2.6035 -35.2226 -3.6022
0.9638 -38.1473 -3.7602
-7.916 -34.3828 -3.5045
-6.8715 -40.6276 -3.6741
0.3043 -39.0825 -3.622
2.6035 -35.311 -3.6022
2.8886 -34.1371 -3.8697
2.6037 -36.5921 -3.6023
2.6129 -34.3501 -3.6306
3.6393 -34.1382 -3.8209
2.6159 -33.0359 -3.6399
2.6191 -33.2347 -3.6495
-4.6392 -35.389 -5.6061
-7.5477 -41.6015 -3.5836
2.7083 -38.5911 -3.9165
-4.4818 -38.0904 -3.4583
2.6192 -34.2176 -3.6496
-7.2328 -34.1756 -3.4704
-7.8543 -35.8919 -3.5089
-7.2619 -41.1669 -3.5563
2.6256 -34.6152 -3.6687
-8.2339 -36.5024 -3.535
2.6256 -34.9023 -3.6687
-6.0141 -42.4722 -3.9011
-4.9544 -31.3095 -3.2437
-2.8314 -31.4956 -2.9938
2.6259 -37.1001 -3.669
-3.39 -33.395 -5.174
2.6287 -34.7146 -3.6782
2.6288 -34.814 -3.6782
2.629 -36.7246 -3.6785
-1.7777 -36.2699 -1.9252
2.6292 -37.8291 -3.6786
-1.5071 -41.0838 -3.7387
2.6317 -33.1463 -3.6875
-6.8511 -38.0963 -3.8451
-0.7564 -33.2244 -3.2482
2.6322 -36.9897 -3.688
2.6323 -37.6082 -3.6881
-6.2198 -39.3855 -3.5809
2.6354 -37.3873 -3.6976
0.8904 -34.744 -3.6233
2.645 -38.1604 -3.7262
2.645 -38.3923 -3.7262
2.6509 -35.0128 -3.7448
0.997 -39.9195 -3.6942
2.6513 -38.0389 -3.7452
2.6544 -37.2989 -3.7546
2.6545 -37.807 -3.7547
2.6639 -37.6523 -3.7832
2.6672 -38.3371 -3.7928
0.126 -36.8535 -3.5549
2.6698 -34.0851 -3.8018
-3.7114 -33.8196 -5.3087
1.4594 -34.4391 -3.6198
2.6735 -38.1051 -3.8118
2.6861 -37.9726 -3.8498
-5.3772 -34.8968 -3.4537
2.6982 -33.6764 -3.8873
2.7052 -38.6905 -3.907
-3.6224 -39.2558 -3.3003
2.7115 -38.834 -3.926
3.1453 -39.9233 -4.0707
2.7487 -33.2457 -4.0394
2.7488 -33.7316 -4.0395
2.7495 -39.4967 -4.0402
-7.9529 -34.2527 -3.3604
2.7685 -39.2316 -4.0973
2.7811 -39.331 -4.1353
-4.9121 -34.2792 -3.421
2.7969 -39.1874 -4.1829
-5.2493 -38.0289 -3.3461
2.797 -39.7838 -4.1829
-6.2042 -40.9674 -3.4763
2.8025 -33.6984 -4.2012
-5.6181 -31.6952 -3.2672
1.4721 -33.2352 -3.6576
2.8254 -39.8169 -4.2686
-2.0033 -39.8578 -3.8866
2.9109 -40.3359 -4.5254
2.659 -35.8024 -3.4706
2.659 -35.957 -3.4707
2.6685 -35.714 -3.4992
2.6747 -35.4931 -3.5181
-1.2127 -40.7795 -3.6578
2.6748 -35.8797 -3.5182
-6.014 -41.4108 -3.4974
-8.4584 -34.2548 -3.3789
-1.3424 -38.4188 -3.7814
-0.3612 -36.8669 -4.2102
2.6748 -36.0453 -3.5182
-2.4332 -33.0812 -3.3565
2.681 -35.2723 -3.5371
2.6874 -35.7913 -3.5562
-6.0142 -35.0884 -3.4262
-5.4183 -33.1834 -3.3953
-5.1915 -31.5016 -3.3786
2.6999 -34.4881 -3.594
0.00540006 -33.8232 -3.5797
-2.3336 -33.3669 -3.3793
2.7 -35.46 -3.5942
1.2007 -32.7438 -3.349
-7.9569 -36.9453 -3.6343
2.7031 -34.6758 -3.6036
3.072 -38.8943 -4.1284
-4.0914 -30.6332 -2.6818
2.7031 -34.8415 -3.6036
2.7129 -36.7963 -3.6325
-4.6131 -37.442 -3.5322
2.719 -35.1618 -3.6512
-8.5235 -37.5733 -3.4223
-7.9722 -35.6224 -3.5456
2.7192 -36.8847 -3.6516
-8.3764 -31.0848 -3.1138
2.7284 -34.7642 -3.6797
-1.7693 -31.3111 -2.9504
-1.4118 -36.249 -1.7271
2.7284 -34.9851 -3.6797
-4.2186 -37.8198 -3.7186
2.7287 -36.719 -3.6801
2.7288 -37.227 -3.6802
-2.7938 -32.3405 -3.2269
2.7315 -34.6648 -3.6892
3.9476 -39.8757 -4.1606
0.7082 -37.5153 -3.5031
2.732 -37.6025 -3.6898
2.732 -37.7461 -3.6898
2.7383 -37.4148 -3.7088
-3.3838 -35.7583 -5.8881
1.6626 -41.4839 -4.2461
2.7441 -34.1347 -3.7271
2.7445 -36.8515 -3.7277
0.5146 -36.0218 -4.5374
2.7506 -35.1065 -3.7463
2.754 -36.9399 -3.7562
2.7573 -37.8124 -3.7659
2.6749 -36.2773 -3.5183
3.3868 -36.1595 -3.6321
-7.6664 -33.0456 -3.4944
2.7574 -38.0001 -3.766
-4.4882 -34.217 -3.3429
2.7604 -37.3264 -3.7753
-5.2493 -38.6771 -3.3531
2.7605 -37.6798 -3.7754
-5.9563 -33.8794 -3.6213
3.2511 -35.927 -3.518
-3.7647 -34.0426 -3.4164
2.7606 -38.232 -3.7755
-3.7109 -34.5094 -3.6758
2.7629 -33.2401 -3.784
-6.0432 -38.1232 -3.7518
2.7757 -34.1015 -3.8222
-2.0351 -37.4534 -2.7245
2.7977 -33.5603 -3.8887
2.8072 -33.6487 -3.9172
2.8302 -38.486 -3.9848
-3.0143 -30.9956 -2.6553
0.5759 -33.8636 -3.596
2.8366 -39.0161 -4.004
-2.5135 -31.7285 -3.1817
2.8398 -39.5794 -4.0136
2.8483 -33.6928 -4.0409
-7.7013 -33.4709 -3.6285
2.8556 -39.1044 -4.061
-3.9627 -31.8172 -2.9567
-8.6377 -34.2562 -3.4017
3.5791 -34.6794 -3.6402
-7.6439 -40.0099 -3.5721
0.0327 -42.2103 -4.0888
2.8873 -39.6898 -4.1563
1.1249 -38.6331 -3.7639
2.8905 -39.9217 -4.1658
-1.3307 -31.4275 -3.0709
2.9189 -39.767 -4.2514
3.0392 -40.3633 -4.613
3.4079 -33.0739 -5.7242
1.9188 -34.9676 -3.5636
-8.2679 -34.5264 -3.4325
2.7627 -36.4344 -3.4896
2.7656 -35.5177 -3.499
-1.2127 -35.0854 -2.3892
2.7657 -35.6392 -3.499
1.3754 -37.9931 -3.6203
-7.8567 -36.2317 -3.5486
-0.7828 -32.7855 -3.2758
2.0681 -36.3791 -3.4317
2.7689 -35.9484 -3.5086
2.769 -36.1914 -3.5086
2.7691 -36.5558 -3.5086
2.772 -35.8601 -3.5181
0.9006 -37.7716 -3.5967
2.7751 -35.2747 -3.5275
-4.2762 -32.0367 -3.0547
2.788 -36.4785 -3.5657
-5.5996 -36.0399 -3.643
2.7941 -35.5618 -3.5846
2.7941 -35.6723 -3.5846
2.797 -34.5458 -3.594
2.7998 -33.3972 -3.6033
2.8039 -36.5779 -3.6133
2.8191 -34.3691 -3.6605
2.8315 -33.4524 -3.6984
2.8324 -36.7988 -3.6989
2.8325 -37.1522 -3.699
2.8442 -33.8721 -3.7365
2.8445 -34.9544 -3.7367
-8.7359 -32.6888 -3.5096
-6.012 -33.1022 -3.4252
-4.9196 -37.4524 -3.7503
-1.7928 -35.545 -1.9732
2.8507 -34.3249 -3.7556
-1.6009 -35.28 -2.4812
-5.2301 -33.7792 -3.4026
-4.0977 -33.8607 -5.3044
2.8515 -37.5166 -3.7561
-1.8063 -31.8045 -3.0966
2.8547 -37.6492 -3.7656
-3.213 -37.1551 -2.7659
2.8601 -34.1592 -3.7841
2.8609 -37.0749 -3.7846
-3.726 -33.4568 -3.2564
-3.9982 -38.8263 -3.4427
2.864 -36.9644 -3.794
2.8704 -37.3068 -3.8131
-4.7949 -35.6815 -3.5634
-1.5062 -35.5254 -2.1534
-3.9053 -42.0737 -3.5505
2.8737 -37.7154 -3.8227
-5.1353 -39.2018 -3.6894
2.8853 -33.5517 -3.8601
2.8865 -38.2566 -3.8608
2.8884 -33.6401 -3.8697
0.2228 -39.8198 -3.5847
2.8886 -34.2475 -3.8697
2.9024 -38.621 -3.9084
2.9042 -33.4634 -3.9172
2.9213 -38.3118 -3.9654
-6.2231 -36.1184 -3.5406
2.9246 -38.7314 -3.975
-6.6836 -37.0839 -3.5576
2.9275 -37.87 -3.9844
-5.0559 -39.681 -3.514
2.931 -39.0848 -3.9941
2.934 -38.4111 -4.0035
-1.9957 -30.9944 -2.7549
2.9483 -32.8559 -4.0502
2.95 -39.1621 -4.0512
2.9626 -39.0517 -4.0892
2.9722 -39.5487 -4.1178
2.9831 -32.8559 -4.1549
2.9845 -38.0467 -4.1556
2.9849 -39.626 -4.1559
2.9913 -39.9462 -4.1749
-4.4885 -36.667 -2.7742
-4.2363 -31.5236 -2.8987
2.9975 -39.5155 -4.1939
1.5699 -34.4407 -3.632
-5.6487 -34.1381 -3.5873
-3.9052 -41.5299 -3.4567
-2.9458 -39.2321 -3.2986
3.0134 -39.7143 -4.2415
2.8628 -35.3714 -3.4998
-4.3821 -35.3093 -2.6725
2.866 -36.2991 -3.5095
2.8691 -35.2278 -3.5188
-3.8488 -38.6289 -3.5384
-3.332 -41.1149 -3.6118
2.8755 -36.4426 -3.5381
-8.2163 -38.4557 -3.6791
2.8785 -35.0621 -3.5473
2.8787 -36.023 -3.5475
2.888 -34.6093 -3.5757
2.8912 -35.3492 -3.5854
2.8912 -35.4376 -3.5854
2.8913 -35.8573 -3.5855
-7.105 -33.6438 -3.5752
2.8913 -36.2549 -3.5856
3.3741 -36.0601 -3.594
-8.6434 -36.878 -3.4097
2.8914 -36.3543 -3.5856
2.8944 -35.1615 -3.5948
-2.7217 -39.0244 -3.454
2.8973 -33.3282 -3.6039
2.8975 -34.8523 -3.6043
-5.8375 -34.1168 -3.5754
3.3524 -37.5726 -3.8225
2.8976 -36.1223 -3.6046
-1.3106 -34.9652 -2.4166
2.9038 -35.029 -3.6233
-7.9549 -37.0664 -3.6408
2.91 -33.7699 -3.642
3.72 -33.9872 -3.6096
2.9101 -34.3332 -3.6422
-7.1297 -37.5831 -3.7769
0.1336 -38.3905 -3.6848
-2.1526 -34.0922 -3.7212
2.9135 -36.553 -3.6523
2.9227 -33.8914 -3.6801
-6.4623 -33.0113 -3.3402
0.5156 -40.6388 -3.7428
2.9231 -36.9617 -3.6809
2.9262 -36.8512 -3.6904
-7.9154 -39.6487 -3.4729
-8.2239 -36.3268 -3.4914
1.9612 -41.9454 -4.0103
2.9289 -33.4165 -3.699
2.9294 -37.0721 -3.7
-4.9993 -38.1304 -3.5265
2.9321 -33.7147 -3.7086
2.9354 -34.4104 -3.7183
2.9417 -34.0902 -3.7372
2.9483 -36.7518 -3.7569
2.9515 -36.9175 -3.7665
-2.3103 -31.5408 -3.1395
2.9516 -37.4586 -3.7666
2.9516 -37.6243 -3.7667
-2.3729 -42.6333 -3.9588
2.9575 -34.2116 -3.7848
2.9642 -37.3592 -3.8046
2.9801 -37.6574 -3.8523
-2.4741 -38.3386 -3.6446
2.9801 -37.7789 -3.8523
-2.4692 -39.5672 -3.3407
-6.9421 -33.1665 -3.6047
2.9801 -37.8672 -3.8523
-5.5654 -31.6026 -2.8649
0.4014 -35.438 -3.7021
-1.1565 -32.4195 -3.2195
2.9832 -37.4696 -3.8617
3.0023 -38.2317 -3.919
3.0118 -38.077 -3.9475
3.0276 -38.3421 -3.9951
3.0307 -38.1543 -4.0046
3.0308 -38.2537 -4.0046
3.0339 -38.0108 -4.0141
-4.7035 -36.9723 -2.8747
-7.5599 -33.0649 -3.4766
3.034 -38.5851 -4.0142
3.0341 -39.3582 -4.0144
-5.4399 -40.2613 -3.6456
3.0373 -39.5569 -4.024
3.3143 -33.7182 -3.708
3.0459 -32.7869 -4.0508
3.0499 -39.8551 -4.0621
-5.2494 -35.8687 -3.559
3.0529 -38.4304 -4.0712
-7.2758 -38.2126 -3.7268
3.0585 -32.9304 -4.0888
3.0626 -39.9987 -4.1002
-0.9218 -37.579 -2.5817
2.7336 -38.7457 -3.9926
3.0688 -38.7838 -4.1189
-8.5845 -37.32 -3.2448
-7.5477 -42.2543 -3.5994
3.0689 -39.568 -4.1191
3.5761 -33.1995 -3.6305
-0.7646 -33.1185 -3.2595
3.0712 -32.8531 -4.1269
3.0815 -39.2477 -4.157
2.9588 -35.2738 -3.5086
2.9588 -36.2678 -3.5088
-7.0325 -34.9273 -3.5076
2.9683 -35.1413 -3.5371
2.9683 -35.7156 -3.5372
1.8251 -34.7133 -3.5727
2.9683 -35.8371 -3.5373
1.6581 -38.1718 -3.6403
2.9715 -35.9585 -3.5468
3.8035 -34.0413 -3.6642
2.9747 -35.0087 -3.5561
2.9841 -35.329 -3.5847
2.9841 -36.2457 -3.5849
-1.9094 -38.5631 -3.5956
0.3966 -37.127 -3.6144
2.9873 -35.6272 -3.5943
2.9904 -36.4224 -3.604
2.9937 -33.4405 -3.6129
2.9936 -35.7818 -3.6133
3 -34.8099 -3.6322
-7.6695 -32.8519 -3.484
3.0031 -36.5991 -3.642
3.0157 -36.7427 -3.6801
-0.6113 -35.2861 -2.5573
3.0157 -37.1292 -3.6802
3.0189 -36.4997 -3.6896
-4.2849 -34.797 -3.5855
-5.936 -32.6391 -3.1779
3.0221 -34.7547 -3.6987
3.022 -37.2396 -3.6992
-0.3791 -31.0001 -3.0562
3.0253 -33.9485 -3.7081
-5.5659 -35.3528 -3.4862
3.0285 -33.7607 -3.7176
-5.4531 -34.5712 -3.3668
1.188 -36.5372 -3.4852
3.0316 -34.2908 -3.7272
3.0348 -34.0368 -3.7366
3.0378 -37.339 -3.7468
-1.2127 -38.874 -3.4714
-7.2284 -35.0338 -3.5424
3.775 -38.7657 -4.2306
-8.3165 -38.3508 -3.6644
3.041 -36.7647 -3.7562
-4.3713 -35.9586 -5.7285
-5.7311 -37.9035 -3.3985
3.0442 -36.8531 -3.7657
3.0601 -33.9816 -3.8127
2.8736 -33.3173 -4.1169
3.3771 -33.8512 -3.6032
3.0663 -37.339 -3.8324
3.0726 -37.6482 -3.8515
-3.7507 -31.2651 -2.8439
-2.2968 -38.5119 -3.5806
-3.056 -33.1995 -3.2469
-2.7244 -33.0951 -3.3747
-0.6997 -33.9409 -3.4836
3.079 -37.7366 -3.8705
-2.6574 -36.77 -3.9378
-5.147 -40.8699 -3.5384
3.0948 -37.9464 -3.9181
3.0979 -38.1563 -3.9277
-7.8343 -31.2359 -3.2453
3.1042 -38.4986 -3.9468
-3.7694 -35.5718 -2.6124
3.1137 -38.0569 -3.9752
-5.1155 -32.7072 -3.2939
3.1232 -37.9243 -4.0037
-5.3647 -37.0257 -3.5922
3.1264 -38.1452 -4.0133
3.1264 -38.587 -4.0134
3.1358 -39.5809 -4.0421
0.6645 -30.4833 -2.7787
3.139 -38.9404 -4.0515
-5.1468 -41.7027 -3.3724
3.139 -39.3821 -4.0516
3.1453 -39.0729 -4.0705
-4.9613 -39.5219 -3.6409
-4.1874 -34.462 -3.6555
-4.7758 -32.5426 -3.6575
3.1518 -32.8882 -4.0883
3.1548 -39.4815 -4.0991
-3.711 -34.6049 -3.7171
-7.9103 -33.3649 -3.4108
0.1403 -36.0566 -3.4393
-1.5066 -33.8431 -3.5134
-8.5431 -31.2564 -2.7054
3.1548 -39.6693 -4.0992
-6.5891 -35.0133 -3.4102
3.1706 -38.8741 -4.1466
3.1834 -32.8992 -4.1834
-2.1785 -41.7068 -3.6662
-6.6393 -33.112 -3.3159
3.1833 -38.5207 -4.1845
3.1896 -39.2385 -4.2037
3.3097 -40.3871 -4.5654
1.8503 -38.9884 -3.8419
0.9006 -36.8089 -3.4351
3.1524 -35.1758 -3.5173
3.1523 -35.3084 -3.5173
3.1523 -35.96 -3.5174
3.1555 -36.0815 -3.527
3.1618 -36.214 -3.546
3.1745 -34.6015 -3.5838
3.6235 -33.9947 -3.7733
0.9006 -40.9188 -3.6905
3.1745 -35.3636 -3.5839
3.1745 -35.6065 -3.584
-6.2042 -37.2084 -3.4476
3.1776 -35.2421 -3.5934
-8.2895 -33.7038 -3.4095
3.1808 -35.0985 -3.6029
3.1808 -35.7501 -3.603
3.1904 -33.4308 -3.6311
-4.046 -35.5854 -2.7886
-4.6874 -34.5833 -3.3698
1.6627 -40.7377 -3.9741
3.1903 -33.7069 -3.6312
0.1178 -39.367 -3.6138
3.1903 -36.2361 -3.6316
0.1264 -34.9586 -3.8934
-7.7423 -38.2756 -3.6854
3.1934 -36.6668 -3.6412
-3.3602 -36.9 -2.6934
3.1966 -36.7772 -3.6507
-2.036 -39.061 -3.4981
3.1997 -36.8987 -3.6603
3.203 -33.8284 -3.6692
3.2029 -36.5122 -3.6697
3.2062 -33.6186 -3.6787
3.2092 -37.0754 -3.6888
-3.9452 -35.7469 -2.7904
3.2125 -34.1818 -3.6978
3.2125 -34.2812 -3.6979
-3.2374 -36.7604 -1.9037
3.2188 -33.7401 -3.7168
0.5725 -34.4299 -4.9823
3.222 -33.4198 -3.7262
3.2218 -37.1748 -3.7269
-3.5231 -37.51 -2.7293
3.225 -36.8214 -3.7364
3.225 -37.2632 -3.7364
3.2378 -34.2481 -3.7739
-4.3239 -31.7437 -2.887
-3.8081 -42.4573 -3.6688
3.2409 -34.1597 -3.7834
-3.6223 -38.5283 -3.5027
-4.0757 -32.5846 -3.3315
-3.6746 -34.4695 -6.0359
-5.5344 -38.1486 -3.3722
3.2471 -37.6828 -3.8031
3.2536 -33.8063 -3.8214
3.2567 -34.0161 -3.831
3.2694 -33.5192 -3.8689
3.2756 -37.5834 -3.8887
2.8473 -33.6843 -3.746
3.2756 -37.7159 -3.8887
3.2852 -33.983 -3.9166
-4.0904 -31.4869 -2.762
2.1282 -37.5939 -3.6127
3.3009 -37.9258 -3.9648
3.3009 -38.1466 -3.9649
-2.2759 -35.0032 -2.5081
-5.7044 -33.5172 -3.4215
3.3072 -38.5001 -3.9839
-3.7148 -34.946 -2.488
3.3198 -38.7762 -4.022
3.374 -34.8121 -3.5938
3.3262 -37.9699 -4.0409
-6.2042 -38.9344 -3.6472
-3.479 -34.0271 -3.4273
3.3293 -38.6878 -4.0506
-5.4399 -40.6458 -3.5731
3.3293 -38.9087 -4.0506
3.342 -38.4669 -4.0886
3.3514 -38.3233 -4.1171
2.0513 -39.1643 -3.9638
3.3577 -38.8534 -4.1362
3.3577 -39.5713 -4.1363
-3.3405 -33.4502 -3.2512
-7.6807 -38.0124 -3.755
-2.98 -32.9361 -3.277
3.364 -39.6597 -4.1554
-1.6976 -37.0787 -1.8435
3.3704 -39.7591 -4.1744
-5.7332 -33.8206 -3.5277
3.3799 -39.3394 -4.2029
-6.1101 -35.2059 -3.4124
3.4083 -39.0964 -4.2884
-6.5673 -33.9718 -2.1776
-4.0236 -37.155 -2.8818
3.4147 -39.2068 -4.3075
1.0211 -34.559 -3.7103
3.2448 -35.419 -3.4989
3.2479 -35.2423 -3.5084
-1.9837 -41.0877 -3.7468
-6.2641 -39.0542 -3.4477
3.2511 -35.7614 -3.518
-4.8221 -33.6317 -3.3758
3.2574 -35.0325 -3.5369
-4.2847 -37.1152 -2.6615
1.2644 -38.7236 -3.8853
-3.4188 -31.6142 -3.2805
-6.6608 -33.1771 -3.3793
3.2669 -35.3417 -3.5655
-5.8261 -36.9294 -3.7482
3.2669 -35.5736 -3.5655
3.2669 -36.3578 -3.5656
3.27 -34.8116 -3.575
3.5039 -37.8712 -3.9842
3.2701 -35.4853 -3.575
-6.9723 -39.4125 -3.6196
3.2732 -35.1871 -3.5845
-4.6489 -35.778 -5.6699
-4.2847 -40.15 -3.5549
3.2764 -35.9933 -3.5941
-4.445 -32.5118 -3.2832
3.2858 -33.6851 -3.6224
3.2859 -36.5786 -3.6227
3.289 -34.7453 -3.632
3.2921 -33.3537 -3.6414
-4.771 -33.5094 -3.4872
3.2953 -33.4973 -3.6509
3.2954 -36.4571 -3.6512
3.2986 -36.9762 -3.6608
3.3048 -34.4029 -3.6795
3.3081 -36.8437 -3.6893
3.3207 -37.0535 -3.7274
3.3269 -33.0003 -3.746
3.3269 -34.3035 -3.7461
-1.8851 -33.4164 -3.3645
-7.4545 -35.2755 -3.4802
3.3301 -33.0997 -3.7555
-5.826 -36.4398 -3.4691
-2.9454 -37.1749 -2.8174
3.3301 -33.4642 -3.7555
3.3333 -34.182 -3.7651
2.7653 -39.0107 -4.0877
-8.3625 -37.428 -3.435
-7.5895 -37.2588 -3.7002
3.3334 -37.418 -3.7655
-0.2197 -33.8699 -3.4791
3.3364 -34.0937 -3.7746
-1.4994 -38.0191 -3.9012
-4.4474 -34.1419 -3.4479
3.3429 -37.1971 -3.794
3.3491 -33.8176 -3.8126
3.3522 -33.0224 -3.8221
3.3649 -34.0605 -3.8602
1.9313 -35.9395 -3.6018
3.3682 -37.4621 -3.8701
3.3712 -33.8838 -3.8792
-4.5484 -30.2171 -2.8266
3.3713 -37.6941 -3.8796
0.8077 -41.9306 -4.1394
3.3713 -37.7935 -3.8796
-8.692 -34.0867 -3.5294
3.3967 -38.0806 -3.9557
3.4156 -37.8928 -4.0128
-6.8985 -33.7591 -3.5469
3.422 -38.0143 -4.0318
-1.4654 -36.9113 -1.9192
-6.8317 -37.4251 -3.7276
3.4252 -38.8758 -4.0414
3.4315 -39.925 -4.0606
-0.3722 -35.6612 -3.4919
3.4346 -38.2573 -4.0699
3.4378 -39.7372 -4.0796
-7.6442 -35.6456 -3.402
3.441 -39.8366 -4.0891
-5.2465 -36.8274 -3.6512
3.4441 -39.4059 -4.0986
3.4442 -40.0244 -4.0986
3.4631 -39.2844 -4.1556
-0.9715 -36.8547 -1.8786
3.4979 -39.2844 -4.2602
3.3235 -35.3422 -3.4417
-6.8325 -38.3468 -3.8201
3.3361 -34.9888 -3.4797
3.3361 -35.4527 -3.4798
-5.2493 -39.214 -3.3605
-6.5892 -36.6931 -3.5436
3.3393 -35.6846 -3.4893
3.3393 -35.9938 -3.4894
-8.1468 -32.0918 -3.915
3.3487 -34.4808 -3.5177
-4.1873 -40.7873 -3.6348
3.3488 -36.0822 -3.5179
-2.3341 -32.3482 -3.2815
-3.7518 -34.3117 -3.5463
-3.1106 -31.3005 -2.9411
3.3551 -35.3091 -3.5368
3.3582 -34.9115 -3.5463
-7.5479 -35.2919 -3.4155
3.3614 -35.1324 -3.5558
3.3677 -34.6575 -3.5748
-0.7394 -34.2641 -3.6564
3.3677 -35.2207 -3.5749
3.3678 -35.8171 -3.575
-7.6442 -35.5163 -3.5131
3.3678 -35.9386 -3.575
-7.9153 -40.7431 -3.6009
3.3709 -35.7067 -3.5845
-8.6349 -36.1204 -3.3132
-3.2469 -33.788 -3.2888
3.3771 -33.1002 -3.6031
-6.4225 -33.9187 -2.9717
-8.0395 -30.2636 -3.2003
3.3773 -36.4135 -3.6036
-3.6474 -30.3935 -2.7485
3.7623 -39.8922 -4.1927
-3.3606 -32.0259 -3.1658
-8.0081 -38.5465 -3.5374
0.3177 -37.2492 -5.0966
3.3835 -34.5581 -3.6223
2.0252 -33.7626 -3.6024
3.3836 -36.6123 -3.6226
-0.1759 -32.1807 -3.1371
-2.2763 -38.4733 -3.7187
3.3866 -33.9506 -3.6318
3.3866 -34.293 -3.6318
-6.1214 -35.6995 -3.387
3.39 -36.7117 -3.6417
-3.5482 -37.3735 -2.7047
3.393 -34.7237 -3.6509
-4.2848 -38.1689 -3.463
3.3992 -33.5309 -3.6697
-3.9167 -30.6972 -2.7253
3.4024 -33.807 -3.6793
0.2302 -36.1032 -3.4624
-3.3304 -32.4936 -3.1312
3.4056 -33.4315 -3.6888
3.4089 -36.6454 -3.6987
3.6872 -33.8316 -3.716
-3.2129 -30.947 -2.9217
3.4119 -33.9064 -3.7078
3.4122 -37.2307 -3.7083
-7.2619 -40.1514 -3.5343
3.4153 -36.7779 -3.7178
-0.6623 -38.6457 -3.5981
3.4248 -37.054 -3.7463
3.4279 -36.8552 -3.7558
-5.2493 -42.4288 -3.6112
-4.6011 -37.7071 -3.6966
3.4309 -34.2488 -3.765
-2.1779 -36.0629 -1.7197
3.4311 -37.1534 -3.7654
0.103 -37.1176 -3.6419
-8.6187 -30.3299 -2.9677
3.4311 -37.4295 -3.7654
-5.5825 -37.3705 -3.5249
3.4533 -37.3191 -3.832
-3.7066 -30.9117 -2.6923
-3.9649 -35.6367 -2.6233
3.4755 -37.9044 -3.8986
3.4818 -37.7056 -3.9176
-7.2595 -32.8489 -3.4116
3.5039 -38.1032 -3.9843
-7.2378 -37.4941 -3.8079
3.5324 -38.567 -4.0699
3.5419 -38.3351 -4.0984
-4.8557 -33.1595 -3.4187
-3.5235 -39.4621 -3.2748
3.5451 -38.4345 -4.108
-2.7581 -36.5148 -2.0013
-4.8976 -39.2258 -3.5452
-4.9228 -37.9242 -3.5503
1.2595 -33.124 -3.5893
3.5452 -39.9365 -4.1082
-0.7391 -40.7467 -3.7872
3.5515 -39.8481 -4.1272
3.5609 -38.6112 -4.1555
-6.4904 -40.9405 -3.5027
-5.2071 -31.6338 -2.9301
3.5672 -38.8321 -4.1746
3.5799 -39.1413 -4.2127
-5.4661 -36.5176 -3.5916
3.5862 -38.7547 -4.2316
-3.9897 -31.5432 -3.0018
-8.0766 -31.698 -3.1743
3.5926 -39.2296 -4.2507
-4.6322 -35.1338 -3.4749
3.5957 -38.8873 -4.2602
-4.9009 -30.3537 -3.0084
1.7584 -38.3476 -3.6509
3.5957 -39.3511 -4.2603
3.9158 -38.0865 -4.0654
1.0806 -37.849 -3.6306
-6.6545 -37.1737 -3.7533
3.5958 -39.583 -4.2603
0.6427 -30.82 -2.8696
-7.3753 -33.6378 -3.5438
3.5958 -39.7487 -4.2603
-0.7791 -36.1374 -1.8029
-1.6985 -41.8963 -3.897
-7.0297 -37.5466 -3.7559
3.6021 -40.1353 -4.2794
3.6115 -39.1192 -4.3078
3.6116 -39.6714 -4.3079
3.6242 -39.5609 -4.3459
-4.4162 -33.6879 -3.3209
3.5222 -35.2869 -3.4691
-2.4238 -37.5255 -2.7501
3.5254 -34.9887 -3.4786
3.5316 -35.7618 -3.4977
0.9006 -37.6965 -3.5225
3.5348 -36.071 -3.5073
1.6108 -35.7201 -3.4972
3.5475 -34.6132 -3.5451
3.5539 -34.3923 -3.5641
3.5569 -35.9826 -3.5739
-8.3747 -32.0694 -3.2054
3.5602 -34.7567 -3.5832
-1.3004 -35.7309 -1.8674
3.5601 -35.7618 -3.5833
3.5634 -33.5308 -3.5925
3.5632 -36.3692 -3.5929
-8.4258 -33.4664 -3.4775
3.5665 -34.5027 -3.6022
-1.9397 -31.1666 -2.8706
-8.4604 -34.6188 -3.42
3.5664 -36.1041 -3.6024
-1.474 -38.4921 -3.8797
3.5727 -36.5238 -3.6215
3.5727 -36.7447 -3.6215
-7.5478 -39.8879 -3.6026
3.5759 -36.6453 -3.631
3.5822 -36.2587 -3.65
-7.0737 -34.8046 -3.4025
2.7378 -34.2341 -3.7081
-8.6332 -35.5248 -3.1993
3.5855 -34.8561 -3.6593
3.5885 -36.8993 -3.6691
3.6012 -36.7668 -3.7071
3.6011 -37.2748 -3.7072
3.6109 -33.2437 -3.7351
3.6233 -37.2196 -3.7738
-1.8603 -35.8733 -1.8495
-4.6288 -37.9501 -3.4847
-7.9821 -31.112 -3.1307
3.6264 -37.341 -3.7833
3.6327 -37.6392 -3.8024
-6.495 -33.0726 -3.4333
-1.0246 -31.6307 -3.0416
3.6454 -37.7386 -3.8404
3.6488 -33.9615 -3.8494
3.6551 -34.0609 -3.8684
3.6612 -37.8491 -3.888
-1.2159 -33.7106 -3.5028
3.6675 -37.9374 -3.9071
3.677 -37.7607 -3.9356
0.3175 -36.3303 -3.5047
3.6896 -38.1693 -3.9737
-1.4734 -36.6161 -1.9118
-6.0141 -36.796 -3.4439
3.7405 -33.0559 -4.125
1.2821 -39.0569 -3.7628
3.7402 -39.8259 -4.1261
-1.0453 -39.3402 -3.5924
3.7497 -38.6773 -4.1545
-3.141 -31.9921 -3.0897
3.7655 -39.6824 -4.2022
3.7845 -39.1191 -4.2591
3.7845 -39.3179 -4.2592
-5.7808 -36.5855 -3.666
3.7939 -39.6492 -4.2878
3.7971 -39.0197 -4.2972
-5.1466 -42.5541 -3.5345
-1.0666 -35.1337 -2.3804
3.7971 -39.2185 -4.2972
1.5705 -41.7904 -4.1144
-4.0404 -33.7234 -3.2521
3.8129 -39.1301 -4.3447
-5.2493 -40.3198 -3.5842
-3.0382 -34.0105 -3.3879
-7.5952 -37.7007 -3.7582
3.8224 -38.9645 -4.3733
3.5956 -35.5987 -3.4403
3.6019 -34.903 -3.4593
-4.1339 -36.2081 -2.8151
-0.5794 -38.4132 -3.5541
3.6051 -35.168 -3.4688
-4.742 -33.1235 -3.3723
3.6114 -35.3889 -3.4878
3.6177 -35.5435 -3.5069
3.6272 -35.0465 -3.5354
-3.3714 -36.0038 -5.6263
3.6304 -35.665 -3.5449
1.6626 -41.3908 -4.2823
3.6335 -35.1349 -3.5544
3.6367 -35.8969 -3.564
3.643 -34.2182 -3.5829
-1.1738 -36.7567 -1.7657
3.643 -34.3176 -3.5829
-5.8261 -40.0688 -3.6316
3.6431 -36.2945 -3.583
-7.7046 -34.8664 -3.5124
-4.2891 -33.6187 -3.3729
-3.7417 -32.8908 -3.2429
-3.7525 -32.722 -3.2551
3.6556 -33.8979 -3.6209
3.6588 -34.4059 -3.6304
0.9762 -34.3591 -3.6009
-7.3433 -34.309 -3.5244
3.6621 -36.8246 -3.6401
0.2251 -33.5642 -3.4797
-4.8004 -32.4139 -3.7104
3.6652 -36.3497 -3.6496
3.8139 -38.4702 -4.0968
-5.6703 -32.8543 -3.266
3.6682 -33.423 -3.6589
3.6682 -33.5776 -3.6589
-4.5273 -31.0155 -2.8483
3.6682 -33.7323 -3.6589
-1.3728 -34.9784 -2.5091
-3.8355 -34.399 -3.5751
3.6714 -34.1851 -3.6685
3.6716 -37.1228 -3.6687
3.6716 -37.2112 -3.6687
3.6745 -33.0917 -3.6779
3.9573 -39.3988 -4.3233
1.6628 -39.7283 -3.915
-5.6108 -36.1428 -3.6828
3.6747 -36.1951 -3.6781
3.681 -36.7031 -3.6972
0.3546 -34.7089 -3.7737
3.6969 -37.178 -3.7448
-7.4086 -30.6333 -3.3386
3.7032 -37.3989 -3.7638
-1.5553 -31.2096 -2.8781
3.7093 -34.0967 -3.7826
-0.6333 -34.2611 -3.6834
-1.0257 -42.18 -4.1242
3.7095 -37.4873 -3.7829
3.719 -37.675 -3.8114
-2.2758 -36.4357 -1.8893
-4.373 -38.0206 -3.6267
3.7317 -37.8075 -3.8495
-3.3005 -35.1702 -2.5985
-3.9242 -37.3264 -2.8882
3.7665 -37.8848 -3.9541
1.8472 -33.9181 -3.6391
-5.5484 -33.1733 -3.4837
-4.6785 -31.9921 -3.0932
-2.9526 -36.6356 -1.9062
3.7981 -38.1499 -4.0492
-5.0151 -37.6776 -3.4788
-5.6235 -35.3495 -3.4008
1.408 -34.0745 -3.7523
3.8171 -38.5806 -4.1063
3.8235 -39.7734 -4.1255
3.8362 -39.939 -4.1635
3.8393 -40.0274 -4.173
-4.6202 -33.8643 -3.2294
3.8424 -38.5364 -4.1824
3.8456 -38.8236 -4.192
3.8519 -39.4862 -4.211
3.8677 -39.1659 -4.2586
3.8709 -38.7573 -4.268
0.3956 -30.5619 -3.5013
3.8709 -39.7071 -4.2681
1.2441 -36.9759 -3.6599
3.874 -38.8567 -4.2776
3.9981 -39.2351 -4.3127
3.8836 -39.5083 -4.3061
-5.588 -31.5855 -2.6648
-4.699 -32.613 -3.4604
-1.7266 -33.3186 -3.2876
3.8899 -39.0776 -4.3251
-4.7717 -41.9336 -3.4311
3.8962 -39.2101 -4.3442
3.6757 -35.1138 -3.4766
3.6821 -35.9531 -3.4956
3.6852 -35.7654 -3.5051
0.287 -37.4798 -3.853
-8.1911 -31.3661 -2.9197
3.6884 -34.6168 -3.5146
3.6947 -34.8708 -3.5336
-6.5893 -37.4457 -3.4635
3.701 -35.4009 -3.5527
3.7042 -36.1298 -3.5622
3.7105 -35.7101 -3.5812
0.2735 -31.2409 -3.1237
-8.3744 -32.4505 -3.5127
-4.307 -33.1068 -3.2407
-1.5636 -35.0646 -6.0855
3.7136 -33.1589 -3.5906
3.72 -34.1198 -3.6096
3.7327 -36.2734 -3.6478
3.7389 -34.3075 -3.6667
3.7389 -34.4621 -3.6667
-6.376 -36.6345 -3.719
3.739 -36.4501 -3.6669
3.7452 -33.5013 -3.6857
-8.766 -31.3986 -3.3116
-7.2224 -37.2549 -3.7436
3.7485 -36.8808 -3.6954
3.7517 -36.6489 -3.7049
3.7928 -37.6318 -3.8286
-2.3717 -35.5833 -1.9531
3.8308 -37.7975 -3.9428
-5.5344 -37.9109 -3.3923
3.8624 -38.0183 -4.0379
3.8814 -38.2944 -4.095
3.8972 -38.4822 -4.1426
-2.6635 -38.8757 -3.4456
3.9447 -39.7522 -4.2853
3.7196 -34.7733 -3.4755
-6.5986 -32.4582 -3.1438
-4.9866 -39.1243 -3.5648
3.7291 -35.6679 -3.5041
3.7544 -35.9329 -3.5802
3.7669 -33.8897 -3.6181
3.8083 -37.2693 -3.7419
3.8112 -33.8014 -3.7513
-6.2735 -39.5402 -3.4193
3.8209 -37.3576 -3.78
0.9536 -32.3869 -3.4689
-4.8655 -39.7742 -3.5334
3.8557 -37.4901 -3.8846
-5.148 -35.1087 -3.4729
3.9222 -38.5614 -4.0844
3.9348 -38.6498 -4.1225
3.75 -35.4771 -3.5027
-6.473 -34.2154 -3.4864
-0.2201 -30.7815 -2.8646
3.7626 -35.7863 -3.5408
0.5165 -35.0231 -3.8173
-2.1785 -41.4707 -3.7868
3.7721 -35.6207 -3.5693
-6.7801 -36.6 -3.6239
3.7751 -34.5052 -3.5787
3.7753 -36.0735 -3.5789
-7.8651 -34.9421 -3.4447
3.7783 -34.7703 -3.5882
-8.2735 -34.9684 -3.4906
3.7813 -33.4891 -3.5976
3.791 -34.6488 -3.6263
-4.5264 -35.8276 -2.6599
3.791 -34.8917 -3.6263
1.2156 -31.8887 -3.2259
3.794 -33.6106 -3.6356
-3.9985 -40.9877 -3.6451
3.7943 -35.7753 -3.6359
-5.17 -36.8163 -3.5841
3.8002 -33.0253 -3.6546
-0.8121 -33.7781 -3.4377
3.8006 -36.0182 -3.655
-1.2407 -37.8071 -3.9672
-6.5897 -42.801 -3.5112
3.8035 -34.218 -3.6643
-4.9661 -35.9458 -2.7636
3.807 -36.5042 -3.674
3.8097 -33.2461 -3.6832
3.184 -34.7672 -3.6123
3.8098 -33.8536 -3.6832
3.8101 -36.4048 -3.6835
-4.6069 -35.1117 -3.551
3.8134 -36.968 -3.6931
3.8225 -33.9309 -3.7213
3.8291 -36.7361 -3.7407
3.8323 -36.471 -3.7501
1.1268 -35.4984 -3.6749
3.8323 -36.8465 -3.7502
-6.4904 -39.9168 -3.5861
3.8355 -36.6036 -3.7597
3.8387 -37.454 -3.7693
-7.3536 -41.6566 -3.6456
3.8419 -37.5534 -3.7788
-1.1173 -38.5989 -3.6704
3.8672 -37.5975 -3.8549
3.8672 -37.7521 -3.8549
3.8798 -37.6748 -3.893
-3.2593 -32.6347 -3.2094
3.902 -38.0061 -3.9596
1.3754 -37.7129 -3.6057
3.9179 -38.3816 -4.0072
0.3995 -35.3138 -5.0403
-5.1431 -32.4245 -3.5999
1.0582 -34.8008 -3.5635
-1.4129 -41.9227 -3.9511
-2.9557 -36.006 -1.8966
3.9748 -38.5141 -4.1784
-4.0151 -33.4694 -3.3281
-4.4652 -32.9454 -3.3792
-6.7945 -32.459 -3.1432
-3.4977 -31.5161 -3.2321
3.9939 -39.6627 -4.2356
4.0096 -38.9448 -4.2831
4.0128 -39.0995 -4.2926
1.882 -34.1721 -3.7438
4.0161 -39.8173 -4.3022
-6.78 -38.2417 -3.5853
4.0192 -39.3314 -4.3117
4.0192 -39.4639 -4.3117
-5.6121 -30.0795 -3.3508
4.1773 -40.2148 -4.7873
1.8192 -39.6296 -4.1257
-8.5596 -38.4431 -3.2882
-8.5563 -37.9625 -3.2324
0.7082 -35.8405 -3.6711
-8.5678 -38.0412 -3.2708
-8.5992 -38.0927 -3.3591
-4.2847 -38.4399 -3.4597
-0.9745 -35.1 -2.3648
-6.049 -35.9283 -5.5858
-8.5371 -37.5629 -3.1424
-7.2443 -31.9113 -3.2797
-3.9979 -37.3561 -2.6513
-6.0232 -37.0977 -3.5982
2.5219 -38.808 -3.9175
-8.5485 -37.1565 -3.1333
-8.5501 -37.0597 -3.1281
-8.5821 -37.1694 -3.2238
-8.2018 -37.2804 -3.5258
-8.5804 -37.077 -3.2103
-8.0992 -33.7526 -1.6074
-2.1784 -39.2211 -3.461
-8.5686 -36.9159 -3.1631
-8.2369 -34.5805 -2.0539
-8.1436 -33.8926 -1.7389
-7.262 -34.9595 -3.37
-4.0678 -31.3877 -2.6925
-1.8169 -30.7925 -2.7598
0.8077 -41.1729 -3.7721
-8.5966 -36.9718 -3.2431
-8.6266 -32.1964 -2.8575
-0.3673 -36.0802 -2.4516
-8.562 -36.629 -3.1177
-8.5872 -36.3694 -3.1593
-8.6107 -36.5026 -3.2349
-2.8032 -35.6922 -5.8588
-6.3429 -38.3486 -3.7985
1.0409 -30.7602 -3.5797
0.4359 -32.4562 -3.319
-8.6171 -36.4111 -3.2428
-2.0676 -37.9261 -3.8684
-7.9624 -33.7782 -3.339
-5.6939 -31.8038 -3.2264
-8.6144 -36.178 -3.2132
-4.9331 -32.5105 -3.3042
-8.5885 -35.8942 -3.1166
-8.5916 -35.8071 -3.1162
-4.8492 -30.2337 -3.1158
0.1857 -34.0672 -3.5478
-8.6298 -35.3402 -3.1723
-5.056 -35.564 -3.6338
-8.683 -35.1366 -3.2939
-8.6758 -34.1997 -3.1835
-6.1099 -41.5888 -3.4076
-6.2043 -35.2644 -3.4043
-8.6954 -34.2791 -3.2434
0.6133 -38.5898 -3.5516
-8.6996 -34.1194 -3.2391
-8.754 -34.435 -3.4143
-1.2064 -31.2578 -2.9748
0.4183 -34.3114 -3.7284
-6.4904 -41.1214 -3.4442
-8.6233 -37.2254 -3.39
-8.6979 -34.0271 -3.2255
1.1775 -31.6654 -3.3178
-0.4499 -39.8788 -3.5195
-8.734 -34.0839 -3.3269
-7.7649 -30.5717 -2.7511
-5.2494 -35.1144 -3.5386
-8.739 -33.5798 -3.2912
-7.5478 -38.9269 -3.5415
-8.7564 -33.6979 -3.3489
-7.2062 -32.6375 -3.4962
-2.1518 -37.2345 -2.7569
-8.7683 -33.5632 -3.3673
-8.7666 -33.4708 -3.3537
-8.737 -33.2158 -3.2502
-4.6446 -33.777 -3.4291
-8.7255 -33.0304 -3.2017
-6.1435 -36.9053 -3.653
-8.7257 -32.9237 -3.1917
-7.4545 -38.2569 -3.6133
-8.4104 -38.131 -3.6311
-6.9836 -38.4681 -3.9863
-4.7814 -35.8854 -2.7446
-8.5691 -31.7787 -2.664
-2.0099 -32.8807 -3.224
-8.5569 -31.6417 -2.6181
-8.6611 -32.3501 -2.9641
-8.6565 -32.2381 -2.941
-8.7408 -32.7844 -3.2184
-3.8158 -37.4168 -2.8582
-8.572 -31.5025 -2.6448
-8.6896 -32.2751 -3.0328
-8.6832 -32.1775 -3.0061
-3.9988 -42.4977 -3.6398
-5.9404 -31.5092 -3.0783
-5.3885 -37.3427 -3.7227
-8.7383 -32.4446 -3.1787
-8.6093 -31.4866 -2.7423
-5.9829 -33.9823 -3.4343
-8.7265 -32.2834 -3.1316
-8.5431 -31.0098 -2.5199
0.223 -34.8836 -3.8977
0.7082 -38.4461 -3.6022
-2.5625 -35.5957 -1.9035
-2.6628 -36.5873 -1.9017
-8.6618 -31.8165 -2.914
-4.9353 -34.6646 -3.4304
-8.6994 -32.0723 -3.039
-8.5627 -31.0893 -2.5798
-4.1342 -32.0184 -3.1788
-8.7205 -32.1616 -3.1036
-3.8342 -38.1223 -3.7311
-8.7527 -32.3538 -3.208
2.6387 -38.2929 -3.7072
-8.6937 -31.9262 -3.0097
-8.556 -30.9091 -2.5444
-8.6204 -38.3893 -3.4955
-5.6665 -38.2579 -3.5708
-8.6163 -38.1464 -3.461
0.9386 -38.4795 -3.8594
-8.6653 -38.3984 -3.6157
-8.7386 -38.4392 -3.8146
-8.6076 -37.4955 -3.3746
-8.6428 -37.7074 -3.4887
-8.6412 -37.5084 -3.4651
-8.6395 -37.4161 -3.4515
-8.6384 -36.7902 -3.3878
-8.6198 -36.5556 -3.3153
-8.6518 -36.3694 -3.3822
-8.6424 -36.2521 -3.346
-8.6616 -36.0599 -3.3784
-3.9167 -37.1947 -2.8555
-8.6503 -35.7678 -3.3198
-7.3801 -32.7553 -3.4704
-8.6502 -35.5786 -3.3011
-3.5252 -37.7861 -3.9165
-8.6788 -35.5036 -3.3697
-5.5275 -31.5602 -2.76
-8.6804 -35.4068 -3.3645
-2.4318 -31.1194 -2.905
-2.3948 -36.0745 -3.8823
-8.7125 -35.1139 -3.4214
-8.7182 -33.8196 -3.4209
-0.6424 -33.3991 -3.3632
-8.7005 -34.7635 -3.3554
-8.7286 -34.8195 -3.4354
0.3696 -35.6544 -3.8078
-3.3326 -31.9699 -3.0859
0.5876 -36.7919 -3.5978
-4.6549 -33.1473 -3.3951
-8.7273 -34.7029 -3.4206
-8.7527 -34.5258 -3.4709
-8.7944 -34.4327 -3.5727
0.4524 -31.6979 -3.2012
-7.5567 -38.3811 -3.7222
-4.3287 -33.5503 -3.3416
-8.7528 -34.1232 -3.432
-7.8147 -38.1002 -3.6196
-8.7923 -34.0687 -3.5317
-8.8032 -32.7555 -3.543
-8.7763 -33.7713 -3.4601
-8.7935 -33.4042 -3.4702
-0.9611 -31.6903 -3.1372
-6.4963 -32.4115 -3.1187
-2.7836 -38.3493 -3.5573
-1.4987 -33.3733 -3.3837
-8.7629 -33.1151 -3.3605
-8.7951 -33.3073 -3.465
-3.6388 -36.1719 -2.7164
-8.7854 -33.2143 -3.43
-0.5445 -34.0507 -3.6582
-5.9615 -35.751 -3.5512
-8.8291 -33.296 -3.5541
-1.1083 -31.8232 -3.0334
-8.7602 -32.5861 -3.302
-0.739 -40.1986 -3.3693
-8.7618 -32.4893 -3.2968
-8.6004 -31.339 -2.7559
-5.9077 -37.3226 -3.4171
-8.7942 -32.5748 -3.3912
-8.5729 -30.8562 -2.6358
0.3621 -31.7583 -3.7069
2.7281 -33.2511 -3.6793
-6.657 -37.9986 -3.8406
0.0505 -29.7199 -3.0591
-8.8387 -32.608 -3.5127
-8.9434 -33.2921 -3.8575
-8.8718 -32.7518 -3.6146
1.2821 -40.516 -3.6825
-8.8653 -32.6542 -3.5879
-8.629 -30.9682 -2.7957
0.8902 -35.4183 -3.6897
-8.6193 -30.8751 -2.7608
-5.3417 -37.9399 -3.6567
-8.7907 -31.905 -3.3166
-8.6644 -30.9667 -2.8897
-2.3937 -31.952 -3.1416
-8.8535 -32.1971 -3.5119
-0.8258 -35.9481 -4.5447
-8.744 -31.3185 -3.1353
-8.7974 -31.4933 -3.2944
-3.9987 -42.0371 -3.5148
-8.8551 -31.5084 -3.4491
-5.8353 -34.7137 -3.3506
-8.8916 -31.5409 -3.5492
-7.9762 -37.2871 -3.5287
-8.6118 -38.3452 -3.5795
-8.6199 -37.1624 -3.4857
-4.929 -34.024 -3.4493
-8.5997 -35.6518 -3.2845
-6.8463 -36.3398 -3.6605
-8.6592 -35.0607 -3.3852
-2.1781 -35.5519 -2.2732
-8.7282 -33.6992 -3.4357
-8.744 -33.6182 -3.4699
-8.4613 -32.5771 -3.4851
1.663 -37.6629 -3.5844
-5.9639 -32.6879 -3.7719
-8.7358 -32.9432 -3.3821
-8.7288 -32.6806 -3.338
-0.409 -36.0503 -4.3588
-8.683 -32.0457 -3.1541
-8.5337 -30.9499 -2.6504
-1.1404 -31.5303 -3.0903
-8.7573 -32.4165 -3.3879
-4.5757 -38.6458 -3.355
1.3675 -39.8277 -3.9135
-8.68 -31.8368 -3.1258
-8.5664 -31.0112 -2.7435
-8.601 -31.0581 -2.8401
-6.8565 -32.7995 -3.3412
-8.5358 -38.1954 -3.5157
-5.1253 -33.0962 -3.3576
-8.5841 -38.3891 -3.663
-8.5777 -38.2915 -3.6363
-8.5582 -38.1053 -3.5664
-2.2764 -42.2407 -3.7872
-8.5203 -37.767 -3.4328
-8.5603 -37.8775 -3.5499
-5.5737 -38.3951 -3.8045
-0.5943 -37.2152 -2.6999
-8.5379 -37.1865 -3.4228
-8.5372 -36.9391 -3.3967
-8.5715 -36.9035 -3.4845
-2.948 -36.9411 -2.0403
-2.8042 -33.758 -3.3932
-3.3987 -33.8415 -3.439
-8.552 -36.5281 -3.3959
-8.578 -36.7052 -3.4824
-8.5632 -36.3351 -3.4069
-7.3695 -35.7396 -3.4866
0.3138 -38.729 -3.6505
-3.5236 -31.9452 -3.0832
-6.3799 -33.5642 -3.4295
-8.5364 -35.9106 -3.2942
-8.5667 -35.928 -3.3764
-8.5491 -35.7274 -3.31
-8.5504 -35.5481 -3.296
-1.6722 -36.8365 -1.9591
-8.5694 -35.2733 -3.3197
-8.5825 -35.066 -3.3342
-3.9026 -33.698 -5.2814
-0.1618 -41.1589 -3.7448
-8.5812 -34.9494 -3.3194
-7.2556 -33.2803 -3.4434
-8.6077 -34.8064 -3.3758
-5.6366 -37.3625 -3.6164
-8.6381 -34.7171 -3.4479
-8.6434 -34.5915 -3.4497
-8.6254 -34.4151 -3.3846
-6.9724 -38.3191 -3.6148
-3.3321 -31.6228 -3.3045
-8.6498 -34.4999 -3.4576
-8.6743 -34.182 -3.4918
-2.6433 -34.1981 -3.692
1.389 -38.4039 -3.6957
-8.6705 -34.0216 -3.466
-8.6374 -33.6886 -3.3454
-8.649 -33.7673 -3.3839
-8.6678 -33.8952 -3.4464
-4.4685 -32.0284 -3.0479
-8.694 -33.1846 -3.4465
-8.2241 -35.3324 -3.3949
-8.696 -33.0635 -3.44
-7.0547 -32.0091 -3.2817
-8.7232 -33.1679 -3.5226
-3.4812 -36.504 -5.4613
-8.6621 -32.483 -3.2933
-7.8711 -36.1408 -3.5779
-8.5179 -31.3683 -2.8014
0.6675 -35.8245 -3.5435
0.7082 -38.3711 -3.5279
-8.6764 -32.3922 -3.3226
-8.8072 -32.6616 -3.6962
0.3883 -36.1545 -3.5577
-8.5673 -31.0043 -2.8972
-0.8126 -32.27 -3.0527
-2.2413 -37.4368 -2.5967
-5.4827 -36.8955 -3.5352
-7.9574 -36.8144 -3.6229
-8.7498 -32.1371 -3.4927
1.7465 -38.978 -3.9068
-2.6627 -35.596 -1.8788
-8.6657 -31.484 -3.2052
-6.4926 -34.2948 -3.5463
-8.7036 -31.5264 -3.3101
-2.8495 -34.5283 -3.753
-8.6163 -30.1793 -2.9468
-3.7546 -37.8204 -3.7578
-8.8526 -31.7587 -3.7288
-8.8718 -31.8624 -3.79
-1.2237 -33.4472 -3.2338
-8.6425 -30.2497 -3.0233
-8.651 -29.9303 -3.0146
-7.7374 -40.5316 -3.5987
-8.6797 -30.0446 -3.102
-0.1851 -34.9795 -2.4122
-8.394 -38.343 -3.6084
2.6323 -37.4756 -3.6881
-8.3799 -38.2204 -3.559
-8.3772 -38.094 -3.5394
-8.415 -38.243 -3.6543
-8.3605 -37.7383 -3.4603
-0.6582 -35.3891 -3.9671
-3.5057 -37.8958 -3.8754
3.4568 -39.6488 -4.1366
-8.3986 -37.9699 -3.5839
-5.4893 -38.1435 -3.5164
-8.3561 -37.5196 -3.4271
-8.4472 -32.4545 -3.4357
-8.37 -37.2638 -3.4389
-8.3798 -37.061 -3.4451
0.3818 -32.8321 -3.2505
-8.4138 -37.0496 -3.5342
-2.5248 -39.2 -3.4924
-8.4225 -36.8127 -3.5342
-0.4845 -31.6522 -3.141
-6.5639 -35.9397 -3.6422
-7.846 -38.4476 -3.7368
-6.9723 -40.7565 -3.5078
-6.8714 -41.0159 -3.4873
-8.0554 -34.1651 -3.3591
-8.3944 -36.5675 -3.4355
-8.4289 -36.7211 -3.5421
-8.4239 -36.6334 -3.5203
-7.5257 -33.4789 -3.4263
-8.4052 -36.3988 -3.4478
-7.0737 -34.9559 -3.359
-3.2342 -36.6389 -1.9133
-8.4116 -36.3072 -3.4556
-8.4378 -36.3776 -3.5321
-8.3894 -35.9946 -3.3661
0.9193 -29.7948 -3.3076
-8.3936 -35.835 -3.3617
-2.6801 -36.8541 -1.8507
-5.0559 -39.0357 -3.4156
-8.4484 -36.1263 -3.5356
-8.4229 -35.8183 -3.4378
-8.4059 -35.676 -3.3788
-5.4519 -34.1665 -3.581
-7.2619 -39.491 -3.4549
-2.6638 -40.7712 -3.4909
-8.4328 -35.5088 -3.4339
-6.2356 -39.0874 -3.5333
-8.4094 -35.2689 -3.3482
-8.4276 -35.3385 -3.4033
-5.8261 -39.8659 -3.6227
-8.4145 -35.0608 -3.3413
-1.4379 -33.3225 -3.2801
-8.4391 -35.228 -3.423
-8.4305 -34.5772 -3.3365
-8.4735 -34.4114 -3.4344
1.6868 -33.9861 -3.7252
-8.4817 -34.3054 -3.4458
-8.4914 -34.2093 -3.462
0.0086 -37.0476 -3.628
-0.3938 -35.3589 -2.4912
-2.7722 -36.0937 -4.4625
-8.5168 -34.0322 -3.5123
-8.5046 -33.8953 -3.4664
0.9334 -37.277 -3.7559
-3.3319 -39.7924 -3.3528
-8.4908 -33.5592 -3.3969
-8.5085 -33.4639 -3.4345
-8.5133 -33.1733 -3.4188
1.188 -34.3458 -3.6128
2.9149 -38.1682 -3.9464
-8.5402 -33.3019 -3.5027
3.1966 -36.3465 -3.6507
-8.5292 -33.0923 -3.4529
-8.5511 -32.8372 -3.4862
-8.5428 -32.754 -3.456
-8.3153 -31.127 -2.6926
-6.54 -37.0969 -3.6916
-7.6873 -34.3457 -3.4159
-8.3519 -31.3487 -2.8115
-3.14 -31.1779 -2.7503
-8.4576 -32.0669 -3.1624
-8.5401 -32.6276 -3.4364
2.2061 -36.6121 -3.5462
-8.2938 -30.8728 -2.6105
-5.0246 -35.2589 -3.4498
-8.3448 -31.1928 -2.7774
-4.4816 -34.7049 -3.554
-3.9492 -39.5436 -3.5303
-8.3739 -31.2829 -2.8635
-8.5025 -32.0759 -3.2826
-8.3292 -30.8712 -2.7045
-8.5289 -32.2288 -3.3678
-8.3094 -30.7093 -2.6359
-5.6917 -35.8282 -3.4942
-8.575 -32.4611 -3.5129
-8.336 -30.7554 -2.711
0.639 -34.8385 -5.1821
-8.5811 -32.287 -3.512
-8.6094 -32.4255 -3.6007
-7.3245 -34.4771 -3.4908
-8.4843 -31.0361 -3.1323
-5.6627 -36.9477 -3.6453
-8.5187 -31.0005 -3.2202
-8.5357 -30.8469 -3.2504
-8.288 -38.319 -3.5857
-8.3262 -38.4438 -3.6993
-4.7319 -36.223 -2.877
-8.2795 -37.8573 -3.518
-8.2769 -37.6243 -3.4883
-5.4984 -32.8873 -3.3228
-8.305 -37.6802 -3.5683
-6.7573 -38.5465 -4.1609
-8.4361 -38.5172 -3.9983
1.1724 -38.854 -3.9066
-8.2816 -37.4404 -3.4827
-8.2993 -37.5342 -3.539
-8.3083 -37.3798 -3.5478
-8.2921 -37.1891 -3.4862
-0.3624 -35.864 -3.4858
-4.7467 -32.3477 -3.3091
-7.7372 -41.2161 -3.5307
-8.3033 -36.9961 -3.4972
-7.9151 -42.8262 -3.5281
-8.3212 -36.794 -3.5247
-4.8764 -30.9299 -3.2559
1.3754 -38.5559 -3.7271
-8.3423 -36.5874 -3.5606
-0.0974 -38.1338 -3.7606
-7.2736 -33.4566 -3.5085
-8.3209 -36.4156 -3.4872
-8.334 -35.9124 -3.4728
0.5104 -30.6487 -3.4568
-8.3441 -35.792 -3.4877
-3.7115 -41.1185 -3.5555
-4.9376 -38.401 -3.6359
-6.0627 -32.6912 -3.7879
-8.3202 -35.5764 -3.4034
-8.3361 -35.4954 -3.4375
-6.0865 -32.0974 -3.0302
-5.5037 -39.6566 -3.7633
-6.6169 -32.717 -3.2177
0.9006 -39.3323 -3.667
-3.2645 -32.0239 -3.1637
3.0473 -37.7035 -3.7754
-8.3265 -34.9997 -3.3637
-4.3553 -33.7241 -4.9556
-8.3662 -34.8385 -3.4533
-8.5238 -32.7867 -3.6717
-8.3564 -34.7454 -3.4184
-4.0917 -31.2722 -2.9932
-6.0496 -31.8999 -2.9126
-8.3392 -34.5206 -3.3506
-8.3519 -34.3375 -3.3664
-8.3682 -34.4215 -3.418
-8.3645 -34.1543 -3.3822
-8.3805 -34.2625 -3.435
-5.5124 -30.0003 -3.3345
-4.6681 -34.7979 -3.591
-8.3543 -33.8963 -3.3297
-8.3964 -34.0748 -3.4591
-8.3911 -33.7154 -3.4097
-6.0122 -37.3732 -3.5959
-4.7713 -39.0385 -3.3216
-8.4061 -33.3869 -3.4177
-8.403 -33.2848 -3.3993
-2.7011 -36.0692 -5.3715
-8.4347 -33.312 -3.4863
1.2819 -34.963 -3.6115
1.2658 -33.886 -3.6084
-8.4186 -33.1213 -3.4247
-8.433 -33.2197 -3.4728
-8.4465 -32.9881 -3.4859
-8.2383 -31.3581 -2.7737
-6.9722 -42.4516 -3.7683
-7.9151 -42.9579 -3.4947
3.7011 -36.2403 -3.5527
-8.2242 -31.2355 -2.7243
2.3274 -37.2061 -3.622
-8.3415 -32.0323 -3.1136
-8.4498 -32.6876 -3.4654
-8.2574 -31.2725 -2.8161
-8.2752 -31.3664 -2.8725
-8.2212 -30.7307 -2.6671
-5.9183 -39.5505 -3.6144
-8.2713 -31.0167 -2.8279
-0.7556 -36.3468 -4.1824
-8.2685 -30.8904 -2.8083
-3.8078 -38.8593 -3.4459
-2.9237 -37.0273 -2.7453
-8.2534 -30.7337 -2.7528
-8.3449 -31.14 -3.0355
-8.3366 -31.0568 -3.0054
-7.1913 -31.7122 -3.1193
-8.4143 -31.1271 -3.2187
0.8078 -42.272 -4.0553
-8.4064 -31.0197 -3.1872
-8.4662 -31.1029 -3.3542
-8.2519 -36.3828 -3.5713
-2.3205 -37.3824 -2.6418
-8.2032 -38.3671 -3.6358
1.2819 -34.6791 -3.7113
-8.1908 -38.1477 -3.5812
-6.6837 -42.4325 -3.6648
2.6716 -35.5815 -3.5086
-8.2143 -38.2809 -3.6568
-3.1703 -32.4606 -3.2134
-3.3886 -37.64 -2.6079
-8.6078 -34.9956 -3.3945
-8.1972 -37.9494 -3.579
-8.2021 -37.848 -3.5821
-8.2004 -37.7557 -3.5686
3.0442 -37.085 -3.7658
-8.2279 -37.9426 -3.6599
-4.8436 -30.8686 -3.1628
-8.197 -37.571 -3.5415
0.2229 -39.0828 -3.4769
-8.4291 -31.9608 -3.6103
0.000499964 -33.7218 -3.5828
0.3964 -39.4462 -3.6149
-8.2311 -37.7488 -3.6494
-0.5445 -35.6079 -3.6583
-8.2214 -37.3598 -3.5857
-6.0586 -38.1844 -3.5776
-8.2002 -37.0814 -3.5022
-6.5984 -33.9407 -2.2572
-4.8656 -41.5135 -3.4675
-8.2318 -37.2153 -3.5992
-2.613 -38.8029 -3.5203
-8.2443 -36.8429 -3.5962
-5.3648 -33.4047 -3.5215
-8.2306 -36.211 -3.4979
-5.008 -34.1969 -3.4133
-8.2568 -36.2814 -3.5744
-6.0869 -35.9685 -3.657
-8.2315 -36.0559 -3.4853
-4.3822 -40.3311 -3.6211
-8.2485 -35.9022 -3.5154
-8.2468 -35.8099 -3.5019
-3.8347 -35.7692 -2.748
-3.5578 -36.1145 -2.676
-8.2786 -35.8371 -3.5889
-8.2269 -35.4588 -3.4145
-8.2364 -34.5817 -3.3543
0.1265 -35.8365 -3.5241
-5.9183 -39.9525 -3.6006
-8.2759 -34.8231 -3.4828
-0.8114 -37.1743 -2.5557
-3.5811 -35.3822 -2.7923
-6.5019 -33.927 -3.535
-8.2483 -34.4469 -3.3727
-7.4542 -33.812 -3.5236
-2.6803 -32.2566 -3.1754
-8.2513 -34.3599 -3.3722
-8.2806 -34.3432 -3.4483
-8.2899 -34.1646 -3.4557
-1.4839 -37.6604 -2.5669
-8.2698 -33.9202 -3.3784
0.9969 -36.8212 -3.4295
-0.6462 -42.5417 -4.0287
-8.2594 -33.7689 -3.336
-8.3005 -33.9134 -3.4593
-8.2783 -33.6008 -3.3697
-8.1411 -31.376 -2.7877
-6.8436 -32.9002 -3.3167
-0.483 -32.53 -3.2226
-8.2056 -31.4645 -2.9678
-8.4079 -32.7592 -3.632
-8.4496 -32.962 -3.7627
-1.2596 -36.8566 -1.8004
-3.4174 -34.1608 -3.5247
2.6195 -36.8682 -3.6499
-8.3987 -32.5352 -3.5857
-8.433 -32.6063 -3.6836
-5.711 -34.3958 -3.5246
-2.7931 -36.0608 -5.3666
-8.1606 -30.6744 -2.7711
-8.2388 -31.2056 -3.0307
-8.2826 -31.1806 -3.1448
-8.3749 -31.5385 -3.425
-3.9334 -34.0677 -3.2802
-8.5997 -36.5889 -3.2139
-8.4545 -32.0796 -3.6894
-8.405 -31.6626 -3.5172
-8.2561 -30.5427 -3.012
-2.297 -31.9616 -3.1451
-6.2615 -33.1811 -3.6017
3.6524 -33.5003 -3.6113
-8.4132 -31.5567 -3.5286
-8.2585 -30.3974 -3.0042
-8.5136 -32.1045 -3.8489
-4.8027 -33.9307 -3.3534
-0.9492 -31.8251 -3.1189
-8.3408 -30.9499 -2.7429
-8.2948 -30.5366 -3.1143
-8.5615 -32.3224 -3.9975
3.371 -36.3251 -3.5845
-4.4016 -37.6497 -3.6666
-8.2884 -30.439 -3.0876
-7.8764 -32.4089 -3.4712
-8.3379 -29.9682 -3.1734
-8.3105 -31.3433 -3.2349
-8.3898 -29.944 -3.3089
-1.8272 -36.5317 -4.1254
-7.9965 -38.4236 -3.6194
-8.0076 -38.3373 -3.6404
-4.7714 -39.2421 -3.3077
-7.9966 -38.1277 -3.5905
-8.0233 -38.0671 -3.6557
-7.6438 -42.1649 -3.519
-8.0306 -37.8204 -3.6509
-5.623 -37.9967 -3.6421
-8.0289 -37.7281 -3.6373
1.0988 -35.779 -3.6223
-4.2846 -41.08 -3.6768
-8.0171 -37.5669 -3.5901
-8.0319 -37.6411 -3.6369
1.3755 -36.7231 -3.5367
-8.0329 -37.4859 -3.6242
-8.0136 -37.1931 -3.5443
-6.2042 -37.6256 -3.4148
-4.1238 -33.6461 -5.1043
-8.0364 -37.0788 -3.5937
-0.5401 -34.7309 -3.8478
-2.2764 -41.653 -3.7047
-7.3462 -38.4345 -3.6877
-3.9986 -41.7622 -3.4863
-8.0529 -36.7601 -3.6064
-8.0349 -36.5838 -3.5412
1.188 -36.3297 -3.4673
0.7116 -33.4489 -3.3854
-8.053 -36.6534 -3.5963
-8.0502 -36.3379 -3.5579
-8.0558 -36.188 -3.5583
-4.3174 -33.9502 -5.3892
-8.0681 -36.0291 -3.5754
-7.7189 -34.1837 -3.4841
-8.0314 -35.6182 -3.4377
-8.0605 -35.7082 -3.5238
-8.0357 -35.4585 -3.4333
-7.1449 -34.509 -3.5163
-6.9622 -37.3261 -3.8178
-8.0586 -35.5334 -3.5015
-7.9762 -40.1518 -3.5295
-6.0691 -36.6557 -3.677
-8.0647 -35.3593 -3.5006
-1.7738 -37.4488 -2.5574
-8.0481 -35.1928 -3.4403
-7.1341 -34.3819 -3.4752
-3.6996 -31.8245 -3.0269
-8.0719 -35.1126 -3.4959
-0.314 -33.1969 -3.4791
-8.0435 -34.7849 -3.3883
-3.7653 -38.2434 -3.8277
-8.0801 -35.0067 -3.5072
-8.0412 -34.6343 -3.3674
0.8375 -31.7768 -3.7181
-4.0994 -38.0789 -3.6763
-8.0703 -34.7244 -3.4535
-8.0644 -34.4958 -3.4155
-8.0573 -34.3399 -3.3814
-8.1039 -34.4413 -3.5151
-8.083 -34.2453 -3.4404
-8.0903 -33.9986 -3.4356
-8.0681 -33.6861 -3.346
-1.7931 -34.8224 -3.8613
-7.8226 -31.5598 -3.2457
-2.5687 -38.1403 -3.6534
-8.11 -33.4862 -3.4378
2.3962 -39.8038 -4.1173
-8.1058 -33.35 -3.4133
-8.1371 -33.1056 -3.4728
-8.1386 -32.8195 -3.4488
-8.1793 -32.9882 -3.5733
-7.9737 -31.4022 -2.8719
-8.129 -32.1346 -3.3561
-8.0194 -31.3628 -2.9894
-8.2104 -32.6613 -3.6241
-8.1888 -32.407 -3.5419
-8.3234 -35.3826 -3.3929
-7.9383 -30.6227 -2.7014
-7.9366 -30.5304 -2.6879
-4.9259 -35.3162 -3.459
-8.1129 -31.648 -3.2657
-8.0768 -31.2954 -3.1354
-3.4303 -33.3725 -3.2338
-7.9687 -30.5334 -2.7736
-7.9543 -34.8543 -3.4229
-8.2003 -32.0006 -3.5328
2.7336 -38.6352 -3.9926
-8.2524 -32.3547 -3.7058
0.188 -37.3587 -3.6969
-5.4511 -36.9618 -3.6303
-8.2038 -31.8894 -3.531
-2.8436 -36.0744 -6.0034
-4.3148 -37.5461 -3.6939
-8.1621 -31.3907 -3.3715
-6.6837 -38.6061 -3.625
-4.0637 -36.522 -5.2252
-8.2987 -32.1844 -3.8121
1.1549 -36.2588 -3.5199
-6.0141 -39.3778 -3.6682
-8.297 -32.0921 -3.7985
-8.3252 -32.2306 -3.8872
-5.4091 -37.9755 -3.4593
-5.5307 -38.3716 -3.6877
-8.1029 -30.3956 -3.1167
-8.1457 -30.3365 -3.2247
-6.5706 -33.0748 -3.6344
-7.9368 -38.2629 -3.7098
1.3755 -35.6267 -3.6233
-4.7806 -32.0561 -3.1113
-7.9355 -38.1464 -3.6949
-0.6248 -37.805 -3.8562
-7.9194 -37.9557 -3.6333
-8.0008 -38.4823 -3.9013
-3.5176 -31.5274 -3.0265
-7.8665 -33.3102 -3.5327
-7.9172 -37.6984 -3.6023
-7.9526 -37.6968 -3.6963
-7.9312 -37.3358 -3.6041
-4.6541 -38.8668 -3.4086
-7.9282 -37.127 -3.5757
-4.6392 -38.2947 -3.6041
2.141 -34.1702 -3.6499
-7.9442 -36.6434 -3.5709
-2.4366 -32.0822 -3.2684
-7.9462 -36.5223 -3.5644
-3.6224 -39.0379 -3.4565
-7.971 -35.991 -3.5784
-7.9367 -35.4348 -3.4329
-0.4097 -35.8697 -2.5829
-4.6617 -34.8895 -3.5831
-7.9255 -35.3319 -3.3931
-7.9852 -35.711 -3.5889
-7.9623 -35.151 -3.4731
-2.1781 -35.4619 -2.3642
-5.9711 -32.8509 -3.2919
-5.1818 -31.7042 -2.8697
-7.9861 -35.0707 -3.5286
-7.9417 -34.7416 -3.3783
-0.3966 -34.0529 -3.6527
-7.9418 -34.6349 -3.3682
-7.9657 -34.5546 -3.4238
-7.9553 -34.1074 -3.3526
-6.096 -37.9269 -3.6842
2.6779 -35.3827 -3.5276
-7.9921 -33.9265 -3.4326
-7.6632 -32.3517 -3.4185
-7.9871 -33.8387 -3.4107
-0.8462 -37.5167 -2.4512
-7.9711 -33.5413 -3.339
2.5529 -33.6835 -4.0115
-7.9975 -33.6941 -3.4243
-7.9995 -33.5731 -3.4177
-0.063 -37.5647 -3.6545
-8.0456 -33.2135 -3.5052
0.6131 -40.5905 -3.6339
-8.0397 -32.985 -3.4672
-8.0257 -32.8624 -3.4178
-3.9349 -36.3766 -2.8243
-8.0546 -33.0592 -3.5139
-7.8453 -31.3127 -2.7867
-7.307 -36.5128 -3.6435
-4.9141 -31.3749 -3.3996
-8.6651 -35.9486 -3.3766
-7.876 -31.3058 -2.8676
-2.4981 -32.3771 -3.2039
-7.4913 -36.2601 -3.6066
-8.0879 -32.6936 -3.5669
-7.904 -31.3618 -2.9475
-8.0547 -32.1714 -3.4275
-7.8672 -30.7617 -2.7911
-7.8674 -30.655 -2.7811
-1.6299 -36.2702 -1.8322
-7.9871 -31.1998 -3.1526
-2.1785 -40.9314 -3.702
-8.0715 -31.3435 -3.3912
-5.0558 -36.3906 -2.7508
-8.1195 -31.2655 -3.511
-6.9935 -31.9161 -3.1099
-1.9281 -33.5389 -3.3226
-2.5532 -32.9401 -3.4054
-5.8261 -37.1965 -3.5669
-8.0061 -30.3333 -3.1185
-7.8465 -38.3166 -3.7254
-3.2652 -31.2699 -2.8386
-7.8362 -38.1653 -3.683
3.5918 -34.3039 -3.6782
-7.8109 -37.9398 -3.5939
-7.8213 -37.7952 -3.6074
-7.8285 -37.6552 -3.6127
-2.3725 -39.9086 -3.3577
-5.4168 -35.3274 -3.601
-7.8499 -37.7203 -3.6761
-6.2042 -40.0049 -3.461
-7.8363 -37.2776 -3.5966
-6.6531 -36.5721 -3.6909
-7.8337 -37.0445 -3.5669
-7.9064 -32.6397 -3.5734
-7.8328 -36.9037 -3.5507
-7.8541 -36.7796 -3.5953
-1.6394 -36.6236 -1.8037
-7.843 -36.6767 -3.5556
1.2921 -30.6166 -2.9106
-7.8359 -36.5208 -3.5215
-7.8298 -36.3989 -3.4935
-7.8686 -36.5821 -3.6146
-7.839 -36.1378 -3.4922
-1.474 -37.0181 -2.4542
-7.8651 -35.7231 -3.5211
-6.8713 -42.1756 -3.8408
0.418 -37.7627 -3.5427
-5.4041 -35.5106 -3.5852
-4.3822 -39.3274 -3.3793
-4.7096 -30.399 -3.0202
-7.8369 -35.2887 -3.4036
-7.8623 -35.1116 -3.4539
-7.8642 -34.8013 -3.4286
-7.8785 -34.7105 -3.4579
3.0568 -37.4495 -3.8039
-7.853 -34.4025 -3.36
-7.8811 -34.4585 -3.44
-3.1728 -36.3693 -5.3867
-7.8882 -34.3185 -3.4453
-7.8683 -34.1565 -3.3766
-7.8964 -34.2125 -3.4566
-7.2227 -34.4026 -3.4656
-5.8388 -35.154 -3.4337
-7.8752 -33.934 -3.3732
-7.9002 -34.0771 -3.4536
-1.5992 -38.3335 -3.6408
-7.9018 -33.9802 -3.4484
-6.4568 -35.9893 -3.6164
-7.885 -33.4353 -3.3505
-2.3719 -35.226 -2.5406
-5.2222 -38.1938 -3.6086
-3.4536 -31.6039 -2.8638
0.3159 -29.8064 -3.1304
-7.9191 -33.6131 -3.4585
-3.7559 -38.8177 -3.5378
-2.946 -38.3549 -3.645
-3.1634 -33.2749 -3.2745
-7.9105 -32.9623 -3.372
-3.0135 -37.8242 -3.8447
-7.9497 -33.1212 -3.4917
-7.947 -32.9948 -3.4721
-7.1489 -34.752 -3.5509
-0.5953 -39.1642 -3.5066
-7.9946 -33.1303 -3.6119
-7.819 -31.2899 -2.9652
-5.7127 -34.1922 -3.5093
-8.5731 -36.0256 -3.403
-7.7334 -30.627 -2.6729
-7.75 -30.4976 -2.7044
0.6091 -34.1224 -3.533
-6.8718 -37.3698 -3.5582
-7.8351 -30.9955 -2.9792
-7.7979 -30.7155 -2.853
-7.8334 -30.9031 -2.9657
-5.8233 -32.1934 -3.1024
-7.7952 -30.5891 -2.8333
-6.6836 -35.3034 -3.3968
-7.8838 -31.165 -3.1252
-7.0385 -35.0492 -3.5356
-3.2315 -32.0694 -3.0806
-7.8662 -30.9644 -3.0588
-3.8289 -33.0866 -3.2286
-7.8294 -30.6602 -2.9312
-7.9362 -31.3057 -3.2782
-3.5475 -31.8649 -3.1387
-7.9394 -30.5201 -3.2101
-7.7447 -38.4262 -3.7064
-7.7401 -38.0183 -3.6544
-0.646 -41.3411 -3.7411
-7.768 -38.181 -3.7445
-7.7648 -38.0788 -3.7261
-7.8374 -38.464 -3.9564
-1.9425 -31.9685 -3.208
-1.998 -38.4425 -3.6121
-5.3641 -37.5539 -3.6786
-2.6632 -34.3729 -3.831
-7.7705 -37.929 -3.7266
1.1879 -40.3805 -3.7527
-7.7794 -37.4787 -3.7065
-7.7711 -37.0996 -3.6476
-7.8019 -37.2819 -3.7472
-7.7977 -37.1457 -3.7227
-4.2976 -32.4911 -3.4103
-7.7997 -37.0246 -3.7162
-1.9837 -40.875 -3.7429
-7.7914 -36.9414 -3.6861
-7.7972 -36.6848 -3.6765
-7.7778 -36.392 -3.5965
-7.7728 -36.3042 -3.5747
-7.7855 -36.0143 -3.5804
-5.9205 -33.6093 -3.4998
-1.412 -34.3552 -3.7741
-0.646 -40.7679 -3.8085
-5.2558 -32.0993 -3.1048
0.6653 -38.0464 -3.7659
1.472 -38.1376 -3.5341
-5.0309 -36.8283 -3.7306
1.3755 -34.5106 -3.72
-8.0238 -38.2321 -3.6731
-7.7854 -35.8251 -3.5616
-1.4118 -36.1641 -1.6579
-7.7884 -35.7381 -3.5612
-4.7793 -39.3482 -3.6117
1.3754 -38.3141 -3.5691
-7.9496 -32.8523 -3.7089
0.8077 -41.7845 -4.169
-7.818 -35.6972 -3.636
-7.8098 -35.614 -3.6058
-6.0072 -34.5522 -3.5549
-5.2906 -37.555 -3.7281
-7.7781 -35.1841 -3.48
-7.7626 -35.0517 -3.4258
-7.773 -34.9071 -3.4394
-6.7799 -42.1764 -3.5695
-7.771 -34.7323 -3.4171
-7.8016 -34.8322 -3.508
-7.773 -34.3153 -3.3817
-7.7944 -34.3804 -3.4451
-1.7376 -37.2812 -2.6788
-7.7747 -34.1118 -3.3665
-7.7924 -34.2056 -3.4228
-7.8055 -34.2941 -3.4661
-7.7832 -33.6857 -3.3477
0.8072 -35.6652 -3.6449
-7.8058 -33.3822 -3.3784
0.5039 -39.8659 -3.9383
1.3797 -34.0406 -3.9509
-7.8449 -32.4642 -3.3929
-5.2337 -31.9759 -3.034
-3.3829 -38.0432 -3.8111
-7.8656 -32.5777 -3.4589
-7.6351 -32.9942 -3.4061
-6.1101 -37.0454 -3.5428
-7.8349 -32.2886 -3.3492
-7.9201 -32.7865 -3.6241
-7.9311 -32.7002 -3.6451
-0.7391 -40.8275 -3.6785
-7.6955 -30.9658 -2.8502
-7.9577 -32.7464 -3.7203
-7.9864 -32.8606 -3.8077
-7.7531 -31.0876 -3.015
-7.7612 -30.9817 -3.0264
-7.8671 -31.5931 -3.3672
-3.595 -39.3929 -3.4421
-7.8506 -31.3199 -3.2969
-7.8809 -31.3373 -3.3791
-7.8248 -29.7458 -3.0751
-7.8462 -29.8109 -3.1384
-0.2055 -37.7136 -3.7564
-7.8311 -29.6542 -3.0829
-7.8783 -29.8139 -3.2241
1.6628 -39.8403 -3.8917
-5.9573 -31.8524 -2.9092
-7.8737 -29.7019 -3.201
-6.5452 -32.9594 -3.3022
-1.7928 -34.8945 -2.4965
-7.908 -29.773 -3.2989
-7.639 -38.4014 -3.6819
-3.1408 -36.2596 -5.2909
-7.6637 -38.4619 -3.7536
-0.8617 -36.7558 -4.1435
-3.5392 -36.8723 -2.8256
-7.916 -34.4639 -3.5419
-7.669 -38.3363 -3.7554
-7.6484 -38.1161 -3.6794
-6.9725 -35.364 -3.412
1.386 -34.3167 -3.9699
-7.6677 -38.2197 -3.7405
-4.7715 -39.8308 -3.5138
-7.6545 -37.942 -3.6785
-7.6892 -37.8822 -3.7651
-0.2588 -41.6776 -4.178
-6.0428 -30.3857 -2.9926
-7.7011 -37.7475 -3.7834
-7.6938 -37.1065 -3.7018
-2.7906 -32.2384 -3.2086
-1.0231 -38.6444 -3.6589
-7.7163 -37.2056 -3.7713
-7.681 -36.8045 -3.6385
-3.5204 -34.3499 -3.8171
-7.6805 -36.6396 -3.621
-7.6982 -36.5442 -3.6586
-1.9699 -33.9309 -3.472
-5.7625 -35.0605 -3.4682
-1.0322 -35.9722 -4.5057
-7.6648 -36.022 -3.5192
1.6628 -39.7935 -3.9943
-7.6664 -35.9252 -3.514
-7.6798 -34.8059 -3.4407
-7.6666 -34.5281 -3.3787
-7.6762 -34.432 -3.3949
-5.9183 -41.0216 -3.4602
1.8788 -33.8628 -3.7342
-7.6951 -34.5599 -3.4574
-2.843 -37.0189 -2.7886
-7.6806 -34.1656 -3.3805
-7.6922 -34.2443 -3.4189
-7.6712 -34.0483 -3.3442
-6.0141 -36.8869 -3.4763
-3.7591 -39.138 -3.5284
-0.0627 -40.6496 -3.5769
-0.0879 -39.3343 -3.5768
-5.0142 -37.5495 -3.7567
-7.7155 -34.295 -3.4858
-7.7243 -33.3596 -3.4182
-7.7524 -33.3089 -3.4881
-0.9285 -34.8657 -2.399
0.2488 -37.3823 -5.1729
-7.7602 -33.2271 -3.5008
-7.7087 -32.6354 -3.3064
-3.7618 -33.1352 -3.3202
-7.7231 -32.5445 -3.3357
-7.7419 -32.6724 -3.3982
-2.8491 -41.4804 -3.6483
-7.6913 -31.0378 -3.1046
-0.0632 -35.7234 -3.8853
-7.7746 -31.2542 -3.3472
-7.565 -38.4643 -3.7524
-6.0706 -33.9441 -3.4153
-3.622 -37.0165 -3.2615
-7.5971 -38.4674 -3.8381
-7.5849 -38.3304 -3.7922
-1.6966 -37.5518 -2.5086
-7.5596 -38.1049 -3.7031
-7.5808 -37.7915 -3.7289
-7.6163 -37.1982 -3.7653
-6.78 -38.8544 -3.644
-7.5972 -36.9878 -3.6941
-5.2494 -35.5324 -3.4829
-7.5893 -36.8804 -3.6627
3.58 -39.6714 -4.2128
-7.5809 -36.6079 -3.6138
0.9006 -42.1447 -4.2467
-2.8492 -41.0314 -3.6187
-5.058 -37.9117 -3.6466
-7.6056 -36.6684 -3.6855
-2.2382 -37.6356 -2.6062
-7.5888 -36.4195 -3.6165
-0.9856 -36.1963 -1.8516
-7.5802 -35.9578 -3.5488
-3.9206 -37.6881 -3.6152
3.2884 -33.8726 -3.9261
-7.5856 -35.7255 -3.5406
-7.6095 -35.6453 -3.5961
-7.5885 -35.1534 -3.4926
-7.5826 -34.6289 -3.4259
-7.262 -37.5079 -3.5777
3.2953 -34.8668 -3.6511
-7.6143 -34.6561 -3.5128
-5.4401 -38.2761 -3.3756
-7.5963 -34.4798 -3.4477
-5.9323 -38.4565 -4.0058
-0.9873 -36.4778 -1.8839
2.1018 -39.6502 -4.1161
-7.5943 -34.305 -3.4255
-7.58 -34.0999 -3.3674
-7.6071 -34.0151 -3.4312
-4.5029 -39.4084 -3.5819
-7.6138 -33.8993 -3.4378
-7.6695 -33.4437 -3.5415
-7.4316 -31.9743 -3.5308
-3.7505 -35.4392 -2.6694
-7.6426 -33.1259 -3.4389
-7.6915 -33.3779 -3.5936
-3.7116 -42.4589 -3.5579
-7.6898 -33.2855 -3.58
-7.5845 -31.9514 -3.1703
-7.6885 -32.5772 -3.5076
-7.6239 -32.0036 -3.28
-0.1619 -41.2483 -3.8229
-7.6141 -31.9105 -3.2451
-7.4805 -38.2868 -3.776
-4.8652 -36.7813 -2.6972
-7.4694 -38.1839 -3.7363
-7.4958 -38.0408 -3.7927
3.1839 -36.1477 -3.6126
-7.4927 -37.6428 -3.7455
-7.6229 -38.5281 -4.1782
-7.5155 -37.5285 -3.7949
-7.4774 -37.1077 -3.6524
-5.061 -33.0231 -3.4398
-7.518 -37.2765 -3.777
0.0579 -29.818 -3.3071
-3.5237 -40.82 -3.3359
2.2894 -36.5435 -3.5077
-7.5167 -37.1599 -3.7621
-7.5089 -37.0525 -3.7307
-7.5006 -36.6733 -3.6717
-7.496 -36.5613 -3.6485
-7.4867 -36.444 -3.6123
-7.4882 -36.158 -3.5882
3.2219 -36.7109 -3.7268
-4.331 -33.2158 -3.315
-7.469 -35.7584 -3.4982
-6.0421 -32.5637 -3.2041
-7.3268 -38.0476 -3.8462
-1.7928 -36.3406 -1.7584
-7.4899 -35.6585 -3.5441
-7.4984 -35.3391 -3.5354
-7.5283 -35.3807 -3.6189
0.951 -36.4887 -3.5276
-7.5028 -35.0727 -3.521
1.8503 -41.4073 -4.0145
-7.5224 -34.8563 -3.5521
-4.6815 -30.343 -2.9402
-7.501 -34.4953 -3.4599
-5.4467 -34.7838 -3.3443
-7.5357 -34.7314 -3.5753
-1.9831 -35.5462 -2.2429
-7.5443 -34.6012 -3.5853
-7.513 -34.2539 -3.4682
-7.5814 -33.911 -3.6164
1.5702 -37.3054 -3.6338
-7.5687 -33.7982 -3.5718
-3.9186 -33.6181 -5.0584
-5.0559 -39.1652 -3.4508
-7.5215 -33.3427 -3.4018
-1.4956 -33.2628 -3.3931
-7.6228 -34.0313 -3.7384
-8.0081 -38.95 -3.4778
-7.5684 -33.5266 -3.5443
-8.172 -33.2349 -3.5781
-7.5988 -33.7331 -3.6453
-7.5747 -33.1391 -3.5234
0.4016 -32.6702 -3.182
-7.5292 -32.7759 -3.3669
-7.5728 -32.9643 -3.5011
-7.5891 -33.0483 -3.5527
-7.5478 -41.2523 -3.4579
-7.5791 -32.8727 -3.509
-7.5844 -32.7471 -3.5107
-7.5689 -32.3187 -3.4277
-6.5458 -35.7634 -3.5771
-2.669 -37.8493 -3.9386
-7.5984 -30.5266 -3.3308
-6.4903 -37.4677 -3.4515
-2.4582 -35.9183 -1.923
-7.3652 -38.1598 -3.7114
-7.368 -37.9903 -3.7022
-7.3962 -37.9395 -3.7722
-2.2767 -30.6459 -2.7035
-7.3978 -37.8427 -3.7669
-7.5009 -38.5169 -4.1069
-7.3984 -37.605 -3.7456
-0.2993 -32.4009 -3.4868
-8.0217 -42.3997 -2.9419
-7.408 -37.5089 -3.7617
-0.8863 -31.0479 -2.876
-7.4162 -37.403 -3.7731
-7.405 -37.3 -3.7334
-2.4956 -35.3183 -6.2867
-4.5758 -40.8322 -3.5335
-2.7561 -35.5689 -2.0514
-5.1308 -36.8999 -3.7418
-5.826 -34.6936 -3.4487
-7.3845 -37.0798 -3.6573
1.6631 -35.1223 -3.5861
-7.4212 -37.1948 -3.7662
-7.413 -37.1116 -3.736
-7.399 -36.8823 -3.6766
-7.396 -36.6734 -3.6482
-2.2757 -36.1461 -1.7108
-7.3994 -36.5622 -3.6465
-7.3901 -36.149 -3.5814
-7.3907 -36.018 -3.5701
-2.4693 -41.0829 -3.6136
-8.8299 -32.0639 -3.4363
-7.4008 -35.791 -3.5749
-2.5843 -32.2143 -3.1641
-6.9679 -31.9809 -3.3114
-6.4061 -32.7102 -3.1614
-2.9425 -32.0885 -3.0943
-5.8261 -41.6208 -3.3686
-7.3941 -35.6109 -3.5395
-7.4163 -35.4383 -3.5815
-2.0807 -42.3634 -3.9181
-7.4042 -35.1946 -3.5256
1.2341 -35.6416 -3.5439
-7.3989 -35.0244 -3.495
-5.1665 -31.5874 -3.5804
-7.428 -34.8185 -3.5523
-7.3942 -34.4273 -3.4243
-5.0573 -38.1494 -3.668
-7.4237 -34.4931 -3.5091
-7.412 -34.2252 -3.4519
-7.3952 -33.9762 -3.3828
-6.4903 -36.466 -3.6024
-0.9946 -38.1363 -3.7444
-7.4384 -33.597 -3.4607
-3.7648 -36.2567 -2.8624
-7.4795 -33.7416 -3.584
-1.005 -31.5512 -2.9818
-7.4387 -33.3836 -3.4406
-4.1873 -40.1987 -3.4288
-7.472 -33.6099 -3.5512
0.2227 -40.6491 -3.6792
-7.4608 -33.507 -3.5114
-7.4463 -33.1127 -3.4346
2.2988 -36.2564 -3.5362
-5.3643 -33.5689 -3.5913
-7.468 -33.2602 -3.5067
-3.7592 -33.8143 -3.2411
-5.6708 -31.9328 -2.9187
-7.4394 -32.8501 -3.3904
-1.3105 -36.2037 -1.6606
-7.4764 -33.0476 -3.508
-2.6452 -33.1126 -3.4136
-5.0007 -31.6583 -2.8868
-7.4447 -32.7245 -3.3922
-7.4736 -32.9212 -3.4884
-7.4397 -32.6367 -3.3704
0.9047 -32.256 -3.7955
-6.7802 -35.2117 -3.4545
2.125 -36.9865 -3.603
-7.3622 -31.8678 -3.0894
-3.0693 -35.1857 -2.6992
-7.4033 -32.0123 -3.2127
-1.496 -36.9044 -2
-7.4522 -32.2643 -3.3674
-7.4786 -32.4172 -3.4526
-5.3119 -36.5431 -3.6864
-7.27 -30.9181 -2.7516
-0.7875 -33.1934 -3.3277
-7.2533 -38.4094 -3.6862
-8.0222 -39.3654 -3.4106
-7.284 -38.1066 -3.7382
-7.3088 -38.1672 -3.8099
-7.2917 -37.8357 -3.7321
-0.6453 -36.7307 -2.4817
-5.705 -31.7175 -3.2474
-7.319 -37.6442 -3.7859
-3.0598 -38.4572 -3.5971
-7.3078 -37.5413 -3.7461
0.8877 -33.4975 -3.509
-4.8566 -36.3929 -2.7997
-7.3098 -37.4202 -3.7396
0.2848 -35.2695 -4.117
2.2723 -34.6794 -3.7456
-7.7694 -37.3031 -3.6628
-7.3114 -37.3233 -3.7344
-4.6095 -34.9944 -5.7555
-4.0887 -33.6234 -5.009
-7.3397 -37.4618 -3.8231
-8.0219 -41.62 -3.1148
-5.9775 -30.3456 -2.8151
-7.3119 -37.1924 -3.723
-7.345 -37.3362 -3.8249
-7.3418 -37.234 -3.8065
0.3839 -38.0326 -3.5765
-7.3221 -36.9654 -3.7279
-0.2763 -38.5533 -3.5944
-0.7177 -36.2253 -4.2965
-7.2936 -36.7444 -3.6304
-2.4784 -36.189 -1.883
-7.2908 -36.618 -3.6107
-1.6009 -36.056 -1.8151
-7.3278 -36.8155 -3.7283
-7.3228 -36.7278 -3.7065
-7.2663 -36.1549 -3.5002
-7.2984 -36.1579 -3.5859
-7.2888 -35.9581 -3.5409
-7.2741 -35.7773 -3.4841
-7.3032 -35.8673 -3.5702
-7.2948 -35.5949 -3.5212
-7.2961 -35.4155 -3.5073
-7.328 -35.336 -3.5842
-7.3081 -34.9849 -3.4968
-4.4357 -34.4659 -3.4482
-4.3718 -31.0492 -2.6959
-7.3298 -35.1324 -3.5689
-7.3494 -35.2119 -3.6288
-7.3356 -34.8759 -3.5594
-7.3104 -34.3545 -3.4414
-7.3428 -34.1441 -3.507
-7.3835 -34.0169 -3.6027
-7.328 -33.4781 -3.4026
-7.3495 -33.5432 -3.466
-3.8539 -36.1792 -2.6616
-7.3424 -33.3873 -3.4319
-6.1823 -32.9117 -3.3649
-3.0334 -32.4261 -3.111
-4.4123 -37.4529 -3.5716
-7.4074 -33.6408 -3.6294
-7.3528 -33.2427 -3.4454
-7.3519 -33.102 -3.4293
-7.3696 -33.0066 -3.4669
-7.3536 -32.7092 -3.3952
-7.3545 -32.554 -3.3826
3.1896 -39.106 -4.2037
-4.8031 -31.1158 -2.8228
-7.8852 -33.8137 -3.3881
-7.3009 -32.0009 -3.1859
-7.2138 -31.3282 -2.8887
-7.386 -32.4988 -3.4608
-7.3304 -32.0667 -3.2707
-1.4118 -35.9983 -1.6975
-7.3799 -32.3769 -3.4329
-4.8398 -33.0513 -3.3659
-7.289 -31.6505 -3.12
-6.8718 -37.9945 -3.5433
-5.4802 -29.8081 -3.23
-7.3323 -31.9456 -3.2642
0.6135 -36.4852 -3.3872
-7.2608 -31.4053 -3.0212
-7.4577 -32.6365 -3.6649
-7.239 -36.8296 -3.7463
-7.2921 -31.4568 -3.1095
-6.0864 -34.4957 -3.4915
-7.2322 -30.9952 -2.905
-5.0373 -34.6846 -3.4116
-7.3136 -31.5218 -3.1729
-7.3937 -31.9319 -3.4259
-7.2506 -30.3662 -2.8924
-4.2847 -37.4681 -2.6727
-8.7649 -31.5145 -3.21
-7.2964 -30.5161 -3.0287
-7.2831 -30.345 -2.9767
-7.3617 -30.5561 -3.2062
-2.9455 -36.5462 -1.7774
-7.3831 -29.8402 -3.1932
-5.2494 -34.6661 -3.486
-7.1606 -38.3697 -3.6884
-7.2116 -38.2047 -3.8078
-4.4821 -40.9462 -3.5879
-3.9051 -40.4237 -3.5486
-7.2013 -37.7575 -3.7366
-5.3429 -36.8615 -2.6816
-3.0419 -35.5476 -2.132
-7.2102 -37.6031 -3.7453
-7.2266 -37.6871 -3.7969
-7.2395 -37.5864 -3.8214
-6.928 -35.2904 -3.5284
-7.2147 -37.0408 -3.7021
-0.9244 -30.8694 -2.7013
-7.2134 -36.9242 -3.6873
1.2255 -33.2568 -3.7708
-7.2106 -36.7979 -3.6676
-7.2399 -36.9704 -3.7625
-3.042 -35.4957 -2.3948
-7.2051 -36.5451 -3.6283
-2.3186 -31.624 -3.1696
-7.1718 -36.1296 -3.499
-3.0432 -31.9273 -3.0883
2.8272 -39.4027 -3.9755
-7.1877 -36.2378 -3.5519
-0.2777 -30.5589 -3.5014
-4.482 -40.2912 -3.6408
-7.1624 -36.0123 -3.4627
-7.1673 -35.9109 -3.4658
-7.2323 -31.6309 -3.4674
0.2547 -31.9466 -3.5022
1.4238 -38.6137 -3.8003
-7.2086 -36.1379 -3.5978
-7.1692 -35.6006 -3.4405
-7.2373 -35.1753 -3.58
-4.1209 -31.2556 -3.0693
-7.2073 -34.9445 -3.4777
1.2819 -35.2053 -3.6005
-2.3728 -41.6879 -3.7099
-7.2129 -34.6054 -3.4594
-4.5949 -34.5379 -3.3056
-5.0056 -38.4617 -3.5076
-7.2243 -34.3057 -3.4603
-0.2083 -31.1893 -3.1264
-7.2872 -33.8993 -3.588
-7.22 -33.3885 -3.3595
0.5951 -34.5409 -3.6111
-7.2665 -33.5966 -3.5033
-7.2257 -33.2387 -3.3599
-7.2267 -33.0835 -3.3473
-5.0224 -37.4436 -3.7681
-7.2918 -33.5262 -3.5636
-7.2505 -33.0033 -3.4028
-7.2396 -32.687 -3.343
-4.1873 -39.9434 -3.3903
-2.2762 -39.7455 -3.2718
2.165 -36.3471 -3.4225
-5.0129 -37.1371 -3.7131
-2.5118 -32.228 -3.2258
-5.6712 -39.562 -3.8462
-7.2742 -32.7339 -3.4396
-7.2519 -32.528 -3.36
1.57 -35.772 -3.617
-7.2696 -32.6219 -3.4164
-7.1751 -31.8175 -3.0865
-7.2826 -32.5212 -3.4409
-6.4522 -38.0311 -3.8036
-1.8114 -36.6532 -4.1729
-7.2114 -31.9567 -3.1966
-1.0257 -42.2078 -4.0087
-7.1323 -31.3914 -2.9309
1.4372 -35.0796 -3.5533
3.6462 -36.4712 -3.5926
-7.0825 -30.9987 -2.7601
-5.6037 -32.8629 -3.3431
0.086 -38.2516 -3.5185
-4.8666 -31.9513 -3.0731
-7.1721 -31.6086 -3.0581
-5.0119 -38.6826 -3.4886
-7.2847 -32.2934 -3.4243
-7.1481 -31.3104 -2.965
-1.8975 -33.7971 -3.5332
-7.1253 -31.1288 -2.8868
1.0743 -33.4611 -3.6161
-0.4501 -42.3466 -3.9816
-7.2024 -31.626 -3.1403
-7.2054 -31.5389 -3.1398
-5.5365 -37.63 -3.6306
-7.1575 -31.1318 -2.9725
-5.7311 -38.6261 -3.5025
-2.769 -35.1556 -2.4577
-7.1071 -38.3717 -3.7939
-7.5479 -35.4389 -3.5093
-7.1172 -38.2513 -3.8088
-3.6144 -31.2163 -3.2534
-7.0989 -37.9925 -3.7349
-7.128 -37.4908 -3.7633
-7.1579 -37.5324 -3.8468
-1.3109 -42.397 -3.9794
-4.2848 -35.4599 -2.6734
-7.0625 -37.312 -3.8202
-5.5309 -29.6353 -3.0916
-7.1244 -37.2236 -3.7275
-7.1432 -37.3515 -3.79
-2.9928 -30.9305 -2.5919
-7.1562 -37.44 -3.8332
-7.1231 -37.1071 -3.7126
0.4249 -38.9271 -3.7003
-7.1247 -37.0102 -3.7074
-7.1256 -36.8551 -3.6947
-7.1546 -37.0518 -3.7908
-7.1514 -36.9496 -3.7725
3.5166 -37.9817 -4.0223
-5.3699 -36.5163 -3.5926
-7.1075 -36.4896 -3.6107
-6.175 -34.0535 -3.5986
-7.1471 -36.6242 -3.7292
-2.0654 -37.1051 -2.5147
0.9006 -36.1161 -3.4622
-4.0087 -30.7357 -2.7206
-7.076 -36.0598 -3.4848
1.3353 -34.5384 -3.5336
-7.1367 -36.4729 -3.6868
3.2416 -35.5294 -3.4894
-7.0699 -35.9379 -3.4569
1.1912 -35.8951 -3.5424
0.6374 -37.3214 -3.7696
-7.0996 -35.6011 -3.5028
-4.1873 -41.7837 -3.4977
-1.6018 -41.1542 -3.7144
-7.1048 -35.2863 -3.4857
-7.289 -32.097 -3.6636
-7.1253 -35.2106 -3.5329
-7.1258 -35.0797 -3.5216
-7.1388 -34.979 -3.546
-2.8518 -35.9684 -6.0148
-7.1276 -34.8761 -3.5063
-4.1885 -37.9916 -3.6551
-7.1184 -34.6521 -3.4599
-7.1505 -34.6551 -3.5456
-7.1565 -34.2918 -3.5259
-3.2371 -39.8748 -3.345
-5.7311 -38.5397 -3.479
-7.1366 -34.1299 -3.4573
-7.7188 -31.0165 -2.9171
-7.1614 -34.1904 -3.529
-7.1587 -33.4722 -3.4516
-3.2737 -33.9167 -3.3727
-7.644 -38.7216 -3.453
-7.1717 -33.5608 -3.4949
-7.1938 -33.6841 -3.5657
-2.4053 -37.6693 -2.7151
-7.1516 -33.0205 -3.3887
-7.2071 -33.2633 -3.56
-7.1793 -32.8047 -3.4411
-7.1761 -32.7026 -3.4228
-3.1215 -31.6168 -3.001
-3.8079 -40.5724 -3.5956
-7.0631 -31.8528 -3.039
-5.8413 -32.3698 -3.1676
-7.2027 -32.7487 -3.498
-7.1096 -31.9542 -3.1727
-4.958 -33.5413 -3.471
-7.0883 -31.7824 -3.0993
-0.1618 -40.4636 -3.6945
-7.1098 -31.8475 -3.1627
-7.0039 -31.0469 -2.8029
-7.0354 -37.8818 -3.804
-7.0199 -31.1551 -2.8558
0.8074 -37.2606 -3.5399
-7.0357 -31.0741 -2.8899
0.3072 -36.7604 -4.1839
-7.1572 -31.9004 -3.2938
-4.5981 -33.7207 -3.296
-6.4905 -42.3417 -3.7219
-7.257 -32.2832 -3.5968
-7.12 -31.0286 -3.1098
-7.3099 -32.293 -3.7384
-7.2351 -31.7573 -3.487
1.1781 -33.1905 -3.6281
-6.9325 -33.2627 -3.5885
-7.284 -32.0093 -3.6418
-3.537 -37.2068 -2.8522
-6.8716 -39.3569 -3.6135
-7.2761 -31.9018 -3.6103
-4.3586 -38.2181 -3.6074
-7.2589 -31.6771 -3.5426
2.9372 -38.5105 -4.013
-7.1058 -30.2318 -2.9939
-7.7612 -32.3735 -3.4205
-7.0065 -38.4661 -3.7842
1.8502 -35.9408 -3.5062
-5.7311 -39.7083 -3.5579
-4.9397 -38.1732 -3.6193
-2.7325 -33.3508 -5.1905
2.3143 -33.1529 -3.5829
-6.9977 -38.2179 -3.7366
-2.5526 -35.5149 -4.5462
-5.5931 -37.9551 -3.5586
-5.3395 -37.6826 -3.6257
-7.0187 -38.118 -3.7825
-8.0227 -34.9701 -3.3024
-7.0141 -38.006 -3.7594
-6.8232 -38.2295 -3.7838
-7.0514 -37.6941 -3.8281
-7.0307 -37.2847 -3.7333
-7.0275 -36.6975 -3.6673
-7.0601 -36.8654 -3.7705
-6.6512 -34.0572 -2.4088
-3.6753 -30.8602 -2.604
-7.0552 -36.7777 -3.7486
-5.4407 -34.6915 -3.4942
-7.0419 -36.6066 -3.6967
-7.0278 -36.484 -3.6473
-0.1533 -30.4939 -3.1643
-7.03 -36.2562 -3.6307
-7.7658 -30.7125 -2.7673
-6.4256 -37.985 -3.7285
-2.8502 -36.6125 -1.916
1.329 -35.0685 -3.5146
-6.97 -35.7946 -3.4262
-3.5485 -35.8312 -5.5746
-7.0096 -35.9293 -3.5446
-7.7523 -33.4156 -3.4982
-1.8631 -39.4354 -3.4321
-7.0188 -35.5615 -3.5333
-8.022 -41.0068 -3.2253
-7.0268 -35.3731 -3.536
-7.0251 -35.2807 -3.5225
-4.8636 -30.3696 -2.9109
-1.2364 -32.0804 -3.1345
-7.0089 -35.09 -3.4608
-0.1932 -37.3875 -3.6918
-8.1771 -31.9499 -3.4659
-7.0322 -35.1407 -3.5277
-0.5749 -35.8454 -2.5148
-7.0425 -34.807 -3.5225
-7.0595 -34.6533 -3.5527
-7.0272 -34.2719 -3.4295
-7.0402 -34.3605 -3.4728
-7.0597 -34.2507 -3.5139
-7.0779 -34.0244 -3.5401
-7.1066 -33.5469 -3.5699
-7.1432 -33.7686 -3.6888
-7.0475 -33.0369 -3.3628
-6.0837 -39.2412 -3.7225
-7.0392 -32.9536 -3.3327
-1.1758 -35.004 -2.3439
-7.1361 -33.6127 -3.6547
-1.2128 -37.3245 -3.3507
1.6331 -33.3566 -3.5634
-7.0743 -33.1655 -3.4467
-7.0694 -32.971 -3.4149
-4.226 -35.1759 -3.5634
-6.8903 -33.6759 -3.5167
-7.0839 -33.0694 -3.4629
-7.0612 -32.8878 -3.3847
-4.3531 -32.1555 -3.2706
-7.1255 -33.083 -3.5748
-1.3109 -41.739 -3.9778
-6.9879 -31.77 -3.0806
-8.41 -31.3396 -2.9649
-7.0197 -37.0751 -3.6835
-7.0182 -31.9766 -3.1816
-6.8922 -30.7424 -2.7259
-6.9445 -30.8831 -2.8788
-1.2131 -30.2543 -2.895
-5.826 -35.7954 -3.4941
-6.9946 -30.5773 -2.982
0.0327 -42.3497 -4.1189
-7.0356 -30.7218 -3.1053
-7.1731 -31.6564 -3.5619
-7.0343 -30.6053 -3.0904
-7.1095 -30.3358 -3.264
-7.1225 -30.4244 -3.3073
-6.928 -38.3319 -3.825
-6.9238 -38.1957 -3.8005
-6.9219 -37.725 -3.7495
-6.9267 -37.6236 -3.7526
-6.5895 -40.2619 -3.4674
-6.9529 -37.6939 -3.8291
-6.9276 -37.2792 -3.7212
-6.9653 -37.4283 -3.8361
-4.6193 -39.2423 -3.5133
-6.2042 -38.7312 -3.492
-5.5829 -36.2761 -3.6216
-0.4895 -37.9297 -3.7665
-4.3273 -36.5463 -2.8558
-7.5667 -38.2608 -3.7371
-6.454 -33.8973 -2.132
0.1177 -39.124 -3.6138
-6.9605 -37.2338 -3.8042
0.997 -42.5317 -4.0269
-6.3714 -36.5225 -3.6958
-6.4965 -34.0517 -2.2601
-1.0168 -38.3793 -3.6778
-6.9294 -36.9689 -3.6959
-6.4731 -33.8118 -2.1744
-0.3027 -33.3068 -3.3302
1.1566 -39.6602 -3.8591
-6.9505 -37.0582 -3.7606
-6.9207 -36.7207 -3.6483
-2.7496 -35.019 -2.6098
-6.9397 -36.6352 -3.6907
1.1879 -41.8615 -4.2012
-2.6828 -37.608 -2.6857
-6.9428 -36.5481 -3.6903
-6.932 -36.421 -3.6492
-6.9307 -35.5235 -3.5581
-6.9337 -35.4364 -3.5576
-1.6619 -32.4469 -3.2826
-6.9274 -34.9362 -3.4922
-6.9498 -34.8461 -3.5429
-6.9635 -34.697 -3.5648
0.5861 -33.0616 -3.2384
-5.5643 -31.1277 -3.3262
-6.9487 -34.327 -3.4892
-6.9733 -34.1983 -3.5422
-3.3444 -37.0546 -2.741
-6.9928 -34.0885 -3.5833
-7.0505 -33.8077 -3.7092
-8.4628 -34.7694 -3.4409
-7.0401 -33.6564 -3.6669
-6.9947 -33.1864 -3.5004
-6.9763 -33.0343 -3.4366
0.9969 -39.2706 -3.7102
-7.0472 -33.5164 -3.6721
-6.9623 -32.9117 -3.3873
-7.0076 -33.0858 -3.5249
-7.0283 -33.1993 -3.5909
-1.3178 -32.4159 -3.1327
-7.0464 -33.2689 -3.646
-7.0412 -33.0986 -3.6154
-6.8962 -31.8432 -3.1073
-4.4819 -39.1458 -3.2912
-6.8847 -31.6578 -3.0588
-6.783 -30.8042 -2.7049
-6.8392 -30.8094 -2.8548
-5.942 -31.6015 -3.0919
-7.069 -31.6993 -3.5527
-2.9842 -38.8368 -3.5495
-6.9267 -30.5702 -3.0643
-6.9605 -30.6656 -3.1635
-6.9287 -30.1532 -3.0289
-6.9606 -30.3697 -3.1347
-7.035 -30.3378 -3.3297
-7.677 -33.5754 -3.5743
-6.8025 -38.4119 -3.7466
-8.6892 -32.8912 -3.0916
-6.8041 -38.3151 -3.7414
-6.9531 -38.5473 -4.1601
-6.8755 -37.8852 -3.8892
-6.8808 -37.7595 -3.891
-6.8297 -37.2502 -3.7053
1.3753 -41.3065 -3.967
-6.82 -37.1572 -3.6704
-1.9836 -40.293 -3.4773
-6.8573 -37.3304 -3.7866
1.472 -35.6697 -3.5327
-6.8119 -36.9672 -3.6302
-0.7391 -34.6564 -4.026
-6.8521 -37.1602 -3.7561
1.4815 -34.0194 -3.6863
-4.4304 -30.3173 -2.7804
-6.8555 -36.8597 -3.7356
-6.8543 -36.6365 -3.7107
-6.8403 -36.5139 -3.6613
0.1809 -30.6505 -3.0612
-2.0237 -36.5324 -1.8057
3.1676 -32.8108 -4.1358
-5.811 -33.7747 -3.4714
-8.7282 -33.2557 -3.5444
-6.8436 -36.2134 -3.6408
-6.7758 -35.6443 -3.4049
-4.5472 -38.8672 -3.4487
-6.8439 -36 -3.6208
-3.645 -34.5104 -5.9611
-6.11 -38.8099 -3.599
-6.8006 -35.1131 -3.419
-6.1948 -34.5865 -3.5621
-6.8503 -34.8315 -3.5235
-6.8582 -34.6431 -3.5262
-0.45 -40.8787 -3.7293
-6.8507 -34.3222 -3.4746
-6.8457 -34.2344 -3.4528
-6.8956 -34.0354 -3.5661
-3.808 -41.9847 -3.6175
-6.9181 -33.8386 -3.6067
2.8356 -33.3725 -4.0028
-6.8952 -33.5745 -3.5198
-5.7504 -30.5188 -3.2511
1.2097 -33.1684 -3.7232
0.5164 -35.4509 -3.7566
-6.9545 -33.9778 -3.7169
-6.9517 -33.8514 -3.6972
-4.2847 -36.7594 -2.7418
-6.7979 -32.6437 -3.1703
-6.9252 -33.5094 -3.5933
-6.8718 -37.6363 -3.546
-6.8161 -32.7133 -3.2253
-0.4501 -42.1134 -4.0106
-4.2176 -35.833 -2.7203
-6.8667 -33.0576 -3.3936
-6.922 -33.4072 -3.5749
-6.8763 -32.9615 -3.4098
0.0221 -32.6865 -3.4243
-6.9067 -33.1681 -3.5107
-5.859 -38.1198 -3.7781
-6.8395 -32.6573 -3.2822
-4.4099 -35.7118 -2.7423
-6.9722 -33.2906 -3.6969
-6.7245 -30.8516 -2.7999
0.8074 -37.4871 -3.5707
-6.8564 -30.5632 -3.1221
-6.8848 -30.595 -3.2008
-6.9195 -30.5352 -3.2874
-6.6083 -38.3142 -3.7422
-5.717 -37.3965 -3.4184
-6.6054 -38.1054 -3.7138
-7.2619 -42.1711 -3.6292
-4.1296 -36.2804 -5.1174
0.5209 -36.1323 -4.5565
-6.6198 -38.2037 -3.7619
-6.636 -38.0985 -3.7947
-6.6392 -37.9048 -3.7842
-6.6602 -37.8049 -3.8302
-6.6446 -37.6724 -3.776
-2.7055 -30.9594 -2.8573
-6.6816 -37.87 -3.8935
-6.6768 -37.6755 -3.8616
0.1266 -38.0628 -3.5133
-6.6883 -37.7542 -3.9001
-0.38 -32.0286 -3.1588
-6.7802 -35.4238 -3.4814
-2.6513 -35.5551 -3.9569
-6.6396 -37.3955 -3.7354
-6.6306 -37.254 -3.6978
-6.6572 -37.3001 -3.773
-4.9046 -33.8516 -3.3594
-6.6394 -37.0171 -3.6978
-6.6559 -36.4025 -3.6817
-6.654 -36.2277 -3.6595
-6.6283 -36.0264 -3.5716
-5.7556 -33.7306 -3.5785
-6.5824 -35.6874 -3.4165
-7.074 -37.4984 -3.6032
2.8682 -39.248 -4.0991
-6.6301 -35.8229 -3.5564
-6.6142 -35.1228 -3.4459
-6.633 -34.4697 -3.432
-6.6321 -34.329 -3.4159
-6.2737 -36.3595 -3.4189
-6.6658 -34.2351 -3.4963
1.7679 -38.0605 -3.6794
-6.7002 -33.7144 -3.5366
-0.1614 -36.0614 -2.4304
-7.4545 -36.7477 -3.5955
-6.7308 -33.7076 -3.6175
1.4719 -39.9691 -3.9163
0.4431 -36.3211 -3.4409
-6.7258 -33.6198 -3.5956
-6.6266 -32.8101 -3.2526
-6.6954 -33.224 -3.4759
-0.2854 -33.0821 -3.2625
-4.8654 -39.4341 -3.4256
-6.6137 -32.6148 -3.1993
-5.9638 -31.95 -2.9358
-6.6746 -32.9213 -3.3912
-6.649 -32.72 -3.3033
-6.6605 -32.7987 -3.3418
-4.7651 -32.4999 -3.3729
-6.7563 -33.2346 -3.639
-4.1346 -37.699 -3.7327
-6.66 -30.5866 -3.124
0.1265 -40.9075 -3.8395
-5.7852 -33.6897 -3.6532
-6.6858 -30.6812 -3.2018
-6.5195 -38.2495 -3.7494
-6.5228 -37.949 -3.7289
-6.5396 -37.7129 -3.7504
-6.5299 -37.6198 -3.7155
-3.5601 -32.7587 -3.2597
-7.6439 -39.3768 -3.5463
-6.5374 -37.4556 -3.7195
-6.519 -37.3035 -3.6557
-6.5551 -37.5494 -3.7758
-6.5148 -37.1673 -3.6313
-0.915 -31.7539 -3.021
-1.0357 -38.4456 -3.6208
-6.4196 -38.3482 -3.7481
-6.0729 -34.8757 -3.5126
-6.8714 -41.1295 -3.5643
-6.5455 -37.3496 -3.7309
-6.5457 -37.2429 -3.7209
-3.0867 -32.8967 -3.2989
-5.8261 -39.5569 -3.6003
-6.5186 -37.0318 -3.6282
-5.5235 -35.3935 -3.4112
0.5158 -39.4777 -3.5813
-6.5486 -36.9667 -3.7017
-6.5425 -36.6557 -3.655
-6.5402 -36.3983 -3.6241
-6.573 -36.1637 -3.6884
-4.9005 -34.4964 -3.4113
-6.4904 -40.7407 -3.5484
-2.7566 -34.7854 -3.8691
-6.5093 -35.5416 -3.4582
-4.3822 -38.7483 -3.4835
-4.9357 -37.8235 -3.5748
-7.6645 -37.8217 -3.6934
-6.9198 -37.065 -3.6797
-6.526 -35.3055 -3.4797
-6.5504 -35.0944 -3.524
-4.8654 -39.2371 -3.3798
-5.5755 -35.5526 -3.5312
-1.0134 -35.806 -3.6868
-6.5472 -34.9922 -3.5056
-6.5936 -34.4193 -3.5731
-6.5656 -34.0674 -3.4644
-6.5955 -34.109 -3.5479
-6.5938 -34.0167 -3.5344
-6.5802 -33.574 -3.4549
-3.0313 -38.1369 -3.6826
-4.6907 -34.2829 -3.3493
-6.6054 -33.5036 -3.5153
-6.6561 -33.8479 -3.6835
-6.4801 -32.5167 -3.0859
-6.5088 -32.631 -3.1733
-2.523 -32.6268 -3.2944
-6.5575 -32.8005 -3.3193
-6.5231 -32.5402 -3.2026
-7.2268 -34.8347 -3.5188
-6.6292 -33.2341 -3.5521
-6.6227 -33.1365 -3.5255
1.148 -33.9373 -3.6058
-3.4053 -37.2494 -2.7733
-6.5855 -32.8565 -3.3992
-4.2847 -40.0998 -3.4567
-6.6728 -33.3159 -3.6762
-7.9152 -41.7829 -3.6217
1.0551 -34.9223 -3.554
-6.7039 -33.2848 -3.7558
2.5751 -35.6092 -3.5166
-4.6457 -38.0964 -3.602
-6.5606 -30.4529 -3.0988
1.329 -36.2392 -3.5148
-5.4539 -36.6766 -3.5745
-6.5542 -30.3553 -3.0722
-1.7569 -31.0916 -2.8958
-6.2799 -39.4518 -3.4002
-6.3537 -38.4758 -3.8396
-6.5932 -30.6209 -3.2019
-6.5989 -30.4711 -3.2024
-6.4417 -38.4716 -3.8189
-0.9287 -38.9927 -3.4889
-2.9311 -39.4024 -3.4045
-6.4263 -38.2324 -3.7547
-5.6617 -39.297 -3.8747
-6.105 -32.9383 -3.4081
-6.4564 -38.1673 -3.8281
-6.4286 -37.8979 -3.728
-6.4258 -37.5824 -3.6896
0.6033 -35.2387 -3.6573
-6.4339 -37.4764 -3.701
0.6497 -30.3682 -2.8067
-6.4179 -37.179 -3.6294
-6.4629 -37.0813 -3.7395
-6.4305 -36.8066 -3.6264
-1.7861 -32.5384 -3.3695
-3.7346 -36.9081 -2.7172
-6.4427 -36.6477 -3.6434
0.3175 -35.8452 -3.4572
-6.4623 -36.7272 -3.7033
-6.4613 -36.3972 -3.6684
-6.4808 -36.2875 -3.7095
-5.6098 -38.3108 -3.6377
-6.41 -35.5095 -3.4451
-6.4398 -35.5511 -3.5286
-8.7615 -33.2945 -3.3745
-6.4884 -35.8273 -3.6846
-6.0798 -32.4024 -3.0424
1.472 -37.1979 -3.5634
-3.848 -33.9955 -3.3674
-6.4758 -35.7146 -3.6401
-6.9149 -35.6044 -3.5239
3.739 -36.7593 -3.6669
-5.6618 -31.8008 -3.1407
-0.7388 -37.7316 -2.4228
-2.632 -37.4959 -2.5723
-6.7611 -34.0209 -3.7285
-6.4125 -35.2575 -3.4273
-6.4496 -35.3483 -3.5348
-6.4225 -35.1372 -3.4421
-8.2549 -36.5917 -3.5997
-6.445 -35.2363 -3.5116
-6.4199 -34.9041 -3.4125
-6.4387 -35.032 -3.4749
-1.0559 -36.639 -5.1462
-1.7929 -35.2256 -2.5864
-6.4059 -29.8362 -3.1346
-6.4517 -35.1205 -3.5182
-6.4506 -34.8973 -3.4933
-1.4129 -42.0141 -3.8144
-6.4906 -34.7118 -3.5817
-6.473 -34.5113 -3.5152
-6.4601 -34.316 -3.4619
-6.5014 -34.543 -3.5939
-6.4668 -34.011 -3.4498
-6.4979 -33.6841 -3.5005
-6.5232 -33.8029 -3.5796
-6.5467 -33.7469 -3.6365
-2.2762 -39.6388 -3.2813
-4.2933 -33.8477 -3.2764
-6.6837 -38.2386 -3.4636
-6.4472 -32.8547 -3.2847
-6.4299 -32.6299 -3.217
-0.3515 -36.0029 -2.4992
-6.4249 -32.5421 -3.1951
-6.4822 -32.8774 -3.38
-6.5231 -33.1286 -3.5133
-0.9287 -40.3398 -3.4316
-6.5312 -33.0226 -3.5247
-6.4967 -29.9342 -3.1313
3.7728 -38.0284 -3.9731
-6.522 -29.8638 -3.1916
-6.5441 -29.9871 -3.2624
-2.5304 -33.457 -3.4732
-6.5189 -29.7616 -3.1733
-2.9459 -35.0773 -2.4708
-4.2419 -35.8685 -2.8186
-5.7849 -38.1374 -3.5035
-6.5754 -30.0386 -3.3507
-4.4333 -35.9517 -2.8279
-1.5146 -31.0408 -2.7536
-6.3271 -38.4296 -3.7644
-1.6299 -33.6033 -3.3108
-3.3162 -38.3033 -3.6867
-6.3028 -38.049 -3.6627
-6.3681 -38.385 -3.8689
-6.384 -38.4932 -3.9218
-6.3857 -38.2896 -3.9065
-5.8675 -35.7533 -3.5687
-3.2081 -32.6096 -3.3284
-6.3232 -37.5949 -3.6724
-1.5072 -41.6929 -3.9116
-6.319 -37.4587 -3.648
-4.7063 -35.9842 -2.6869
-6.3518 -37.52 -3.741
-6.1049 -36.1449 -3.7221
-6.3418 -37.3444 -3.6974
-5.8262 -42.6526 -3.6411
-5.3749 -30.0294 -3.2198
-6.3471 -37.2187 -3.6992
-6.3454 -37.1264 -3.6856
-2.7471 -37.3181 -2.8282
3.4216 -37.3191 -3.7369
-6.3267 -36.8918 -3.6131
-6.3542 -36.7828 -3.6757
1.2388 -39.1963 -4.1064
-6.3402 -36.6602 -3.6263
-6.3577 -36.3757 -3.6452
0.1265 -42.1096 -4.0812
-6.3858 -36.4317 -3.7252
-7.0497 -31.9213 -3.2598
-6.3547 -36.1668 -3.6168
-6.3809 -36.2372 -3.6933
1.1336 -34.3316 -3.6827
-2.1308 -37.6303 -2.7398
-5.1471 -40.0377 -3.5353
-6.3573 -35.9148 -3.599
-6.333 -35.5341 -3.4972
-6.3204 -35.4214 -3.4527
1.472 -40.0766 -3.884
-6.3869 -35.8739 -3.6737
0.0327 -41.109 -3.8743
0.2231 -35.7887 -3.4359
-6.3475 -35.3366 -3.5165
0.2502 -36.3408 -4.0126
-6.3383 -35.1126 -3.4702
-4.1873 -41.2273 -3.6466
-6.3313 -34.9567 -3.4362
-6.3812 -34.7576 -3.5494
-4.6514 -32.4776 -3.3205
-6.3652 -34.4602 -3.4778
-7.1149 -36.1361 -3.5959
-6.3669 -34.2566 -3.4626
-6.4016 -34.4927 -3.5779
0.3484 -30.3591 -3.3471
-4.1005 -31.2598 -2.7668
-4.4816 -37.2504 -2.6379
-6.3754 -33.9373 -3.4539
-6.396 -34.0508 -3.5199
-6.3845 -33.6762 -3.4527
0.0322 -34.3883 -3.8488
-6.412 -33.8631 -3.544
1.5704 -40.0363 -3.8838
-6.3085 -32.7279 -3.1579
1.1879 -41.3403 -4.0058
0.4179 -38.5707 -3.5467
-6.3248 -32.8119 -3.2094
2.1826 -39.5828 -4.0792
-6.3526 -32.9746 -3.2994
-5.316 -32.7501 -3.328
0.516 -38.2192 -3.5932
-6.4126 -33.1403 -3.4751
-6.3711 -32.8308 -3.3344
-6.3151 -32.4229 -3.1457
-6.4365 -33.0601 -3.5307
-6.5032 -33.11 -3.7129
-6.148 -38.2835 -3.8
-6.0217 -35.4433 -3.432
0.1264 -35.3009 -3.9325
-6.1374 -37.8604 -3.7301
1.1879 -40.5576 -3.6624
-6.1187 -37.6258 -3.6576
-6.1317 -37.7143 -3.7009
0.8076 -40.1567 -3.7729
0.7083 -34.4776 -3.7699
-6.1378 -37.5403 -3.7
-6.1541 -37.6243 -3.7516
-6.1314 -37.4427 -3.6734
-6.1254 -37.3208 -3.6455
-7.4544 -40.2748 -3.4615
-6.1135 -36.9704 -3.5795
-5.7312 -40.6163 -3.6123
-2.3912 -36.763 -1.8433
-6.1532 -36.8092 -3.6692
-6.1699 -36.3839 -3.6719
-6.1669 -36.175 -3.6435
-4.7716 -41.2021 -3.4555
-5.5954 -31.9987 -3.2365
-6.1979 -36.144 -3.7231
-6.1217 -35.4092 -3.4483
-6.1813 -35.7883 -3.644
-6.146 -35.4939 -3.5213
-6.1434 -35.2608 -3.4916
-6.7802 -35.8645 -3.4703
-3.7732 -38.055 -3.8303
2.4712 -38.4767 -3.7653
-6.1795 -34.0514 -3.4691
-2.4146 -33.753 -3.5229
-6.1677 -33.8903 -3.4219
-6.1857 -33.5815 -3.4395
-6.2011 -33.3355 -3.4561
-5.9184 -36.7493 -3.5921
-6.1073 -32.5893 -3.1337
-6.0185 -31.931 -2.8331
-6.1518 -32.8118 -3.274
-1.4754 -37.2793 -2.7501
-5.5856 -36.5422 -3.5152
-6.1064 -32.4486 -3.1175
-6.2292 -33.2848 -3.5261
-2.9706 -33.1147 -3.2695
-6.1491 -32.6854 -3.2543
-6.0636 -32.0225 -2.962
-6.0911 -32.2094 -3.0533
-6.0223 -35.9889 -5.5207
0.6212 -32.21 -3.3144
-1.7934 -39.5008 -3.4312
1.6076 -36.1729 -3.4878
-6.2197 -33.085 -3.4811
-6.142 -32.5295 -3.2203
-6.1858 -32.8005 -3.3631
-6.0141 -38.8778 -3.5632
-4.7067 -38.2318 -3.5442
-6.0609 -30.9259 -2.8473
-4.4375 -30.4732 -2.8145
-1.0822 -37.1748 -2.7097
-6.0863 -30.2637 -2.85
-3.8244 -32.8679 -3.1955
-6.1143 -30.3197 -2.93
-6.8716 -39.5392 -3.5092
2.7614 -33.345 -4.0775
-6.1273 -30.4083 -2.9733
-6.0165 -38.1837 -3.6867
-6.0487 -38.3759 -3.7911
-4.3345 -36.1103 -2.8323
-2.2239 -31.2222 -2.8785
-8.0081 -38.8545 -3.4365
-6.0335 -38.0301 -3.7169
-6.0356 -37.8023 -3.7003
-6.0567 -37.8916 -3.765
-6.0461 -37.6577 -3.7139
-5.2861 -32.7085 -3.2445
-6.8715 -40.1352 -3.4865
-6.032 -37.5351 -3.6645
-5.4587 -37.167 -3.6352
-6.0105 -37.2809 -3.5824
-7.4252 -33.9111 -3.4563
1.5699 -34.7778 -3.6852
-2.2664 -36.1275 -3.9701
-3.7382 -38.3282 -3.7639
-6.0088 -37.1885 -3.5689
0.0611 -33.2019 -3.3709
-6.0404 -37.3225 -3.6659
-4.5974 -36.2046 -2.7723
-8.3268 -32.1337 -3.882
-6.0423 -37.0122 -3.6406
-0.166 -38.064 -3.6856
-6.0913 -36.4832 -3.719
-6.098 -36.3674 -3.7256
-5.1543 -31.5173 -2.7784
-0.4686 -36.2252 -2.5221
-6.1033 -36.2417 -3.7273
-6.0508 -35.7226 -3.5369
-6.8721 -35.1169 -3.4922
-6.0861 -35.8278 -3.6409
-6.0608 -35.6023 -3.5518
-4.8399 -33.2405 -3.3846
-0.0263 -36.1786 -4.3452
-6.0634 -35.3503 -3.5339
1.9196 -38.9321 -3.859
-6.0712 -34.7834 -3.4991
-6.0629 -34.2151 -3.4214
-6.101 -33.6656 -3.4687
0.8076 -40.505 -3.7752
-4.1873 -38.878 -3.4163
-6.1163 -33.4197 -3.4854
-5.9868 -32.4033 -3.0415
-6.0374 -32.7476 -3.2097
-5.9284 -31.9515 -2.8418
-5.9267 -31.8592 -2.8283
-5.9651 -32.0665 -2.9507
-6.0045 -32.3079 -3.0791
-6.0204 -32.4162 -3.132
0.5155 -41.7578 -4.1621
-3.7396 -35.7352 -2.7445
-7.2308 -35.3736 -3.5822
-6.1019 -32.8362 -3.3898
-4.1409 -37.9033 -3.7694
-0.6454 -37.6097 -2.382
-4.1352 -32.3484 -3.2136
-0.3199 -36.3014 -3.4153
-2.2765 -42.1894 -3.881
-6.0087 -32.1483 -3.0748
-6.0005 -32.065 -3.0446
0.0646 -34.8333 -3.7787
-8.0224 -37.3583 -3.2198
-6.1541 -33.0836 -3.5528
-6.1938 -33.1116 -3.6612
-0.0939 -35.0792 -2.4367
-3.8391 -31.5693 -3.1083
-0.3865 -37.9376 -3.7517
-5.9355 -30.8413 -2.7521
-5.9679 -30.9268 -2.8465
0.8593 -31.2688 -3.3672
-0.9628 -32.9663 -3.2659
-8.056 -33.9275 -3.3377
-5.9466 -30.755 -2.7731
-6.78 -38.4007 -3.6054
-3.6379 -31.2706 -2.8088
-6.0006 -30.9881 -2.9396
-6.0263 -30.8935 -2.9986
-4.4407 -38.8776 -3.4862
-6.0408 -30.9919 -3.0466
-5.9904 -30.2449 -2.8396
-3.542 -36.7882 -2.7236
-4.7886 -31.2758 -3.0565
-6.4905 -42.7846 -3.6422
-6.0213 -30.3206 -2.9292
-5.9573 -38.4186 -3.8022
-5.5214 -37.9584 -3.6227
-2.7811 -34.2078 -3.5669
-5.4275 -33.5966 -3.4604
-5.9397 -38.2181 -3.7358
-8.6118 -35.649 -3.1547
-5.9221 -37.8284 -3.6506
0.0978 -34.3111 -3.6393
-2.7978 -37.125 -4.1108
-6.0364 -38.4988 -4.0203
-5.9138 -37.5559 -3.6017
-4.2262 -37.6498 -3.5638
-5.9532 -37.7973 -3.7302
-5.942 -37.6944 -3.6904
-5.9158 -37.4348 -3.5951
-5.9079 -37.3274 -3.5637
1.3755 -36.692 -3.4513
-5.9318 -37.2471 -3.6192
-5.9414 -37.151 -3.6354
-5.9238 -36.9505 -3.569
-3.5231 -37.6552 -2.5764
-5.9541 -36.9679 -3.6512
0.1265 -35.9082 -3.3975
-5.9879 -36.5781 -3.7028
-8.2782 -37.7408 -3.5032
-5.3529 -33.5394 -3.5031
-5.9725 -36.4457 -3.6486
-3.0321 -35.8019 -5.977
-5.9545 -36.2694 -3.5835
-8.6148 -31.2482 -2.7852
-5.9478 -36.0893 -3.5481
-6.0901 -39.3516 -3.7035
-5.9676 -35.5769 -3.5504
-5.4325 -36.1428 -2.7945
-5.9261 -35.2674 -3.4096
-5.9496 -35.4006 -3.4852
-5.9789 -35.088 -3.5325
-5.9591 -34.7369 -3.4451
-6.0122 -34.1549 -3.5291
-5.9958 -33.8817 -3.4588
-8.5447 -35.9938 -3.3243
-6.8722 -30.4822 -3.1563
-5.9879 -33.7742 -3.4273
-6.0006 -33.5911 -3.4431
-5.9923 -33.3186 -3.3942
-3.5238 -41.5087 -3.5921
-6.0216 -33.4912 -3.489
-6.0185 -33.389 -3.4706
-6.8717 -38.5194 -3.6244
2.2047 -39.6601 -4.1458
-5.8865 -32.3288 -3.0157
-1.3604 -36.2156 -1.8221
-5.8834 -32.2266 -2.9974
-5.8679 -32.0942 -2.9432
-5.9185 -32.4385 -3.1114
-6.0638 -33.3738 -3.5895
-7.1939 -35.9571 -3.541
-5.9707 -32.686 -3.2745
-6.0103 -32.5365 -3.1171
-4.7273 -36.111 -2.8539
-4.4502 -38.3863 -3.6169
1.8503 -41.9533 -4.0398
-5.854 -31.8649 -2.8838
-5.9118 -32.2584 -3.0761
-6.0073 -32.801 -3.3833
-6.0354 -32.857 -3.4633
-5.8967 -31.6167 -2.973
-5.92 -31.6674 -3.0399
-4.8737 -33.0399 -3.4551
-3.4309 -35.0835 -2.6304
0.6908 -37.1466 -3.6105
-5.9208 -31.4297 -3.0185
-6.1162 -32.7336 -3.6661
-6.1193 -32.6465 -3.6657
-6.1523 -32.7903 -3.7675
-5.8728 -30.3483 -2.7847
-5.9109 -30.4731 -2.8984
2.2641 -39.8358 -4.0222
-6.144 -32.0328 -3.671
-5.9884 -30.461 -3.103
-6.0215 -30.4981 -3.1947
-6.0122 -30.3808 -3.1585
-5.8048 -29.7479 -3.0615
-6.3547 -35.6817 -3.5693
-6.0925 -30.3883 -3.3727
-5.8325 -38.2628 -3.7217
-5.8324 -38.0736 -3.7029
-5.8283 -37.9374 -3.6784
0.996 -30.7693 -3.6999
-7.1928 -31.4262 -3.0953
-5.7987 -37.6824 -3.5748
-5.8222 -37.8156 -3.6504
-5.8625 -38.0085 -3.7763
-5.8178 -37.5969 -3.6172
-5.8475 -37.7452 -3.7108
-4.2846 -41.8778 -3.3935
-3.1857 -37.6425 -2.7409
-5.8173 -37.4319 -3.5997
-5.831 -37.2828 -3.6216
-1.9387 -32.104 -3.211
-6.9723 -40.5771 -3.5206
-5.8346 -37.0648 -3.6098
-5.83 -36.9528 -3.5866
-5.86 -36.8877 -3.6601
1.0203 -34.2146 -3.6789
-6.6837 -40.967 -3.4897
-3.5228 -34.2672 -3.6637
3.2471 -37.1527 -3.803
-5.8552 -36.6932 -3.6282
-5.8823 -36.6085 -3.692
-3.1747 -31.414 -2.8656
-5.8826 -36.395 -3.6719
-5.8975 -36.4692 -3.7187
-5.8499 -36.0379 -3.5499
-5.889 -36.3035 -3.6798
0.2231 -34.2671 -3.8072
-5.8805 -35.8418 -3.612
-1.9837 -41.4361 -3.749
-5.8395 -35.4014 -3.4599
-5.8577 -35.471 -3.515
-5.8485 -35.247 -3.4687
-5.8869 -34.9693 -3.5434
-6.3361 -34.8553 -3.4393
-5.8902 -34.6688 -3.5229
-5.9014 -34.4758 -3.5338
-6.2034 -33.001 -3.4295
-5.9234 -34.41 -3.5858
-5.8924 -33.66 -3.4298
-0.2278 -35.9193 -3.3857
-4.0202 -36.536 -5.3589
-5.8325 -32.6066 -3.1676
-2.7726 -32.8431 -3.2198
-5.7567 -32.0368 -2.9101
-3.8304 -35.1479 -2.6761
-5.8587 -32.677 -3.2441
-7.9475 -34.485 -3.3687
-5.9055 -32.8609 -3.3866
-5.7989 -32.1087 -3.0294
1.1879 -39.1553 -3.7813
-5.864 -32.5514 -3.2458
-5.8929 -32.7481 -3.342
-5.7892 -32.0156 -2.9945
-5.056 -34.8073 -3.5359
-1.4631 -36.6697 -1.7649
-5.8067 -31.5419 -2.9945
0.2206 -39.1475 -3.6536
-5.8329 -31.6122 -3.071
-5.8273 -30.3893 -2.9364
-5.8501 -30.275 -2.9858
-5.9015 -30.5708 -3.1515
-5.9253 -30.4906 -3.207
-5.5537 -30.447 -2.7213
-5.9044 -29.8095 -3.0846
-5.9155 -29.7232 -3.1056
-4.5783 -37.0711 -2.8062
-5.938 -29.8224 -3.1751
-5.7227 -38.2633 -3.6754
-5.7582 -38.451 -3.7881
-5.7123 -38.1119 -3.633
-5.7418 -38.1778 -3.7178
1.0504 -35.5701 -3.7307
-5.7534 -38.2565 -3.7562
-3.9975 -34.9894 -3.5775
-5.7932 -38.4736 -3.8834
-3.1774 -38.001 -3.7739
-5.7314 -38.0264 -3.6754
-5.7287 -37.9 -3.6557
-5.7553 -37.9462 -3.7309
-1.0479 -32.5691 -3.1948
-0.7392 -42.098 -4.0541
-5.7329 -37.7403 -3.6514
-5.7587 -37.8349 -3.7292
-5.7272 -37.4051 -3.6034
-5.7847 -36.45 -3.6629
-5.7848 -36.3433 -3.6529
1.6628 -39.6397 -3.9602
-2.0806 -42.2034 -3.7747
-3.1859 -37.5358 -2.7309
-5.7858 -36.1881 -3.6402
-5.7821 -35.921 -3.6044
-5.7714 -35.498 -3.5346
0.9006 -42.492 -3.9795
-5.759 -35.1718 -3.4699
-5.7969 -34.4331 -3.4984
-5.8065 -34.337 -3.5146
-5.3979 -39.778 -3.7926
-5.8359 -34.2136 -3.5806
-5.0558 -36.523 -2.6945
-5.7973 -33.6279 -3.4207
-5.8371 -33.8451 -3.5479
-5.8718 -34.0812 -3.6633
-5.0559 -38.083 -3.3952
-5.8604 -33.8958 -3.6148
-5.8362 -33.7043 -3.5318
-3.9964 -35.2752 -2.6265
-5.8226 -33.5575 -3.4811
-5.8242 -33.4606 -3.4758
-5.7434 -32.6963 -3.1866
-5.6717 -32.0735 -2.9349
-5.7411 -32.5457 -3.1656
-5.7607 -35.2641 -3.4834
-2.9209 -37.4927 -2.7832
-5.688 -32.1575 -2.9864
-1.3413 -32.064 -3.1608
-5.7134 -32.2763 -3.0655
-8.332 -35.2524 -3.403
-4.6709 -33.4448 -3.4667
-5.7706 -32.6116 -3.2504
-7.7376 -39.5289 -3.4802
-5.622 -31.5741 -2.754
-7.8839 -35.851 -3.5836
-5.8333 -32.9036 -3.4458
-5.7037 -31.5915 -2.973
0.0125 -30.6148 -2.9902
-8.6104 -35.2287 -3.4242
-5.7181 -31.5006 -3.0023
-5.7475 -31.5665 -3.0871
0.0941 -32.0218 -3.426
-5.7429 -37.62 -3.6663
-3.3697 -32.3566 -3.2222
-0.1619 -42.1141 -3.9887
-6.0074 -32.8763 -3.9061
0.3655 -37.6022 -3.7596
-5.8795 -31.9523 -3.4756
-5.7127 -30.3602 -2.8765
-3.6216 -34.4099 -3.6691
-5.7385 -30.4547 -2.9543
-5.8169 -30.4766 -3.165
-5.3 -35.0091 -3.5053
-5.8445 -30.5568 -3.2463
0.5158 -39.8299 -3.6154
-5.8527 -30.4509 -3.2577
-5.6305 -38.4243 -3.7037
-5.6423 -38.2895 -3.722
0.5128 -34.2337 -3.6497
-5.6352 -38.1336 -3.688
-5.6155 -37.865 -3.6093
-4.5987 -36.617 -2.8159
-5.6606 -37.1755 -3.6619
-4.1259 -34.1958 -3.3687
-5.6581 -36.8357 -3.6221
-2.9846 -31.2864 -2.8697
-7.3538 -36.6086 -3.5201
-2.8495 -34.2382 -3.7435
-5.6784 -36.3817 -3.6318
-6.1793 -35.9094 -3.6506
-5.6801 -36.1781 -3.6166
-4.1444 -38.698 -3.5177
-5.9183 -41.111 -3.5384
-5.6784 -36.0857 -3.603
-5.6866 -35.9798 -3.6144
-5.6787 -35.8723 -3.5829
-5.7091 -36.0789 -3.6839
-2.3719 -35.4463 -2.4619
-5.6951 -35.6604 -3.6057
-5.6985 -35.5492 -3.604
-5.6856 -35.3539 -3.5507
-5.675 -35.1201 -3.4996
-5.6623 -35.0073 -3.455
-5.6591 -34.716 -3.4179
-4.3822 -42.0978 -3.6087
-5.6541 -34.6282 -3.396
-5.5463 -32.4452 -3.1495
-5.7092 -34.3035 -3.511
-5.7411 -34.224 -3.588
-5.7329 -33.549 -3.5002
1.513 -38.5585 -3.7822
-5.7047 -33.3038 -3.4015
-1.2943 -35.8185 -1.6957
-5.3129 -38.1215 -3.5981
-5.7023 -32.964 -3.3617
-5.7303 -33.02 -3.4417
-4.2303 -36.319 -2.6825
-7.0743 -40.5713 -3.5993
-1.4127 -40.7395 -3.7223
-5.6916 -32.7301 -3.3106
-5.7399 -32.9238 -3.4579
-1.7291 -32.2856 -3.1934
3.5862 -39.0529 -4.2317
-5.7646 -32.9844 -3.5296
-7.2365 -34.9278 -3.5538
-5.5589 -31.505 -2.8383
1.028 -35.1841 -3.7526
-5.5873 -31.5367 -2.9169
-5.6547 -31.9408 -3.1355
-5.7062 -31.9408 -3.2723
-5.8518 -32.7694 -3.7403
0.9005 -42.066 -4.2868
-5.8802 -32.8011 -3.819
-5.8723 -32.6937 -3.7876
-2.8491 -39.533 -3.2581
-5.5616 -30.5545 -2.7527
-1.5073 -42.3464 -3.9044
-5.9007 -32.7255 -3.8662
-5.5836 -30.4886 -2.8048
-5.601 -30.6066 -2.8624
0.997 -40.5214 -3.6347
-5.6374 -30.6392 -2.9625
-5.6728 -30.6376 -3.0565
-5.5102 -38.1514 -3.6117
-5.6177 -33.5773 -3.4501
-5.4976 -38.0387 -3.5671
-6.8718 -37.4751 -3.5945
-5.5327 -38.2505 -3.6812
-4.8655 -40.5527 -3.5526
-5.5293 -38.0659 -3.6541
-4.333 -31.4826 -2.8858
-5.6543 -38.4851 -4.0274
2.788 -36.357 -3.5657
-5.5536 -37.3696 -3.6507
-1.1549 -32.8123 -3.2534
-0.9658 -36.0385 -4.7054
-6.457 -37.9297 -3.8067
-5.5568 -37.1759 -3.6402
-5.5475 -37.0586 -3.604
-5.1477 -35.7968 -2.6831
-5.5617 -36.7786 -3.6145
1.6626 -41.4331 -4.1708
-5.5722 -36.634 -3.6281
-5.5509 -36.4622 -3.5547
-5.5785 -36.5424 -3.6359
-5.578 -36.3775 -3.6185
-2.2873 -38.8763 -3.6092
-5.5743 -35.9211 -3.5639
-5.606 -35.9483 -3.6509
-0.0263 -36.0792 -4.3452
-5.5923 -35.8015 -3.6002
-5.5957 -35.6903 -3.5985
-5.6021 -35.5987 -3.6063
-4.5443 -34.8361 -3.4578
-7.668 -32.9488 -3.4892
-5.4288 -32.2259 -3.0733
-5.5808 -35.4269 -3.5329
-5.6055 -35.4875 -3.6046
-5.5865 -35.2771 -3.5334
-1.5556 -36.7007 -1.7761
-5.5771 -35.1598 -3.4971
-4.8651 -35.5319 -2.7269
-4.5756 -34.7485 -3.5655
-5.6227 -34.4461 -3.5483
0.3684 -31.6303 -3.1687
-5.6101 -34.3334 -3.5038
-5.6451 -34.356 -3.5991
-5.6281 -34.2138 -3.5401
-4.3435 -32.5342 -3.5366
-5.297 -35.3917 -3.4986
-3.8033 -31.8909 -3.0444
-5.6503 -34.0412 -3.582
-5.6283 -33.8112 -3.5012
-2.4178 -37.1078 -2.6933
-1.3109 -40.5404 -3.6218
-6.4469 -37.3757 -3.7255
-5.6465 -33.8808 -3.5563
-6.1099 -42.5409 -3.597
-2.8491 -40.0133 -3.3731
-5.6431 -33.6961 -3.5292
-0.5101 -33.333 -3.3729
-5.6042 -33.3238 -3.3894
-5.6839 -33.7582 -3.6437
-2.7431 -34.2409 -3.6811
-5.5908 -32.9636 -3.3186
-4.4624 -33.2217 -3.3984
-5.6031 -32.5088 -3.3068
-5.4939 -31.5235 -2.9201
-5.5579 -31.9321 -3.1303
-5.5215 -31.6037 -3.0014
-5.6461 -32.0471 -3.376
-5.3738 -35.4932 -3.5031
-5.5797 -31.4879 -3.1448
-5.4567 -30.4625 -2.7174
-5.631 -31.5945 -3.2916
-1.1611 -32.5315 -3.2426
-5.7849 -38.2699 -3.5036
-5.4944 -30.6116 -2.8323
-8.0224 -37.687 -3.2321
-5.8236 -32.7962 -3.921
-3.9618 -39.135 -3.4921
-5.5638 -30.5986 -3.0155
-5.582 -30.6683 -3.0706
-5.6329 -30.5032 -3.1899
-7.2619 -39.0104 -3.6551
-3.8679 -39.5345 -3.4817
-5.6415 -30.3731 -3.2
-2.3881 -37.8008 -3.9568
-5.4158 -38.4096 -3.6425
1.029 -32.8698 -3.3153
-5.7311 -42.1464 -3.428
-5.4336 -38.2076 -3.67
-5.196 -36.5117 -2.873
-5.4411 -38.0433 -3.674
-5.4461 -37.8352 -3.667
-0.1843 -32.8301 -3.4743
-5.7311 -42.0572 -3.496
-5.5492 -38.5094 -4.007
-5.4524 -37.7436 -3.6749
-1.0254 -39.2583 -3.4771
-5.0963 -37.0421 -3.664
-5.4486 -37.5832 -3.6491
-4.7716 -40.7251 -3.5413
-5.4811 -37.562 -3.7335
-5.4646 -37.3955 -3.6732
1.6631 -34.503 -3.7331
-5.4886 -37.2086 -3.7187
-5.4653 -36.862 -3.623
2.3649 -33.7714 -3.7353
-5.4886 -36.9127 -3.6899
-5.4867 -36.4419 -3.6388
-5.4974 -35.4922 -3.5747
-5.7311 -41.1515 -3.5192
-2.4693 -40.8776 -3.5271
-5.5074 -35.1826 -3.5708
-2.064 -36.1937 -4.5788
-5.4973 -33.7409 -3.4032
1.2469 -34.0517 -3.5514
-5.5383 -33.8855 -3.5264
0.2816 -32.9913 -3.2736
-5.5286 -33.7924 -3.4914
-5.5138 -33.1264 -3.3871
-5.3216 -31.6046 -2.7277
1.1602 -37.0476 -3.7372
-2.2758 -36.3493 -1.8659
-5.4258 -32.3129 -3.0738
-5.5333 -33.0167 -3.4282
-5.5334 -32.91 -3.4181
-4.222 -35.7066 -2.75
-5.3284 -31.4888 -2.7342
-5.3589 -31.5887 -2.8251
-7.9763 -35.4379 -3.5497
3.7816 -35.8526 -3.5979
-5.5417 -32.6973 -3.4195
0.1637 -37.1476 -3.741
-0.3615 -31.0955 -3.0186
-5.3954 -31.6212 -2.9252
3.5577 -38.2246 -4.146
-5.4478 -31.9512 -3.097
-5.5245 -32.4725 -3.3518
3.617 -37.0097 -3.7547
-0.6458 -40.1275 -3.4039
-3.458 -31.9732 -3.1712
-3.8078 -39.3734 -3.4086
-6.9723 -40.5302 -3.6232
-5.5024 -32.0533 -3.2521
0.3133 -35.4462 -4.2026
-5.5253 -32.1282 -3.3203
-5.7717 -39.697 -3.8266
3.3261 -38.3896 -4.041
-5.5756 -32.2008 -3.4611
-5.0252 -33.8299 -3.4235
-6.1897 -35.8383 -5.4491
0.5498 -31.5321 -3.1859
-6.2112 -35.9034 -5.5124
-2.1488 -37.1118 -2.4835
-4.482 -40.1533 -3.5649
-3.8075 -34.5926 -3.7106
-6.2027 -35.7377 -5.4736
-0.3981 -36.0869 -2.5733
-8.0224 -37.5975 -3.1539
-8.4183 -36.1914 -3.4622
-5.5995 -31.2329 -3.4302
-5.6339 -31.1973 -3.518
-5.481 -30.1303 -3.0072
-2.904 -37.9154 -3.8154
-8.44 -31.0325 -3.2777
-5.5391 -30.0145 -3.1506
1.8503 -36.9865 -3.4903
-5.3081 -39.4664 -3.764
-5.577 -30.0568 -3.2555
0.2488 -37.5369 -5.173
-5.6005 -30.0008 -3.3123
-5.5604 -29.7012 -3.1764
-4.2271 -35.5349 -2.6917
-5.3257 -38.4235 -3.6614
-5.3099 -38.2086 -3.5985
-5.3332 -38.2593 -3.6654
-5.3106 -37.9709 -3.5771
-5.3382 -38.0511 -3.6584
-4.2538 -38.4233 -3.6172
-5.3173 -37.8551 -3.5837
2.6982 -33.577 -3.8873
-5.1199 -36.459 -2.9224
-5.426 -38.4862 -3.9342
-5.1013 -36.2244 -2.8499
0.4845 -36.6769 -3.6021
-5.898 -33.321 -3.4115
-5.1248 -36.3576 -2.9255
-5.7311 -38.0019 -3.3483
-5.0892 -35.9807 -2.794
-1.0336 -33.4865 -3.3448
-5.133 -36.2516 -2.9369
-5.1088 -36.0602 -2.8539
-5.3771 -37.6424 -3.7218
0.0327 -42.4246 -4.047
-5.3832 -37.4684 -3.721
-5.3713 -37.118 -3.655
-4.5877 -32.515 -3.4119
-5.3959 -36.9893 -3.7079
-5.3776 -36.7305 -3.6341
-5.5289 -36.3323 -3.9974
-5.4043 -35.1079 -3.5464
-3.2064 -31.4412 -2.9526
-5.3535 -34.3852 -3.3406
-5.3807 -34.4897 -3.4232
-5.4313 -34.053 -3.515
0.9705 -33.9133 -3.5726
-5.4597 -34.0847 -3.5937
-5.4479 -33.9235 -3.5465
-4.9099 -33.1957 -3.5063
-5.4382 -33.8305 -3.5115
-5.4256 -33.7177 -3.467
-2.3664 -36.5168 -4.2621
-5.4167 -32.9844 -3.3718
-5.7012 -35.3312 -3.4656
-5.4296 -32.8837 -3.3962
-5.2504 -31.5572 -2.7901
-1.0354 -35.8728 -4.4961
-5.4183 -32.5916 -3.3377
-3.6018 -30.918 -2.6786
-3.8078 -38.9766 -3.4086
-5.5322 -32.3226 -3.1001
-5.4422 -32.5114 -3.3932
2.3084 -36.6208 -3.5648
-5.3768 -31.9862 -3.1682
0.8864 -34.5018 -3.6103
-5.4296 -32.1027 -3.3198
0.3356 -31.8045 -3.7821
-5.4412 -32.1814 -3.3583
-3.8548 -33.4771 -3.3352
-5.413 -31.9362 -3.2595
-5.4439 -32.0119 -3.3491
-5.4588 -32.0861 -3.3959
-4.4508 -33.143 -3.3599
-5.477 -32.1557 -3.451
-5.328 -30.8465 -2.927
-7.262 -34.6953 -3.4597
-4.0099 -33.2672 -3.223
-5.3527 -30.9071 -2.9987
-5.3016 -30.3978 -2.8129
-6.0922 -35.7204 -5.4352
-2.6176 -33.1468 -5.3837
-6.1155 -35.7711 -5.502
-5.325 -30.3418 -2.8698
-5.502 -31.2218 -3.4261
-5.4741 -29.9822 -3.2309
-5.4554 -29.7476 -3.1583
-5.0556 -38.057 -3.6545
-5.2285 -38.3981 -3.6452
0.4181 -36.6561 -3.3422
-5.2462 -38.3027 -3.6829
-5.0189 -36.4623 -2.8996
-5.0078 -36.2527 -2.8498
-4.5072 -37.7513 -3.7067
1.6299 -34.3064 -3.5541
-4.9964 -36.0673 -2.8013
-5.2433 -37.6912 -3.6157
-5.3668 -38.5032 -4.0229
-5.0159 -35.9575 -2.8424
-5.2969 -37.4634 -3.736
-6.78 -39.8327 -3.6175
-5.2819 -37.2001 -3.6705
-5.3086 -37.1395 -3.7356
-6.1276 -37.695 -3.589
-5.3135 -37.0381 -3.7387
-5.307 -36.6446 -3.6833
-5.3026 -35.5381 -3.5638
-4.1409 -35.0755 -3.5264
-5.3266 -35.3512 -3.6093
-5.2754 -34.8419 -3.4236
2.0682 -35.7937 -3.4315
-5.2754 -34.546 -3.3949
-5.2726 -34.4196 -3.3752
-5.3222 -34.138 -3.4798
-5.3265 -33.9783 -3.4754
-5.3569 -33.889 -3.5476
1.8965 -36.558 -3.4973
-8.817 -32.1646 -3.4118
-5.3378 -33.6787 -3.4764
-2.1784 -39.9161 -3.365
-5.3698 -33.7884 -3.5721
-4.1003 -33.7022 -5.0474
-5.3352 -33.4456 -3.4467
-2.3536 -35.0952 -5.1454
-5.2992 -32.9862 -3.3065
-0.063 -36.6896 -3.3247
-5.3406 -33.2132 -3.4385
-5.3469 -33.1216 -3.4464
-1.765 -38.2316 -3.7267
-0.955 -38.5337 -3.5836
-6.6379 -35.4452 -3.5403
-5.1338 -31.593 -2.7312
-3.3464 -32.3059 -3.1553
-5.3307 -32.9309 -3.3848
-5.152 -31.6626 -2.7862
-5.3275 -32.8288 -3.3664
1.0839 -33.2613 -3.5711
-5.2629 -32.2551 -3.1388
-3.8864 -33.8032 -5.2486
-5.3158 -32.5609 -3.3093
-0.6462 -42.1457 -4.0057
-5.3087 -32.405 -3.2752
-5.2136 -31.7315 -2.9567
-7.9589 -33.8894 -3.3408
-5.2545 -31.6868 -3.0612
-5.2941 -31.8215 -3.1796
-5.2858 -31.7382 -3.1495
-0.1619 -42.4459 -4.0557
-4.7307 -35.9998 -2.8522
-5.3341 -29.6714 -3.0766
-5.3537 -29.7509 -3.1364
-5.4125 -29.9892 -3.316
-7.3538 -37.3432 -3.5505
-5.0278 -38.3794 -3.612
-3.8977 -32.3169 -3.3368
-6.9722 -41.5698 -3.498
-4.8185 -36.7153 -2.8939
-7.8573 -37.3668 -3.6613
-4.8194 -36.5601 -2.8813
-6.9723 -39.9584 -3.4986
-5.0341 -37.9919 -3.5911
-6.3402 -34.6476 -3.219
-4.828 -36.43 -2.8914
-5.8793 -34.175 -3.5019
-5.0383 -37.8323 -3.5868
-6.0743 -39.5063 -3.7511
-5.1514 -38.4929 -3.9516
-5.0709 -37.8111 -3.6712
-4.6226 -37.1803 -3.7024
0.997 -40.3465 -3.6564
-4.8316 -36.1053 -2.8696
-4.8231 -35.9395 -2.8308
-1.6511 -37.0334 -2.6743
-5.074 -37.6173 -3.6607
-5.1051 -37.5863 -3.7403
-7.402 -31.8958 -3.1978
-4.1886 -32.5232 -3.3727
-5.1243 -37.3941 -3.7727
-5.0986 -37.1928 -3.6849
-4.4101 -32.0865 -3.1492
-8.4731 -32.7383 -3.5323
-8.3905 -37.484 -3.5149
-5.1026 -36.9506 -3.6719
-5.5948 -33.4388 -3.4859
-5.1292 -36.9967 -3.747
-5.1657 -35.2538 -3.6746
-5.1966 -35.3295 -3.7642
-5.0733 -34.4107 -3.3471
1.6266 -35.201 -3.5447
-5.0748 -34.3139 -3.3419
-4.6976 -31.3303 -2.82
-5.1107 -34.2881 -3.4345
-7.7385 -34.4364 -3.5357
-7.0741 -38.2435 -3.6056
-5.0993 -33.996 -3.3761
0.418 -37.9913 -3.5048
-5.1322 -33.9506 -3.4591
1.9609 -38.4238 -3.6682
-5.174 -33.5616 -3.5323
-5.7311 -42.6085 -3.5073
-5.1357 -33.2475 -3.3999
-0.2238 -36.1615 -3.3988
-2.5783 -37.013 -4.1756
-5.1774 -33.4503 -3.5305
-5.1087 -32.9297 -3.2973
-2.9834 -36.115 -5.375
-5.1486 -33.1469 -3.4244
-5.1674 -33.2748 -3.4869
-5.1012 -32.798 -3.2646
-5.1922 -33.3353 -3.5586
1.472 -38.0445 -3.5703
-5.1549 -33.0553 -3.4323
-5.207 -33.4095 -3.6053
-5.1452 -32.9622 -3.3974
-5.0504 -32.2645 -3.0776
-1.3109 -41.0176 -3.682
-4.9823 -31.5062 -2.8231
-5.046 -31.6431 -3.0057
-5.1494 -32.2107 -3.3356
-5.1769 -32.3976 -3.4269
-5.1774 -32.2667 -3.4155
-5.2082 -32.4491 -3.5151
-5.2408 -32.4279 -3.5995
-1.476 -38.371 -3.8731
-4.3822 -38.2977 -3.4996
-5.1299 -31.4327 -3.2082
-5.8298 -36.1603 -5.5277
-1.2798 -33.5592 -3.3938
-5.1583 -31.4645 -3.2869
-4.3822 -42.4581 -3.5374
-4.7189 -34.2322 -3.4193
-5.0716 -30.7675 -2.9885
-8.3907 -37.3773 -3.5049
-4.7136 -37.5886 -3.7328
0.000200033 -37.9118 -3.7344
-1.0073 -36.829 -1.9713
-5.0941 -30.8666 -3.058
0.0322 -34.9753 -3.9544
-5.0524 -30.3679 -2.8986
-1.824 -36.7305 -4.1349
-5.0799 -30.2589 -2.9612
-6.8717 -39.0222 -3.6379
-5.1848 -30.1378 -3.2283
-5.2154 -30.2377 -3.3192
-4.9194 -38.3314 -3.5808
-3.1265 -30.9244 -2.6896
-4.7166 -36.7649 -2.8892
-4.9523 -38.2859 -3.6639
-4.7223 -36.6151 -2.8896
-4.9293 -38.0218 -3.577
2.1724 -38.7425 -3.7461
-4.9643 -38.0445 -3.6723
-1.7572 -37.3607 -2.7387
-6.6955 -33.1173 -3.4659
-5.0853 -38.5167 -4.0398
-4.7276 -35.8976 -2.8338
-7.6442 -35.6139 -3.4857
-6.0141 -38.9793 -3.5677
-4.9766 -37.5897 -3.6605
-4.7248 -35.7712 -2.8142
-5.5772 -29.9501 -3.2455
-4.9958 -37.3974 -3.6929
-6.0141 -37.3298 -3.3966
-4.9992 -37.2862 -3.6912
-5.0124 -36.9721 -3.6956
-5.0233 -35.0279 -3.5351
-5.2494 -34.8297 -3.515
-5.1469 -41.1516 -3.5072
-3.0709 -35.0888 -2.694
-5.0568 -35.1474 -3.6356
-5.0081 -34.0902 -3.4033
-5.0661 -33.596 -3.5092
-1.4019 -33.3439 -3.3924
-5.0667 -33.3584 -3.4878
-5.0903 -33.4916 -3.5634
-7.5995 -33.1996 -3.5951
-7.4465 -34.6747 -3.5873
-5.0654 -33.2418 -3.473
-2.5384 -35.0239 -2.5602
-5.0296 -32.9717 -3.3515
-5.0627 -33.1155 -3.4533
0.5158 -39.3793 -3.6315
-5.1017 -33.3811 -3.5831
-1.3006 -32.7829 -3.1226
-0.9287 -39.3387 -3.4136
-1.3236 -38.8218 -3.6312
-5.0167 -32.7764 -3.2982
0.0046 -36.918 -4.1549
1.266 -35.3549 -3.6086
-5.092 -33.288 -3.5481
-5.1214 -33.4605 -3.643
-4.8551 -31.5437 -2.7485
-5.0535 -32.8914 -3.407
-4.9067 -31.7329 -2.9041
1.2644 -30.5598 -2.966
-4.9098 -31.6458 -2.9037
0.1264 -41.8471 -4.2714
-3.7977 -37.3472 -2.8031
-5.0054 -32.1884 -3.2109
2.1093 -35.2305 -3.555
-5.0232 -32.2822 -3.2673
-4.9502 -31.7321 -3.0195
-5.0618 -32.3829 -3.3796
-5.0884 -32.429 -3.4548
-5.0885 -32.3223 -3.4447
-4.2212 -33.425 -3.2981
-4.9746 -30.9291 -3.0061
-5.3429 -36.9615 -2.7318
-7.5478 -38.3983 -3.5749
-4.2999 -38.0638 -3.7047
-4.9262 -30.2503 -2.8113
-5.5342 -40.7734 -3.4621
2.6478 -35.1343 -3.7353
-5.1259 -31.6079 -3.4746
-8.0221 -40.0261 -3.1746
-1.6974 -34.9161 -2.4409
-4.9709 -30.3661 -2.9415
-5.1403 -31.5171 -3.5039
1.4656 -37.6971 -3.6394
-5.0165 -30.1375 -3.0404
-5.0361 -30.217 -3.1002
-3.6224 -38.8553 -3.4146
-5.0915 -30.2707 -3.2528
-5.0978 -30.1791 -3.2607
0.5664 -31.6616 -3.1544
-5.6545 -31.5624 -3.0979
-4.8281 -38.4189 -3.6014
-4.6142 -36.7495 -2.8701
-4.849 -38.319 -3.6473
-6.934 -38.4538 -3.8529
-5.1475 -36.8828 -2.7705
-4.8412 -38.2115 -3.6159
1.5703 -37.9618 -3.5353
-4.8397 -37.9058 -3.5823
-4.6104 -36.2931 -2.8155
-5.6003 -33.4593 -3.3924
-4.0338 -36.0155 -5.5982
-4.6245 -36.1198 -2.8361
-4.6001 -35.8459 -2.7444
-4.6255 -35.6688 -2.7947
-6.2043 -35.1766 -3.4266
-2.1785 -40.8261 -3.6657
-4.6157 -35.5757 -2.7597
-4.9067 -37.5531 -3.7258
-4.9351 -37.2889 -3.7757
-1.8095 -33.5754 -3.2775
-4.9239 -37.186 -3.7359
-4.9249 -37.0309 -3.7233
-4.9445 -37.1103 -3.7831
-4.9491 -36.9264 -3.7775
-4.8831 -34.0824 -3.3248
-3.5625 -33.6107 -5.3949
-4.2847 -37.2433 -2.7424
-4.8757 -33.9507 -3.2921
-4.9243 -33.3392 -3.3617
-4.9388 -33.4376 -3.4098
-4.9066 -32.6536 -3.2478
-4.9638 -32.9888 -3.4326
-4.8658 -32.2956 -3.1045
-8.0222 -39.4683 -3.3693
-4.8984 -32.4636 -3.2076
0.3737 -31.6796 -3.6685
-4.9625 -32.8723 -3.4178
-4.8663 -32.1647 -3.0932
-6.6836 -35.586 -3.489
-6.9723 -40.6421 -3.4536
-4.9608 -32.7799 -3.4043
-0.8088 -31.8136 -2.9982
-3.1009 -35.8106 -5.6578
-4.9146 -32.3584 -3.2404
3.7402 -38.3902 -4.1259
-4.8778 -32.0542 -3.1129
-4.8197 -31.2823 -2.8831
-4.7931 -30.9402 -2.7792
-0.8728 -33.3234 -3.3148
-1.6975 -37.0226 -1.7821
-3.7193 -34.4326 -3.846
-4.8483 -31.2074 -2.9518
-5.3366 -39.3339 -3.6784
-4.8759 -31.2876 -3.0331
-2.564 -36.2008 -1.9092
-4.9509 -31.4207 -3.2455
-3.1451 -37.3284 -2.8614
-1.2424 -32.4981 -3.1912
-0.6462 -41.8709 -4.1234
-4.9941 -31.3375 -3.3521
-4.9353 -30.8032 -3.1438
-8.2225 -38.1749 -3.6682
-4.9747 -30.8554 -3.2535
-4.9506 -30.2613 -3.1316
-4.4962 -36.9095 -2.8298
1.57 -35.5205 -3.6102
-4.7558 -38.4329 -3.6686
0.1266 -40.4603 -3.595
-6.399 -34.2597 -3.5483
-4.5173 -36.7029 -2.8657
-4.219 -36.3854 -2.808
-4.5222 -36.6015 -2.8688
-4.5205 -36.5091 -2.8552
-4.7418 -38.0144 -3.5905
-3.5237 -41.4443 -3.0286
-4.5188 -36.4168 -2.8417
3.1745 -35.4519 -3.5839
-4.7413 -37.8494 -3.573
-2.0804 -34.7076 -3.9318
3.7323 -35.8667 -3.5136
-4.7635 -37.6768 -3.615
-4.7783 -37.751 -3.6618
-5.7264 -33.4513 -3.4736
-4.5322 -35.996 -2.8361
-4.7793 -37.5959 -3.6492
3.7877 -33.7542 -3.6166
-4.7941 -37.67 -3.6959
-4.5298 -35.8454 -2.8152
-2.5564 -39.2111 -3.3973
-4.5085 -35.6736 -2.7418
-4.5281 -35.7531 -2.8017
-4.8084 -37.39 -3.7065
-6.2577 -39.6175 -3.4668
-4.8272 -37.0328 -3.7214
-3.5252 -33.4961 -5.0346
-7.7367 -38.1296 -3.6562
-4.8539 -36.9722 -3.7866
-4.7733 -34.054 -3.2874
-4.8018 -34.0858 -3.366
-4.8091 -33.8391 -3.3613
-4.8551 -33.5863 -3.4588
-4.7787 -32.3664 -3.1366
-5.4325 -39.1264 -3.6878
-8.3146 -37.2882 -3.5557
-4.8454 -32.7122 -3.3476
-1.4124 -38.2862 -3.8718
-4.5758 -41.5342 -3.5241
-4.8296 -32.4973 -3.2847
-4.2431 -31.9863 -3.2164
-4.7928 -32.1931 -3.1572
-4.3632 -31.6067 -2.978
-4.8203 -32.38 -3.2485
-1.0257 -41.7352 -3.9573
-5.7443 -32.352 -3.1551
-4.6898 -31.4121 -2.8073
-4.3822 -39.9288 -3.4888
-5.2632 -38.445 -3.7418
-4.6804 -31.1056 -2.7523
3.7465 -40.0247 -4.1452
-4.7015 -31.1949 -2.817
-0.1614 -37.0035 -2.4784
-4.7277 -30.9693 -2.8647
-4.726 -30.877 -2.8511
-4.8027 -31.3984 -3.1058
-0.771 -32.9202 -3.2574
-4.9372 -32.3134 -3.5527
-4.8203 -31.3031 -3.1434
-4.8451 -31.3636 -3.2151
-5.8065 -38.5705 -3.7217
-1.7863 -33.7413 -3.3722
-4.8856 -31.3432 -3.3209
-4.8452 -30.7718 -3.1576
-4.7925 -30.3593 -2.9772
-2.5772 -35.207 -2.6813
-4.8698 -30.158 -3.163
-4.3931 -37.0249 -2.8259
-0.1369 -32.4813 -3.3144
-4.4141 -37.1142 -2.8906
1.0455 -33.7737 -3.5253
-7.3535 -42.0836 -3.6078
-4.6311 -38.4006 -3.5927
-0.0633 -34.3353 -3.8622
-8.4736 -34.1155 -3.4056
-4.6591 -38.4566 -3.6727
-4.4212 -36.785 -2.8771
-4.4183 -36.4694 -2.8387
-4.6491 -37.796 -3.5815
-4.482 -40.3812 -3.5499
-4.4216 -36.1689 -2.8182
-0.6331 -37.5923 -3.8575
-5.2143 -35.3254 -3.4506
-4.6756 -37.8421 -3.6567
-4.6784 -37.6726 -3.6475
-5.147 -40.4026 -3.473
-4.6933 -37.7467 -3.6943
0.5116 -35.2904 -3.6536
-4.4301 -35.8496 -2.8095
-4.6907 -37.5137 -3.6646
-4.4351 -35.6414 -2.8026
-4.7417 -34.8989 -3.545
-4.7177 -34.6007 -3.452
-4.7024 -34.0657 -3.359
1.6362 -34.5825 -3.5731
-4.722 -33.8492 -3.3901
-4.7423 -33.6911 -3.4286
-4.7614 -33.6055 -3.471
-1.9831 -37.1116 -1.8602
-0.0626 -39.6214 -3.6529
-4.7467 -33.4247 -3.4142
1.2552 -37.654 -3.6965
-4.2846 -41.2487 -3.5457
-4.7484 -33.2211 -3.3989
-7.7383 -35.6645 -3.4154
-4.7308 -33.0205 -3.3325
-1.6009 -34.3587 -3.7616
-4.7723 -33.1409 -3.4545
-4.7623 -32.9653 -3.4108
-4.5299 -31.2505 -2.6257
-3.8239 -37.1216 -2.8508
-4.5487 -31.3784 -2.6882
-4.6547 -32.0723 -3.0377
-3.352 -31.4888 -3.3443
-4.6865 -32.2887 -3.1434
-4.7355 -32.5407 -3.2981
-4.5829 -31.4495 -2.7861
-4.729 -32.4431 -3.2715
-4.6883 -32.0852 -3.1282
-0.6214 -34.9635 -2.2714
-4.6865 -31.8036 -3.0959
-3.564 -37.8186 -3.7638
-4.6837 -31.6772 -3.0763
2.3265 -38.8209 -3.9079
-4.7882 -31.3911 -3.3259
-0.1492 -31.445 -3.501
-5.2493 -39.1868 -3.4531
-4.6671 -30.2446 -2.8921
-5.434 -30.8342 -2.9511
-4.713 -30.2878 -3.0184
2.0506 -33.1662 -3.6784
-4.7446 -30.4217 -3.1154
-4.7363 -30.3385 -3.0853
-4.8046 -30.5874 -3.2911
-6.0935 -35.837 -5.45
-4.8361 -30.5322 -3.3694
-4.2853 -37.1487 -2.8028
-4.2899 -36.9648 -2.7971
-4.9962 -37.6691 -3.7204
-4.3113 -36.8407 -2.8418
-4.3002 -36.631 -2.792
-7.0077 -33.5709 -3.5725
-5.752 -36.8738 -3.6174
-4.6897 -32.4957 -3.4241
3.8129 -39.3068 -4.3448
-4.3227 -36.7302 -2.8615
-3.5645 -38.2795 -3.81
-4.5645 -38.3731 -3.6641
-1.2127 -39.2139 -3.4329
-4.549 -38.2406 -3.6099
-3.842 -33.767 -3.3295
0.0123 -38.7306 -3.5933
-4.2979 -36.4804 -2.771
-5.5342 -40.1594 -3.5953
-4.5517 -38.0711 -3.6008
-4.3006 -36.3109 -2.7619
-4.5808 -38.1612 -3.6868
-4.6286 -38.4858 -3.8454
-4.3215 -36.0218 -2.7891
-4.582 -37.7926 -3.6541
-4.3241 -35.6631 -2.7612
-4.6118 -37.3491 -3.6901
-6.9725 -34.7846 -3.37
-4.6292 -37.4671 -3.7478
-4.6254 -34.7503 -3.473
-3.6229 -41.3477 -3.5606
-4.6474 -34.6844 -3.525
-5.3681 -38.5498 -3.5831
-4.6036 -34.1176 -3.3534
-4.6312 -34.1978 -3.4346
-2.8566 -32.5021 -3.1593
-4.6347 -34.0865 -3.4329
-1.4361 -37.1204 -2.6304
-4.6127 -33.8565 -3.3521
-4.7034 -33.4236 -3.5511
-4.0058 -31.8406 -3.0734
-4.6645 -33.0512 -3.4113
-4.564 -32.0182 -3.0435
-2.2759 -35.1039 -2.5354
-4.601 -32.2158 -3.161
0.5475 -35.1835 -3.7545
-4.5869 -32.0932 -3.1117
-4.4744 -31.3016 -2.7355
-4.6766 -32.4072 -3.3808
-5.7059 -39.0209 -3.7415
-5.5342 -40.603 -3.4927
-4.489 -30.9974 -2.7447
0.0327 -39.6174 -3.4538
-3.7424 -33.8367 -3.3368
-6.5892 -35.8069 -3.4105
-4.4833 -30.8513 -2.7155
-4.5289 -30.9186 -2.8431
-2.6496 -37.959 -3.8975
-4.7642 -32.4639 -3.6191
2.2861 -35.9361 -3.498
-4.5989 -31.2599 -3.0624
-4.3299 -36.2943 -2.838
-4.5951 -31.0995 -3.0367
-4.8359 -32.6016 -3.8232
-8.0081 -34.3232 -3.4988
-1.3109 -38.2806 -3.6691
-4.6308 -31.1804 -3.1394
-4.8344 -32.4026 -3.7996
3.696 -37.9705 -3.9927
-4.8602 -32.4972 -3.8774
-4.5745 -30.3942 -2.9131
-4.5794 -30.2927 -2.9162
-4.1135 -33.8696 -3.3041
-4.8311 -31.8153 -3.7337
-4.7367 -30.6083 -3.3651
-4.203 -37.2716 -2.8514
-6.1097 -34.3989 -3.5638
-4.2035 -37.1407 -2.8401
2.7709 -33.6543 -4.1061
-4.2226 -36.7593 -2.8537
-3.7719 -37.6425 -3.7866
-4.4632 -38.1789 -3.6314
-4.4796 -38.2629 -3.683
-7.262 -36.8741 -3.5747
-4.2255 -36.483 -2.8346
-4.478 -38.0639 -3.6594
-4.4819 -37.8217 -3.6464
0.462 -30.6707 -2.8263
-1.5533 -34.8066 -6.033
-4.2418 -35.9752 -2.8286
2.4106 -33.2639 -3.5835
-4.2203 -35.6142 -2.7365
-3.4105 -31.5309 -3.2503
-4.5035 -37.4842 -3.6709
-2.8491 -39.823 -3.2676
-4.2495 -35.5976 -2.8126
-4.2325 -35.4553 -2.7536
-4.5339 -37.3949 -3.7431
-4.5202 -37.2481 -3.6924
-4.5681 -37.1701 -3.8122
-1.3749 -38.3976 -3.8658
-4.5306 -34.7362 -3.4759
-4.5008 -33.9961 -3.3249
0.5875 -36.6852 -3.5878
-4.5796 -33.402 -3.4768
-4.5529 -33.1666 -3.3828
-4.5732 -33.3044 -3.4501
-1.7928 -35.6395 -1.8912
-4.3642 -31.3201 -2.7019
-5.2894 -37.3317 -3.7032
-4.4877 -32.1321 -3.1091
-4.4748 -31.9369 -3.0558
-4.6655 -32.1994 -3.0788
-4.5125 -32.1926 -3.1807
-4.6204 -32.8722 -3.5337
-4.4225 -31.3935 -2.8641
-4.448 -31.5123 -2.9431
-4.5435 -32.1616 -3.2603
-4.5915 -32.3795 -3.4089
-4.6175 -32.5566 -3.4954
1.3516 -38.7454 -3.8658
-4.4156 -31.1309 -2.82
-4.4811 -31.5494 -3.0349
-4.6129 -32.4446 -3.4722
-4.4656 -31.4169 -2.9808
-5.5519 -34.8966 -3.3255
-3.0413 -42.2884 -3.6547
-4.4157 -31.0242 -2.81
3.7181 -38.2135 -4.0593
-4.5298 -31.7189 -3.1809
-4.4805 -31.1952 -2.9987
-4.5163 -31.1694 -3.0914
-4.4679 -30.3839 -2.8866
-4.1135 -37.3607 -2.8729
-4.1252 -37.0368 -2.8726
-4.5792 -33.2899 -3.353
-4.1272 -36.9157 -2.8661
0.6134 -37.5183 -3.6142
-4.3627 -38.461 -3.6419
-4.1248 -36.7651 -2.8451
-4.1247 -36.5759 -2.8264
-5.699 -31.5367 -2.7077
-4.1206 -36.333 -2.7919
-7.644 -38.3992 -3.55
-4.4045 -37.9653 -3.705
-4.12 -35.8721 -2.7458
-2.7567 -40.8037 -3.611
-7.644 -37.8169 -3.5995
-4.4145 -37.845 -3.7199
-4.1453 -35.8017 -2.8061
-4.4282 -37.6959 -3.7418
-4.1323 -35.4172 -2.7341
-4.1453 -35.5058 -2.7773
-4.4539 -34.5355 -3.5033
-4.4138 -34.1291 -3.3574
1.282 -36.4599 -3.4107
-0.0942 -39.1576 -3.5577
-4.4442 -34.3357 -3.4583
-2.3754 -36.8403 -1.8909
-4.4411 -34.2335 -3.44
-5.324 -39.6984 -3.7165
-4.4158 -34.008 -3.3509
-4.4167 -33.8529 -3.3383
-4.3984 -33.594 -3.2645
-4.4425 -33.3556 -3.3586
-4.4317 -33.2285 -3.3175
-4.474 -33.3004 -3.4368
-4.3471 -31.9011 -2.9639
-4.4127 -32.3196 -3.1788
-4.2744 -31.3267 -2.7149
-4.2836 -33.8548 -5.29
-4.3802 -32.0449 -3.0657
-4.3002 -31.4213 -2.7927
0.3972 -35.5742 -3.7266
-4.4407 -32.3756 -3.2588
-4.3807 -31.9139 -3.0544
-1.2127 -38.999 -3.4976
-4.4365 -32.2393 -3.2343
-0.7387 -35.7752 -2.1609
-4.4083 -31.9941 -3.1356
-4.4964 -32.5118 -3.42
-4.2839 -31.0414 -2.7124
-1.2127 -39.3154 -3.4373
3.4183 -34.1494 -3.7269
-4.4523 -32.1584 -3.2685
-4.5193 -32.5867 -3.4882
-4.3891 -31.2987 -3.017
-1.751 -36.3305 -1.8601
-6.3236 -32.5887 -3.1846
-4.4321 -31.3221 -3.1337
-4.3228 -30.526 -2.7659
-1.2127 -42.34 -4.0429
-4.341 -30.5956 -2.8209
-0.7087 -35.6176 -2.5893
-4.3244 -30.4291 -2.7607
0.7081 -40.7643 -3.7474
-6.9724 -37.6891 -3.6436
-4.3554 -30.5048 -2.8503
-3.9824 -37.4131 -2.7974
-2.9457 -40.1036 -3.2814
-4.0091 -37.3526 -2.8626
1.049 -38.8742 -3.823
-4.0266 -37.068 -2.8814
-4.0273 -36.8304 -2.8601
0.3104 -36.0011 -3.4913
-4.2657 -38.2886 -3.6356
-4.0257 -36.6313 -2.8365
-0.9288 -34.5649 -3.9478
-4.0277 -36.5102 -2.83
-4.0326 -36.4088 -2.833
-7.0229 -37.1773 -3.7018
-4.0342 -36.312 -2.8278
-4.0404 -36.0312 -2.8169
0.0326 -41.819 -4.2209
-4.3167 -37.8277 -3.7262
-0.0562 -33.8811 -3.4913
-7.262 -34.7877 -3.4464
-4.0264 -35.8019 -2.7575
-3.0416 -39.6625 -3.2955
-6.7273 -34.1147 -3.648
-4.0492 -35.6876 -2.807
-4.0429 -35.4833 -2.7703
-1.213 -34.2423 -3.7986
-5.4247 -33.281 -3.422
-4.3424 -37.4372 -3.7564
1.3042 -38.3699 -3.7231
-1.6744 -37.353 -2.5752
-4.0285 -35.2782 -2.7122
-4.3179 -34.3108 -3.3869
-4.2989 -33.6979 -3.2768
-6.3307 -34.736 -3.2476
-4.3005 -33.601 -3.2716
-4.3054 -33.4996 -3.2747
-4.345 -33.3384 -3.3643
-6.454 -36.9398 -3.702
-0.0628 -39.7975 -3.4378
-4.3679 -33.4133 -3.4325
-4.3439 -33.1151 -3.3395
-6.4903 -36.0645 -3.4472
-4.3703 -33.268 -3.4247
-4.1446 -31.3307 -2.6361
-0.5415 -38.115 -3.6682
-4.2341 -31.8581 -2.9253
-4.2244 -31.765 -2.8904
-7.5479 -37.046 -3.6459
-4.3131 -32.3409 -3.1823
-6.0142 -35.548 -3.428
-3.3314 -35.0516 -2.5426
-4.1759 -31.3821 -2.7244
-4.3468 -32.543 -3.2915
-4.3517 -32.4415 -3.2946
-4.2362 -31.6303 -2.9088
-5.7916 -30.547 -3.1047
-4.3245 -32.2304 -3.202
-4.3452 -32.3439 -3.2679
0.7083 -34.86 -3.7661
-8.3277 -36.2998 -3.4938
-4.3189 -32.0844 -3.1727
-4.3811 -32.5074 -3.3794
-4.4258 -32.7298 -3.5196
-4.2677 -31.5751 -2.987
-4.1892 -30.9613 -2.7188
-8.5901 -36.1679 -3.462
-3.0536 -38.3267 -3.7422
-4.207 -31.0552 -2.7751
-4.3027 -31.3018 -3.0535
1.6629 -38.5869 -3.7433
-7.7027 -33.993 -3.4225
-4.2963 -31.2042 -3.0269
1.8503 -41.6687 -4.1625
-4.2543 -30.623 -2.8587
-0.2668 -38.3324 -3.6229
-4.2414 -30.4278 -2.8054
0.9006 -38.9113 -3.668
-4.2856 -30.6745 -2.947
-4.2839 -30.5821 -2.9335
-3.9013 -37.5474 -2.8488
-3.9084 -37.4074 -2.8541
-3.93 -37.0698 -2.8787
-3.8979 -36.7709 -2.7642
-3.7003 -37.6477 -2.8262
0.3523 -35.7261 -3.6116
-3.092 -33.848 -3.4059
-3.9266 -36.8852 -2.8516
-3.9211 -36.6324 -2.8124
0.7082 -37.126 -3.4204
-3.9169 -36.4962 -2.7879
-4.1765 -38.233 -3.6468
2.9309 -38.5989 -3.994
-3.9083 -36.3305 -2.7491
-4.2099 -38.0566 -3.7185
-3.9352 -36.1632 -2.8042
-3.0714 -33.1884 -5.3237
-2.5877 -38.2618 -3.5964
-4.221 -37.9704 -3.7395
-5.0559 -41.4287 -3.4889
-3.9223 -35.672 -2.7222
-4.2152 -37.6351 -3.6915
-2.4502 -39.496 -3.4187
-3.5243 -32.7844 -3.167
-6.0302 -38.5157 -3.6632
-4.2282 -37.7236 -3.7348
-3.9494 -35.5873 -2.786
-7.3535 -42.6191 -3.661
-3.9423 -35.4314 -2.752
-4.8074 -33.1856 -3.5248
-4.2511 -37.5026 -3.7742
-5.8839 -34.7604 -3.515
-3.9377 -35.3194 -2.7289
-7.9373 -32.9017 -3.4371
-3.9331 -35.2074 -2.7057
-4.2001 -33.9275 -3.291
-4.2204 -34.0653 -3.3583
1.472 -35.8372 -3.5936
-4.2583 -34.1076 -3.4631
-4.224 -33.8473 -3.3465
-0.4499 -38.6702 -3.4837
-4.2457 -33.9949 -3.4186
-6.0141 -38.2076 -3.4889
-4.205 -33.5302 -3.2653
-4.2359 -33.31 -3.3261
-4.1987 -33.03 -3.1999
-8.5766 -35.6184 -3.3725
-4.2212 -33.1291 -3.2694
-4.2616 -33.2154 -3.3852
-4.2127 -32.3715 -3.173
-7.9156 -38.3388 -3.5787
-4.2029 -32.2785 -3.1381
-4.0647 -31.2856 -2.6742
-2.5609 -35.4572 -3.9392
-4.1299 -31.7283 -2.8904
-6.8324 -36.1105 -3.6011
-4.2418 -32.4616 -3.2591
-2.0642 -38.0374 -3.8701
-4.1495 -31.8077 -2.9503
-4.2025 -32.0068 -3.1106
-6.9724 -36.332 -3.5596
-4.1262 -31.4611 -2.8546
2.7304 -38.5358 -3.983
-4.2207 -32.0764 -3.1657
0.9226 -33.4185 -3.4413
-4.1632 -31.6586 -2.9722
-4.3117 -32.6137 -3.4597
-4.251 -32.0938 -3.2478
-5.7594 -33.3552 -3.5786
-4.0964 -30.721 -2.7036
-5.4799 -38.762 -3.5451
-4.1474 -30.8519 -2.8518
-4.2373 -31.3551 -3.1397
-3.7115 -41.7668 -3.5623
-7.4545 -41.6307 -3.7375
-4.1692 -30.3009 -2.8563
1.57 -35.2245 -3.6374
-3.8244 -37.2866 -2.8682
-4.0869 -38.4513 -3.6792
1.2595 -31.2394 -3.0455
-3.8381 -36.5457 -2.8326
-4.5337 -34.2466 -3.4367
-4.1074 -38.3756 -3.7264
-6.0141 -35.7767 -3.3901
-4.0931 -38.1705 -3.6684
-3.8493 -36.0568 -2.8148
-3.8212 -35.5157 -2.6873
-3.3289 -33.4912 -5.0209
-3.8548 -35.5286 -2.7778
-4.1272 -34.3123 -3.3836
-1.9831 -36.9255 -1.9327
-4.1079 -34.0194 -3.3037
-4.1194 -34.0981 -3.3421
-7.644 -38.3015 -3.5773
-4.6484 -33.6415 -3.426
-4.1556 -34.3441 -3.4622
-0.2929 -36.8758 -4.1155
-3.7081 -32.8779 -3.1524
-8.6713 -35.6679 -3.3658
-4.0954 -33.8 -3.2491
3.2827 -34.5023 -3.613
-4.0213 -38.1872 -3.7317
-4.1279 -33.7788 -3.3334
-3.2371 -42.3141 -3.4844
-4.1375 -33.6826 -3.3496
0.0317 -36.8902 -3.5511
-4.1215 -33.3852 -3.278
-4.1396 -33.4548 -3.3331
-8.0059 -30.6242 -2.8811
1.2753 -33.2123 -3.6369
-4.1109 -33.0447 -3.2169
-4.1431 -33.0477 -3.3026
-0.9709 -39.3731 -3.5362
-7.6821 -36.2468 -3.5869
-3.9613 -31.2746 -2.647
-4.4816 -36.9377 -2.7299
-4.1938 -32.8002 -3.4133
-5.4932 -29.8966 -3.2733
-3.9629 -31.1777 -2.6418
-8.6536 -34.9147 -3.3559
-4.0053 -31.4388 -2.7798
1.9905 -33.4092 -3.4977
-4.1892 -32.6882 -3.3901
-3.3625 -33.3843 -3.3033
-3.9924 -31.2435 -2.7266
-2.0806 -41.5476 -3.7043
-4.1586 -32.2924 -3.2705
-7.2297 -37.7892 -3.8153
-4.0693 -31.6582 -2.9712
-3.9611 -30.8962 -2.6095
-3.9974 -31.0354 -2.7196
-3.9877 -30.9423 -2.6847
3.0625 -39.3692 -4.1
-4.131 -31.9163 -3.1604
-1.1306 -32.7275 -3.1805
-3.9849 -30.8159 -2.665
-4.1493 -31.2874 -3.1479
0.4164 -36.2052 -3.4877
-3.6906 -37.5546 -2.7912
-3.7049 -37.4638 -2.8206
-3.7259 -37.3639 -2.8665
-3.7209 -37.2761 -2.8446
-1.1002 -35.0906 -2.5545
2.0759 -33.1441 -3.7545
-3.7272 -37.1845 -2.8525
-3.7239 -36.8932 -2.8155
1.472 -36.1203 -3.5167
-7.5478 -40.0916 -3.5887
-3.7409 -36.7395 -2.8457
-3.7363 -36.6275 -2.8225
-3.751 -36.5125 -2.8505
-3.3387 -32.5769 -3.1614
-4.0395 -38.2568 -3.7868
-3.7654 -36.1257 -2.8511
-5.8416 -34.8242 -3.3316
-3.7365 -35.8223 -2.7449
-3.767 -36.0289 -2.8459
-4.0353 -37.8246 -3.7336
-4.0387 -37.7134 -3.7319
-3.7668 -35.8397 -2.8271
0.613 -42.316 -4.0029
-4.2738 -39.1408 -3.4214
-3.738 -35.5362 -2.721
0.1266 -36.1534 -3.2949
-4.0667 -37.7694 -3.8118
-4.0549 -37.6082 -3.7647
-3.7622 -35.4318 -2.7752
-3.7239 -35.1177 -2.6428
-3.753 -35.2077 -2.7289
-4.0674 -34.2768 -3.474
-7.7669 -33.1113 -3.5074
-3.3315 -32.2318 -3.1085
-4.007 -33.8394 -3.2709
-4.0494 -34.1004 -3.4089
-0.1617 -36.2191 -2.4707
-4.0737 -34.1852 -3.4819
-4.0322 -33.769 -3.3312
-0.085 -34.1846 -3.5975
-4.0442 -33.2316 -3.3108
-2.0775 -35.9361 -5.4947
-4.0262 -32.7594 -3.217
-4.0475 -32.6353 -3.2616
-4.0271 -32.3083 -3.1756
-4.0575 -32.5149 -3.2765
-2.3726 -40.8622 -3.5012
-3.237 -40.017 -3.2837
-3.3405 -33.7461 -3.28
-3.9013 -31.3457 -2.7475
-4.0204 -32.1282 -3.1402
-3.8619 -30.9976 -2.609
-3.9415 -31.5387 -2.8733
-4.0437 -32.1789 -3.2071
-4.0553 -32.2576 -3.2455
-3.9007 -31.1808 -2.73
-3.9431 -31.4418 -2.8681
-3.8961 -31.0688 -2.7069
-3.881 -30.9121 -2.6514
-5.0349 -38.2394 -3.6172
-4.1087 -32.4324 -3.4046
3.9602 -39.0032 -4.1986
-4.0454 -31.9753 -3.1918
-4.0995 -32.2084 -3.3583
-4.1334 -32.3038 -3.4575
-3.5122 -37.5489 -2.8194
-3.5886 -33.4919 -5.4526
-3.5269 -37.4339 -2.8474
-3.5464 -37.3241 -2.8885
1.9789 -35.1407 -3.5426
-3.5488 -36.7762 -2.8418
-2.8959 -35.8715 -5.6215
-3.5691 -36.618 -2.8803
-3.8304 -38.2578 -3.7341
-3.8672 -37.9702 -3.8042
-2.2212 -36.1706 -5.64
0.3229 -36.0757 -4.2313
-7.7376 -39.6198 -3.5126
-3.8487 -37.8181 -3.7404
-1.6983 -40.7767 -3.647
-3.8849 -37.7681 -3.8317
-3.5585 -35.283 -2.7228
-0.2375 -37.5274 -3.8234
-0.4499 -39.416 -3.4631
-3.5409 -35.0825 -2.6564
-3.562 -35.1718 -2.7211
-3.6138 -35.4434 -2.8854
-2.6636 -38.6427 -3.6208
-3.6533 -35.3889 -2.9851
-7.6502 -35.1427 -3.3948
-3.8094 -33.8949 -3.2551
-3.8463 -33.9032 -3.3539
-3.8746 -34.0417 -3.4426
1.1003 -32.9958 -3.6405
-3.8101 -33.2547 -3.1949
0.0645 -32.2362 -3.2675
-3.843 -33.2092 -3.278
1.4657 -33.4451 -3.6387
-3.829 -32.684 -3.1898
-6.337 -35.7189 -3.2287
-3.8454 -32.768 -3.2414
-4.7642 -31.2822 -3.2516
-3.8343 -32.5584 -3.1916
-3.8362 -32.1414 -3.1563
-3.6766 -30.9768 -2.6188
-4.5327 -35.1716 -5.5684
-3.8345 -32.0491 -3.1427
-4.2954 -31.5227 -2.7896
-3.7422 -31.3953 -2.8338
-3.8143 -31.8046 -3.0654
-5.0871 -33.6853 -3.5738
-3.835 -31.9181 -3.1314
-3.7898 -31.5307 -2.9737
-1.0226 -31.7518 -3.0481
-3.8931 -32.2049 -3.3136
-2.8832 -32.5482 -3.2345
-3.7603 -31.169 -2.8601
-3.7893 -30.3713 -2.8598
3.6779 -36.5264 -3.6877
-4.6489 -35.4821 -5.6411
-4.5072 -33.6869 -3.2857
-4.6737 -35.5426 -5.7128
-5.5005 -39.7671 -3.7728
-4.663 -35.3088 -5.6617
-4.6565 -35.2112 -5.635
-4.6595 -35.1241 -5.6346
-1.2565 -36.945 -1.8099
2.654 -34.1845 -3.7542
-4.739 -34.8842 -5.8226
-0.3343 -37.6659 -3.8392
-2.6628 -35.5187 -2.3346
-2.6749 -34.2423 -3.5968
-3.3872 -37.6649 -2.7659
-3.4078 -37.5892 -2.8131
-3.4108 -37.5022 -2.8127
-3.4029 -37.3947 -2.7812
-7.4545 -36.9492 -3.6503
-3.4334 -37.1987 -2.8433
-3.4474 -36.8362 -2.845
-3.4537 -36.7446 -2.8529
-3.7499 -38.0043 -3.7634
-3.7596 -37.9082 -3.7796
-5.3424 -41.3068 -3.4973
-3.7852 -37.8136 -3.8386
3.5704 -38.3019 -4.184
-3.7934 -37.7076 -3.85
0.1266 -40.7345 -3.6464
-8.0909 -34.3528 -3.4719
-3.4388 -35.1909 -2.6619
-2.1979 -37.5572 -3.9294
3.6526 -36.6921 -3.6116
-3.4263 -34.9715 -2.6072
-8.2206 -32.9193 -3.6765
-3.467 -35.1402 -2.7318
-3.7616 -33.9404 -3.398
1.8282 -35.2765 -3.5824
-3.7266 -33.3259 -3.2451
-1.6741 -32.0988 -3.281
-3.7642 -33.5817 -3.3701
-3.7301 -33.108 -3.2333
-3.7506 -33.0323 -3.2805
-3.7329 -32.6425 -3.1952
-3.5979 -31.1602 -2.6917
-3.6642 -31.5302 -2.9041
-2.4684 -35.8134 -1.7683
-3.7221 -31.9236 -3.0964
-3.6093 -31.0497 -2.7113
0.223 -37.2094 -3.4987
-3.6926 -31.5619 -2.9828
-3.7857 -32.1672 -3.2892
-2.095 -38.4552 -3.6106
-3.6137 -30.7833 -2.6969
-3.6637 -30.4775 -2.8001
-4.4715 -35.9663 -5.4832
-4.5448 -35.7112 -5.6532
-4.5465 -35.5076 -5.6379
-4.5737 -35.612 -5.7205
0.5503 -33.7689 -3.655
-4.5768 -35.525 -5.7201
-2.4689 -36.5645 -1.9116
-6.0708 -33.8374 -3.4053
-4.5689 -35.4175 -5.6886
-4.3984 -34.2326 -5.1199
-4.392 -34.1349 -5.0933
-5.7306 -39.5865 -3.9502
-0.0628 -41.1255 -3.8291
-4.5398 -35.0316 -5.5737
-4.4469 -34.3195 -5.2572
-4.3848 -33.7899 -5.0404
-1.3562 -36.76 -1.8017
-4.4137 -33.9866 -5.1365
-6.2831 -35.4226 -3.3598
-6.5751 -32.7051 -3.3569
-4.636 -34.8514 -5.8119
-7.6085 -37.5758 -3.7814
-2.9518 -36.8056 -2.0373
-2.9424 -36.6883 -2.001
-3.9982 -38.9179 -3.4522
-2.9619 -36.5786 -2.0421
-3.2193 -37.6553 -2.8314
-3.2323 -37.448 -2.8458
-0.1063 -31.4324 -3.6432
-3.2321 -37.0696 -2.8083
-3.8079 -40.4966 -3.5443
-3.2469 -36.9545 -2.8363
-2.9625 -31.1631 -2.7989
-3.5424 -38.452 -3.768
-3.5756 -37.8973 -3.8022
-6.4645 -29.992 -3.3055
-3.5483 -33.9703 -3.3465
0.2231 -36.299 -3.3669
-3.5198 -33.7493 -3.249
-3.5819 -33.9832 -3.437
-3.6174 -34.1708 -3.5497
1.1435 -34.2508 -3.5236
-3.5291 -33.0856 -3.2089
-8.4052 -37.1798 -3.5242
-3.523 -32.9638 -3.181
-3.5632 -32.6716 -3.2593
-3.4235 -31.4798 -2.7716
-3.4055 -31.3035 -2.7065
-1.9577 -33.7939 -3.4262
-3.5545 -32.3167 -3.2016
0.8072 -35.451 -3.6867
-3.5474 -32.1608 -3.1675
-3.3951 -35.2324 -2.5888
1.9791 -38.2047 -3.6677
-4.1506 -36.1805 -5.1633
-6.5897 -42.3938 -3.6852
-3.3985 -31.0409 -2.6624
-3.4264 -31.2036 -2.7524
-3.489 -31.6023 -2.9578
-3.5194 -31.8089 -3.0588
-3.5864 -32.2372 -3.2786
-6.8982 -30.8642 -2.7538
-3.427 -31.0726 -2.7411
-3.4177 -30.6594 -2.676
-3.4442 -30.7056 -2.7512
-0.7388 -35.5811 -2.485
-8.5437 -38.3028 -3.5471
-3.4743 -30.6405 -2.8246
-0.9526 -37.4654 -2.6525
-4.3094 -36.1032 -5.5781
-8.085 -34.9052 -3.5103
-4.3067 -35.9768 -5.5585
-3.6465 -31.2193 -3.3391
-3.6631 -31.0899 -3.3705
-7.0738 -35.3688 -3.4634
-3.6988 -31.1708 -3.4733
1.6393 -34.7813 -3.5827
2.6939 -36.6969 -3.5755
-4.112 -33.6302 -4.8118
-4.1425 -33.73 -4.9027
-4.1536 -33.6438 -4.9237
-4.1874 -33.7391 -5.0229
-4.5487 -34.5456 -2.2993
-4.247 -33.929 -5.1999
-4.4129 -34.8953 -5.7353
-4.4305 -34.8 -5.7729
1.8502 -35.0368 -3.6298
-2.8278 -36.8669 -1.9728
-2.8538 -36.5589 -2.0118
-5.3649 -38.6492 -3.5926
3.2732 -36.0927 -3.5846
-3.0914 -37.6629 -2.7512
-3.1105 -37.5774 -2.7936
-3.1219 -37.4669 -2.8133
-3.1255 -37.249 -2.8015
-3.1399 -37.1581 -2.8308
-0.9558 -38.3259 -3.7689
-3.4503 -38.138 -3.7517
-3.4986 -37.7399 -3.8414
-1.983 -35.5717 -2.0498
-3.1681 -35.1428 -2.7093
-3.4246 -33.8183 -3.2621
-3.0143 -35.708 -5.9206
-3.4438 -33.9219 -3.3233
-3.4855 -34.1247 -3.454
-3.4241 -33.6533 -3.2447
-3.4567 -33.8213 -3.3478
-3.437 -33.5526 -3.2692
-3.4213 -33.231 -3.1963
-3.4512 -33.2726 -3.2798
-3.6166 -34.3699 -3.8264
-5.5447 -38.7731 -3.6394
-2.7678 -38.272 -3.6049
-3.4354 -33.0577 -3.2169
-3.455 -33.1371 -3.2767
-3.4233 -32.814 -3.161
-3.4648 -32.9343 -3.2829
-3.437 -32.6649 -3.1828
-3.4571 -32.4242 -3.2126
-1.6984 -41.191 -3.7056
-3.4459 -32.3213 -3.1729
-3.425 -32.1253 -3.0982
3.1681 -36.3023 -3.5651
-4.0767 -36.4213 -5.2497
-3.4668 -32.2214 -3.2188
-6.9725 -35.5761 -3.4389
-3.3527 -31.3375 -2.8291
-3.3035 -30.7071 -2.6369
-6.2042 -40.2352 -3.5236
-3.3198 -30.7911 -2.6884
-3.354 -30.8623 -2.7863
-3.4394 -31.4427 -3.0699
-7.0741 -38.4343 -3.542
-3.3822 -30.8115 -2.8563
3.8677 -39.2653 -4.2586
-3.3971 -30.8857 -2.903
-3.5298 -31.5191 -3.3177
-0.0629 -38.0272 -3.5648
-4.2162 -36.0512 -5.5846
-4.2448 -35.9763 -5.6532
-4.1286 -33.5447 -5.1074
-4.1577 -33.6348 -5.1934
-2.7261 -36.701 -1.9343
-2.7565 -36.9075 -2.0353
0.9204 -31.5362 -3.4743
-2.756 -36.7426 -2.0178
-2.7514 -36.6306 -1.9947
-3.0163 -37.5431 -2.7879
-3.9175 -38.0526 -3.6248
-3.0259 -37.447 -2.8041
-3.0465 -37.3713 -2.8513
-0.7483 -36.9362 -2.5734
-5.343 -36.0278 -2.7242
-3.9052 -41.0174 -3.5945
-3.0331 -37.0111 -2.7806
-2.7081 -37.0526 -2.6984
-6.9723 -38.8869 -3.5614
-3.3349 -38.417 -3.7201
-3.3681 -38.4541 -3.8119
-7.9156 -37.7846 -3.659
-3.3572 -38.1378 -3.7521
-1.9943 -35.8043 -5.5114
-3.4062 -37.7979 -3.8492
0.869 -34.028 -3.6103
-3.4243 -37.8676 -3.9042
-3.0447 -35.0184 -2.6175
-0.9235 -36.6635 -5.0554
-3.3732 -33.9141 -3.3831
-3.3965 -33.9648 -3.45
-5.8724 -35.6519 -3.5718
0.3863 -35.7802 -3.8689
-3.3528 -33.2913 -3.2683
-3.3286 -33.0998 -3.1853
-3.3581 -33.1656 -3.2701
2.0871 -35.6391 -3.4885
-3.3429 -33.009 -3.2146
-3.3344 -32.8433 -3.1757
-3.3664 -32.6571 -3.2426
-3.3415 -32.4073 -3.1522
-3.3298 -32.1394 -3.095
-3.9776 -36.4884 -5.2409
-3.9748 -36.362 -5.2212
0.521 -29.823 -3.3481
-3.2534 -31.4046 -2.8202
-0.739 -36.819 -3.4286
-4.0014 -36.4082 -5.2964
-3.2361 -31.1799 -2.7525
-3.2796 -31.475 -2.8967
-2.6882 -37.1273 -4.1371
-3.3593 -31.9094 -3.151
-3.2342 -31.0051 -2.7302
-3.2457 -31.0838 -2.7687
-3.3094 -31.5166 -2.9802
2.3366 -34.4893 -3.6498
-3.3077 -31.4243 -2.9666
-7.6018 -36.508 -3.6597
-3.3843 -31.4606 -3.1738
-4.1567 -36.2529 -5.6942
-4.1267 -36.0221 -5.592
-0.6458 -38.9788 -3.4612
-4.1515 -36.0826 -5.6636
-4.1316 -35.9207 -5.5951
-4.2177 -36.2635 -5.8573
-4.0702 -33.6738 -5.213
-5.2492 -36.3168 -2.7116
-2.6336 -36.9662 -1.9681
1.1355 -30.5476 -3.3074
-2.6319 -36.8738 -1.9545
-2.6629 -36.9495 -2.0441
-3.0474 -32.5487 -3.1604
-2.659 -36.7891 -2.0184
-2.6479 -36.6862 -1.9786
-7.5478 -40.742 -3.527
-2.8973 -37.6554 -2.7364
-7.2533 -33.1297 -3.4225
-2.9226 -37.2891 -2.768
-2.9122 -37.1378 -2.7256
-2.469 -34.255 -3.7679
-3.2504 -38.387 -3.7465
-0.198 -36.0625 -2.552
-2.6233 -33.6635 -3.4091
-7.1115 -33.7414 -3.6018
-3.2587 -38.1744 -3.7479
1.3753 -40.1759 -3.9135
-3.2702 -38.0639 -3.7676
-3.2816 -37.9534 -3.7873
-3.2998 -38.023 -3.8423
-1.4117 -35.6099 -1.7382
-6.9724 -38.1115 -3.5969
-3.3207 -37.9231 -3.8883
-3.3243 -37.7051 -3.8765
-3.2386 -33.7048 -3.2587
-7.2619 -38.8535 -3.5663
-4.7707 -35.4156 -2.6608
-3.2767 -33.8296 -3.3723
-6.8715 -40.5125 -3.6428
-1.0254 -39.7096 -3.4381
-3.2661 -33.5958 -3.3212
-3.2327 -33.1803 -3.1919
-2.9457 -39.9501 -3.3936
-3.2711 -33.3877 -3.3142
-0.4321 -33.5663 -3.4471
-0.643 -30.7884 -2.7104
-3.4308 -34.3389 -3.8316
-3.084 -32.7704 -3.2793
-3.2384 -32.7346 -3.1635
-3.7099 -31.499 -2.7582
-3.2739 -32.9222 -3.2763
-2.7562 -35.5556 -2.317
-3.2326 -32.3993 -3.1155
-3.2288 -32.2389 -3.0897
-1.1519 -33.1952 -3.2826
0.4175 -42.0556 -4.1315
-3.2502 -32.304 -3.1531
1.0483 -30.6792 -3.4145
-3.0837 -30.9835 -2.5816
-3.8573 -36.1882 -5.1458
-3.145 -31.2657 -2.7721
-2.1188 -31.8306 -3.1634
-3.9975 -35.1593 -2.6469
-3.905 -39.7464 -3.3879
-3.2427 -31.8764 -3.0916
-3.1362 -31.0175 -2.7245
-3.2513 -34.3584 -3.5984
-3.1684 -31.2097 -2.829
-3.2191 -31.554 -2.9972
-3.1608 -30.8888 -2.7774
-3.26 -31.5093 -3.1017
-3.2796 -31.5888 -3.1616
-3.3138 -31.364 -3.2307
-4.0543 -35.9398 -5.6455
-4.0706 -36.0238 -5.697
-6.2043 -36.7321 -3.5106
-4.1253 -36.3152 -5.871
-4.4909 -37.6673 -3.6552
-2.91 -34.0681 -3.4715
-4.1248 -36.1502 -5.8535
-4.1477 -36.2251 -5.9217
-4.1688 -36.3144 -5.9864
-1.2299 -36.8299 -4.1931
-3.9122 -33.5205 -5.0317
-3.9232 -33.4342 -5.0527
-5.4402 -38.0732 -3.3667
-4.598 -34.4566 -3.3716
-3.9776 -33.7497 -5.228
-5.2279 -31.4581 -2.7206
-3.9957 -33.8193 -5.283
-4.0253 -33.7785 -5.3578
-3.9758 -33.6574 -5.2144
-2.5574 -36.8807 -2.0158
-2.5302 -36.4804 -1.9043
1.4277 -36.6148 -3.5251
-2.5542 -36.5893 -1.9786
-2.7973 -37.6501 -2.7287
1.0901 -38.2024 -3.6592
-3.2791 -38.5013 -3.8339
-2.7364 -37.0478 -2.508
-2.8422 -37.3633 -2.8201
-3.1345 -38.4626 -3.7048
-3.1434 -38.3082 -3.7135
-1.3343 -37.804 -3.9517
-2.4492 -35.1102 -6.1429
-3.1612 -38.1062 -3.7411
-3.197 -38.0804 -3.8337
-3.1988 -37.8768 -3.8184
-3.2151 -37.9608 -3.87
-5.8318 -38.3938 -3.6456
-3.2342 -37.8753 -3.9124
-3.268 -37.6747 -3.9828
-3.1882 -33.8205 -3.3938
-3.2064 -33.8901 -3.4489
-3.2324 -34.0672 -3.5355
-3.1602 -33.4686 -3.285
-2.7566 -34.3901 -3.8233
-3.1934 -33.5057 -3.3768
-5.4397 -41.278 -3.4756
-3.1749 -32.8685 -3.2654
-8.3388 -36.6987 -3.5623
-3.132 -32.4424 -3.1098
0.4358 -35.7694 -3.643
-3.1892 -32.7776 -3.2947
-5.7506 -33.6428 -3.5566
-3.2055 -32.8616 -3.3463
-3.2171 -32.9403 -3.3847
-3.1785 -32.6505 -3.2536
-3.4751 -36.3822 -5.4334
-3.1327 -32.2048 -3.0884
-1.2178 -37.7322 -3.899
-3.2221 -32.7322 -3.3777
-3.1551 -32.1147 -3.1391
-1.1402 -32.3355 -3.1679
-3.7713 -36.3053 -5.1872
-3.7638 -36.1736 -5.1545
-3.1364 -31.8801 -3.0666
-3.2593 -33.2265 -3.267
-3.1016 -31.4548 -2.9324
-3.5238 -41.6116 -3.5508
-3.0789 -31.2732 -2.8542
-3.0691 -31.1802 -2.8192
-3.0377 -30.9395 -2.7121
-3.1513 -31.6584 -3.0845
-1.043 -37.6077 -2.6476
-3.1657 -31.5676 -3.1138
-7.9623 -36.713 -3.626
-4.0031 -36.293 -5.8023
-2.8491 -41.569 -3.6031
-2.9718 -34.1431 -3.5877
-3.5519 -33.1605 -3.2771
-4.034 -36.3686 -5.8919
-4.0345 -36.2377 -5.8806
0.8946 -39.766 -3.9389
-4.086 -38.3105 -3.6631
-3.7591 -33.7186 -4.902
-7.8788 -35.574 -3.543
-3.8478 -33.7026 -5.1363
3.1516 -39.7687 -4.0897
-3.8415 -33.4983 -5.0996
0.3687 -31.8437 -3.1888
-2.4407 -36.9839 -1.9806
-3.1599 -37.7303 -3.9665
2.7316 -34.8857 -3.6892
-7.5117 -35.2142 -3.5586
-2.4534 -36.5048 -1.9675
-2.6984 -37.4446 -2.711
1.0492 -36.9572 -3.6598
-2.4618 -35.7004 -1.9112
-5.0427 -38.4536 -3.6587
-2.4969 -35.9122 -2.0253
-2.7342 -37.4188 -2.8037
-3.0236 -38.3918 -3.6688
-3.0949 -38.0686 -3.8266
-3.098 -37.8749 -3.8161
-6.173 -39.023 -3.6929
-3.1371 -37.8446 -3.9171
-3.1572 -37.6039 -3.9469
-3.0903 -33.7557 -3.3924
-5.5146 -32.7821 -3.3556
-3.1365 -34.0705 -3.5463
-3.1013 -33.6694 -3.4134
-6.8752 -35.7657 -3.4343
-3.1062 -33.568 -3.4165
-3.0954 -33.2517 -3.3566
