ply
format ascii 1.0
comment Created by Open3D
element vertex 21523
property double x
property double y
property double z
property uchar red
property uchar green
property uchar blue
end_header
-8.0139 -34.4286 -3.1772 31 119 180
-8.0139 -34.3235 -3.2871 31 119 180
-8.0139 -34.5241 -3.2185 31 119 180
-8.0139 -34.6225 -3.1683 31 119 180
-8.0139 -34.8261 -3.1544 31 119 180
-8.0139 -34.7316 -3.2364 31 119 180
-8.0139 -34.877 -3.2297 31 119 180
-8.0139 -34.9701 -3.1934 31 119 180
-8.0139 -35.1116 -3.155 31 119 180
-8.0139 -35.0701 -3.2437 31 119 180
-8.0139 -35.2911 -3.1422 31 119 180
-8.0139 -35.2011 -3.2331 31 119 180
-8.0139 -35.3707 -3.2253 31 119 180
-8.0139 -35.4691 -3.1751 31 119 180
-8.0139 -35.6099 -3.1595 31 119 180
-8.0139 -35.5585 -3.2532 31 119 180
-8.0139 -35.775 -3.1428 38 38 38
-8.0138 -35.9165 -3.1043 38 38 38
-8.0139 -35.7138 -3.2415 38 38 38
-8.0139 -35.8546 -3.2259 38 38 38
-8.0139 -35.9333 -3.1858 38 38 38
-8.0138 -36.09 -3.1283 38 38 38
-8.0139 -35.9993 -3.2421 38 38 38
-8.0139 -36.1386 -3.2723 31 119 180
-8.0138 -36.2795 -3.2567 31 119 180
-8.0138 -36.4073 -3.1914 31 119 180
-8.0138 -36.5103 -3.1502 31 119 180
-8.0139 -36.2144 -3.3236 31 119 180
-8.0138 -36.6019 -3.1596 31 119 180
-8.0138 -36.3893 -3.3019 31 119 180
-8.0138 -36.7579 -3.1251 31 119 180
-8.0138 -36.5407 -3.2584 31 119 180
-8.0138 -36.6823 -3.2199 31 119 180
-8.0138 -36.8541 -3.1435 31 119 180
-8.0138 -36.9373 -3.1123 31 119 180
-8.0138 -37.0933 -3.0777 31 119 180
-8.0138 -36.8368 -3.2311 31 119 180
-8.0138 -36.9829 -3.2016 31 119 180
-8.0138 -37.219 -3.0811 31 119 180
-8.0138 -37.0805 -3.1742 31 119 180
-8.0138 -37.1774 -3.1698 31 119 180
-8.0138 -37.437 -3.0711 38 38 38
-8.0138 -37.3629 -3.1201 38 38 38
-8.0138 -37.5635 -3.0516 31 119 180
-8.0138 -37.2729 -3.2111 31 119 180
-8.0138 -37.4039 -3.2005 38 38 38
-8.0138 -37.5363 -3.1442 31 119 180
-8.0138 -37.6522 -3.1526 31 119 180
-8.0138 -37.8331 -3.094 31 119 180
-8.0138 -37.7582 -3.166 31 119 180
-8.0138 -37.9195 -3.1174 31 119 180
-8.0138 -37.8727 -3.2201 31 119 180
-8.0138 -37.99 -3.1827 31 119 180
-8.0137 -38.127 -3.1353 31 119 180
-8.0138 -38.0855 -3.224 31 119 180
-8.0137 -38.286 -3.1554 38 38 38
-8.0138 -38.2157 -3.2363 38 38 38
-8.0137 -38.436 -3.1577 38 38 38
-8.0137 -38.3414 -3.2397 38 38 38
-8.0137 -38.5754 -3.1878 38 38 38
-8.0137 -38.5149 -3.2637 38 38 38
-8.0137 -38.6512 -3.2392 38 38 38
-8.0137 -38.7965 -3.2325 38 38 38
-8.0137 -38.8798 -3.2013 38 38 38
-8.0137 -38.9729 -3.165 38 38 38
-8.0137 -38.7792 -3.3201 38 38 38
-8.0137 -38.9405 -3.2716 38 38 38
-8.0137 -39.0388 -3.2214 38 38 38
-8.0137 -39.4136 -3.1539 38 38 38
-8.0137 -39.3092 -3.241 38 38 38
-8.0137 -39.469 -3.2382 38 38 38
-8.0137 -39.3948 -3.2873 38 38 38
-8.0136 -40.148 -3.038 38 38 38
-8.0137 -39.7787 -3.2377 38 38 38
-8.0137 -39.7091 -3.2957 38 38 38
-8.0137 -40.0239 -3.135 38 38 38
-8.0137 -39.9104 -3.2042 38 38 38
-8.0137 -40.1693 -3.1284 38 38 38
-8.0137 -39.8787 -3.2879 38 38 38
-8.0137 -40.0899 -3.1914 38 38 38
-8.0137 -40.0157 -3.2405 38 38 38
-8.0137 -39.847 -3.3716 38 38 38
-8.0137 -39.9598 -3.3253 38 38 38
-8.0136 -40.4888 -3.1228 38 38 38
-8.0136 -40.4519 -3.2205 38 38 38
-8.0136 -40.7069 -3.1128 38 38 38
-8.0136 -40.8197 -3.0665 38 38 38
-8.0136 -40.9219 -3.0481 38 38 38
-8.0136 -41.0392 -3.0108 38 38 38
-8.0136 -40.6699 -3.2105 38 38 38
-8.0136 -41.1316 -2.9974 38 38 38
-8.0136 -40.8357 -3.1709 38 38 38
-8.0136 -40.991 -3.1592 38 38 38
-8.0136 -41.109 -3.0989 38 38 38
-8.0136 -41.2074 -3.0487 38 38 38
-7.9451 -34.3069 -3.4896 31 119 180
-7.9451 -34.7853 -3.3581 31 119 180
-7.9451 -34.9602 -3.3365 31 119 180
-7.9451 -35.1442 -3.3326 31 119 180
-7.9451 -35.2412 -3.3282 31 119 180
-7.9451 -35.3434 -3.3098 31 119 180
-7.9451 -35.4933 -3.3121 31 119 180
-7.9451 -35.423 -3.393 31 119 180
-7.9451 -35.638 -3.3283 31 119 180
-7.9451 -35.791 -3.3853 31 119 180
-7.9451 -35.909 -3.3251 31 119 180
-7.9451 -36.0484 -3.3553 31 119 180
-7.9451 -36.212 -3.3843 31 119 180
-7.9451 -36.343 -3.3738 31 119 180
-7.945 -36.5808 -3.3538 31 119 180
-7.945 -36.7708 -3.3131 31 119 180
-7.945 -36.6808 -3.404 31 119 180
-7.945 -36.8617 -3.3455 31 119 180
-7.945 -36.9723 -3.3679 31 119 180
-7.945 -37.2312 -3.2921 31 119 180
-7.945 -37.157 -3.3412 31 119 180
-7.945 -37.2381 -3.3786 31 119 180
-7.945 -37.5325 -3.2509 31 119 180
-7.945 -37.4485 -3.305 31 119 180
-7.945 -37.3547 -3.3641 31 119 180
-7.945 -37.6347 -3.2325 31 119 180
-7.945 -37.7333 -3.3285 31 119 180
-7.945 -37.8832 -3.3308 31 119 180
-7.945 -37.9189 -3.4251 31 119 180
-7.945 -38.1157 -3.3248 31 119 180
-7.945 -38.0552 -3.4006 31 119 180
-7.945 -38.2656 -3.3271 31 119 180
-7.945 -38.1998 -3.4169 31 119 180
-7.945 -38.4057 -3.3344 31 119 180
-7.945 -38.3498 -3.4192 31 119 180
-7.945 -38.5156 -3.3796 31 119 180
-7.9449 -38.6845 -3.3947 38 38 38
-7.9449 -38.9752 -3.3815 38 38 38
-7.9449 -39.1252 -3.3837 38 38 38
-7.9449 -39.2751 -3.386 38 38 38
-7.9449 -39.45 -3.3643 38 38 38
-7.9449 -39.5621 -3.3409 38 38 38
-7.9449 -39.491 -3.4447 38 38 38
-7.9449 -39.7067 -3.3572 38 38 38
-7.9449 -39.5834 -3.4313 38 38 38
-7.9449 -40.1496 -3.2776 38 38 38
-7.9449 -40.0459 -3.3417 38 38 38
-7.9449 -40.2427 -3.2413 38 38 38
-7.9449 -40.1368 -3.3741 38 38 38
-7.9449 -40.3178 -3.3156 38 38 38
-7.9449 -39.9386 -3.5202 38 38 38
-7.9449 -40.5313 -3.2967 38 38 38
-7.9449 -40.4314 -3.3926 38 38 38
-7.9449 -40.6759 -3.3129 38 38 38
-7.9449 -40.5723 -3.377 38 38 38
-7.9448 -40.8221 -3.2834 38 38 38
-7.9448 -40.7464 -3.3782 38 38 38
-7.9448 -40.9622 -3.2907 38 38 38
-7.9448 -41.05 -3.2684 38 38 38
-7.9448 -41.1484 -3.2182 38 38 38
-7.9448 -41.2854 -3.1708 38 38 38
-7.9448 -41.0327 -3.356 38 38 38
-7.9448 -41.1258 -3.3198 38 38 38
-7.9448 -41.2143 -3.2746 38 38 38
-7.9448 -41.3067 -3.2612 38 38 38
-7.9448 -41.4194 -3.215 38 38 38
-7.9448 -41.5178 -3.1648 38 38 38
-7.9448 -41.62 -3.1464 38 38 38
-7.9448 -41.5687 -3.2401 38 38 38
-7.9448 -42.4215 -3.3565 38 38 38
-7.9448 -42.3557 -3.4463 38 38 38
-7.9448 -42.6191 -3.3795 38 38 38
-7.9448 -42.5246 -3.4614 38 38 38
-7.9448 -42.2779 -3.6098 38 38 38
-7.8777 -34.9134 -3.3147 31 119 180
-7.8777 -34.8484 -3.3817 31 119 180
-7.8776 -35.0574 -3.3538 31 119 180
-7.8776 -35.1778 -3.3712 31 119 180
-7.8776 -35.2936 -3.3796 31 119 180
-7.8776 -35.4314 -3.3093 31 119 180
-7.8776 -35.5216 -3.3646 31 119 180
-7.8775 -35.6806 -3.3847 31 119 180
-7.8775 -35.8646 -3.3809 31 119 180
-7.8775 -35.7019 -3.4751 31 119 180
-7.8775 -35.9608 -3.3993 31 119 180
-7.8775 -36.1539 -3.4133 31 119 180
-7.8774 -36.2652 -3.4128 31 119 180
-7.8774 -36.3917 -3.3933 31 119 180
-7.8774 -36.503 -3.3928 31 119 180
-7.8774 -36.6741 -3.3393 31 119 180
-7.8774 -36.5946 -3.4023 31 119 180
-7.8774 -36.4758 -3.4854 31 119 180
-7.8773 -36.8559 -3.4041 31 119 180
-7.8773 -37.2746 -3.3256 31 119 180
-7.8772 -37.3912 -3.3111 31 119 180
-7.8772 -37.4866 -3.3524 31 119 180
-7.8772 -37.5699 -3.3212 31 119 180
-7.8772 -37.6699 -3.3714 31 119 180
-7.8772 -37.8107 -3.3559 31 119 180
-7.8771 -37.9652 -3.3671 31 119 180
-7.8771 -38.0674 -3.3487 31 119 180
-7.8771 -38.1644 -3.3443 31 119 180
-7.8771 -38.3385 -3.3454 31 119 180
-7.8771 -38.278 -3.4213 31 119 180
-7.8771 -38.4688 -3.3578 31 119 180
-7.877 -38.5642 -3.3991 31 119 180
-7.877 -38.7619 -3.422 38 38 38
-7.877 -38.6961 -3.5118 38 38 38
-7.877 -38.9073 -3.4154 38 38 38
-7.877 -39.0527 -3.4087 38 38 38
-7.8769 -39.1973 -3.4249 38 38 38
-7.8769 -39.4298 -3.4189 38 38 38
-7.8769 -39.2376 -3.5282 38 38 38
-7.8769 -39.5176 -3.3966 38 38 38
-7.8769 -39.6289 -3.3961 38 38 38
-7.8769 -39.358 -3.5455 38 38 38
-7.8768 -39.7448 -3.4045 38 38 38
-7.8768 -39.8379 -3.3682 38 38 38
-7.8768 -39.997 -3.3884 38 38 38
-7.8768 -40.2119 -3.3237 38 38 38
-7.8767 -40.402 -3.2831 38 38 38
-7.8767 -40.4823 -3.3434 38 38 38
-7.8767 -40.6035 -3.3378 38 38 38
-7.8767 -40.7541 -3.3172 38 38 38
-7.8766 -41.2174 -3.2047 38 38 38
-7.8766 -41.1524 -3.2716 38 38 38
-7.8766 -41.0556 -3.4222 38 38 38
-7.8766 -41.1442 -3.377 38 38 38
-7.8765 -41.506 -3.26 38 38 38
-7.8766 -40.9793 -3.5399 38 38 38
-7.8765 -41.4501 -3.3448 38 38 38
-7.8765 -41.7128 -3.3008 38 38 38
-7.8765 -41.7341 -3.3912 38 38 38
-7.8765 -41.8454 -3.3907 38 38 38
-7.8764 -42.3005 -3.3836 38 38 38
-7.8763 -42.6244 -3.2408 38 38 38
-7.8764 -42.5102 -3.3329 38 38 38
-7.8764 -42.4058 -3.4199 38 38 38
-7.8764 -42.1743 -3.5492 38 38 38
-7.8763 -42.6314 -3.3273 38 38 38
-7.8778 -34.3569 -3.3173 31 119 180
-7.8777 -34.5454 -3.3224 31 119 180
-7.8777 -34.8271 -3.2913 31 119 180
-7.8775 -35.9814 -3.5126 31 119 180
-7.8774 -36.3744 -3.4809 31 119 180
-7.8774 -36.6016 -3.4888 31 119 180
-7.8773 -36.7356 -3.5329 31 119 180
-7.8773 -36.8287 -3.4967 31 119 180
-7.8773 -37.0649 -3.3763 31 119 180
-7.8772 -37.4216 -3.4193 31 119 180
-7.8772 -37.7457 -3.4228 31 119 180
-7.877 -38.7878 -3.5213 38 38 38
-7.877 -38.8847 -3.5169 38 38 38
-7.8769 -39.4504 -3.5322 38 38 38
-7.8768 -40.1848 -3.4163 38 38 38
-7.8767 -40.2817 -3.4119 38 38 38
-7.8767 -40.3695 -3.3896 38 38 38
-7.8767 -40.5377 -3.4276 38 38 38
-7.8766 -40.8798 -3.3206 38 38 38
-7.8767 -40.6922 -3.4388 38 38 38
-7.8766 -40.8193 -3.3965 38 38 38
-7.8766 -41.2327 -3.3319 38 38 38
-7.8766 -41.3577 -3.3581 38 38 38
-7.8766 -41.2048 -3.4474 38 38 38
-7.8766 -41.105 -3.5433 38 38 38
-7.8765 -41.6264 -3.2773 38 38 38
-7.8765 -41.5259 -3.3961 38 38 38
-7.8765 -41.8006 -3.2785 38 38 38
-7.8765 -41.6281 -3.3778 38 38 38
-7.8765 -41.9256 -3.3048 38 38 38
-7.8764 -42.3663 -3.2938 38 38 38
-7.8764 -42.1976 -3.4248 38 38 38
-7.8763 -42.7633 -3.4401 38 38 38
-7.6921 -34.3981 -3.298 31 119 180
-7.6921 -34.324 -3.3471 31 119 180
-7.6921 -34.5042 -3.3114 31 119 180
-7.6921 -34.6011 -3.307 31 119 180
-7.6921 -34.7419 -3.2914 31 119 180
-7.6921 -34.9062 -3.2976 31 119 180
-7.6921 -34.8314 -3.3696 31 119 180
-7.6921 -35.0312 -3.3239 31 119 180
-7.6921 -35.166 -3.3451 31 119 180
-7.692 -35.2517 -3.3915 31 119 180
-7.692 -35.3781 -3.372 31 119 180
-7.692 -35.5031 -3.3982 38 38 38
-7.692 -35.6818 -3.4083 31 119 180
-7.692 -35.7705 -3.5093 31 119 180
-7.692 -35.8561 -3.5557 31 119 180
-7.692 -36.302 -3.3845 38 38 38
-7.692 -36.4428 -3.3689 31 119 180
-7.692 -36.5526 -3.4142 31 119 180
-7.6919 -36.6927 -3.4215 31 119 180
-7.692 -36.5936 -3.4945 31 119 180
-7.6919 -36.8525 -3.4187 31 119 180
-7.6919 -36.7724 -3.5046 31 119 180
-7.6919 -36.979 -3.3992 38 38 38
-7.6919 -36.8594 -3.5052 31 119 180
-7.6919 -37.0759 -3.3948 38 38 38
-7.6919 -37.2652 -3.377 38 38 38
-7.6919 -37.4204 -3.3653 38 38 38
-7.6919 -37.5507 -3.3776 38 38 38
-7.6919 -37.6718 -3.3721 38 38 38
-7.6919 -37.7831 -3.3716 38 38 38
-7.6919 -37.9036 -3.3889 38 38 38
-7.6919 -38.0724 -3.404 38 38 38
-7.6918 -38.2171 -3.4202 38 38 38
-7.6918 -38.243 -3.5196 38 38 38
-7.6918 -38.4246 -3.4381 38 38 38
-7.6918 -38.5949 -3.4075 38 38 38
-7.6918 -38.3929 -3.5218 38 38 38
-7.6918 -38.6813 -3.431 38 38 38
-7.6918 -38.7729 -3.4405 38 38 38
-7.6918 -38.885 -3.4171 38 38 38
-7.6918 -38.7072 -3.5303 38 38 38
-7.6918 -38.8382 -3.5197 38 38 38
-7.6918 -39.1464 -3.565 38 38 38
-7.6918 -39.5332 -3.424 38 38 38
-7.6918 -39.3108 -3.5712 38 38 38
-7.6918 -39.4024 -3.5807 38 38 38
-7.6917 -39.7664 -3.395 38 38 38
-7.6918 -39.525 -3.5294 38 38 38
-7.6917 -40.1481 -3.4141 38 38 38
-7.6917 -40.2661 -3.3539 38 38 38
-7.6917 -40.2435 -3.4554 38 38 38
-7.6917 -39.9628 -3.6099 38 38 38
-7.6917 -40.3556 -3.432 38 38 38
-7.6917 -40.4343 -3.3919 38 38 38
-7.6917 -40.0892 -3.5904 38 38 38
-7.6917 -40.7303 -3.3646 38 38 38
-7.6917 -40.8954 -3.3479 38 38 38
-7.6917 -40.8054 -3.4389 38 38 38
-7.6917 -40.9863 -3.3803 38 38 38
-7.6917 -41.0741 -3.358 38 38 38
-7.6917 -40.9402 -3.4601 38 38 38
-7.6916 -41.1763 -3.3396 38 38 38
-7.6917 -41.0515 -3.4596 38 38 38
-7.6916 -41.2718 -3.381 38 38 38
-7.6916 -41.4589 -3.4318 38 38 38
-7.6916 -41.5642 -3.4681 38 38 38
-7.6916 -41.6724 -3.4129 38 38 38
-7.6916 -41.7686 -3.4313 38 38 38
-7.6916 -41.8943 -3.4347 38 38 38
-7.6916 -42.0011 -3.4253 38 38 38
-7.6916 -42.1366 -3.4236 38 38 38
-7.6916 -42.2828 -3.3941 38 38 38
-7.6916 -42.4137 -3.3835 38 38 38
-7.6916 -42.5364 -3.3322 38 38 38
-7.6916 -42.3669 -3.4862 38 38 38
-7.6915 -42.6522 -3.3406 38 38 38
-7.6915 -42.7408 -3.2955 38 38 38
-7.6916 -42.5039 -3.4388 38 38 38
-7.6916 -42.5872 -3.4076 38 38 38
-7.6915 -42.7621 -3.3859 38 38 38
-7.5987 -34.3709 -3.2874 31 119 180
-7.5987 -34.5451 -3.2885 31 119 180
-7.5987 -34.4604 -3.3655 31 119 180
-7.5987 -34.6852 -3.2958 31 119 180
-7.5987 -34.6156 -3.3538 31 119 180
-7.5987 -34.7821 -3.2914 31 119 180
-7.5987 -34.7989 -3.3729 31 119 180
-7.5987 -34.892 -3.3366 31 119 180
-7.5987 -35.0026 -3.359 31 119 180
-7.5987 -35.1283 -3.3623 31 119 180
-7.5987 -35.2782 -3.3646 31 119 180
-7.5987 -35.3744 -3.383 31 119 180
-7.5987 -35.4828 -3.474 31 119 180
-7.5987 -35.6941 -3.5237 31 119 180
-7.5987 -35.8834 -3.5059 31 119 180
-7.5987 -36.1234 -3.4173 31 119 180
-7.5987 -36.2112 -3.395 31 119 180
-7.5987 -35.9441 -3.5762 31 119 180
-7.5987 -36.3815 -3.3643 31 119 180
-7.5987 -36.1939 -3.4826 31 119 180
-7.5987 -36.5012 -3.4045 31 119 180
-7.5987 -36.5513 -3.5027 31 119 180
-7.5987 -36.6574 -3.5162 31 119 180
-7.5987 -36.7483 -3.5485 31 119 180
-7.5987 -36.9035 -3.5369 31 119 180
-7.5987 -37.179 -3.3963 38 38 38
-7.5987 -37.0064 -3.4956 31 119 180
-7.5987 -37.2903 -3.3958 38 38 38
-7.5987 -37.3963 -3.4092 38 38 38
-7.5987 -37.6333 -3.4121 38 38 38
-7.5987 -37.5767 -3.5197 38 38 38
-7.5987 -37.8219 -3.4171 38 38 38
-7.5987 -37.9771 -3.4054 38 38 38
-7.5987 -37.8046 -3.5047 38 38 38
-7.5987 -38.093 -3.4138 38 38 38
-7.5987 -38.2671 -3.415 38 38 38
-7.5987 -38.3732 -3.4284 38 38 38
-7.5987 -38.3074 -3.5182 38 38 38
-7.5987 -38.4845 -3.4279 38 38 38
-7.5987 -38.4286 -3.5127 38 38 38
-7.5987 -38.586 -3.4324 38 38 38
-7.5987 -38.6875 -3.4369 38 38 38
-7.5987 -38.5444 -3.5211 38 38 38
-7.5987 -38.8328 -3.4302 38 38 38
-7.5987 -38.9206 -3.4079 38 38 38
-7.5987 -38.7671 -3.52 38 38 38
-7.5987 -39.0221 -3.4124 38 38 38
-7.5987 -39.0761 -3.5424 38 38 38
-7.5987 -39.1874 -3.5419 38 38 38
-7.5987 -39.525 -3.4259 38 38 38
-7.5987 -39.6226 -3.3986 38 38 38
-7.5987 -39.3025 -3.5732 38 38 38
-7.5987 -39.7999 -3.4544 38 38 38
-7.5987 -40.1943 -3.377 38 38 38
-7.5987 -39.9128 -3.5543 38 38 38
-7.5987 -40.2867 -3.3636 38 38 38
-7.5987 -40.0105 -3.527 38 38 38
-7.5987 -40.3927 -3.377 38 38 38
-7.5987 -39.9788 -3.6107 38 38 38
-7.5987 -40.2838 -3.4551 38 38 38
-7.5987 -40.0659 -3.6113 38 38 38
-7.5987 -40.5026 -3.4223 38 38 38
-7.5987 -40.6782 -3.3777 38 38 38
-7.5987 -40.6033 -3.4496 38 38 38
-7.5987 -40.8099 -3.3442 38 38 38
-7.5987 -40.5663 -3.5472 38 38 38
-7.5987 -40.7533 -3.4519 38 38 38
-7.5987 -40.8751 -3.4235 38 38 38
-7.5987 -40.9637 -3.3783 38 38 38
-7.5987 -41.1151 -3.3348 38 38 38
-7.5987 -41.0387 -3.4525 38 38 38
-7.5987 -41.2257 -3.3571 38 38 38
-7.5987 -41.1508 -3.4291 38 38 38
-7.5987 -41.3211 -3.3985 38 38 38
-7.5987 -41.5037 -3.4404 38 38 38
-7.5987 -41.6059 -3.422 38 38 38
-7.5987 -41.7474 -3.3835 38 38 38
-7.5987 -41.7203 -3.4761 38 38 38
-7.5987 -41.8331 -3.4298 38 38 38
-7.5987 -41.9429 -3.4751 38 38 38
-7.5987 -42.0444 -3.4795 38 38 38
-7.5987 -42.1821 -3.4093 38 38 38
-7.5987 -42.3479 -3.3697 38 38 38
-7.5987 -42.4744 -3.3502 38 38 38
-7.5987 -42.5826 -3.295 38 38 38
-7.5987 -42.267 -3.4785 38 38 38
-7.5987 -42.6848 -3.2766 38 38 38
-7.5987 -42.3594 -3.4651 38 38 38
-7.5987 -42.4465 -3.4657 38 38 38
-7.5987 -42.535 -3.4205 38 38 38
-7.5987 -42.6228 -3.3982 38 38 38
-7.5987 -42.7303 -3.3659 38 38 38
-7.5048 -34.3219 -3.3453 31 119 180
-7.5048 -34.4143 -3.3319 31 119 180
-7.5048 -34.5067 -3.3186 31 119 180
-7.5048 -34.6657 -3.3387 31 119 180
-7.5049 -34.7672 -3.3432 31 119 180
-7.5049 -34.9512 -3.3394 31 119 180
-7.5049 -34.8475 -3.4035 31 119 180
-7.5049 -35.1481 -3.3852 31 119 180
-7.5049 -35.2451 -3.3808 31 119 180
-7.5049 -35.336 -3.4132 31 119 180
-7.505 -35.5504 -3.5176 31 119 180
-7.505 -35.6375 -3.5182 31 119 180
-7.505 -35.9237 -3.496 31 119 180
-7.505 -36.1341 -3.4224 31 119 180
-7.505 -35.8678 -3.5807 31 119 180
-7.505 -36.3098 -3.3778 31 119 180
-7.505 -36.0093 -3.5423 31 119 180
-7.505 -36.4393 -3.413 31 119 180
-7.5051 -36.475 -3.5073 31 119 180
-7.5051 -36.706 -3.547 31 119 180
-7.5051 -36.8075 -3.5515 31 119 180
-7.5051 -36.9817 -3.5527 31 119 180
-7.5051 -37.2005 -3.5198 38 38 38
-7.5052 -37.4315 -3.5595 38 38 38
-7.5052 -37.5428 -3.559 38 38 38
-7.5052 -37.698 -3.5474 38 38 38
-7.5052 -37.9387 -3.4359 38 38 38
-7.5052 -38.0409 -3.4175 38 38 38
-7.5052 -37.8532 -3.5357 38 38 38
-7.5052 -38.1431 -3.3991 38 38 38
-7.5052 -37.7882 -3.6026 38 38 38
-7.5052 -38.24 -3.3947 38 38 38
-7.5052 -38.0183 -3.519 38 38 38
-7.5053 -38.4142 -3.3959 38 38 38
-7.5053 -38.5929 -3.406 38 38 38
-7.5053 -38.674 -3.4434 38 38 38
-7.5053 -38.7709 -3.4389 38 38 38
-7.5053 -38.7051 -3.5287 38 38 38
-7.5053 -38.9019 -3.4284 38 38 38
-7.5053 -38.8361 -3.5182 38 38 38
-7.5053 -39.0466 -3.4446 38 38 38
-7.5053 -38.9717 -3.5166 38 38 38
-7.5053 -39.1677 -3.4391 38 38 38
-7.5053 -39.0921 -3.5339 38 38 38
-7.5054 -39.2231 -3.5234 38 38 38
-7.5054 -39.351 -3.4581 38 38 38
-7.5054 -39.4676 -3.4437 38 38 38
-7.5054 -39.314 -3.5557 38 38 38
-7.5054 -39.4306 -3.5413 38 38 38
-7.5054 -39.8591 -3.4577 38 38 38
-7.5054 -39.7744 -3.5347 38 38 38
-7.5054 -39.9613 -3.4394 38 38 38
-7.5054 -40.0688 -3.407 38 38 38
-7.5054 -39.8706 -3.5532 38 38 38
-7.5054 -39.7276 -3.6374 38 38 38
-7.5055 -40.1839 -3.4383 38 38 38
-7.5055 -40.3339 -3.4406 38 38 38
-7.5055 -40.2583 -3.5354 38 38 38
-7.5055 -40.4346 -3.468 38 38 38
-7.5055 -40.384 -3.5388 38 38 38
-7.5055 -40.7321 -3.395 38 38 38
-7.5055 -40.8518 -3.4352 38 38 38
-7.5055 -40.5756 -3.5986 38 38 38
-7.5055 -40.9396 -3.4129 38 38 38
-7.5055 -41.0426 -3.3717 38 38 38
-7.5055 -40.668 -3.5852 38 38 38
-7.5056 -41.1841 -3.3332 38 38 38
-7.5055 -40.6265 -3.6739 38 38 38
-7.5055 -41.0495 -3.4582 38 38 38
-7.5056 -41.1282 -3.418 38 38 38
-7.5056 -41.3273 -3.3952 38 38 38
-7.5056 -41.2668 -3.4711 38 38 38
-7.5056 -41.4578 -3.5537 38 38 38
-7.5056 -41.5775 -3.5939 38 38 38
-7.5056 -41.7046 -3.5516 38 38 38
-7.5057 -42.0612 -3.4485 38 38 38
-7.5057 -42.6205 -3.2082 38 38 38
-7.5057 -41.8077 -3.6565 38 38 38
-7.5057 -41.9107 -3.6153 38 38 38
-7.5057 -42.5343 -3.3309 38 38 38
-7.5057 -42.3618 -3.4302 38 38 38
-7.5057 -42.4549 -3.3939 38 38 38
-7.5057 -42.6411 -3.3215 38 38 38
-7.5057 -42.1871 -3.5981 38 38 38
-7.5057 -42.3044 -3.5607 38 38 38
-7.5057 -42.5352 -3.4542 38 38 38
-7.3081 -34.3673 -3.3363 31 119 180
-7.3081 -34.4734 -3.3497 31 119 180
-7.3081 -34.6096 -3.3252 31 119 180
-7.3081 -34.7589 -3.3504 38 38 38
-7.3081 -34.855 -3.3688 38 38 38
-7.3081 -34.952 -3.3644 38 38 38
-7.3081 -35.0686 -3.35 38 38 38
-7.3081 -35.2755 -3.5369 31 119 180
-7.3081 -35.3717 -3.5554 31 119 180
-7.3081 -35.4694 -3.5281 31 119 180
-7.3081 -35.5656 -3.5465 31 119 180
-7.3081 -35.7548 -3.5288 31 119 180
-7.3081 -35.8419 -3.5294 31 119 180
-7.3081 -36.1894 -3.4084 31 119 180
-7.3081 -36.0207 -3.5395 31 119 180
-7.3081 -36.3295 -3.4157 31 119 180
-7.3081 -36.2349 -3.4977 31 119 180
-7.3081 -36.4362 -3.4063 31 119 180
-7.3081 -36.375 -3.505 31 119 180
-7.3081 -36.5568 -3.5698 31 119 180
-7.3081 -36.7279 -3.5163 31 119 180
-7.3081 -36.6629 -3.5833 31 119 180
-7.3081 -36.8301 -3.498 31 119 180
-7.3081 -36.7833 -3.6006 31 119 180
-7.3081 -36.9294 -3.5711 31 119 180
-7.3081 -37.0853 -3.5366 31 119 180
-7.3081 -37.1928 -3.5042 31 119 180
-7.3081 -37.2141 -3.5946 31 119 180
-7.3081 -37.3027 -3.5495 31 119 180
-7.3081 -37.4246 -3.5211 31 119 180
-7.3081 -37.383 -3.6098 31 119 180
-7.3081 -37.5844 -3.5183 31 119 180
-7.3081 -37.5572 -3.6109 31 119 180
-7.3081 -37.6791 -3.5825 31 119 180
-7.308 -38.0227 -3.4298 31 119 180
-7.3081 -37.8002 -3.577 31 119 180
-7.3081 -37.907 -3.5676 31 119 180
-7.308 -38.1825 -3.4271 31 119 180
-7.308 -38.0001 -3.5313 31 119 180
-7.308 -38.2991 -3.4126 31 119 180
-7.308 -38.1796 -3.5186 31 119 180
-7.308 -38.4687 -3.4049 31 119 180
-7.308 -38.2765 -3.5142 31 119 180
-7.308 -38.5846 -3.4133 31 119 180
-7.308 -38.7535 -3.4284 31 119 180
-7.308 -38.8648 -3.4279 31 119 180
-7.308 -38.7649 -3.5238 31 119 180
-7.308 -38.9958 -3.4174 31 119 180
-7.308 -39.0965 -3.4447 31 119 180
-7.308 -39.1934 -3.4403 31 119 180
-7.308 -39.0693 -3.5373 31 119 180
-7.308 -39.1617 -3.524 31 119 180
-7.308 -39.3525 -3.4605 31 119 180
-7.308 -39.4638 -3.46 31 119 180
-7.308 -39.2912 -3.5592 31 119 180
-7.308 -39.4079 -3.5447 31 119 180
-7.308 -39.5237 -3.5532 31 119 180
-7.308 -39.7447 -3.4517 38 38 38
-7.308 -39.6381 -3.6073 31 119 180
-7.308 -39.7804 -3.546 38 38 38
-7.308 -40.1862 -3.4178 31 119 180
-7.308 -40.2694 -3.3866 31 119 180
-7.308 -39.9198 -3.5762 31 119 180
-7.308 -40.3663 -3.3822 31 119 180
-7.308 -40.0061 -3.5997 31 119 180
-7.308 -40.3634 -3.4737 31 119 180
-7.308 -40.4808 -3.4364 38 38 38
-7.308 -40.7692 -3.3455 31 119 180
-7.308 -40.8858 -3.3311 31 119 180
-7.308 -40.8397 -3.4108 31 119 180
-7.308 -40.7655 -3.4599 31 119 180
-7.308 -40.7141 -3.5536 31 119 180
-7.308 -40.6445 -3.6116 31 119 180
-7.308 -41.0865 -3.4087 31 119 180
-7.308 -41.1873 -3.4361 31 119 180
-7.308 -41.288 -3.4635 31 119 180
-7.308 -41.3864 -3.4133 31 119 180
-7.308 -41.4886 -3.3949 31 119 180
-7.308 -41.7001 -3.5908 174 199 232
-7.308 -41.8069 -3.5814 174 199 232
-7.308 -42.0475 -3.4699 174 199 232
-7.308 -41.9916 -3.5547 174 199 232
-7.308 -41.9122 -3.6177 174 199 232
-7.3079 -42.6645 -3.2453 174 199 232
-7.308 -42.2551 -3.4878 174 199 232
-7.3079 -42.5404 -3.3423 174 199 232
-7.308 -42.1415 -3.557 38 38 38
-7.308 -42.3868 -3.4544 174 199 232
-7.308 -42.4753 -3.4093 174 199 232
-7.3079 -42.6373 -3.3379 174 199 232
-7.308 -42.3006 -3.5771 174 199 232
-7.308 -42.5609 -3.4556 174 199 232
-7.308 -42.4028 -3.5588 174 199 232
-7.2162 -34.5597 -3.3697 31 119 180
-7.2162 -34.6604 -3.3971 31 119 180
-7.2162 -34.796 -3.3955 38 38 38
-7.2162 -34.9807 -3.3688 38 38 38
-7.2162 -35.1549 -3.3699 31 119 180
-7.2163 -35.4019 -3.5139 31 119 180
-7.2163 -35.3278 -3.563 31 119 180
-7.2163 -35.5571 -3.5023 31 119 180
-7.2163 -35.4777 -3.5653 31 119 180
-7.2163 -35.648 -3.5347 31 119 180
-7.2163 -35.7798 -3.5012 31 119 180
-7.2163 -35.9138 -3.5453 31 119 180
-7.2163 -36.2279 -3.4076 31 119 180
-7.2163 -36.2735 -3.4969 31 119 180
-7.2163 -36.5098 -3.5226 31 119 180
-7.2163 -36.796 -3.5004 31 119 180
-7.2163 -36.7257 -3.5813 31 119 180
-7.2163 -36.9505 -3.5116 31 119 180
-7.2163 -36.8415 -3.5897 31 119 180
-7.2164 -37.0354 -3.5808 31 119 180
-7.2164 -37.1565 -3.5753 31 119 180
-7.2164 -37.2595 -3.534 31 119 180
-7.2164 -37.3655 -3.5474 31 119 180
-7.2164 -37.2952 -3.6283 31 119 180
-7.2164 -37.3823 -3.6289 31 119 180
-7.2164 -37.6184 -3.5084 31 119 180
-7.2164 -37.4754 -3.5927 31 119 180
-7.2164 -37.5958 -3.61 31 119 180
-7.2164 -37.7426 -3.5576 31 119 180
-7.2164 -37.9833 -3.4461 31 119 180
-7.2164 -38.0711 -3.4238 31 119 180
-7.2164 -37.8532 -3.5799 31 119 180
-7.2164 -37.9804 -3.5376 31 119 180
-7.2164 -38.2407 -3.416 31 119 180
-7.2164 -38.1166 -3.5131 31 119 180
-7.2164 -38.4338 -3.43 31 119 180
-7.2164 -38.6231 -3.4122 31 119 180
-7.2164 -38.8306 -3.4301 31 119 180
-7.2164 -38.9276 -3.4257 31 119 180
-7.2164 -38.8179 -3.5267 31 119 180
-7.2164 -39.0525 -3.452 31 119 180
-7.2165 -39.0935 -3.5323 31 119 180
-7.2165 -39.1852 -3.5418 31 119 180
-7.2165 -39.3154 -3.5541 31 119 180
-7.2165 -39.4071 -3.5636 31 119 180
-7.2165 -39.5851 -3.5966 31 119 180
-7.2165 -39.9476 -3.4567 31 119 180
-7.2165 -39.7501 -3.5799 38 38 38
-7.2165 -40.0945 -3.4043 31 119 180
-7.2165 -39.9205 -3.5493 31 119 180
-7.2165 -40.2451 -3.3837 31 119 180
-7.2165 -40.1748 -3.4646 31 119 180
-7.2165 -40.3202 -3.4579 31 119 180
-7.2165 -40.7571 -3.4151 31 119 180
-7.2165 -40.8638 -3.4056 31 119 180
-7.2165 -40.6459 -3.5618 31 119 180
-7.2166 -40.6286 -3.6494 31 119 180
-7.2165 -41.0365 -3.4525 31 119 180
-7.2165 -41.1251 -3.4074 31 119 180
-7.2166 -40.7263 -3.6221 31 119 180
-7.2166 -41.2318 -3.3979 31 119 180
-7.2166 -41.0336 -3.544 31 119 180
-7.2166 -41.4614 -3.4833 174 199 232
-7.2166 -41.4578 -3.5977 174 199 232
-7.2166 -41.5705 -3.5514 38 38 38
-7.2166 -41.691 -3.5688 174 199 232
-7.2166 -41.791 -3.619 174 199 232
-7.2166 -41.8985 -3.5867 174 199 232
-7.2166 -42.3056 -3.4127 174 199 232
-7.2166 -42.0491 -3.5661 174 199 232
-7.2166 -42.1967 -3.4908 174 199 232
-7.2166 -41.8668 -3.6704 174 199 232
-7.2166 -42.417 -3.4122 174 199 232
-7.2166 -41.9637 -3.6659 174 199 232
-7.2166 -42.218 -3.5812 174 199 232
-7.2166 -42.153 -3.6481 174 199 232
-7.2166 -42.4822 -3.4914 174 199 232
-7.2166 -42.8032 -3.4402 38 38 38
-7.2167 -42.7012 -3.6048 38 38 38
-7.1191 -34.3499 -3.4906 31 119 180
-7.1191 -34.4423 -3.4772 31 119 180
-7.1191 -34.5899 -3.402 31 119 180
-7.1191 -34.5438 -3.4817 31 119 180
-7.1192 -34.7271 -3.5008 31 119 180
-7.1192 -34.8626 -3.4991 31 119 180
-7.1192 -35.1033 -3.3876 31 119 180
-7.1192 -35.2578 -3.3988 31 119 180
-7.1192 -35.3261 -3.5327 31 119 180
-7.1192 -35.4571 -3.5222 31 119 180
-7.1192 -35.5828 -3.5255 31 119 180
-7.1192 -35.763 -3.4899 31 119 180
-7.1192 -35.8592 -3.5083 31 119 180
-7.1192 -36.2838 -3.3929 31 119 180
-7.1192 -36.38 -3.4114 31 119 180
-7.1193 -36.5854 -3.4979 31 119 180
-7.1193 -36.7391 -3.532 31 119 180
-7.1193 -36.8255 -3.5555 31 119 180
-7.1193 -36.914 -3.5103 31 119 180
-7.1193 -36.9111 -3.6018 31 119 180
-7.1193 -37.0095 -3.5516 31 119 180
-7.1193 -37.248 -3.5087 31 119 180
-7.1193 -37.164 -3.5628 31 119 180
-7.1193 -37.3919 -3.5478 31 119 180
-7.1193 -37.3079 -3.6019 31 119 180
-7.1193 -37.4888 -3.5434 31 119 180
-7.1193 -37.6054 -3.5289 31 119 180
-7.1193 -37.5495 -3.6137 31 119 180
-7.1193 -37.9809 -3.4386 31 119 180
-7.1193 -37.6805 -3.6031 31 119 180
-7.1193 -37.8167 -3.5786 31 119 180
-7.1193 -38.1414 -3.413 31 119 180
-7.1193 -37.9341 -3.5413 31 119 180
-7.1193 -38.2717 -3.4253 31 119 180
-7.1193 -38.1817 -3.5162 31 119 180
-7.1194 -38.2687 -3.5168 31 119 180
-7.1194 -38.4602 -3.4304 31 119 180
-7.1194 -38.4815 -3.5208 31 119 180
-7.1194 -38.6783 -3.4204 31 119 180
-7.1194 -38.7692 -3.4528 31 119 180
-7.1194 -38.7087 -3.5286 31 119 180
-7.1194 -38.8723 -3.5577 31 119 180
-7.1194 -39.1327 -3.4361 31 119 180
-7.1194 -39.244 -3.4356 31 119 180
-7.1194 -39.0957 -3.5338 31 119 180
-7.1194 -39.3553 -3.4351 31 119 180
-7.1194 -39.2653 -3.526 31 119 180
-7.1194 -39.6309 -3.4407 31 119 180
-7.1194 -39.7483 -3.4034 31 119 180
-7.1194 -39.594 -3.5384 31 119 180
-7.1194 -39.8339 -3.4497 31 119 180
-7.1194 -40.0035 -3.4419 31 119 180
-7.1194 -39.8696 -3.544 31 119 180
-7.1195 -40.1496 -3.4124 31 119 180
-7.1195 -39.9809 -3.5435 31 119 180
-7.1195 -40.2602 -3.4348 31 119 180
-7.1195 -40.3617 -3.4393 31 119 180
-7.1195 -40.8516 -3.4031 31 119 180
-7.1195 -40.5308 -3.6006 38 38 38
-7.1195 -40.7767 -3.4751 31 119 180
-7.1195 -40.9485 -3.3987 31 119 180
-7.1195 -40.6867 -3.566 31 119 180
-7.1195 -41.0742 -3.4021 31 119 180
-7.1195 -41.1666 -3.3887 31 119 180
-7.1195 -40.7776 -3.5984 31 119 180
-7.1195 -40.6732 -3.6854 31 119 180
-7.1195 -41.2076 -3.4691 31 119 180
-7.1195 -41.412 -3.4323 174 199 232
-7.1195 -41.3114 -3.5511 38 38 38
-7.1195 -41.5029 -3.4647 174 199 232
-7.1196 -41.756 -3.5719 174 199 232
-7.1196 -41.9618 -3.4894 174 199 232
-7.1196 -42.0693 -3.457 174 199 232
-7.1196 -41.8802 -3.621 174 199 232
-7.1196 -42.0271 -3.5686 174 199 232
-7.1196 -42.3155 -3.4777 174 199 232
-7.1196 -42.1626 -3.567 174 199 232
-7.1196 -42.2732 -3.5893 174 199 232
-7.1196 -42.6798 -3.5844 38 38 38
-7.1196 -42.6057 -3.6335 38 38 38
-7.1196 -42.7669 -3.585 38 38 38
-7.1196 -42.6119 -3.7428 38 38 38
-7.1196 -42.7201 -3.6876 38 38 38
-7.1196 -42.8669 -3.6352 38 38 38
-7.0239 -34.3974 -3.4886 31 119 180
-7.0239 -34.489 -3.4981 31 119 180
-7.0239 -34.7442 -3.5367 31 119 180
-7.0239 -34.8328 -3.4915 31 119 180
-7.0239 -35.0674 -3.4168 31 119 180
-7.0239 -34.9434 -3.5138 31 119 180
-7.0239 -35.1545 -3.4174 31 119 180
-7.0239 -35.3008 -3.534 31 119 180
-7.024 -35.3977 -3.5296 31 119 180
-7.024 -35.5143 -3.5151 31 119 180
-7.024 -36.011 -3.4193 31 119 180
-7.024 -36.2192 -3.4143 31 119 180
-7.024 -36.3404 -3.4088 31 119 180
-7.024 -36.4608 -3.4261 31 119 180
-7.024 -36.5063 -3.5154 31 119 180
-7.024 -36.6601 -3.5495 31 119 180
-7.024 -36.7486 -3.5043 31 119 180
-7.024 -36.8396 -3.5367 31 119 180
-7.024 -36.9319 -3.5233 31 119 180
-7.024 -37.0077 -3.5747 31 119 180
-7.024 -37.2416 -3.5229 31 119 180
-7.024 -37.1576 -3.577 31 119 180
-7.024 -37.322 -3.5832 31 119 180
-7.024 -37.5074 -3.5335 31 119 180
-7.024 -37.422 -3.6334 31 119 180
-7.024 -37.6332 -3.5369 31 119 180
-7.024 -37.5674 -3.6267 31 119 180
-7.024 -37.7778 -3.5532 31 119 180
-7.024 -37.6787 -3.6262 31 119 180
-7.024 -37.8982 -3.5705 31 119 180
-7.024 -38.0875 -3.5527 31 119 180
-7.024 -38.1799 -3.5393 31 119 180
-7.024 -38.3471 -3.454 31 119 180
-7.024 -38.3056 -3.5427 31 119 180
-7.024 -38.4925 -3.4474 31 119 180
-7.024 -38.4268 -3.5372 31 119 180
-7.024 -38.6235 -3.4368 31 119 180
-7.024 -38.5138 -3.5377 31 119 180
-7.024 -38.6009 -3.5383 31 119 180
-7.024 -38.7682 -3.453 31 119 180
-7.024 -38.7077 -3.5289 31 119 180
-7.024 -38.8183 -3.5512 31 119 180
-7.0241 -38.9236 -3.5875 31 119 180
-7.0241 -39.0788 -3.5758 31 119 180
-7.0241 -39.1712 -3.5625 31 119 180
-7.0241 -39.4315 -3.4409 31 119 180
-7.0241 -39.5625 -3.4304 31 119 180
-7.0241 -39.3309 -3.5597 31 119 180
-7.0241 -39.4142 -3.5285 31 119 180
-7.0241 -39.6889 -3.4109 31 119 180
-7.0241 -39.9828 -3.4522 31 119 180
-7.0241 -40.0713 -3.4071 31 119 180
-7.0241 -40.2455 -3.4082 31 119 180
-7.0241 -40.0041 -3.5426 31 119 180
-7.0241 -40.3523 -3.3988 31 119 180
-7.0241 -40.4674 -3.4301 31 119 180
-7.0241 -40.3933 -3.4791 31 119 180
-7.0241 -40.6317 -3.4363 31 119 180
-7.0241 -40.9172 -3.4369 31 119 180
-7.0241 -41.024 -3.4274 31 119 180
-7.0241 -41.1209 -3.423 31 119 180
-7.0241 -41.2133 -3.4096 31 119 180
-7.0241 -41.4314 -3.3997 174 199 232
-7.0241 -41.5662 -3.4209 174 199 232
-7.0241 -41.5011 -3.4878 174 199 232
-7.0241 -42.0191 -3.4824 174 199 232
-7.0241 -41.777 -3.6397 174 199 232
-7.0241 -42.1062 -3.483 174 199 232
-7.0241 -41.9087 -3.6062 174 199 232
-7.0241 -42.0063 -3.5789 174 199 232
-7.0241 -42.1419 -3.5773 174 199 232
-7.0242 -42.7083 -3.5696 38 38 38
-7.0242 -42.6713 -3.6673 38 38 38
-7.0242 -42.5775 -3.7264 38 38 38
-7.0242 -42.7781 -3.6578 38 38 38
-6.9249 -34.3375 -3.5193 31 119 180
-6.9249 -34.4344 -3.5149 31 119 180
-6.9249 -34.6419 -3.5328 38 38 38
-6.9249 -34.7547 -3.4865 31 119 180
-6.9249 -34.8547 -3.5368 31 119 180
-6.9249 -35.0092 -3.548 31 119 180
-6.9249 -35.2666 -3.518 31 119 180
-6.9249 -35.3734 -3.5085 31 119 180
-6.9248 -35.4756 -3.4901 31 119 180
-6.9248 -35.8655 -3.4038 31 119 180
-6.9248 -36.0828 -3.4167 31 119 180
-6.9248 -36.0557 -3.5093 31 119 180
-6.9248 -36.2956 -3.4206 31 119 180
-6.9248 -36.3116 -3.525 31 119 180
-6.9248 -36.4222 -3.5473 31 119 180
-6.9248 -36.6971 -3.5759 31 119 180
-6.9247 -36.9205 -3.552 31 119 180
-6.9247 -37.081 -3.5263 31 119 180
-6.9247 -37.0114 -3.5843 31 119 180
-6.9247 -37.1621 -3.5637 31 119 180
-6.9247 -37.2492 -3.5643 31 119 180
-6.9247 -37.3583 -3.6324 31 119 180
-6.9247 -37.5543 -3.5549 31 119 180
-6.9247 -37.4749 -3.618 31 119 180
-6.9247 -37.6505 -3.5734 31 119 180
-6.9247 -37.5855 -3.6403 31 119 180
-6.9247 -37.9329 -3.5194 31 119 180
-6.9247 -37.7112 -3.6437 31 119 180
-6.9247 -37.8292 -3.5835 31 119 180
-6.9247 -37.9156 -3.607 31 119 180
-6.9247 -38.0133 -3.5796 31 119 180
-6.9247 -38.1745 -3.5312 31 119 180
-6.9246 -38.4531 -3.4453 31 119 180
-6.9246 -38.5363 -3.4141 31 119 180
-6.9246 -38.3086 -3.5753 31 119 180
-6.9246 -38.6522 -3.4225 31 119 180
-6.9246 -38.4403 -3.5418 31 119 180
-6.9246 -38.7402 -3.5464 31 119 180
-6.9246 -38.8455 -3.5827 31 119 180
-6.9246 -38.9719 -3.5632 31 119 180
-6.9246 -39.0688 -3.5588 31 119 180
-6.9246 -39.2944 -3.4662 31 119 180
-6.9246 -39.392 -3.4389 31 119 180
-6.9246 -39.1945 -3.5622 31 119 180
-6.9245 -39.4988 -3.4295 31 119 180
-6.9246 -39.3399 -3.5555 31 119 180
-6.9245 -39.5799 -3.4669 31 119 180
-6.9245 -39.7161 -3.4424 31 119 180
-6.9245 -39.8471 -3.4318 38 38 38
-6.9245 -39.9668 -3.472 31 119 180
-6.9245 -40.0842 -3.4347 31 119 180
-6.9245 -39.892 -3.544 31 119 180
-6.9245 -40.1902 -3.4481 31 119 180
-6.9245 -40.3454 -3.4364 31 119 180
-6.9245 -40.2259 -3.5424 31 119 180
-6.9245 -40.5006 -3.4248 31 119 180
-6.9245 -40.3274 -3.5469 31 119 180
-6.9245 -40.5915 -3.4572 31 119 180
-6.9244 -40.8672 -3.4628 31 119 180
-6.9245 -40.7757 -3.5995 38 38 38
-6.9244 -41.0118 -3.479 31 119 180
-6.9244 -41.1102 -3.4289 31 119 180
-6.9245 -40.9271 -3.556 31 119 180
-6.9244 -41.2246 -3.483 38 38 38
-6.9244 -41.4684 -3.4262 174 199 232
-6.9244 -41.3746 -3.4853 174 199 232
-6.9244 -41.56 -3.4357 174 199 232
-6.9244 -41.3278 -3.5879 174 199 232
-6.9244 -41.6464 -3.4592 174 199 232
-6.9244 -41.8198 -3.4832 174 199 232
-6.9244 -41.7488 -3.587 174 199 232
-6.9244 -41.8707 -3.5586 174 199 232
-6.9244 -42.0048 -3.6027 174 199 232
-6.9243 -42.4415 -3.4137 38 38 38
-6.9244 -42.1751 -3.572 174 199 232
-6.9243 -42.3371 -3.5007 38 38 38
-6.9244 -42.0805 -3.654 174 199 232
-6.9244 -42.2895 -3.6262 174 199 232
-6.9244 -42.2055 -3.6803 174 199 232
-6.9243 -42.865 -3.6364 255 127 14
-6.8293 -34.328 -3.524 31 119 180
-6.8293 -34.5453 -3.5369 31 119 180
-6.8293 -34.702 -3.4794 31 119 180
-6.8293 -34.8217 -3.5197 31 119 180
-6.8293 -34.9277 -3.5331 31 119 180
-6.8293 -35.0247 -3.5286 31 119 180
-6.8293 -35.2722 -3.5036 31 119 180
-6.8293 -35.4176 -3.497 31 119 180
-6.8292 -35.7068 -3.3832 31 119 180
-6.8293 -35.5532 -3.4953 31 119 180
-6.8292 -35.8272 -3.4006 31 119 180
-6.8292 -36.1172 -3.4101 31 119 180
-6.8292 -36.1484 -3.4955 31 119 180
-6.8292 -36.3317 -3.5145 31 119 180
-6.8292 -36.4809 -3.5397 31 119 180
-6.8292 -36.6694 -3.5448 31 119 180
-6.8292 -36.8103 -3.5292 31 119 180
-6.8292 -36.9057 -3.5705 31 119 180
-6.8292 -37.0026 -3.5661 31 119 180
-6.8292 -37.1382 -3.5644 31 119 180
-6.8292 -37.2867 -3.6125 31 119 180
-6.8292 -37.3994 -3.5662 31 119 180
-6.8292 -37.4956 -3.5846 31 119 180
-6.8292 -37.4253 -3.6655 31 119 180
-6.8292 -37.607 -3.5841 31 119 180
-6.8292 -37.7236 -3.5697 31 119 180
-6.8292 -37.8893 -3.5301 31 119 180
-6.8292 -37.7593 -3.664 31 119 180
-6.8292 -37.8667 -3.6316 31 119 180
-6.8292 -37.9598 -3.5954 31 119 180
-6.8292 -38.0621 -3.577 31 119 180
-6.8292 -38.1499 -3.5547 31 119 180
-6.8292 -38.4579 -3.4538 31 119 180
-6.8292 -38.2657 -3.5631 31 119 180
-6.8291 -38.5654 -3.4215 31 119 180
-6.8292 -38.4596 -3.5543 31 119 180
-6.8292 -38.7595 -3.5588 31 119 180
-6.8292 -38.8602 -3.5862 31 119 180
-6.8291 -39.1592 -3.4674 31 119 180
-6.8292 -38.9466 -3.6096 31 119 180
-6.8291 -39.0495 -3.5684 31 119 180
-6.8291 -39.3629 -3.4535 31 119 180
-6.8291 -39.1707 -3.5628 31 119 180
-6.8291 -39.2683 -3.5355 31 119 180
-6.8291 -39.4893 -3.4341 31 119 180
-6.8291 -39.3599 -3.545 31 119 180
-6.8291 -39.6354 -3.4045 31 119 180
-6.8291 -39.7263 -3.4369 31 119 180
-6.8291 -39.9203 -3.5742 31 119 180
-6.8291 -40.1754 -3.4666 31 119 180
-6.8291 -40.3654 -3.426 31 119 180
-6.8291 -40.0892 -3.5894 38 38 38
-6.8291 -40.5411 -3.3814 31 119 180
-6.8291 -40.2649 -3.5448 31 119 180
-6.8291 -40.4563 -3.4583 31 119 180
-6.8291 -40.5964 -3.4656 31 119 180
-6.8291 -40.9947 -3.42 31 119 180
-6.8291 -40.7435 -3.5594 38 38 38
-6.8291 -41.0909 -3.4385 31 119 180
-6.8291 -40.854 -3.5818 38 38 38
-6.8291 -41.2636 -3.4854 38 38 38
-6.829 -41.6604 -3.4855 174 199 232
-6.829 -41.7777 -3.4482 174 199 232
-6.8291 -41.4274 -3.6606 38 38 38
-6.8291 -41.5356 -3.6054 174 199 232
-6.8291 -41.6477 -3.582 174 199 232
-6.829 -42.5201 -3.6883 255 127 14
-6.829 -42.6185 -3.6381 255 127 14
-6.8291 -42.4361 -3.7424 255 127 14
-6.8291 -42.3416 -3.8244 255 127 14
-6.829 -42.7049 -3.6616 255 127 14
-6.829 -42.6398 -3.7285 255 127 14
-6.829 -42.7972 -3.6482 255 127 14
-6.8291 -42.4575 -3.8328 255 127 14
-6.8291 -42.5506 -3.7966 255 127 14
-6.829 -42.736 -3.747 255 127 14
-6.7325 -34.4588 -3.5142 31 119 180
-6.7325 -34.5603 -3.5187 31 119 180
-6.7325 -34.6965 -3.4942 31 119 180
-6.7325 -34.7836 -3.4948 31 119 180
-6.7325 -34.8805 -3.4903 31 119 180
-6.7325 -34.9775 -3.4859 31 119 180
-6.7325 -35.0979 -3.5032 31 119 180
-6.7325 -35.2001 -3.4849 31 119 180
-6.7325 -35.3304 -3.4972 31 119 180
-6.7325 -35.6293 -3.3784 31 119 180
-6.7325 -35.7263 -3.374 31 119 180
-6.7325 -35.8323 -3.3874 31 119 180
-6.7325 -36.0307 -3.3875 31 119 180
-6.7325 -36.1996 -3.4026 31 119 180
-6.7325 -36.2353 -3.4969 31 119 180
-6.7325 -36.3943 -3.517 31 119 180
-6.7325 -36.7268 -3.5612 31 119 180
-6.7325 -36.8638 -3.5138 31 119 180
-6.7325 -36.9744 -3.5362 31 119 180
-6.7325 -37.0948 -3.5535 31 119 180
-6.7325 -37.0389 -3.6383 31 119 180
-6.7325 -37.2001 -3.5898 31 119 180
-6.7325 -37.1351 -3.6568 31 119 180
-6.7325 -37.3266 -3.5703 31 119 180
-6.7325 -37.2752 -3.6641 31 119 180
-6.7325 -37.4122 -3.6167 31 119 180
-6.7325 -37.5053 -3.5804 31 119 180
-6.7326 -37.6749 -3.5727 31 119 180
-6.7326 -37.5955 -3.6357 31 119 180
-6.7326 -37.7968 -3.5443 31 119 180
-6.7326 -37.7507 -3.624 31 119 180
-6.7326 -37.8726 -3.5956 31 119 180
-6.7326 -37.9801 -3.5633 31 119 180
-6.7326 -38.0959 -3.5717 31 119 180
-6.7326 -38.482 -3.4535 31 119 180
-6.7326 -38.2209 -3.598 31 119 180
-6.7326 -38.3186 -3.5706 31 119 180
-6.7326 -38.5427 -3.5238 31 119 180
-6.7326 -38.7214 -3.5339 31 119 180
-6.7326 -38.8569 -3.5323 31 119 180
-6.7326 -39.0575 -3.4638 31 119 180
-6.7326 -38.7669 -3.6232 31 119 180
-6.7326 -38.9517 -3.5965 31 119 180
-6.7326 -39.0402 -3.5513 31 119 180
-6.7326 -39.1371 -3.5469 31 119 180
-6.7326 -39.427 -3.4103 31 119 180
-6.7326 -39.343 -3.4644 31 119 180
-6.7326 -39.5194 -3.3969 31 119 180
-6.7326 -39.2477 -3.5693 31 119 180
-6.7326 -39.3401 -3.5559 31 119 180
-6.7326 -39.6542 -3.4182 31 119 180
-6.7326 -39.8777 -3.5404 31 119 180
-6.7326 -40.132 -3.4557 31 119 180
-6.7326 -39.8551 -3.642 31 119 180
-6.7326 -39.9535 -3.5918 31 119 180
-6.7326 -40.263 -3.4452 38 38 38
-6.7326 -40.4092 -3.4156 31 119 180
-6.7326 -40.5478 -3.4687 31 119 180
-6.7326 -40.6402 -3.4553 31 119 180
-6.7326 -40.7462 -3.4687 31 119 180
-6.7326 -40.9787 -3.4627 31 119 180
-6.7326 -40.8001 -3.5988 38 38 38
-6.7326 -41.0953 -3.4482 31 119 180
-6.7326 -40.9273 -3.5564 31 119 180
-6.7326 -41.2505 -3.4365 38 38 38
-6.7326 -41.4194 -3.4517 38 38 38
-6.7326 -41.546 -3.5784 174 199 232
-6.7326 -41.8063 -3.4568 174 199 232
-6.7326 -41.9215 -3.4881 174 199 232
-6.7326 -41.6702 -3.6275 174 199 232
-6.7326 -41.8027 -3.5712 174 199 232
-6.7327 -42.1784 -3.6271 255 127 14
-6.7327 -42.1754 -3.7186 255 127 14
-6.7327 -42.3019 -3.6991 255 127 14
-6.7327 -42.4624 -3.6735 255 127 14
-6.7327 -42.56 -3.6462 255 127 14
-6.7327 -42.3875 -3.7454 255 127 14
-6.7327 -42.663 -3.6049 255 127 14
-6.7327 -42.7705 -3.5726 255 127 14
-6.7327 -42.5276 -3.7527 255 127 14
-6.7327 -42.6253 -3.7254 255 127 14
-6.7327 -42.9007 -3.5849 255 127 14
-6.7327 -42.7623 -3.6781 255 127 14
-6.7327 -42.8501 -3.6558 255 127 14
-6.6376 -34.4167 -3.4783 31 119 180
-6.6376 -34.5069 -3.5336 31 119 180
-6.6376 -34.6182 -3.5331 31 119 180
-6.6376 -34.7257 -3.5008 31 119 180
-6.6376 -34.9188 -3.5148 31 119 180
-6.6376 -35.0597 -3.4992 31 119 180
-6.6376 -35.3526 -3.4173 31 119 180
-6.6376 -35.2338 -3.5004 31 119 180
-6.6376 -35.3739 -3.5077 31 119 180
-6.6376 -35.6782 -3.375 31 119 180
-6.6376 -35.4663 -3.4943 31 119 180
-6.6376 -35.8569 -3.3851 31 119 180
-6.6376 -35.9675 -3.4075 31 119 180
-6.6376 -36.2379 -3.4271 31 119 180
-6.6377 -36.2448 -3.5136 31 119 180
-6.6377 -36.4326 -3.5415 31 119 180
-6.6377 -36.5394 -3.5321 31 119 180
-6.6377 -36.7613 -3.5539 31 119 180
-6.6377 -37.0528 -3.5177 31 119 180
-6.6377 -36.9786 -3.5668 31 119 180
-6.6377 -37.0839 -3.6031 31 119 180
-6.6377 -37.2543 -3.5725 31 119 180
-6.6377 -37.1983 -3.6573 31 119 180
-6.6377 -37.3989 -3.5887 31 119 180
-6.6377 -37.3149 -3.6428 31 119 180
-6.6377 -37.4058 -3.6752 31 119 180
-6.6377 -37.5632 -3.5949 31 119 180
-6.6377 -37.6496 -3.6184 31 119 180
-6.6377 -37.7662 -3.6039 31 119 180
-6.6377 -37.8874 -3.5984 31 119 180
-6.6377 -37.9987 -3.5979 31 119 180
-6.6377 -38.1539 -3.5862 31 119 180
-6.6377 -38.359 -3.5266 31 119 180
-6.6377 -38.2652 -3.5857 31 119 180
-6.6377 -38.4598 -3.5539 31 119 180
-6.6377 -38.7021 -3.5429 31 119 180
-6.6377 -38.6363 -3.6327 31 119 180
-6.6377 -38.8081 -3.5563 31 119 180
-6.6377 -38.7476 -3.6321 31 119 180
-6.6377 -38.9633 -3.5446 31 119 180
-6.6377 -38.8968 -3.6573 31 119 180
-6.6377 -38.9801 -3.6261 31 119 180
-6.6377 -39.3835 -3.4203 31 119 180
-6.6377 -39.0679 -3.6038 31 119 180
-6.6377 -39.5054 -3.3919 31 119 180
-6.6377 -39.1648 -3.5994 31 119 180
-6.6377 -39.2625 -3.5721 31 119 180
-6.6377 -39.4593 -3.4717 31 119 180
-6.6377 -39.5963 -3.4243 31 119 180
-6.6378 -39.716 -3.4645 31 119 180
-6.6378 -39.7464 -3.5728 31 119 180
-6.6378 -40.1317 -3.4775 31 119 180
-6.6378 -39.8411 -3.637 31 119 180
-6.6378 -39.9244 -3.6058 31 119 180
-6.6378 -40.022 -3.5785 31 119 180
-6.6378 -40.1235 -3.583 31 119 180
-6.6378 -40.374 -3.4664 31 119 180
-6.6378 -40.3128 -3.5652 31 119 180
-6.6378 -40.6369 -3.5686 38 38 38
-6.6378 -40.926 -3.4549 31 119 180
-6.6378 -41.0374 -3.4544 31 119 180
-6.6378 -40.6877 -3.644 38 38 38
-6.6378 -40.8883 -3.5754 31 119 180
-6.6378 -41.1775 -3.4617 31 119 180
-6.6378 -41.1306 -3.5643 31 119 180
-6.6378 -41.7136 -3.492 174 199 232
-6.6378 -41.5411 -3.5912 174 199 232
-6.6378 -41.436 -3.7011 174 199 232
-6.6378 -41.6426 -3.5957 174 199 232
-6.6378 -41.5526 -3.6867 174 199 232
-6.6378 -41.7493 -3.5863 174 199 232
-6.6378 -42.1991 -3.5931 255 127 14
-6.6378 -42.125 -3.6422 255 127 14
-6.6378 -42.287 -3.5709 255 127 14
-6.6378 -42.0691 -3.727 255 127 14
-6.6378 -42.2545 -3.6774 255 127 14
-6.6378 -42.1607 -3.7365 255 127 14
-6.6378 -42.6043 -3.634 255 127 14
-6.6379 -42.515 -3.702 255 127 14
-6.6379 -42.814 -3.5833 255 127 14
-6.6379 -42.7247 -3.6513 255 127 14
-6.6379 -42.6499 -3.7233 255 127 14
-6.6379 -42.5507 -3.7964 255 127 14
-6.6379 -42.8111 -3.6748 255 127 14
-6.5396 -34.304 -3.5013 31 119 180
-6.5396 -34.429 -3.5275 31 119 180
-6.5396 -34.5509 -3.4991 31 119 180
-6.5396 -34.8877 -3.406 31 119 180
-6.5396 -34.6562 -3.5354 31 119 180
-6.5396 -35.2269 -3.3905 31 119 180
-6.5396 -35.4738 -3.3884 31 119 180
-6.5397 -35.6677 -3.3795 31 119 180
-6.5397 -35.7646 -3.3751 31 119 180
-6.5397 -35.9138 -3.4002 31 119 180
-6.5397 -36.0927 -3.5565 31 119 180
-6.5397 -36.2918 -3.5337 31 119 180
-6.5397 -36.5492 -3.5037 31 119 180
-6.5397 -36.4449 -3.5907 31 119 180
-6.5397 -36.6356 -3.5271 31 119 180
-6.5398 -36.7644 -3.5852 31 119 180
-6.5398 -37.1104 -3.51 31 119 180
-6.5398 -37.3899 -3.5475 31 119 180
-6.5398 -37.2567 -3.6267 31 119 180
-6.5398 -37.4959 -3.5609 31 119 180
-6.5398 -37.6026 -3.5514 31 119 180
-6.5398 -37.748 -3.5448 31 119 180
-6.5399 -37.8843 -3.5203 31 119 180
-6.5398 -37.6868 -3.6435 31 119 180
-6.5399 -37.8329 -3.614 31 119 180
-6.5399 -37.9253 -3.6006 31 119 180
-6.5399 -38.0321 -3.5912 31 119 180
-6.5399 -38.1237 -3.6007 31 119 180
-6.5399 -38.3175 -3.5918 31 119 180
-6.5399 -38.4629 -3.5852 31 119 180
-6.5399 -38.5735 -3.6076 31 119 180
-6.5399 -38.6621 -3.5624 31 119 180
-6.5399 -38.7484 -3.5859 31 119 180
-6.5399 -38.6834 -3.6528 31 119 180
-6.5399 -38.9096 -3.5374 31 119 180
-6.5399 -38.84 -3.5954 31 119 180
-6.5399 -38.7796 -3.6712 31 119 180
-6.54 -39.3199 -3.4181 31 119 180
-6.5399 -38.9703 -3.6077 31 119 180
-6.54 -39.049 -3.5675 31 119 180
-6.5399 -38.8962 -3.6568 31 119 180
-6.54 -39.1361 -3.5681 31 119 180
-6.54 -39.4509 -3.4075 31 119 180
-6.54 -39.5706 -3.4478 31 119 180
-6.54 -39.9691 -3.5483 31 119 180
-6.54 -39.8851 -3.6024 31 119 180
-6.54 -40.1992 -3.4647 31 119 180
-6.5401 -40.2915 -3.4513 31 119 180
-6.54 -39.8579 -3.695 31 119 180
-6.54 -39.9654 -3.6627 31 119 180
-6.5401 -40.3885 -3.4469 31 119 180
-6.54 -40.088 -3.6114 31 119 180
-6.54 -40.1962 -3.5562 31 119 180
-6.5401 -40.5838 -3.3923 31 119 180
-6.5401 -40.303 -3.5467 31 119 180
-6.5401 -40.4801 -3.4564 31 119 180
-6.5401 -40.714 -3.4046 31 119 180
-6.5401 -40.8496 -3.403 31 119 180
-6.5401 -40.7694 -3.4889 31 119 180
-6.5401 -40.9556 -3.4164 31 119 180
-6.5401 -41.1101 -3.4276 31 119 180
-6.5401 -41.2147 -3.4868 31 119 180
-6.5401 -41.2988 -3.5789 174 199 232
-6.5402 -41.3996 -3.6062 174 199 232
-6.5402 -41.4958 -3.6247 174 199 232
-6.5402 -41.7955 -3.4831 38 38 38
-6.5402 -41.6116 -3.6331 174 199 232
-6.5402 -41.7146 -3.5918 174 199 232
-6.5402 -42.24 -3.5039 255 127 14
-6.5402 -42.1546 -3.6037 255 127 14
-6.5402 -42.2515 -3.5993 255 127 14
-6.5402 -42.1228 -3.6874 255 127 14
-6.5402 -42.2092 -3.7108 255 127 14
-6.5403 -42.9607 -3.3613 255 127 14
-6.5403 -42.8806 -3.4472 255 127 14
-6.5402 -42.5484 -3.6953 255 127 14
-6.5403 -42.7346 -3.6229 255 127 14
-6.5403 -42.6696 -3.6898 255 127 14
-6.5403 -42.8316 -3.6184 255 127 14
-6.4428 -34.3587 -3.5302 31 119 180
-6.4428 -34.7258 -3.3992 31 119 180
-6.4428 -34.5086 -3.5325 31 119 180
-6.4429 -35.1567 -3.3932 31 119 180
-6.4429 -35.4421 -3.3938 31 119 180
-6.4429 -35.5686 -3.3743 31 119 180
-6.4429 -36.3616 -3.5436 31 119 180
-6.4429 -36.4403 -3.5035 31 119 180
-6.443 -36.501 -3.5738 31 119 180
-6.443 -36.6752 -3.575 31 119 180
-6.443 -36.7539 -3.5348 31 119 180
-6.443 -37.4407 -3.5445 31 119 180
-6.443 -37.6521 -3.5942 31 119 180
-6.443 -37.8572 -3.5346 31 119 180
-6.443 -37.7634 -3.5937 31 119 180
-6.4431 -37.9519 -3.5988 31 119 180
-6.4431 -38.0837 -3.5653 31 119 180
-6.4431 -38.195 -3.5648 31 119 180
-6.4431 -38.2866 -3.5743 31 119 180
-6.4431 -38.3737 -3.5749 31 119 180
-6.4431 -38.5781 -3.5381 31 119 180
-6.4431 -38.4979 -3.624 31 119 180
-6.4431 -38.6093 -3.6235 31 119 180
-6.4431 -38.6978 -3.5783 31 119 180
-6.4431 -38.9159 -3.5684 31 119 180
-6.4431 -38.7237 -3.6777 31 119 180
-6.4431 -39.0613 -3.5617 31 119 180
-6.4431 -38.8297 -3.6911 31 119 180
-6.4431 -39.3799 -3.4329 31 119 180
-6.4431 -38.9561 -3.6716 31 119 180
-6.4431 -39.044 -3.6493 31 119 180
-6.4431 -39.4715 -3.4424 31 119 180
-6.4431 -39.2249 -3.5908 31 119 180
-6.4431 -39.131 -3.6499 31 119 180
-6.4432 -39.9252 -3.4811 31 119 180
-6.4432 -39.9223 -3.5726 31 119 180
-6.4432 -39.8428 -3.6356 31 119 180
-6.4432 -40.465 -3.397 31 119 180
-6.4432 -40.2562 -3.571 31 119 180
-6.4432 -40.6301 -3.3803 31 119 180
-6.4432 -40.1473 -3.6491 31 119 180
-6.4432 -40.565 -3.4472 31 119 180
-6.4432 -40.3471 -3.6034 31 119 180
-6.4432 -40.2579 -3.6714 31 119 180
-6.4432 -40.858 -3.3653 31 119 180
-6.4432 -40.6703 -3.4835 31 119 180
-6.4432 -40.7831 -3.4372 31 119 180
-6.4432 -40.9769 -3.4284 31 119 180
-6.4432 -40.9074 -3.4864 31 119 180
-6.4433 -41.1549 -3.4613 31 119 180
-6.4433 -41.0937 -3.5601 31 119 180
-6.4433 -41.3694 -3.5657 174 199 232
-6.4433 -41.299 -3.6466 174 199 232
-6.4433 -41.43 -3.636 174 199 232
-6.4433 -41.7064 -3.6188 174 199 232
-6.4433 -41.6649 -3.7075 174 199 232
-6.4433 -41.7868 -3.6791 174 199 232
-6.4433 -41.929 -3.6178 38 38 38
-6.4433 -42.3393 -3.4985 38 38 38
-6.4434 -42.4559 -3.484 38 38 38
-6.4433 -42.2388 -3.6173 255 127 14
-6.4434 -42.3402 -3.6218 255 127 14
-6.4434 -42.8708 -3.3737 255 127 14
-6.4434 -42.9691 -3.3235 255 127 14
-6.4434 -42.2646 -3.7166 255 127 14
-6.4434 -42.8148 -3.4585 255 127 14
-6.4434 -42.9564 -3.42 255 127 14
-6.4434 -42.8808 -3.5148 255 127 14
-6.4434 -42.6439 -3.6582 255 127 14
-6.4434 -42.8006 -3.6007 255 127 14
-6.347 -34.2844 -3.5571 38 38 38
-6.3471 -34.6371 -3.4222 31 119 180
-6.347 -34.4449 -3.5315 31 119 180
-6.3471 -34.7491 -3.3988 31 119 180
-6.3471 -34.5857 -3.5159 31 119 180
-6.3471 -34.7121 -3.4964 31 119 180
-6.3471 -35.0785 -3.3883 31 119 180
-6.3471 -35.18 -3.3928 31 119 180
-6.3471 -35.4412 -3.3945 31 119 180
-6.3471 -35.5708 -3.4297 31 119 180
-6.3471 -35.6739 -3.5347 31 119 180
-6.3471 -35.7807 -3.5252 31 119 180
-6.3471 -35.92 -3.5554 31 119 180
-6.3471 -36.0275 -3.523 31 119 180
-6.3471 -36.1873 -3.5203 31 119 180
-6.3471 -36.1261 -3.619 31 119 180
-6.3472 -36.2979 -3.5426 31 119 180
-6.3472 -36.4198 -3.5142 31 119 180
-6.3472 -36.3638 -3.599 31 119 180
-6.3472 -36.4955 -3.5656 31 119 180
-6.3472 -36.5834 -3.5433 31 119 180
-6.3472 -36.6894 -3.5567 31 119 180
-6.3472 -36.7962 -3.5472 31 119 180
-6.3472 -36.8885 -3.5339 31 119 180
-6.3472 -37.0437 -3.5222 31 119 180
-6.3472 -37.1884 -3.5384 31 119 180
-6.3472 -37.3338 -3.5318 31 119 180
-6.3472 -37.5132 -3.519 31 119 180
-6.3472 -37.424 -3.587 31 119 180
-6.3472 -37.5837 -3.5843 31 119 180
-6.3472 -37.7147 -3.5737 31 119 180
-6.3472 -37.8541 -3.6039 31 119 180
-6.3472 -37.7701 -3.658 31 119 180
-6.3473 -37.9669 -3.5576 31 119 180
-6.3473 -38.1538 -3.4622 31 119 180
-6.3473 -38.1168 -3.5599 31 119 180
-6.3473 -38.2524 -3.5582 31 119 180
-6.3473 -38.5045 -3.5421 31 119 180
-6.3473 -38.4349 -3.6001 31 119 180
-6.3473 -38.606 -3.5466 31 119 180
-6.3473 -38.5455 -3.6225 31 119 180
-6.3473 -38.7219 -3.555 31 119 180
-6.3473 -38.6614 -3.6309 31 119 180
-6.3473 -38.7727 -3.6304 31 119 180
-6.3473 -38.8938 -3.6248 31 119 180
-6.3473 -39.0066 -3.5785 31 119 180
-6.3473 -39.2957 -3.4648 31 119 180
-6.3473 -39.0922 -3.6249 31 119 180
-6.3473 -39.0083 -3.679 31 119 180
-6.3473 -39.4215 -3.4682 31 119 180
-6.3473 -39.2489 -3.5674 31 119 180
-6.3473 -39.538 -3.4537 31 119 180
-6.3473 -39.3655 -3.553 31 119 180
-6.3473 -39.4768 -3.5524 31 119 180
-6.3473 -39.6486 -3.4761 31 119 180
-6.3473 -39.5639 -3.553 31 119 180
-6.3474 -39.6798 -3.5614 31 119 180
-6.3474 -39.8372 -3.4811 31 119 180
-6.3474 -39.9977 -3.4555 38 38 38
-6.3474 -39.7661 -3.5849 31 119 180
-6.3474 -39.9221 -3.5503 31 119 180
-6.3474 -40.2726 -3.484 31 119 180
-6.3474 -40.0706 -3.5984 31 119 180
-6.3474 -40.4384 -3.4445 31 119 180
-6.3474 -40.5361 -3.4172 31 119 180
-6.3474 -40.1759 -3.6347 31 119 180
-6.3474 -40.2546 -3.5945 31 119 180
-6.3474 -40.6625 -3.3977 31 119 180
-6.3474 -40.7889 -3.3782 31 119 180
-6.3474 -40.6164 -3.4774 31 119 180
-6.3474 -40.8798 -3.4106 31 119 180
-6.3474 -40.9837 -3.4926 31 119 180
-6.3474 -41.0912 -3.4603 31 119 180
-6.3475 -41.5995 -3.606 174 199 232
-6.3475 -41.4905 -3.6841 174 199 232
-6.3475 -41.7161 -3.5916 174 199 232
-6.3475 -41.5747 -3.7762 38 38 38
-6.3475 -42.4315 -3.4629 38 38 38
-6.3475 -42.2386 -3.5951 255 127 14
-6.3475 -42.1493 -3.6631 255 127 14
-6.3475 -42.8759 -3.3375 255 127 14
-6.3475 -42.0881 -3.7618 255 127 14
-6.3475 -42.3242 -3.6414 255 127 14
-6.3475 -43.003 -3.2951 255 127 14
-6.3475 -42.2402 -3.6955 255 127 14
-6.3475 -42.7012 -3.5054 255 127 14
-6.3475 -42.7988 -3.478 255 127 14
-6.3475 -42.9411 -3.4167 255 127 14
-6.3475 -42.2176 -3.797 255 127 14
-6.3475 -42.5665 -3.6303 255 127 14
-6.3475 -42.6831 -3.6158 255 127 14
-6.3475 -42.7664 -3.5846 255 127 14
-6.3475 -42.1655 -3.9136 38 38 38
-6.2548 -34.3543 -3.4973 31 119 180
-6.2548 -34.5141 -3.4945 31 119 180
-6.2549 -35.6265 -3.5121 31 119 180
-6.2549 -35.8484 -3.5339 31 119 180
-6.2549 -35.9408 -3.5206 31 119 180
-6.2549 -36.0257 -3.5898 31 119 180
-6.255 -36.1044 -3.5496 31 119 180
-6.255 -36.352 -3.5246 31 119 180
-6.255 -36.4777 -3.5279 31 119 180
-6.255 -36.6367 -3.5481 31 119 180
-6.255 -36.7178 -3.5855 31 119 180
-6.255 -36.9956 -3.5225 31 119 180
-6.2551 -37.3538 -3.5198 31 119 180
-6.2551 -37.5424 -3.5249 31 119 180
-6.2551 -37.7045 -3.5997 31 119 180
-6.2551 -37.8513 -3.5473 31 119 180
-6.2551 -37.8007 -3.6181 31 119 180
-6.2551 -38.0111 -3.5445 31 119 180
-6.2551 -37.9605 -3.6154 31 119 180
-6.2552 -38.1263 -3.5758 31 119 180
-6.2552 -38.2618 -3.5742 31 119 180
-6.2552 -38.3626 -3.6015 31 119 180
-6.2552 -38.4996 -3.5541 31 119 180
-6.2552 -38.4967 -3.6456 31 119 180
-6.2552 -38.6049 -3.5904 31 119 180
-6.2552 -38.7056 -3.6178 31 119 180
-6.2552 -38.9009 -3.5632 31 119 180
-6.2552 -38.8548 -3.6429 31 119 180
-6.2552 -38.976 -3.6374 31 119 180
-6.2553 -39.1077 -3.604 31 119 180
-6.2553 -39.2001 -3.5906 31 119 180
-6.2553 -39.2917 -3.6001 31 119 180
-6.2553 -39.4613 -3.5923 31 119 180
-6.2553 -39.8133 -3.4803 31 119 180
-6.2553 -39.9261 -3.434 38 38 38
-6.2553 -39.6794 -3.5823 31 119 180
-6.2553 -40.0722 -3.4045 38 38 38
-6.2553 -40.0072 -3.4714 38 38 38
-6.2553 -39.8445 -3.5657 31 119 180
-6.2553 -40.3039 -3.4213 31 119 180
-6.2553 -40.2101 -3.4804 31 119 180
-6.2554 -40.5712 -3.3862 31 119 180
-6.2554 -40.3987 -3.4855 31 119 180
-6.2554 -40.2065 -3.5948 31 119 180
-6.2554 -40.5054 -3.476 31 119 180
-6.2554 -40.6712 -3.4364 31 119 180
-6.2554 -40.7643 -3.4002 31 119 180
-6.2554 -40.8756 -3.3997 31 119 180
-6.2554 -40.8295 -3.4794 31 119 180
-6.2554 -41.0332 -3.4655 31 119 180
-6.2554 -41.1582 -3.4918 31 119 180
-6.2554 -41.078 -3.5777 31 119 180
-6.2555 -41.4288 -3.6576 174 199 232
-6.2555 -41.5355 -3.6481 174 199 232
-6.2555 -41.6718 -3.6236 174 199 232
-6.2555 -41.4592 -3.7658 174 199 232
-6.2555 -41.8755 -3.6097 255 127 14
-6.2555 -41.9678 -3.5963 255 127 14
-6.2555 -41.8869 -3.7051 255 127 14
-6.2555 -42.0928 -3.6226 255 127 14
-6.2555 -42.0081 -3.6996 255 127 14
-6.2556 -42.2684 -3.578 255 127 14
-6.2556 -42.1845 -3.6321 255 127 14
-6.2556 -42.5372 -3.4972 38 38 38
-6.2556 -42.1285 -3.7169 255 127 14
-6.2556 -42.3586 -3.6333 255 127 14
-6.2556 -42.8308 -3.3924 255 127 14
-6.2556 -42.2255 -3.7125 255 127 14
-6.2556 -42.7317 -3.4654 255 127 14
-6.2556 -42.9179 -3.3929 255 127 14
-6.2556 -42.5138 -3.6216 255 127 14
-6.2556 -42.8075 -3.5168 255 127 14
-6.2556 -42.9006 -3.4805 255 127 14
-6.2556 -42.7183 -3.5848 255 127 14
-6.064 -34.5241 -3.422 31 119 180
-6.064 -34.3417 -3.5263 38 38 38
-6.064 -34.4734 -3.4928 31 119 180
-6.0641 -35.807 -3.5552 31 119 180
-6.0642 -35.991 -3.5513 31 119 180
-6.0642 -36.0517 -3.6217 31 119 180
-6.0642 -36.3159 -3.5319 31 119 180
-6.0642 -36.6635 -3.5571 31 119 180
-6.0642 -37.0442 -3.4529 31 119 180
-6.0642 -37.1275 -3.4217 31 119 180
-6.0643 -37.9803 -3.538 31 119 180
-6.0643 -38.1665 -3.4655 38 38 38
-6.0644 -38.574 -3.5839 31 119 180
-6.0644 -39.0587 -3.5618 31 119 180
-6.0644 -39.3902 -3.4827 31 119 180
-6.0644 -39.1534 -3.626 31 119 180
-6.0644 -39.497 -3.4732 31 119 180
-6.0644 -39.4017 -3.5781 31 119 180
-6.0644 -39.3223 -3.6411 31 119 180
-6.0645 -39.8461 -3.4527 38 38 38
-6.0645 -39.7016 -3.5826 31 119 180
-6.0645 -39.9475 -3.4572 38 38 38
-6.0645 -39.7887 -3.5832 31 119 180
-6.0645 -40.2717 -3.4606 38 38 38
-6.0645 -40.3981 -3.4411 38 38 38
-6.0645 -40.5305 -3.3848 38 38 38
-6.0645 -40.1022 -3.6146 38 38 38
-6.0645 -40.6532 -3.3335 38 38 38
-6.0645 -40.2385 -3.5901 38 38 38
-6.0645 -40.8275 -3.4809 38 38 38
-6.0645 -40.9395 -3.4575 38 38 38
-6.0646 -41.5788 -3.5927 38 38 38
-6.0646 -41.5085 -3.6736 38 38 38
-6.0646 -41.806 -3.6006 38 38 38
-6.0646 -41.8818 -3.6519 38 38 38
-6.0647 -42.853 -3.3928 38 38 38
-6.0647 -42.7494 -3.4569 38 38 38
-6.0647 -42.6284 -3.6087 38 38 38
-6.0647 -42.5756 -3.7481 38 38 38
-6.0647 -42.6264 -3.8235 38 38 38
-6.0647 -42.5568 -3.8815 38 38 38
-6.0641 -35.5758 -3.3693 31 119 180
-6.0642 -35.9078 -3.5826 31 119 180
-6.0642 -36.0985 -3.519 31 119 180
-6.0642 -36.4197 -3.614 31 119 180
-6.0642 -36.5598 -3.6213 31 119 180
-6.0642 -37.2645 -3.3743 38 38 38
-6.0642 -37.0951 -3.5282 31 119 180
-6.0643 -37.413 -3.4223 31 119 180
-6.0643 -37.5303 -3.385 38 38 38
-6.0643 -38.2401 -3.5855 31 119 180
-6.0644 -38.7429 -3.5991 31 119 180
-6.0644 -39.2669 -3.5568 31 119 180
-6.0644 -39.5229 -3.5725 31 119 180
-6.0645 -39.5934 -3.6378 31 119 180
-6.0645 -39.8894 -3.6106 31 119 180
-6.0645 -40.0022 -3.5643 38 38 38
-6.0645 -39.8335 -3.6954 31 119 180
-6.0645 -39.9403 -3.6859 31 119 180
-6.0645 -39.9085 -3.7696 31 119 180
-6.0645 -40.5912 -3.4551 38 38 38
-6.0645 -40.7577 -3.3927 38 38 38
-6.0645 -40.8607 -3.3514 38 38 38
-6.0645 -40.6776 -3.4786 38 38 38
-6.0645 -41.0008 -3.3587 38 38 38
-6.0646 -41.444 -3.5715 38 38 38
-6.0646 -41.3965 -3.697 38 38 38
-6.0646 -41.7031 -3.6418 38 38 38
-6.0647 -42.162 -3.6665 38 38 38
-6.0647 -42.2551 -3.6303 38 38 38
-6.0647 -42.1152 -3.7692 38 38 38
-6.0647 -42.2719 -3.7118 38 38 38
-6.0647 -42.8736 -3.5061 38 38 38
-6.0647 -42.8071 -3.6188 38 38 38
-6.0647 -42.7133 -3.6779 38 38 38
-6.0647 -42.7097 -3.7922 38 38 38
-6.0647 -42.6674 -3.9038 38 38 38
-5.7804 -35.1302 -3.3818 31 119 180
-5.7804 -35.3293 -3.3589 31 119 180
-5.7804 -35.4505 -3.3534 31 119 180
-5.7804 -35.5695 -3.4164 31 119 180
-5.7804 -35.6966 -3.3741 31 119 180
-5.7804 -35.8398 -3.436 31 119 180
-5.7805 -36.0353 -3.5276 31 119 180
-5.7805 -36.0861 -3.6029 31 119 180
-5.7805 -36.1838 -3.5756 31 119 180
-5.7805 -36.2807 -3.5711 31 119 180
-5.7805 -36.3685 -3.5488 31 119 180
-5.7806 -37.1862 -3.4017 31 119 180
-5.7806 -37.2694 -3.3705 31 119 180
-5.7806 -37.3709 -3.375 31 119 180
-5.7806 -37.5088 -3.4509 31 119 180
-5.7807 -38.176 -3.4705 31 119 180
-5.7807 -38.0723 -3.5347 31 119 180
-5.7807 -38.2775 -3.475 31 119 180
-5.7807 -38.3866 -3.5431 31 119 180
-5.7808 -38.4677 -3.5805 31 119 180
-5.7808 -38.5586 -3.6129 31 119 180
-5.7808 -38.6373 -3.5727 31 119 180
-5.7808 -38.7236 -3.5962 31 119 180
-5.7808 -38.8047 -3.6336 31 119 180
-5.7808 -38.9357 -3.623 31 119 180
-5.7808 -39.0727 -3.5756 31 119 180
-5.7808 -39.1704 -3.5483 31 119 180
-5.7809 -40.0434 -3.4854 38 38 38
-5.7809 -40.2032 -3.4827 38 38 38
-5.7809 -40.3939 -3.4191 38 38 38
-5.7809 -40.4954 -3.4236 38 38 38
-5.781 -40.7377 -3.4125 38 38 38
-5.781 -40.8497 -3.3891 38 38 38
-5.781 -40.9709 -3.3835 38 38 38
-5.781 -40.6311 -3.5681 38 38 38
-5.7811 -41.3029 -3.5967 38 38 38
-5.7811 -41.5526 -3.503 38 38 38
-5.7811 -41.6359 -3.4718 38 38 38
-5.7811 -41.4535 -3.5761 38 38 38
-5.7811 -41.393 -3.652 38 38 38
-5.7811 -41.5497 -3.5945 38 38 38
-5.7811 -41.6519 -3.5761 38 38 38
-5.7811 -41.7481 -3.5946 38 38 38
-5.7811 -41.9837 -3.6432 38 38 38
-5.7812 -42.0904 -3.6337 38 38 38
-5.7812 -42.2517 -3.5852 38 38 38
-5.7812 -42.5645 -3.6394 38 38 38
-5.7812 -42.6773 -3.5931 38 38 38
-5.7803 -34.6463 -3.3811 31 119 180
-5.7806 -37.4928 -3.3465 31 119 180
-5.7806 -37.6185 -3.3499 31 119 180
-5.7807 -37.8389 -3.4175 38 38 38
-5.7807 -38.0517 -3.4214 31 119 180
-5.7807 -38.2705 -3.3885 31 119 180
-5.7807 -38.3706 -3.4388 31 119 180
-5.7809 -39.303 -3.6381 31 119 180
-5.7809 -39.4143 -3.6376 31 119 180
-5.7809 -39.5453 -3.627 31 119 180
-5.7809 -39.7679 -3.626 38 38 38
-5.7809 -40.2924 -3.4146 38 38 38
-5.7809 -39.933 -3.6093 38 38 38
-5.7809 -39.8718 -3.708 38 38 38
-5.7809 -40.0489 -3.6177 38 38 38
-5.7809 -40.1564 -3.5853 38 38 38
-5.781 -40.6204 -3.4498 38 38 38
-5.781 -40.8703 -3.5023 38 38 38
-5.781 -41.3209 -3.4862 38 38 38
-5.7811 -41.4663 -3.4796 38 38 38
-5.7811 -41.8443 -3.613 38 38 38
-5.7812 -41.8899 -3.7023 38 38 38
-5.7812 -42.0247 -3.7235 38 38 38
-5.7812 -42.1602 -3.7219 38 38 38
-5.7812 -42.0899 -3.8028 38 38 38
-5.7812 -42.5215 -3.7738 38 38 38
-5.7812 -42.6199 -3.7236 38 38 38
-5.5852 -34.546 -3.433 31 119 180
-5.5852 -35.2108 -3.3752 31 119 180
-5.5852 -35.3418 -3.3646 31 119 180
-5.5852 -35.9947 -3.5266 38 38 38
-5.5852 -36.1591 -3.5327 31 119 180
-5.5852 -36.2893 -3.545 31 119 180
-5.5852 -36.3764 -3.5456 31 119 180
-5.5852 -36.5316 -3.534 38 38 38
-5.5852 -36.6612 -3.5691 31 119 180
-5.5852 -37.1101 -3.4526 31 119 180
-5.5852 -36.9716 -3.5458 31 119 180
-5.5852 -37.2372 -3.4103 31 119 180
-5.5851 -37.3205 -3.379 31 119 180
-5.5852 -37.0685 -3.5413 31 119 180
-5.5851 -37.5393 -3.3462 31 119 180
-5.5851 -37.4599 -3.4092 31 119 180
-5.5851 -37.6309 -3.3557 31 119 180
-5.5852 -37.6818 -3.431 31 119 180
-5.5851 -37.949 -3.3959 31 119 180
-5.5851 -38.0846 -3.3943 31 119 180
-5.5852 -38.0385 -3.4741 31 119 180
-5.5851 -38.2004 -3.4027 31 119 180
-5.5851 -38.2959 -3.444 31 119 180
-5.5851 -38.3981 -3.4256 31 119 180
-5.5852 -38.5732 -3.5501 31 119 180
-5.5852 -38.6596 -3.5735 31 119 180
-5.5852 -38.8685 -3.5457 31 119 180
-5.5852 -39.123 -3.6071 31 119 180
-5.5852 -39.2298 -3.5977 31 119 180
-5.5852 -39.3646 -3.6189 31 119 180
-5.5852 -39.4805 -3.6273 31 119 180
-5.5852 -39.6213 -3.6117 31 119 180
-5.5852 -39.7084 -3.6123 31 119 180
-5.5852 -39.7993 -3.6447 31 119 180
-5.5852 -39.9121 -3.5984 31 119 180
-5.5851 -40.3178 -3.4702 38 38 38
-5.5852 -39.9092 -3.6899 31 119 180
-5.5852 -40.0068 -3.6626 31 119 180
-5.5852 -40.1098 -3.6213 31 119 180
-5.5852 -40.2755 -3.5818 38 38 38
-5.5851 -40.6283 -3.4468 31 119 180
-5.5851 -40.7744 -3.4173 38 38 38
-5.5851 -40.9039 -3.4525 31 119 180
-5.5851 -41.0015 -3.4252 31 119 180
-5.5852 -40.5233 -3.7029 38 38 38
-5.5851 -41.0977 -3.4436 31 119 180
-5.5851 -41.2371 -3.4738 31 119 180
-5.5851 -41.3439 -3.4643 31 119 180
-5.5851 -41.4514 -3.432 31 119 180
-5.5851 -41.7349 -3.6474 38 38 38
-5.5851 -41.8318 -3.643 38 38 38
-5.5851 -42.302 -3.6169 38 38 38
-5.5852 -42.1983 -3.681 38 38 38
-5.5852 -42.1614 -3.7786 38 38 38
-5.5852 -42.2984 -3.7312 38 38 38
-5.5851 -42.6799 -3.6041 38 38 38
-5.5851 -42.5762 -3.6683 38 38 38
-5.5852 -42.5059 -3.7492 38 38 38
-5.5852 -42.6717 -3.7096 38 38 38
-5.5851 -42.77 -3.6594 38 38 38
-5.5852 -42.5915 -3.7955 38 38 38
-5.5852 -42.777 -3.7459 38 38 38
-5.4872 -34.5993 -3.4173 31 119 180
-5.4871 -34.7265 -3.3749 31 119 180
-5.4871 -34.9083 -3.4397 31 119 180
-5.4871 -35.1513 -3.4057 31 119 180
-5.4871 -35.2535 -3.3874 31 119 180
-5.4871 -35.4694 -3.446 31 119 180
-5.4871 -35.5716 -3.4276 31 119 180
-5.487 -35.8291 -3.3976 31 119 180
-5.487 -35.9207 -3.4071 31 119 180
-5.487 -36.2412 -3.5249 31 119 180
-5.487 -36.3623 -3.5194 31 119 180
-5.487 -36.5591 -3.419 31 119 180
-5.487 -36.7469 -3.4469 31 119 180
-5.4869 -37.1096 -3.4532 31 119 180
-5.487 -36.9318 -3.5664 31 119 180
-5.4869 -37.2118 -3.4348 31 119 180
-5.4869 -37.3102 -3.3846 31 119 180
-5.4869 -37.4079 -3.3573 31 119 180
-5.487 -37.0386 -3.5569 31 119 180
-5.487 -37.1749 -3.5324 31 119 180
-5.4869 -37.5919 -3.3534 31 119 180
-5.4869 -37.4981 -3.4126 31 119 180
-5.4869 -37.7123 -3.3708 31 119 180
-5.4868 -38.0031 -3.3575 31 119 180
-5.4869 -37.932 -3.4612 31 119 180
-5.4869 -38.0433 -3.4607 31 119 180
-5.4868 -38.1712 -3.3955 31 119 180
-5.4868 -38.2674 -3.4139 31 119 180
-5.4868 -38.4174 -3.4162 31 119 180
-5.4868 -38.8901 -3.6138 31 119 180
-5.4868 -38.9825 -3.6005 31 119 180
-5.4868 -39.1749 -3.6373 31 119 180
-5.4868 -39.3073 -3.581 31 119 180
-5.4868 -39.4748 -3.6419 31 119 180
-5.4868 -39.5921 -3.6045 31 119 180
-5.4867 -39.7322 -3.6118 31 119 180
-5.4867 -39.839 -3.6024 31 119 180
-5.4867 -39.9412 -3.584 31 119 180
-5.4867 -40.225 -3.4842 31 119 180
-5.4867 -40.0851 -3.6231 31 119 180
-5.4867 -40.1926 -3.5908 31 119 180
-5.4867 -40.4476 -3.4832 31 119 180
-5.4866 -40.5499 -3.4648 31 119 180
-5.4866 -40.6619 -3.4414 31 119 180
-5.4867 -40.469 -3.5736 31 119 180
-5.4866 -40.9066 -3.5078 31 119 180
-5.4866 -41.0481 -3.4694 31 119 180
-5.4866 -40.8598 -3.6105 31 119 180
-5.4866 -41.1451 -3.465 31 119 180
-5.4866 -40.9771 -3.5731 31 119 180
-5.4866 -41.2525 -3.4326 31 119 180
-5.4866 -41.3881 -3.431 31 119 180
-5.4866 -41.8208 -3.6716 38 38 38
-5.4866 -41.7694 -3.7653 38 38 38
-5.4866 -41.9117 -3.704 38 38 38
-5.4865 -42.4324 -3.4609 38 38 38
-5.4865 -42.3287 -3.525 38 38 38
-5.4865 -42.2486 -3.6109 38 38 38
-5.4865 -42.5437 -3.4603 38 38 38
-5.4865 -42.1638 -3.6879 38 38 38
-5.4865 -42.35 -3.6154 38 38 38
-5.4866 -42.1034 -3.7637 38 38 38
-5.4865 -42.2593 -3.7292 38 38 38
-5.4866 -42.1897 -3.7872 38 38 38
-5.4866 -42.1292 -3.8631 38 38 38
-5.3933 -34.5275 -3.3981 31 119 180
-5.3933 -35.1325 -3.3932 31 119 180
-5.3933 -35.2287 -3.4117 31 119 180
-5.3933 -35.34 -3.4111 31 119 180
-5.3933 -35.4422 -3.3928 31 119 180
-5.3933 -35.5324 -3.448 31 119 180
-5.3933 -35.6111 -3.4079 31 119 180
-5.3933 -35.7027 -3.4174 31 119 180
-5.3933 -35.7944 -3.4269 31 119 180
-5.3933 -35.9148 -3.4442 31 119 180
-5.3932 -36.2207 -3.4119 31 119 180
-5.3932 -36.351 -3.4242 31 119 180
-5.3932 -36.6266 -3.4299 31 119 180
-5.3932 -36.7228 -3.4483 31 119 180
-5.3932 -36.8341 -3.4478 31 119 180
-5.3932 -37.1143 -3.4624 31 119 180
-5.3932 -37.2074 -3.4261 31 119 180
-5.3932 -37.3005 -3.3899 31 119 180
-5.3932 -37.4996 -3.3671 31 119 180
-5.3932 -37.4051 -3.4491 31 119 180
-5.3932 -37.6541 -3.3783 31 119 180
-5.3932 -37.5982 -3.4631 31 119 180
-5.3932 -37.7549 -3.4056 31 119 180
-5.3932 -37.9403 -3.356 31 119 180
-5.3932 -38.104 -3.3851 31 119 180
-5.3932 -38.0344 -3.4431 31 119 180
-5.3932 -38.2244 -3.4024 31 119 180
-5.3932 -38.3729 -3.4504 31 119 180
-5.3932 -38.4516 -3.4103 31 119 180
-5.3932 -38.5326 -3.4477 31 119 180
-5.3932 -38.5775 -3.5598 31 119 180
-5.3932 -39.2628 -3.6153 31 119 180
-5.3932 -39.6179 -3.5579 31 119 180
-5.3932 -39.5241 -3.617 31 119 180
-5.3932 -39.6884 -3.6232 31 119 180
-5.3932 -39.7959 -3.5909 31 119 180
-5.3932 -39.8974 -3.5954 31 119 180
-5.3932 -40.3077 -3.4761 38 38 38
-5.3932 -40.0269 -3.6305 31 119 180
-5.3932 -40.1435 -3.6161 31 119 180
-5.3932 -40.2752 -3.5826 38 38 38
-5.3931 -40.7256 -3.4204 31 119 180
-5.3932 -40.6265 -3.4934 31 119 180
-5.3932 -40.4381 -3.6345 31 119 180
-5.3932 -40.5547 -3.6201 31 119 180
-5.3932 -40.8393 -3.4974 31 119 180
-5.3931 -41.0005 -3.4489 31 119 180
-5.3931 -41.1035 -3.4076 31 119 180
-5.3932 -40.875 -3.5917 31 119 180
-5.3931 -41.1936 -3.4629 31 119 180
-5.3931 -41.3572 -3.492 31 119 180
-5.3931 -41.5072 -3.4942 31 119 180
-5.3932 -41.4604 -3.5969 31 119 180
-5.3932 -41.9003 -3.6087 38 38 38
-5.3932 -42.0169 -3.5942 38 38 38
-5.3932 -41.8475 -3.7482 38 38 38
-5.3932 -41.9656 -3.688 38 38 38
-5.3932 -42.1988 -3.659 38 38 38
-5.3932 -42.295 -3.6774 38 38 38
-5.3932 -42.1663 -3.7656 38 38 38
-5.3932 -42.5373 -3.6664 38 38 38
-5.3931 -42.6356 -3.6162 38 38 38
-5.3932 -42.7311 -3.6575 38 38 38
-5.3932 -42.5192 -3.7768 38 38 38
-5.3932 -42.6274 -3.7216 38 38 38
-5.3932 -42.7767 -3.7468 38 38 38
-5.2958 -34.4836 -3.3868 31 119 180
-5.2958 -35.156 -3.3926 31 119 180
-5.2958 -35.2477 -3.4021 31 119 180
-5.2957 -35.3355 -3.3798 31 119 180
-5.2957 -35.4984 -3.4317 31 119 180
-5.2957 -35.7891 -3.4184 31 119 180
-5.2957 -35.8959 -3.409 31 119 180
-5.2957 -36.1094 -3.3901 31 119 180
-5.2957 -35.9407 -3.5211 31 119 180
-5.2957 -36.2624 -3.447 31 119 180
-5.2957 -36.3654 -3.4058 31 119 180
-5.2956 -36.5441 -3.4159 31 119 180
-5.2956 -36.6357 -3.4254 31 119 180
-5.2956 -36.7228 -3.426 31 119 180
-5.2956 -36.9879 -3.4595 31 119 180
-5.2956 -37.0901 -3.4412 31 119 180
-5.2956 -37.1878 -3.4138 31 119 180
-5.2956 -37.2885 -3.4412 31 119 180
-5.2956 -37.3771 -3.3961 31 119 180
-5.2955 -37.4793 -3.3777 31 119 180
-5.2955 -37.6254 -3.3481 31 119 180
-5.2955 -37.5596 -3.438 31 119 180
-5.2955 -37.7458 -3.3655 31 119 180
-5.2955 -37.8919 -3.336 31 119 180
-5.2955 -37.9888 -3.3315 31 119 180
-5.2955 -38.0692 -3.3918 31 119 180
-5.2955 -38.1608 -3.4013 31 119 180
-5.2955 -38.2517 -3.4337 31 119 180
-5.2955 -38.3494 -3.4064 31 119 180
-5.2955 -38.4509 -3.4109 31 119 180
-5.2955 -38.5849 -3.455 31 119 180
-5.2954 -38.9817 -3.4551 31 119 180
-5.2954 -39.0681 -3.4786 31 119 180
-5.2954 -39.0796 -3.574 31 119 180
-5.2954 -39.2046 -3.6003 31 119 180
-5.2954 -39.4596 -3.4927 31 119 180
-5.2954 -39.5294 -3.5808 31 119 180
-5.2954 -39.7353 -3.4983 31 119 180
-5.2953 -39.8375 -3.4799 31 119 180
-5.2953 -39.9488 -3.4794 31 119 180
-5.2954 -39.8149 -3.5815 31 119 180
-5.2953 -39.9989 -3.5776 31 119 180
-5.2953 -40.2638 -3.465 38 38 38
-5.2953 -40.0898 -3.61 31 119 180
-5.2953 -40.2314 -3.5716 38 38 38
-5.2953 -40.6697 -3.483 31 119 180
-5.2953 -40.6425 -3.5756 31 119 180
-5.2952 -40.9127 -3.449 31 119 180
-5.2952 -41.0248 -3.4256 31 119 180
-5.2952 -41.1603 -3.424 31 119 180
-5.2952 -41.2203 -3.5172 31 119 180
-5.2952 -41.4391 -3.4844 31 119 180
-5.2952 -41.5564 -3.447 31 119 180
-5.2952 -41.4112 -3.5998 31 119 180
-5.2952 -41.6571 -3.4744 31 119 180
-5.2952 -41.8497 -3.6574 38 38 38
-5.2951 -42.3167 -3.4305 38 38 38
-5.2952 -41.9474 -3.6301 38 38 38
-5.2951 -42.4416 -3.4568 38 38 38
-5.2952 -42.1594 -3.657 38 38 38
-5.2951 -42.2571 -3.6297 38 38 38
-5.2952 -42.2103 -3.7323 38 38 38
-5.2007 -34.4693 -3.4044 31 119 180
-5.2007 -34.5701 -3.4318 31 119 180
-5.2007 -34.7601 -3.3911 31 119 180
-5.2006 -35.1804 -3.413 31 119 180
-5.2006 -35.2781 -3.3857 31 119 180
-5.2006 -35.4136 -3.384 31 119 180
-5.2006 -35.5052 -3.3935 31 119 180
-5.2006 -35.718 -3.3975 38 38 38
-5.2006 -35.8437 -3.4009 31 119 180
-5.2006 -36.0717 -3.3859 31 119 180
-5.2006 -36.0021 -3.4439 31 119 180
-5.2006 -36.1671 -3.4272 31 119 180
-5.2005 -36.2852 -3.367 31 119 180
-5.2006 -36.3504 -3.4462 31 119 180
-5.2006 -36.4564 -3.4596 31 119 180
-5.2006 -36.5013 -3.5718 31 119 180
-5.2006 -36.6171 -3.5802 31 119 180
-5.2006 -36.7186 -3.5847 31 119 180
-5.2006 -36.9321 -3.5658 31 119 180
-5.2005 -37.3045 -3.4208 31 119 180
-5.2005 -37.4605 -3.3862 31 119 180
-5.2005 -37.5627 -3.3679 31 119 180
-5.2005 -37.6649 -3.3495 31 119 180
-5.2005 -37.7459 -3.3869 31 119 180
-5.2004 -37.8292 -3.3557 31 119 180
-5.2004 -37.9261 -3.3512 31 119 180
-5.2004 -38.042 -3.3596 31 119 180
-5.2005 -37.9671 -3.4316 31 119 180
-5.2004 -38.1828 -3.344 31 119 180
-5.2004 -38.2435 -3.4143 31 119 180
-5.2004 -38.3313 -3.392 31 119 180
-5.2004 -38.5335 -3.4239 31 119 180
-5.2004 -38.6789 -3.4172 31 119 180
-5.2004 -38.7842 -3.4535 31 119 180
-5.2004 -38.9538 -3.4458 31 119 180
-5.2004 -39.0508 -3.4413 31 119 180
-5.2004 -39.3446 -3.4827 31 119 180
-5.2004 -39.7097 -3.5665 31 119 180
-5.2003 -39.9012 -3.4801 31 119 180
-5.2003 -40.0716 -3.4494 31 119 180
-5.2004 -39.7757 -3.6229 31 119 180
-5.2004 -39.8589 -3.5916 31 119 180
-5.2003 -40.1927 -3.4439 31 119 180
-5.2003 -40.357 -3.45 31 119 180
-5.2003 -40.4571 -3.5003 31 119 180
-5.2003 -40.7812 -3.5037 31 119 180
-5.2003 -40.8795 -3.4535 31 119 180
-5.2002 -41.0513 -3.3771 31 119 180
-5.2003 -40.6132 -3.6119 31 119 180
-5.2002 -41.1528 -3.3816 31 119 180
-5.2003 -40.9803 -3.4809 31 119 180
-5.2003 -40.7291 -3.6203 31 119 180
-5.2003 -41.0727 -3.4675 31 119 180
-5.2003 -41.2082 -3.4659 31 119 180
-5.2002 -41.3157 -3.4336 31 119 180
-5.2002 -41.4217 -3.447 31 119 180
-5.2002 -41.5119 -3.5022 31 119 180
-5.2002 -41.9058 -3.5938 38 38 38
-5.2002 -42.3576 -3.3858 38 38 38
-5.2002 -42.1896 -3.494 38 38 38
-5.2002 -42.2775 -3.4717 38 38 38
-5.2003 -41.8635 -3.7054 38 38 38
-5.2003 -41.9657 -3.687 38 38 38
-5.2002 -42.0982 -3.6307 38 38 38
-5.1018 -34.3863 -3.3913 31 119 180
-5.1018 -34.537 -3.3707 31 119 180
-5.1018 -34.4719 -3.4377 31 119 180
-5.1018 -34.9081 -3.4177 31 119 180
-5.1015 -36.5671 -2.684 255 187 120
-5.1015 -36.4732 -2.7431 255 187 120
-5.1017 -35.2132 -3.4083 31 119 180
-5.1015 -36.689 -2.6556 255 187 120
-5.1015 -36.6572 -2.7392 255 187 120
-5.1017 -35.4503 -3.4112 31 119 180
-5.1017 -35.629 -3.4213 31 119 180
-5.1017 -35.7986 -3.4135 31 119 180
-5.1017 -35.9334 -3.4348 31 119 180
-5.1017 -36.0265 -3.3985 31 119 180
-5.1016 -36.1143 -3.3762 31 119 180
-5.1016 -36.2333 -3.4393 31 119 180
-5.1016 -36.3681 -3.4606 31 119 180
-5.1017 -36.3508 -3.5482 31 119 180
-5.1016 -36.4424 -3.5577 31 119 180
-5.1015 -37.298 -3.4363 31 119 180
-5.1016 -36.8689 -3.6889 31 119 180
-5.1015 -37.41 -3.4129 31 119 180
-5.1016 -36.8228 -3.7687 31 119 180
-5.1015 -37.4964 -3.4364 31 119 180
-5.1015 -37.5895 -3.4001 31 119 180
-5.1015 -37.7538 -3.4063 31 119 180
-5.1015 -37.8961 -3.345 31 119 180
-5.1015 -38.0604 -3.3512 31 119 180
-5.1014 -38.1672 -3.3417 31 119 180
-5.1015 -38.0045 -3.436 31 119 180
-5.1014 -38.2823 -3.373 31 119 180
-5.1014 -38.3944 -3.3496 31 119 180
-5.1014 -38.3483 -3.4294 31 119 180
-5.1014 -38.5042 -3.3948 31 119 180
-5.1014 -38.6247 -3.4122 31 119 180
-5.1014 -38.7655 -3.3966 31 119 180
-5.1014 -38.867 -3.4011 31 119 180
-5.1014 -38.973 -3.4145 31 119 180
-5.1014 -39.0646 -3.424 31 119 180
-5.1014 -39.2275 -3.476 31 119 180
-5.1013 -39.5077 -3.4906 31 119 180
-5.1014 -39.3344 -3.6127 31 119 180
-5.1013 -39.6493 -3.4521 31 119 180
-5.1013 -39.7562 -3.5888 31 119 180
-5.1013 -39.9772 -3.4874 31 119 180
-5.1013 -40.1384 -3.4389 31 119 180
-5.1013 -39.9069 -3.5682 31 119 180
-5.1013 -39.832 -3.6402 31 119 180
-5.1013 -40.2452 -3.4294 31 119 180
-5.1012 -40.3368 -3.4389 31 119 180
-5.1012 -40.5095 -3.4859 31 119 180
-5.1012 -40.6254 -3.4943 31 119 180
-5.1012 -40.7125 -3.4948 31 119 180
-5.1013 -40.5498 -3.5891 31 119 180
-5.1012 -40.7958 -3.4636 31 119 180
-5.1012 -40.9419 -3.4341 31 119 180
-5.1012 -41.0894 -3.3588 31 119 180
-5.1012 -40.6808 -3.5785 31 119 180
-5.1012 -41.057 -3.4654 31 119 180
-5.1012 -41.2341 -3.3751 31 119 180
-5.1012 -41.1736 -3.4509 31 119 180
-5.1011 -41.3303 -3.3935 31 119 180
-5.1012 -41.2698 -3.4694 31 119 180
-5.1011 -41.4356 -3.4298 31 119 180
-5.1011 -41.5378 -3.4114 31 119 180
-5.1011 -41.6839 -3.3819 31 119 180
-5.1011 -41.5008 -3.509 31 119 180
-5.1011 -41.6227 -3.4806 31 119 180
-5.1011 -42.0421 -3.3792 38 38 38
-5.1011 -41.8537 -3.5203 38 38 38
-5.1011 -41.971 -3.483 38 38 38
-5.1011 -42.1481 -3.3926 38 38 38
-5.1011 -42.0869 -3.4914 38 38 38
-5.1011 -42.2081 -3.4858 38 38 38
-5.1011 -42.3739 -3.4463 38 38 38
-5.101 -42.4655 -3.4558 38 38 38
-5.1011 -42.3808 -3.5328 38 38 38
-5.0088 -34.3597 -3.3707 31 119 180
-5.0088 -34.4302 -3.436 31 119 180
-5.0088 -34.537 -3.4265 31 119 180
-5.0088 -36.1461 -2.7408 255 187 120
-5.0088 -34.8762 -3.411 31 119 180
-5.0088 -36.2824 -2.7163 255 187 120
-5.0088 -36.0902 -2.8256 255 187 120
-5.0088 -36.4134 -2.7058 255 187 120
-5.0088 -36.231 -2.8101 255 187 120
-5.0089 -36.5254 -2.6824 255 187 120
-5.0089 -36.362 -2.7995 255 187 120
-5.0089 -36.6473 -2.654 255 187 120
-5.0089 -35.1852 -3.4334 31 119 180
-5.0089 -36.4884 -2.78 255 187 120
-5.0089 -35.0566 -3.5216 31 119 180
-5.0089 -36.6005 -2.7566 255 187 120
-5.0089 -35.1535 -3.5171 31 119 180
-5.0089 -36.6883 -2.7343 255 187 120
-5.0089 -36.767 -2.6942 255 187 120
-5.0089 -35.4579 -3.5306 31 119 180
-5.0089 -35.6449 -3.4353 31 119 180
-5.0089 -35.7463 -3.4398 31 119 180
-5.0089 -35.6033 -3.524 31 119 180
-5.0089 -35.7722 -3.5391 31 119 180
-5.0089 -36.0273 -3.4315 31 119 180
-5.009 -35.9025 -3.5514 31 119 180
-5.009 -36.2499 -3.4305 31 119 180
-5.0091 -37.3427 -3.4582 31 119 180
-5.0091 -37.4259 -3.427 31 119 180
-5.0091 -37.1845 -3.5614 31 119 180
-5.0091 -37.3397 -3.5497 31 119 180
-5.0091 -37.5706 -3.4433 31 119 180
-5.0091 -37.6577 -3.4438 31 119 180
-5.0091 -37.9022 -3.3641 31 119 180
-5.0091 -38.0044 -3.3458 31 119 180
-5.0091 -37.875 -3.4568 31 119 180
-5.0092 -37.9727 -3.4295 31 119 180
-5.0092 -38.0703 -3.4021 31 119 180
-5.0092 -38.168 -3.3748 31 119 180
-5.0092 -38.2233 -3.4591 31 119 180
-5.0092 -38.4587 -3.3616 31 119 180
-5.0092 -38.393 -3.4514 31 119 180
-5.0092 -38.5496 -3.394 31 119 180
-5.0092 -38.6466 -3.3895 31 119 180
-5.0092 -38.5906 -3.4743 31 119 180
-5.0092 -38.7972 -3.3689 31 119 180
-5.0092 -38.8896 -3.3556 31 119 180
-5.0093 -38.8625 -3.4482 31 119 180
-5.0093 -38.9639 -3.4527 31 119 180
-5.0093 -39.0601 -3.4711 31 119 180
-5.0093 -39.1926 -3.4148 31 119 180
-5.0093 -39.3259 -3.4818 38 38 38
-5.0093 -39.4569 -3.4713 31 119 180
-5.0093 -39.5538 -3.4669 31 119 180
-5.0093 -39.4343 -3.5728 31 119 180
-5.0093 -39.6448 -3.4993 31 119 180
-5.0094 -39.5843 -3.5751 31 119 180
-5.0094 -39.9598 -3.4849 31 119 180
-5.0094 -40.062 -3.4665 31 119 180
-5.0094 -39.7706 -3.6488 31 119 180
-5.0094 -40.2035 -3.428 31 119 180
-5.0094 -39.8683 -3.6215 31 119 180
-5.0094 -39.9712 -3.5803 31 119 180
-5.0094 -40.3338 -3.4404 31 119 180
-5.0094 -40.2445 -3.5084 31 119 180
-5.0094 -40.4588 -3.4666 31 119 180
-5.0094 -40.5451 -3.4901 31 119 180
-5.0095 -40.779 -3.4383 31 119 180
-5.0095 -40.8707 -3.4478 31 119 180
-5.0095 -41.0175 -3.3954 31 119 180
-5.0095 -41.1394 -3.367 31 119 180
-5.0095 -41.0139 -3.5098 31 119 180
-5.0095 -41.2644 -3.3933 31 119 180
-5.0095 -41.141 -3.4674 31 119 180
-5.0095 -41.2471 -3.4809 31 119 180
-5.0095 -41.3841 -3.4335 31 119 180
-5.0095 -41.6641 -3.3019 31 119 180
-5.0095 -41.5506 -3.3711 31 119 180
-5.0095 -41.4757 -3.443 31 119 180
-5.0095 -41.3524 -3.5172 31 119 180
-5.0095 -41.6461 -3.4124 31 119 180
-5.0095 -41.5666 -3.4754 31 119 180
-5.0096 -41.9217 -3.4181 38 38 38
-5.0096 -41.8991 -3.5196 38 38 38
-5.0096 -42.027 -3.4544 38 38 38
-5.0096 -42.4041 -3.4646 38 38 38
-5.0097 -42.52 -3.473 38 38 38
-5.0097 -42.3726 -3.6944 38 38 38
-4.9136 -34.3992 -3.4176 31 119 180
-4.9136 -34.4877 -3.3725 31 119 180
-4.9136 -36.0143 -2.695 255 187 120
-4.9136 -36.115 -2.7224 255 187 120
-4.9136 -36.299 -2.7185 255 187 120
-4.9136 -36.3801 -2.7559 255 187 120
-4.9136 -36.6541 -2.6612 255 187 120
-4.9136 -36.5111 -2.7454 255 187 120
-4.9136 -36.7419 -2.6389 255 187 120
-4.9136 -36.6368 -2.7488 255 187 120
-4.9137 -35.1164 -3.5356 31 119 180
-4.9136 -36.8223 -2.6992 255 187 120
-4.9137 -35.233 -3.5211 31 119 180
-4.9137 -35.448 -3.4564 31 119 180
-4.9137 -35.3679 -3.5423 31 119 180
-4.9137 -35.7047 -3.4493 31 119 180
-4.9137 -35.6488 -3.5341 31 119 180
-4.9137 -35.7404 -3.5436 31 119 180
-4.9137 -35.9319 -3.4571 31 119 180
-4.9137 -35.8465 -3.557 31 119 180
-4.9138 -35.9873 -3.5414 31 119 180
-4.9138 -36.1607 -3.5654 38 38 38
-4.9139 -37.6547 -3.456 31 119 180
-4.9139 -37.9582 -3.3461 31 119 180
-4.9139 -37.9068 -3.4399 31 119 180
-4.9139 -38.1271 -3.3613 31 119 180
-4.9139 -38.2127 -3.4076 31 119 180
-4.9139 -38.3883 -3.363 31 119 180
-4.9139 -38.4898 -3.3675 31 119 180
-4.9139 -38.5829 -3.3313 31 119 180
-4.9139 -38.371 -3.4506 31 119 180
-4.9139 -38.7283 -3.3246 31 119 180
-4.914 -38.8585 -3.3369 31 119 180
-4.914 -38.8897 -3.4223 31 119 180
-4.914 -38.9813 -3.4318 31 119 180
-4.914 -39.0888 -3.3995 31 119 180
-4.914 -39.316 -3.4074 31 119 180
-4.914 -39.2123 -3.4715 31 119 180
-4.914 -39.4311 -3.4386 31 119 180
-4.914 -39.5554 -3.4878 31 119 180
-4.914 -39.7015 -3.4582 31 119 180
-4.9141 -40.1271 -3.4662 31 119 180
-4.9141 -39.8312 -3.6396 31 119 180
-4.9141 -39.9478 -3.6251 31 119 180
-4.9141 -40.0606 -3.5789 38 38 38
-4.9141 -40.237 -3.5114 31 119 180
-4.9141 -40.3778 -3.4958 31 119 180
-4.9141 -40.5254 -3.4205 31 119 180
-4.9141 -40.4937 -3.5042 31 119 180
-4.9141 -40.331 -3.5985 31 119 180
-4.9141 -40.611 -3.4669 31 119 180
-4.9141 -40.7185 -3.4346 31 119 180
-4.9141 -40.8101 -3.4441 31 119 180
-4.9141 -41.0592 -3.3733 31 119 180
-4.9141 -40.9601 -3.4463 31 119 180
-4.9142 -41.1652 -3.3867 31 119 180
-4.9142 -41.0903 -3.4587 31 119 180
-4.9142 -41.2342 -3.4978 31 119 180
-4.9142 -41.5786 -3.3221 31 119 180
-4.9142 -41.3364 -3.4794 31 119 180
-4.9142 -41.4348 -3.4292 31 119 180
-4.9142 -41.5605 -3.4326 31 119 180
-4.9142 -41.6831 -3.3813 31 119 180
-4.9142 -42.0286 -3.4751 38 38 38
-4.9143 -42.1785 -3.4774 38 38 38
-4.9143 -42.2671 -3.4322 38 38 38
-4.9143 -42.3541 -3.4328 38 38 38
-4.9143 -42.2543 -3.5287 38 38 38
-4.9143 -42.3512 -3.5243 38 38 38
-4.9143 -42.4443 -3.4881 38 38 38
-4.8198 -35.8814 -2.6485 255 187 120
-4.8198 -34.4489 -3.4132 31 119 180
-4.8198 -34.7025 -3.3513 31 119 180
-4.8198 -34.8078 -3.3876 31 119 180
-4.8198 -36.0769 -2.7401 255 187 120
-4.8198 -36.1995 -2.6887 255 187 120
-4.8199 -36.3002 -2.7161 255 187 120
-4.8199 -35.0055 -3.4105 31 119 180
-4.8199 -36.4653 -2.6994 255 187 120
-4.8199 -36.5963 -2.6888 255 187 120
-4.8199 -35.1449 -3.4407 31 119 180
-4.8199 -36.7037 -2.6565 255 187 120
-4.8199 -36.8158 -2.6331 255 187 120
-4.8199 -35.142 -3.5322 31 119 180
-4.8199 -36.8817 -2.6894 255 187 120
-4.8199 -35.2525 -3.5545 31 119 180
-4.82 -35.3442 -3.564 31 119 180
-4.82 -35.4229 -3.5238 31 119 180
-4.82 -35.6258 -3.5328 31 119 180
-4.82 -35.7614 -3.5312 31 119 180
-4.82 -35.9878 -3.5619 31 119 180
-4.8202 -37.9011 -3.3508 31 119 180
-4.8202 -38.0427 -3.3123 31 119 180
-4.8202 -37.8498 -3.4445 31 119 180
-4.8202 -37.9618 -3.4211 31 119 180
-4.8203 -38.1821 -3.3425 31 119 180
-4.8203 -38.1079 -3.3916 31 119 180
-4.8203 -38.1981 -3.4468 31 119 180
-4.8203 -38.2866 -3.4017 31 119 180
-4.8203 -38.4872 -3.3331 31 119 180
-4.8203 -38.3934 -3.3922 31 119 180
-4.8203 -38.5827 -3.3744 31 119 180
-4.8203 -38.6811 -3.3242 31 119 180
-4.8203 -38.7977 -3.3097 31 119 180
-4.8204 -38.8826 -3.3789 31 119 180
-4.8204 -38.9901 -3.3466 31 119 180
-4.8204 -39.0507 -3.4169 31 119 180
-4.8204 -39.1378 -3.4174 31 119 180
-4.8204 -39.2666 -3.4755 31 119 180
-4.8204 -39.3741 -3.4431 31 119 180
-4.8204 -39.5149 -3.4276 31 119 180
-4.8205 -39.6217 -3.4181 31 119 180
-4.8205 -39.7239 -3.3997 31 119 180
-4.8205 -39.5756 -3.4979 31 119 180
-4.8205 -39.8247 -3.4271 31 119 180
-4.8205 -40.0549 -3.4896 31 119 180
-4.8205 -40.1874 -3.4333 31 119 180
-4.8206 -40.2382 -3.5086 31 119 180
-4.8206 -40.429 -3.445 31 119 180
-4.8206 -40.5758 -3.3926 31 119 180
-4.8206 -40.5244 -3.4863 31 119 180
-4.8206 -40.6962 -3.4099 31 119 180
-4.8206 -40.6593 -3.5076 31 119 180
-4.8206 -40.8167 -3.4273 31 119 180
-4.8206 -40.7562 -3.5031 31 119 180
-4.8206 -40.9916 -3.4055 31 119 180
-4.8206 -40.9114 -3.4914 31 119 180
-4.8206 -41.1422 -3.3849 31 119 180
-4.8207 -41.0174 -3.5048 31 119 180
-4.8207 -41.1151 -3.4775 31 119 180
-4.8207 -41.2907 -3.4329 31 119 180
-4.8207 -41.3936 -3.3917 31 119 180
-4.8207 -41.4723 -3.3515 31 119 180
-4.8207 -41.5806 -3.2963 31 119 180
-4.8207 -41.707 -3.2768 31 119 180
-4.8207 -41.4051 -3.4871 31 119 180
-4.8207 -41.5232 -3.4268 31 119 180
-4.8207 -41.6163 -3.3906 31 119 180
-4.8208 -42.0282 -3.3717 38 38 38
-4.8208 -41.9533 -3.4437 38 38 38
-4.8208 -42.1781 -3.374 38 38 38
-4.8208 -42.0639 -3.466 38 38 38
-4.8208 -42.3197 -3.3355 38 38 38
-4.8208 -42.1654 -3.4705 38 38 38
-4.8208 -42.4106 -3.3679 38 38 38
-4.8208 -42.2774 -3.4471 38 38 38
-4.8208 -42.4614 -3.4432 38 38 38
-4.7211 -34.3373 -3.3919 31 119 180
-4.7211 -34.4388 -3.3964 31 119 180
-4.7211 -35.8737 -2.7094 255 187 120
-4.7211 -34.6281 -3.3786 31 119 180
-4.7212 -36.0872 -2.6905 255 187 120
-4.7212 -34.7137 -3.4249 31 119 180
-4.7212 -34.8068 -3.3887 31 119 180
-4.7212 -36.2424 -2.6788 255 187 120
-4.7212 -34.9083 -3.3932 31 119 180
-4.7212 -36.3333 -2.7112 255 187 120
-4.7212 -35.0332 -3.4194 31 119 180
-4.7212 -36.4401 -2.7017 255 187 120
-4.7212 -35.1294 -3.4379 31 119 180
-4.7212 -36.6634 -2.6778 255 187 120
-4.7212 -36.5794 -2.7319 255 187 120
-4.7212 -35.0591 -3.5188 31 119 180
-4.7212 -36.7747 -2.6773 255 187 120
-4.7212 -36.8921 -2.6399 255 187 120
-4.7212 -35.175 -3.5272 31 119 180
-4.7213 -36.9331 -2.7203 255 187 120
-4.7213 -35.2947 -3.5674 31 119 180
-4.7213 -35.4204 -3.5707 31 119 180
-4.7213 -35.5658 -3.5641 31 119 180
-4.7213 -35.8021 -3.5898 31 119 180
-4.7213 -35.9331 -3.5792 31 119 180
-4.7215 -37.5815 -3.4809 38 38 38
-4.7215 -37.4135 -3.5891 31 119 180
-4.7215 -37.9251 -3.3282 31 119 180
-4.7215 -37.723 -3.4425 31 119 180
-4.7215 -37.8291 -3.4559 31 119 180
-4.7215 -38.075 -3.3304 31 119 180
-4.7215 -37.9706 -3.4174 31 119 180
-4.7215 -38.1107 -3.4247 31 119 180
-4.7215 -38.2523 -3.3863 31 119 180
-4.7215 -38.2016 -3.4571 31 119 180
-4.7215 -38.3485 -3.4047 31 119 180
-4.7215 -38.5059 -3.3244 31 119 180
-4.7215 -38.2978 -3.4756 31 119 180
-4.7216 -38.6028 -3.32 31 119 180
-4.7216 -38.4598 -3.4042 31 119 180
-4.7216 -38.7292 -3.3005 31 119 180
-4.7216 -38.5711 -3.4037 31 119 180
-4.7216 -38.6733 -3.3853 31 119 180
-4.7216 -38.8353 -3.3139 31 119 180
-4.7216 -38.7793 -3.3987 31 119 180
-4.7216 -39.0042 -3.329 31 119 180
-4.7216 -38.9149 -3.3971 31 119 180
-4.7216 -39.1148 -3.3514 31 119 180
-4.7216 -39.0444 -3.4322 31 119 180
-4.7216 -39.2109 -3.3698 31 119 180
-4.7216 -39.1649 -3.4496 31 119 180
-4.7216 -39.3405 -3.405 31 119 180
-4.7217 -39.2656 -3.4769 31 119 180
-4.7217 -39.4935 -3.4619 31 119 180
-4.7217 -39.6358 -3.4006 31 119 180
-4.7217 -39.6034 -3.5072 31 119 180
-4.7217 -39.7207 -3.4698 31 119 180
-4.7217 -39.8092 -3.4246 31 119 180
-4.7217 -39.9237 -3.4788 31 119 180
-4.7217 -40.0645 -3.4632 31 119 180
-4.7217 -40.2735 -3.4354 31 119 180
-4.7217 -40.0222 -3.5748 31 119 180
-4.7218 -40.1887 -3.5123 31 119 180
-4.7218 -40.5006 -3.4432 31 119 180
-4.7218 -40.397 -3.5074 38 38 38
-4.7218 -40.6112 -3.4656 31 119 180
-4.7218 -40.7506 -3.4958 31 119 180
-4.7218 -40.9073 -3.4383 31 119 180
-4.7218 -41.0534 -3.4088 31 119 180
-4.7218 -40.9823 -3.5126 31 119 180
-4.7218 -41.164 -3.4311 31 119 180
-4.7218 -41.074 -3.5221 31 119 180
-4.7219 -41.2753 -3.4306 31 119 180
-4.7219 -41.4917 -3.3202 31 119 180
-4.7219 -41.3972 -3.4022 31 119 180
-4.7219 -41.2436 -3.5143 31 119 180
-4.7219 -41.6863 -3.2885 31 119 180
-4.7219 -41.6122 -3.3375 31 119 180
-4.7219 -41.3412 -3.487 31 119 180
-4.7219 -41.5274 -3.4145 31 119 180
-4.7219 -41.7175 -3.3738 31 119 180
-4.7219 -41.9825 -3.4074 38 38 38
-4.7219 -42.0991 -3.3929 38 38 38
-4.7219 -41.9547 -3.5229 38 38 38
-4.7219 -42.2589 -3.3902 38 38 38
-4.7219 -42.0864 -3.4894 38 38 38
-4.722 -42.1833 -3.485 38 38 38
-4.722 -42.3551 -3.4086 38 38 38
-4.722 -42.3371 -3.5191 38 38 38
-4.722 -42.4355 -3.4689 38 38 38
-4.6257 -34.4187 -3.4067 31 119 180
-4.6257 -35.8763 -2.7644 255 187 120
-4.6257 -36.0633 -2.669 255 187 120
-4.6257 -36.2662 -2.678 255 187 120
-4.6257 -36.3677 -2.6825 255 187 120
-4.6258 -34.97 -3.418 31 119 180
-4.6257 -36.3845 -2.764 255 187 120
-4.6257 -36.5805 -2.6865 255 187 120
-4.6257 -36.682 -2.6909 255 187 120
-4.6258 -35.1405 -3.5336 31 119 180
-4.6257 -36.8228 -2.6754 255 187 120
-4.6258 -35.4783 -3.5638 31 119 180
-4.6258 -35.5654 -3.5644 31 119 180
-4.6259 -35.6623 -3.56 31 119 180
-4.6259 -35.8857 -3.536 31 119 180
-4.6259 -35.8017 -3.5901 31 119 180
-4.626 -37.8702 -3.3675 31 119 180
-4.626 -37.6682 -3.4818 31 119 180
-4.626 -37.9928 -3.3162 31 119 180
-4.626 -37.51 -3.585 31 119 180
-4.626 -37.5978 -3.5627 31 119 180
-4.626 -37.8673 -3.459 31 119 180
-4.626 -37.9801 -3.4127 31 119 180
-4.626 -38.0959 -3.4211 31 119 180
-4.626 -38.2761 -3.3855 31 119 180
-4.626 -38.1921 -3.4395 31 119 180
-4.626 -38.3639 -3.3632 31 119 180
-4.626 -38.4616 -3.3358 31 119 180
-4.626 -38.3171 -3.4658 31 119 180
-4.626 -38.4049 -3.4435 31 119 180
-4.626 -38.557 -3.3772 31 119 180
-4.626 -38.6554 -3.327 31 119 180
-4.626 -38.7614 -3.3404 31 119 180
-4.626 -38.8644 -3.2991 31 119 180
-4.626 -38.9704 -3.3125 31 119 180
-4.626 -39.0712 -3.3399 31 119 180
-4.6261 -39.1561 -3.4091 31 119 180
-4.6261 -39.2446 -3.3639 31 119 180
-4.6261 -39.3355 -3.3963 31 119 180
-4.6261 -39.2561 -3.4594 31 119 180
-4.6261 -39.4907 -3.3847 31 119 180
-4.6261 -39.4007 -3.4756 31 119 180
-4.6261 -39.6119 -3.3791 31 119 180
-4.6261 -39.7225 -3.4015 31 119 180
-4.6261 -39.6332 -3.4695 31 119 180
-4.6261 -39.7438 -3.4919 31 119 180
-4.6261 -39.8225 -3.4517 31 119 180
-4.6261 -39.9233 -3.4791 31 119 180
-4.6262 -40.0967 -3.5031 31 119 180
-4.6262 -40.214 -3.4658 31 119 180
-4.6262 -40.065 -3.5868 31 119 180
-4.6262 -40.4079 -3.4569 38 38 38
-4.6262 -40.5336 -3.4603 31 119 180
-4.6262 -40.6442 -3.4826 31 119 180
-4.6262 -40.7994 -3.4709 31 119 180
-4.6262 -40.9561 -3.4135 31 119 180
-4.6262 -40.9001 -3.4983 31 119 180
-4.6262 -41.0772 -3.408 31 119 180
-4.6262 -41.016 -3.5067 31 119 180
-4.6262 -41.3255 -3.36 31 119 180
-4.6262 -41.4239 -3.3099 31 119 180
-4.6262 -41.1523 -3.4822 31 119 180
-4.6262 -41.2643 -3.4588 31 119 180
-4.6262 -41.3567 -3.4454 31 119 180
-4.6262 -41.4891 -3.3891 31 119 180
-4.6262 -41.5822 -3.3529 31 119 180
-4.6262 -41.7427 -3.3272 31 119 180
-4.6263 -41.6179 -3.4472 31 119 180
-4.6263 -41.7201 -3.4288 31 119 180
-4.6263 -41.867 -3.3764 38 38 38
-4.6263 -42.1086 -3.3881 38 38 38
-4.6263 -42.0344 -3.4372 38 38 38
-4.6263 -42.2009 -3.3748 38 38 38
-4.6263 -41.9694 -3.5042 38 38 38
-4.6263 -42.1344 -3.4875 38 38 38
-4.6263 -42.2949 -3.4618 38 38 38
-4.6263 -42.4032 -3.4066 38 38 38
-4.6263 -42.4002 -3.4981 38 38 38
-4.5276 -35.6229 -2.6804 255 187 120
-4.5277 -34.4198 -3.3842 31 119 180
-4.5276 -35.7615 -2.7334 255 187 120
-4.5277 -34.603 -3.4032 31 119 180
-4.5276 -35.9304 -2.7485 255 187 120
-4.5276 -36.0485 -2.6883 255 187 120
-4.5276 -36.184 -2.6866 255 187 120
-4.5276 -36.2651 -2.7241 255 187 120
-4.5276 -36.4227 -2.7899 255 187 120
-4.5276 -36.8618 -2.6785 255 187 120
-4.5276 -37.0079 -2.6489 255 187 120
-4.5276 -36.9474 -2.7248 255 187 120
-4.5276 -37.0837 -2.7003 255 187 120
-4.5277 -35.4249 -3.5803 31 119 180
-4.5277 -35.5899 -3.5636 31 119 180
-4.5277 -35.6657 -3.6149 31 119 180
-4.5277 -35.7444 -3.5748 31 119 180
-4.5277 -37.9039 -3.3845 31 119 180
-4.5277 -37.6557 -3.5786 31 119 180
-4.5277 -38.1174 -3.3656 31 119 180
-4.5277 -38.2129 -3.4069 31 119 180
-4.5277 -38.5679 -3.3496 31 119 180
-4.5277 -38.6694 -3.354 31 119 180
-4.5277 -38.7656 -3.3725 31 119 180
-4.5277 -38.8686 -3.3312 31 119 180
-4.5277 -39.1125 -3.4206 31 119 180
-4.5277 -39.2397 -3.3782 31 119 180
-4.5277 -39.3344 -3.4424 31 119 180
-4.5277 -39.4328 -3.3922 31 119 180
-4.5277 -39.5494 -3.3777 31 119 180
-4.5277 -39.66 -3.4001 31 119 180
-4.5277 -39.6283 -3.4837 31 119 180
-4.5277 -39.7653 -3.4364 31 119 180
-4.5277 -39.9327 -3.4972 31 119 180
-4.5277 -40.0395 -3.4878 31 119 180
-4.5277 -39.9245 -3.6027 31 119 180
-4.5277 -40.1258 -3.5112 31 119 180
-4.5277 -40.2326 -3.5018 31 119 180
-4.5277 -40.1714 -3.6005 31 119 180
-4.5277 -40.537 -3.5152 31 119 180
-4.5277 -40.3546 -3.6195 31 119 180
-4.5277 -40.4712 -3.605 31 119 180
-4.5277 -40.8535 -3.4551 31 119 180
-4.5277 -40.5629 -3.6145 31 119 180
-4.5277 -40.7596 -3.5142 31 119 180
-4.5277 -40.9905 -3.4077 31 119 180
-4.5276 -41.1411 -3.3871 31 119 180
-4.5277 -40.7227 -3.6118 31 119 180
-4.5276 -41.4355 -3.2594 31 119 180
-4.5277 -40.958 -3.5142 31 119 180
-4.5277 -41.0754 -3.4769 31 119 180
-4.5276 -41.3607 -3.3313 31 119 180
-4.5276 -41.2517 -3.4094 31 119 180
-4.5277 -41.1768 -3.4814 31 119 180
-4.5276 -41.4569 -3.3498 31 119 180
-4.5276 -41.3918 -3.4167 31 119 180
-4.5277 -41.292 -3.5126 31 119 180
-4.5276 -41.6879 -3.3894 31 119 180
-4.5276 -41.8105 -3.3381 31 119 180
-4.5277 -41.7879 -3.4397 31 119 180
-4.5276 -42.1218 -3.4381 38 38 38
-4.5276 -42.2104 -3.3929 38 38 38
-4.5277 -42.2317 -3.4833 38 38 38
-4.5276 -42.3536 -3.4549 38 38 38
-4.5277 -42.3075 -3.5347 38 38 38
-4.5277 -42.546 -3.4918 38 38 38
-4.334 -35.6738 -2.6536 255 187 120
-4.3341 -34.3632 -3.3898 31 119 180
-4.334 -36.0427 -2.7692 255 187 120
-4.334 -36.1653 -2.7179 255 187 120
-4.334 -36.244 -2.6777 255 187 120
-4.334 -36.3796 -2.676 255 187 120
-4.334 -36.4796 -2.7263 255 187 120
-4.3341 -34.9094 -3.5612 31 119 180
-4.334 -36.8006 -2.675 255 187 120
-4.3341 -35.0344 -3.5875 31 119 180
-4.3341 -35.1366 -3.5691 31 119 180
-4.334 -36.9218 -2.6695 255 187 120
-4.334 -36.8416 -2.7554 255 187 120
-4.334 -37.0679 -2.6399 255 187 120
-4.3341 -35.4471 -3.5457 31 119 180
-4.3341 -35.5327 -3.592 31 119 180
-4.3341 -35.6243 -3.6015 31 119 180
-4.3341 -35.5154 -3.6796 31 119 180
-4.3341 -37.8807 -3.4067 31 119 180
-4.3341 -37.9776 -3.4022 31 119 180
-4.3341 -38.0662 -3.3571 31 119 180
-4.3341 -37.681 -3.5986 31 119 180
-4.3341 -38.195 -3.4151 31 119 180
-4.3341 -38.3895 -3.3833 31 119 180
-4.3341 -38.2799 -3.4843 31 119 180
-4.3341 -38.5652 -3.3387 31 119 180
-4.3341 -38.6765 -3.3382 31 119 180
-4.3341 -38.8166 -3.3455 31 119 180
-4.3341 -38.9718 -3.3338 31 119 180
-4.3341 -39.227 -3.3723 31 119 180
-4.3341 -39.1378 -3.4404 31 119 180
-4.3341 -39.4247 -3.3953 31 119 180
-4.3341 -39.3551 -3.4533 31 119 180
-4.3341 -39.5466 -3.3668 31 119 180
-4.3341 -39.5876 -3.4472 31 119 180
-4.3341 -39.68 -3.4338 31 119 180
-4.3341 -39.9004 -3.5014 31 119 180
-4.3341 -39.8157 -3.5783 31 119 180
-4.3341 -40.0125 -3.4779 31 119 180
-4.3341 -39.9073 -3.5878 31 119 180
-4.3341 -40.1238 -3.4774 31 119 180
-4.3341 -40.2147 -3.5098 31 119 180
-4.3341 -40.3071 -3.4964 31 119 180
-4.3341 -40.2557 -3.5901 31 119 180
-4.3341 -40.367 -3.5896 31 119 180
-4.3341 -40.9968 -3.4145 31 119 180
-4.3341 -40.8833 -3.4837 38 38 38
-4.3341 -41.1376 -3.3989 31 119 180
-4.3341 -40.6844 -3.6527 31 119 180
-4.3341 -41.0726 -3.4659 31 119 180
-4.3341 -41.003 -3.5239 31 119 180
-4.3341 -40.8199 -3.6511 31 119 180
-4.3341 -41.2573 -3.4391 31 119 180
-4.3341 -41.1635 -3.4982 31 119 180
-4.3341 -41.3845 -3.3967 31 119 180
-4.3341 -40.764 -3.7359 31 119 180
-4.3341 -41.5064 -3.3683 31 119 180
-4.3341 -40.6846 -3.7989 31 119 180
-4.3341 -41.4603 -3.4481 31 119 180
-4.3341 -41.7146 -3.3633 31 119 180
-4.3341 -41.5512 -3.4805 31 119 180
-4.3341 -41.6541 -3.4392 31 119 180
-4.3341 -41.8751 -3.3377 31 119 180
-4.3341 -41.7806 -3.4197 31 119 180
-4.3341 -41.8919 -3.4192 31 119 180
-4.3341 -42.1577 -3.4298 38 38 38
-4.3341 -42.2736 -3.4382 38 38 38
-4.3341 -42.0912 -3.5425 38 38 38
-4.3341 -42.2032 -3.5191 38 38 38
-4.3341 -42.4933 -3.5286 38 38 38
-4.3341 -42.4851 -3.6341 38 38 38
-4.2344 -35.6085 -2.6525 255 187 120
-4.2344 -35.7191 -2.6748 255 187 120
-4.2345 -34.4099 -3.3653 31 119 180
-4.2345 -34.3926 -3.4529 31 119 180
-4.2345 -34.5001 -3.4205 31 119 180
-4.2345 -34.6932 -3.4345 31 119 180
-4.2343 -36.3037 -2.7029 255 187 120
-4.2345 -34.7433 -3.5327 31 119 180
-4.2345 -34.913 -3.525 31 119 180
-4.2343 -36.4325 -2.7609 255 187 120
-4.2345 -34.8426 -3.6058 31 119 180
-4.2345 -35.0478 -3.5462 31 119 180
-4.2345 -34.9729 -3.6181 31 119 180
-4.2345 -35.0986 -3.6215 31 119 180
-4.2343 -36.9822 -2.6718 255 187 120
-4.2345 -35.3136 -3.5569 31 119 180
-4.2343 -37.1184 -2.6473 255 187 120
-4.2345 -35.2243 -3.6249 31 119 180
-4.2345 -35.4045 -3.5892 31 119 180
-4.2343 -37.248 -2.6824 255 187 120
-4.2345 -35.344 -3.6651 31 119 180
-4.2345 -35.5052 -3.6166 31 119 180
-4.2345 -35.4349 -3.6975 31 119 180
-4.2345 -35.5561 -3.6919 31 119 180
-4.2344 -37.7935 -3.4843 31 119 180
-4.2344 -37.8722 -3.4442 31 119 180
-4.2344 -37.9706 -3.394 31 119 180
-4.2343 -38.0629 -3.3806 31 119 180
-4.2344 -37.9677 -3.4855 31 119 180
-4.2343 -38.1493 -3.4041 31 119 180
-4.2343 -38.2697 -3.4214 31 119 180
-4.2343 -38.3726 -3.3801 31 119 180
-4.2343 -38.4605 -3.3578 31 119 180
-4.2343 -38.4477 -3.4544 31 119 180
-4.2343 -38.5559 -3.3992 31 119 180
-4.2343 -38.649 -3.3629 31 119 180
-4.2343 -38.7603 -3.3624 31 119 180
-4.2343 -38.8625 -3.344 31 119 180
-4.2343 -38.9883 -3.3474 31 119 180
-4.2343 -38.9376 -3.4182 31 119 180
-4.2343 -39.0897 -3.3519 31 119 180
-4.2343 -39.1799 -3.4071 31 119 180
-4.2343 -39.3442 -3.4133 31 119 180
-4.2343 -39.4457 -3.4178 31 119 180
-4.2343 -39.6305 -3.391 31 119 180
-4.2343 -39.5465 -3.4451 31 119 180
-4.2343 -39.676 -3.4803 31 119 180
-4.2343 -39.7888 -3.434 31 119 180
-4.2343 -40.0145 -3.4876 31 119 180
-4.2343 -40.1357 -3.4821 31 119 180
-4.2343 -39.9821 -3.5942 31 119 180
-4.2343 -40.1464 -3.6004 31 119 180
-4.2343 -40.2714 -3.6266 31 119 180
-4.2343 -40.3774 -3.6401 31 119 180
-4.2343 -40.9406 -3.4315 31 119 180
-4.2342 -41.0284 -3.4092 31 119 180
-4.2343 -40.535 -3.7059 31 119 180
-4.2343 -40.638 -3.6647 31 119 180
-4.2342 -41.1291 -3.4366 31 119 180
-4.2343 -40.7598 -3.6362 31 119 180
-4.2343 -41.0353 -3.4957 31 119 180
-4.2342 -41.2359 -3.4271 31 119 180
-4.2343 -41.1262 -3.5281 31 119 180
-4.2342 -41.3321 -3.4456 31 119 180
-4.2343 -41.233 -3.5186 31 119 180
-4.2342 -41.4297 -3.4182 31 119 180
-4.2342 -41.6001 -3.3876 31 119 180
-4.2342 -41.417 -3.5148 31 119 180
-4.2342 -41.5154 -3.4646 31 119 180
-4.2342 -41.6063 -3.4969 31 119 180
-4.2342 -41.7289 -3.4456 31 119 180
-4.2342 -41.8447 -3.454 31 119 180
-4.2342 -41.9992 -3.4652 31 119 180
-4.2342 -42.1235 -3.5144 38 38 38
-4.2342 -42.2211 -3.487 38 38 38
-4.2342 -42.3612 -3.4943 38 38 38
-4.1412 -35.6803 -2.6605 255 187 120
-4.1413 -34.3909 -3.341 31 119 180
-4.1413 -34.3448 -3.4208 31 119 180
-4.1412 -35.7062 -2.7598 255 187 120
-4.1412 -35.8046 -2.7096 255 187 120
-4.1413 -34.4509 -3.4342 31 119 180
-4.1412 -36.0718 -2.6744 255 187 120
-4.1412 -36.2369 -2.6577 255 187 120
-4.1412 -36.3232 -2.6812 255 187 120
-4.1413 -34.757 -3.548 31 119 180
-4.1412 -36.4619 -2.7342 255 187 120
-4.1413 -34.9016 -3.5642 31 119 180
-4.1413 -35.0501 -3.6122 31 119 180
-4.1413 -35.1386 -3.5671 31 119 180
-4.1413 -35.2507 -3.5436 31 119 180
-4.1412 -37.0456 -2.6388 255 187 120
-4.1412 -36.8829 -2.7331 255 187 120
-4.1412 -37.0041 -2.7276 255 187 120
-4.1412 -37.2644 -2.606 255 187 120
-4.1412 -37.1161 -2.7041 255 187 120
-4.1413 -35.3106 -3.6368 31 119 180
-4.1413 -35.4227 -3.6134 31 119 180
-4.1412 -37.213 -2.6997 255 187 120
-4.1413 -35.444 -3.7038 31 119 180
-4.1413 -35.5462 -3.6854 31 119 180
-4.1413 -37.8366 -3.4842 31 119 180
-4.1413 -37.9486 -3.4608 31 119 180
-4.1413 -38.0667 -3.4005 31 119 180
-4.1413 -38.2114 -3.4167 31 119 180
-4.1413 -38.3097 -3.3665 31 119 180
-4.1413 -38.4741 -3.3727 31 119 180
-4.1413 -38.3901 -3.4268 31 119 180
-4.1413 -38.5861 -3.3493 31 119 180
-4.1413 -38.708 -3.3208 31 119 180
-4.1413 -38.4855 -3.4681 31 119 180
-4.1413 -38.5688 -3.4369 31 119 180
-4.1413 -38.8927 -3.2941 31 119 180
-4.1413 -38.8459 -3.3967 31 119 180
-4.1413 -39.0018 -3.3622 31 119 180
-4.1413 -39.0973 -3.4035 31 119 180
-4.1413 -39.1859 -3.3583 31 119 180
-4.1413 -39.4661 -3.3728 31 119 180
-4.1413 -39.3821 -3.4269 31 119 180
-4.1413 -39.5668 -3.4002 31 119 180
-4.1413 -39.6736 -3.3907 31 119 180
-4.1413 -39.775 -3.3952 31 119 180
-4.1414 -39.6169 -3.4984 31 119 180
-4.1414 -39.7479 -3.4878 31 119 180
-4.1414 -39.9463 -3.4878 31 119 180
-4.1414 -40.1023 -3.4532 31 119 180
-4.1414 -40.2553 -3.5101 31 119 180
-4.1414 -40.2183 -3.6078 31 119 180
-4.1414 -40.3251 -3.5983 31 119 180
-4.1414 -40.6468 -3.5241 31 119 180
-4.1414 -40.4592 -3.6424 31 119 180
-4.1414 -40.5758 -3.6279 31 119 180
-4.1414 -40.6636 -3.6056 31 119 180
-4.1414 -41.0117 -3.4617 31 119 180
-4.1414 -40.7552 -3.6151 31 119 180
-4.1414 -41.1715 -3.4589 31 119 180
-4.1414 -40.8749 -3.6553 31 119 180
-4.1414 -41.2867 -3.4902 31 119 180
-4.1414 -41.4388 -3.4238 31 119 180
-4.1414 -41.5364 -3.3965 31 119 180
-4.1414 -41.6621 -3.3998 31 119 180
-4.1414 -41.4896 -3.4991 31 119 180
-4.1414 -41.5865 -3.4947 31 119 180
-4.1414 -41.7773 -3.4311 31 119 180
-4.1414 -41.7312 -3.5109 31 119 180
-4.1414 -42.0097 -3.425 31 119 180
-4.1414 -41.9106 -3.498 31 119 180
-4.1414 -42.1491 -3.4551 38 38 38
-4.1414 -42.0402 -3.5332 31 119 180
-4.1414 -42.2892 -3.4624 38 38 38
-4.1414 -42.3545 -3.5416 38 38 38
-4.0441 -35.5202 -2.7225 255 187 120
-4.0441 -35.7843 -2.6328 255 187 120
-4.0441 -35.6747 -2.7337 255 187 120
-4.0441 -34.361 -3.4152 31 119 180
-4.0441 -34.486 -3.4415 31 119 180
-4.0441 -36.3205 -2.663 255 187 120
-4.0441 -36.2456 -2.735 255 187 120
-4.0441 -34.6762 -3.547 31 119 180
-4.0441 -34.8988 -3.5459 31 119 180
-4.0441 -35.0056 -3.5365 31 119 180
-4.0441 -36.8574 -2.6704 255 187 120
-4.0441 -36.7734 -2.7245 255 187 120
-4.0441 -35.0806 -3.6107 31 119 180
-4.0441 -35.1972 -3.5962 31 119 180
-4.0442 -37.0505 -2.6844 255 187 120
-4.0442 -36.937 -2.7536 255 187 120
-4.0442 -37.2269 -2.6169 255 187 120
-4.0442 -37.1664 -2.6928 255 187 120
-4.0441 -35.3109 -3.6732 31 119 180
-4.0442 -37.3912 -2.6231 255 187 120
-4.0442 -37.2974 -2.6822 255 187 120
-4.0443 -38.0276 -3.4574 31 119 180
-4.0443 -38.179 -3.4139 31 119 180
-4.0443 -38.2812 -3.3955 31 119 180
-4.0443 -38.3743 -3.3593 31 119 180
-4.0443 -38.4614 -3.3598 31 119 180
-4.0443 -38.6227 -3.3113 31 119 180
-4.0443 -38.4199 -3.4486 31 119 180
-4.0443 -38.5372 -3.4112 31 119 180
-4.0443 -38.6932 -3.3766 31 119 180
-4.0443 -38.7802 -3.3772 31 119 180
-4.0443 -38.9362 -3.3427 31 119 180
-4.0443 -38.8666 -3.4007 31 119 180
-4.0443 -39.0967 -3.317 31 119 180
-4.0443 -39.0211 -3.4119 31 119 180
-4.0444 -39.1975 -3.3444 31 119 180
-4.0444 -39.3459 -3.3924 31 119 180
-4.0444 -39.4443 -3.3422 31 119 180
-4.0444 -39.5307 -3.3657 31 119 180
-4.0444 -39.6139 -3.3345 31 119 180
-4.0444 -39.7435 -3.3696 31 119 180
-4.0444 -39.6542 -3.4377 31 119 180
-4.0444 -39.9034 -3.5131 31 119 180
-4.0444 -40.045 -3.4746 31 119 180
-4.0444 -39.9248 -3.6035 31 119 180
-4.0444 -40.1647 -3.5148 31 119 180
-4.0444 -40.2571 -3.5014 31 119 180
-4.0444 -40.3494 -3.4881 31 119 180
-4.0444 -40.1716 -3.6013 31 119 180
-4.0444 -40.2731 -3.6058 31 119 180
-4.0444 -40.4646 -3.5193 31 119 180
-4.0445 -40.4564 -3.6248 31 119 180
-4.0445 -40.7796 -3.5049 31 119 180
-4.0445 -40.6109 -3.636 31 119 180
-4.0445 -40.9341 -3.5161 31 119 180
-4.0445 -41.0718 -3.4458 31 119 180
-4.0445 -40.8153 -3.5992 31 119 180
-4.0445 -41.2656 -3.4369 31 119 180
-4.0445 -40.916 -3.6266 31 119 180
-4.0445 -41.1612 -3.524 31 119 180
-4.0445 -41.4648 -3.4141 31 119 180
-4.0445 -41.3755 -3.4822 31 119 180
-4.0445 -41.2915 -3.5363 31 119 180
-4.0445 -41.5715 -3.4047 31 119 180
-4.0445 -41.5005 -3.5084 31 119 180
-4.0445 -41.7011 -3.4398 31 119 180
-4.0445 -41.6451 -3.5246 31 119 180
-4.0445 -41.8003 -3.513 31 119 180
-4.0445 -41.8836 -3.4817 31 119 180
-4.0445 -41.9851 -3.4862 31 119 180
-4.0445 -42.0949 -3.5314 31 119 180
-4.0446 -42.3137 -3.4986 38 38 38
-4.0446 -42.1542 -3.6475 38 38 38
-4.0446 -42.5063 -3.6816 38 38 38
-3.9497 -35.1949 -2.6844 255 187 120
-3.9497 -35.288 -2.6481 255 187 120
-3.9497 -35.3842 -2.6666 255 187 120
-3.9497 -35.4652 -2.704 255 187 120
-3.9497 -35.5993 -2.7481 255 187 120
-3.9496 -34.344 -3.4224 31 119 180
-3.9496 -34.4416 -3.3951 31 119 180
-3.9498 -35.7349 -2.7464 255 187 120
-3.9498 -35.8378 -2.7051 255 187 120
-3.9498 -35.9575 -2.7453 255 187 120
-3.9498 -36.0491 -2.7548 255 187 120
-3.9498 -36.2936 -2.6751 255 187 120
-3.9498 -36.1506 -2.7593 255 187 120
-3.9497 -34.6153 -3.5653 31 119 180
-3.9498 -36.2475 -2.7548 255 187 120
-3.9497 -34.7115 -3.5837 31 119 180
-3.9498 -36.3445 -2.7504 255 187 120
-3.9497 -34.7986 -3.5843 31 119 180
-3.9499 -36.6571 -2.6584 255 187 120
-3.9499 -36.5678 -2.7264 255 187 120
-3.9497 -34.9871 -3.5893 31 119 180
-3.9499 -36.8017 -2.6746 255 187 120
-3.9498 -35.1968 -3.5386 31 119 180
-3.9499 -36.9812 -2.6618 255 187 120
-3.9498 -35.1167 -3.6245 31 119 180
-3.9499 -36.9018 -2.7248 255 187 120
-3.9499 -37.1076 -2.6423 255 187 120
-3.9498 -35.2628 -3.595 31 119 180
-3.95 -37.1985 -2.6746 255 187 120
-3.95 -37.2871 -2.6295 255 187 120
-3.95 -37.409 -2.601 255 187 120
-3.9502 -38.1265 -3.4726 31 119 180
-3.9502 -38.2491 -3.4213 31 119 180
-3.9502 -38.3422 -3.3851 31 119 180
-3.9502 -38.4581 -3.3934 31 119 180
-3.9502 -38.5413 -3.3622 31 119 180
-3.9502 -38.6246 -3.331 31 119 180
-3.9502 -38.3931 -3.4604 31 119 180
-3.9502 -38.7261 -3.3355 31 119 180
-3.9502 -38.6073 -3.4186 31 119 180
-3.9502 -38.8184 -3.3221 31 119 180
-3.9503 -38.9744 -3.2875 31 119 180
-3.9503 -38.8844 -3.3784 31 119 180
-3.9503 -39.1191 -3.3037 31 119 180
-3.9503 -39.054 -3.3707 31 119 180
-3.9503 -39.204 -3.3729 31 119 180
-3.9503 -39.3047 -3.4003 31 119 180
-3.9503 -39.3978 -3.364 31 119 180
-3.9503 -39.5151 -3.3266 31 119 180
-3.9504 -39.612 -3.3222 31 119 180
-3.9504 -39.6288 -3.4037 31 119 180
-3.9504 -39.7174 -3.3585 31 119 180
-3.9504 -39.7478 -3.4667 31 119 180
-3.9504 -39.8546 -3.4573 31 119 180
-3.9504 -39.9606 -3.4707 31 119 180
-3.9504 -40.1014 -3.4551 31 119 180
-3.9505 -40.318 -3.4908 31 119 180
-3.9505 -40.4348 -3.6225 31 119 180
-3.9505 -40.5591 -3.6716 31 119 180
-3.9505 -40.7052 -3.6421 31 119 180
-3.9506 -41.2086 -3.4865 31 119 180
-3.9506 -40.9029 -3.665 31 119 180
-3.9506 -40.9914 -3.6198 31 119 180
-3.9506 -41.4372 -3.4485 31 119 180
-3.9506 -41.3237 -3.5177 31 119 180
-3.9506 -41.0672 -3.6711 31 119 180
-3.9506 -41.5591 -3.4201 31 119 180
-3.9506 -41.6598 -3.4475 31 119 180
-3.9506 -41.5706 -3.5155 31 119 180
-3.9507 -41.8007 -3.4319 31 119 180
-3.9507 -41.7493 -3.5256 31 119 180
-3.9507 -41.9158 -3.4631 31 119 180
-3.9508 -42.427 -3.5173 38 38 38
-3.9507 -42.1705 -3.6707 38 38 38
-3.9508 -42.2576 -3.6713 38 38 38
-3.8549 -35.1243 -2.574 255 187 120
-3.855 -35.2893 -2.5573 255 187 120
-3.855 -35.4318 -2.6421 255 187 120
-3.855 -35.5129 -2.6795 255 187 120
-3.855 -35.6477 -2.7007 255 187 120
-3.8549 -34.3726 -3.385 31 119 180
-3.855 -35.8233 -2.6561 255 187 120
-3.855 -35.7727 -2.727 255 187 120
-3.8549 -34.4681 -3.4264 31 119 180
-3.8551 -35.8938 -2.7214 255 187 120
-3.855 -34.5643 -3.4448 31 119 180
-3.8551 -36.0097 -2.7298 255 187 120
-3.8551 -36.2928 -2.6529 255 187 120
-3.8551 -36.2414 -2.7466 255 187 120
-3.855 -34.7976 -3.562 31 119 180
-3.8551 -36.5783 -2.6535 255 187 120
-3.8552 -36.7577 -2.6407 255 187 120
-3.855 -34.9325 -3.5832 31 119 180
-3.8552 -36.6783 -2.7038 255 187 120
-3.855 -35.0385 -3.5967 31 119 180
-3.8552 -36.8578 -2.691 255 187 120
-3.8552 -36.9554 -2.6637 255 187 120
-3.855 -35.1498 -3.5961 31 119 180
-3.8552 -37.184 -2.6258 255 187 120
-3.8552 -37.3438 -2.623 255 187 120
-3.8553 -37.4604 -2.6085 255 187 120
-3.8554 -38.1544 -3.4585 31 119 180
-3.8554 -38.2619 -3.4261 31 119 180
-3.8555 -38.4087 -3.3737 31 119 180
-3.8555 -38.5201 -3.3732 31 119 180
-3.8555 -38.3574 -3.4674 31 119 180
-3.8555 -38.6571 -3.3258 31 119 180
-3.8555 -38.611 -3.4056 31 119 180
-3.8555 -38.7919 -3.347 31 119 180
-3.8555 -38.9373 -3.3404 31 119 180
-3.8555 -38.8677 -3.3984 31 119 180
-3.8555 -39.0985 -3.2918 31 119 180
-3.8555 -39.0289 -3.3499 31 119 180
-3.8556 -39.2091 -3.3142 31 119 180
-3.8556 -39.2993 -3.3694 31 119 180
-3.8556 -39.5294 -3.2858 31 119 180
-3.8556 -39.4439 -3.3857 31 119 180
-3.8556 -39.6452 -3.2942 31 119 180
-3.8556 -39.5848 -3.3701 31 119 180
-3.8556 -39.7294 -3.3863 31 119 180
-3.8557 -39.9407 -3.436 31 119 180
-3.8557 -39.856 -3.513 31 119 180
-3.8557 -40.0302 -3.5141 31 119 180
-3.8557 -40.1725 -3.4528 31 119 180
-3.8557 -40.2975 -3.479 31 119 180
-3.8558 -40.5596 -3.6041 31 119 180
-3.8558 -40.4757 -3.6582 31 119 180
-3.8558 -40.6453 -3.6504 31 119 180
-3.8558 -40.8641 -3.6175 31 119 180
-3.8558 -40.8225 -3.7062 31 119 180
-3.8558 -40.9399 -3.6689 31 119 180
-3.8559 -41.2055 -3.5334 31 119 180
-3.8559 -41.3667 -3.4849 31 119 180
-3.8559 -41.1095 -3.6611 31 119 180
-3.8559 -41.2018 -3.6477 31 119 180
-3.8559 -41.2949 -3.6115 31 119 180
-3.8559 -41.6098 -3.4509 31 119 180
-3.8559 -41.5159 -3.51 31 119 180
-3.8559 -41.1164 -3.7476 31 119 180
-3.8559 -41.0468 -3.8056 31 119 180
-3.8559 -41.7302 -3.4682 31 119 180
-3.8559 -41.6311 -3.5413 31 119 180
-3.856 -41.9657 -3.5168 31 119 180
-3.856 -41.9144 -3.6105 31 119 180
-3.856 -42.115 -3.5419 38 38 38
-3.856 -42.2073 -3.5286 38 38 38
-3.856 -42.0492 -3.6318 38 38 38
-3.856 -42.1552 -3.6452 38 38 38
-3.856 -42.4731 -3.5392 38 38 38
-3.856 -42.3915 -3.6709 38 38 38
-3.7561 -35.2198 -2.5715 255 187 120
-3.7561 -35.3107 -2.6039 255 187 120
-3.7561 -35.4691 -2.6469 255 187 120
-3.7561 -35.404 -2.7138 255 187 120
-3.7561 -35.5705 -2.6514 255 187 120
-3.7562 -35.6917 -2.6458 255 187 120
-3.7562 -35.7841 -2.6325 255 187 120
-3.7562 -35.6358 -2.7306 255 187 120
-3.7562 -35.8711 -2.6331 255 187 120
-3.7562 -35.7857 -2.7329 255 187 120
-3.7562 -35.8826 -2.7285 255 187 120
-3.7562 -36.0204 -2.6582 255 187 120
-3.756 -34.3851 -3.56 31 119 180
-3.7562 -36.0856 -2.7374 255 187 120
-3.7562 -36.2627 -2.6471 255 187 120
-3.7562 -36.1969 -2.7369 255 187 120
-3.7561 -34.6562 -3.5567 31 119 180
-3.7562 -36.3279 -2.7263 255 187 120
-3.7562 -36.4407 -2.6801 255 187 120
-3.7562 -36.5921 -2.6366 255 187 120
-3.7561 -34.8388 -3.5986 31 119 180
-3.7562 -36.5747 -2.7242 255 187 120
-3.7563 -36.683 -2.6689 255 187 120
-3.7561 -34.9985 -3.5959 31 119 180
-3.7563 -36.7981 -2.7002 255 187 120
-3.7563 -36.9109 -2.6539 255 187 120
-3.7563 -37.0116 -2.6813 255 187 120
-3.7563 -37.1047 -2.6451 255 187 120
-3.7563 -36.942 -2.7393 255 187 120
-3.7563 -37.2698 -2.6284 255 187 120
-3.7563 -37.1556 -2.7204 255 187 120
-3.7563 -37.3305 -2.6987 255 187 120
-3.7563 -37.5174 -2.6033 255 187 120
-3.7563 -37.4235 -2.6624 255 187 120
-3.7563 -37.5387 -2.6937 255 187 120
-3.7564 -37.6265 -2.6714 255 187 120
-3.7564 -38.25 -3.456 31 119 180
-3.7565 -38.4112 -3.4075 31 119 180
-3.7564 -38.3371 -3.4566 31 119 180
-3.7565 -38.5921 -3.349 31 119 180
-3.7565 -38.6838 -3.3585 31 119 180
-3.7565 -38.5604 -3.4326 31 119 180
-3.7565 -38.808 -3.4076 31 119 180
-3.7565 -38.9155 -3.3753 31 119 180
-3.7565 -39.004 -3.3301 31 119 180
-3.7565 -39.1456 -3.2916 31 119 180
-3.7565 -39.0897 -3.3764 31 119 180
-3.7565 -39.2403 -3.3558 31 119 180
-3.7565 -39.3615 -3.3503 31 119 180
-3.7566 -39.4743 -3.304 31 119 180
-3.7565 -39.2965 -3.4172 31 119 180
-3.7566 -39.5863 -3.2806 31 119 180
-3.7566 -39.4714 -3.3955 31 119 180
-3.7566 -39.5592 -3.3732 31 119 180
-3.7566 -39.6667 -3.3408 31 119 180
-3.7566 -39.794 -3.4446 31 119 180
-3.7566 -39.8962 -3.4263 31 119 180
-3.7566 -39.9977 -3.4307 31 119 180
-3.7566 -39.8547 -3.515 31 119 180
-3.7566 -39.9562 -3.5194 31 119 180
-3.7566 -40.0886 -3.4631 31 119 180
-3.7566 -40.1901 -3.4676 31 119 180
-3.7566 -40.3362 -3.4381 31 119 180
-3.7567 -40.5228 -3.6579 31 119 180
-3.7567 -40.6303 -3.6256 31 119 180
-3.7567 -40.7704 -3.6329 31 119 180
-3.7567 -40.5978 -3.7322 31 119 180
-3.7567 -40.6955 -3.7048 31 119 180
-3.7567 -40.8908 -3.6502 31 119 180
-3.7567 -41.1171 -3.5348 31 119 180
-3.7567 -41.2238 -3.5253 31 119 180
-3.7567 -41.0558 -3.6335 31 119 180
-3.7567 -41.3116 -3.503 31 119 180
-3.7568 -41.4676 -3.4685 31 119 180
-3.7567 -41.2209 -3.6168 31 119 180
-3.7568 -41.5722 -3.5276 31 119 180
-3.7568 -41.7509 -3.5377 38 38 38
-3.7568 -41.8728 -3.5093 31 119 180
-3.7568 -41.7768 -3.637 38 38 38
-3.7568 -41.913 -3.6125 31 119 180
-3.7568 -42.128 -3.5478 38 38 38
-3.7568 -42.2257 -3.5205 38 38 38
-3.7568 -42.0759 -3.6644 38 38 38
-3.7568 -42.1834 -3.6321 38 38 38
-3.7569 -42.3894 -3.6958 38 38 38
-3.7569 -42.5 -3.7181 38 38 38
-3.7569 -42.5931 -3.6818 38 38 38
-3.6621 -35.0979 -2.5775 255 187 120
-3.6621 -35.0283 -2.6355 255 187 120
-3.6621 -35.1903 -2.5642 255 187 120
-3.6621 -35.2714 -2.6016 255 187 120
-3.6621 -35.2207 -2.6724 255 187 120
-3.6622 -35.4131 -2.7093 255 187 120
-3.6622 -35.5487 -2.7077 255 187 120
-3.6622 -35.6909 -2.6463 255 187 120
-3.6622 -35.6592 -2.73 255 187 120
-3.6622 -35.8159 -2.6726 255 187 120
-3.6622 -35.8946 -2.6324 255 187 120
-3.6622 -36.0203 -2.6358 255 187 120
-3.6621 -34.2852 -3.6335 31 119 180
-3.6621 -34.4131 -3.5682 31 119 180
-3.6623 -36.4217 -2.6449 255 187 120
-3.6621 -34.6153 -3.6001 31 119 180
-3.6621 -34.5313 -3.6542 31 119 180
-3.6623 -36.5959 -2.646 255 187 120
-3.6621 -34.7653 -3.6024 31 119 180
-3.6622 -34.8879 -3.5511 31 119 180
-3.6623 -36.7026 -2.6366 255 187 120
-3.6621 -34.6707 -3.6843 31 119 180
-3.6623 -36.8094 -2.6271 255 187 120
-3.6622 -34.8607 -3.6437 31 119 180
-3.6623 -36.9063 -2.6227 255 187 120
-3.6623 -37.0032 -2.6183 255 187 120
-3.6624 -37.1388 -2.6166 255 187 120
-3.6624 -37.2501 -2.6161 255 187 120
-3.6624 -37.3614 -2.6156 255 187 120
-3.6624 -37.4636 -2.5972 255 187 120
-3.6624 -37.5802 -2.5827 255 187 120
-3.6624 -37.6771 -2.5783 255 187 120
-3.6624 -37.5341 -2.6625 255 187 120
-3.6626 -38.3946 -3.45 31 119 180
-3.6626 -38.5815 -3.3547 31 119 180
-3.6626 -38.4908 -3.4684 31 119 180
-3.6626 -38.7314 -3.3569 31 119 180
-3.6626 -38.593 -3.4501 31 119 180
-3.6626 -38.8912 -3.3542 31 119 180
-3.6626 -39.116 -3.2845 31 119 180
-3.6626 -38.9716 -3.4145 31 119 180
-3.6626 -39.2175 -3.289 31 119 180
-3.6626 -39.0647 -3.3782 31 119 180
-3.6626 -39.1616 -3.3738 31 119 180
-3.6627 -39.4296 -3.3158 31 119 180
-3.6627 -39.3055 -3.4129 31 119 180
-3.6627 -39.6196 -3.2752 31 119 180
-3.6627 -39.5303 -3.3432 31 119 180
-3.6627 -39.6879 -3.4091 31 119 180
-3.6627 -39.8537 -3.3695 31 119 180
-3.6627 -39.7788 -3.4415 31 119 180
-3.6627 -39.9885 -3.3908 31 119 180
-3.6627 -39.894 -3.4728 31 119 180
-3.6628 -40.0893 -3.4181 31 119 180
-3.6627 -40.0197 -3.4762 31 119 180
-3.6628 -40.2142 -3.4444 31 119 180
-3.6628 -40.1053 -3.5225 31 119 180
-3.6628 -40.2795 -3.5237 31 119 180
-3.6628 -40.3778 -3.4735 31 119 180
-3.6628 -40.5704 -3.6565 31 119 180
-3.6628 -40.6779 -3.6242 31 119 180
-3.6628 -40.765 -3.6248 31 119 180
-3.6629 -40.8408 -3.6761 31 119 180
-3.6629 -41.2132 -3.5312 31 119 180
-3.6629 -40.9907 -3.6784 38 38 38
-3.6629 -41.1368 -3.6489 31 119 180
-3.6629 -41.3828 -3.5234 31 119 180
-3.6629 -41.2201 -3.6177 31 119 180
-3.6629 -41.5047 -3.495 31 119 180
-3.6629 -41.5978 -3.4588 31 119 180
-3.6629 -41.3072 -3.6183 31 119 180
-3.663 -41.7894 -3.5185 38 38 38
-3.663 -41.9303 -3.5029 31 119 180
-3.663 -41.8251 -3.6128 38 38 38
-3.663 -42.0939 -3.532 38 38 38
-3.663 -42.1726 -3.4919 38 38 38
-3.663 -42.0039 -3.6229 38 38 38
-3.663 -42.1053 -3.6274 38 38 38
-3.663 -42.3363 -3.6671 38 38 38
-3.663 -42.4371 -3.6945 38 38 38
-3.6631 -42.6369 -3.6488 38 38 38
-3.6631 -42.5621 -3.7207 38 38 38
-3.4752 -34.9785 -2.5583 255 187 120
-3.4753 -35.1656 -2.6091 255 187 120
-3.4753 -35.2603 -2.6733 255 187 120
-3.4753 -35.38 -2.7135 38 38 38
-3.4753 -35.614 -2.6617 255 187 120
-3.4754 -35.6746 -2.732 255 187 120
-3.4754 -35.7912 -2.7175 255 187 120
-3.4754 -35.9215 -2.7299 255 187 120
-3.4753 -34.293 -3.5719 38 38 38
-3.4754 -36.0381 -2.7154 255 187 120
-3.4754 -36.1214 -2.6842 255 187 120
-3.4754 -36.2924 -2.6306 255 187 120
-3.4753 -34.3975 -3.6311 31 119 180
-3.4753 -34.4906 -3.5949 31 119 180
-3.4754 -36.2024 -2.7216 255 187 120
-3.4753 -34.6255 -3.6161 31 119 180
-3.4753 -34.546 -3.6791 31 119 180
-3.4753 -34.7178 -3.6027 31 119 180
-3.4753 -34.6566 -3.7015 31 119 180
-3.4753 -34.9026 -3.576 38 38 38
-3.4755 -36.7619 -2.6274 255 187 120
-3.4755 -36.6326 -2.7384 255 187 120
-3.4753 -34.8073 -3.6809 31 119 180
-3.4755 -36.9558 -2.6185 255 187 120
-3.4755 -36.8619 -2.6777 255 187 120
-3.4755 -37.0474 -2.628 255 187 120
-3.4756 -37.217 -2.6203 255 187 120
-3.4756 -37.1126 -2.7073 255 187 120
-3.4756 -37.3132 -2.6387 255 187 120
-3.4756 -37.6009 -2.5707 255 187 120
-3.4756 -37.3988 -2.685 255 187 120
-3.4756 -37.7009 -2.621 255 187 120
-3.4759 -38.4539 -3.4408 31 119 180
-3.4759 -38.5372 -3.4096 31 119 180
-3.4759 -38.625 -3.3873 31 119 180
-3.4759 -38.7317 -3.3778 31 119 180
-3.4759 -38.588 -3.4849 31 119 180
-3.4759 -38.8181 -3.4013 31 119 180
-3.4759 -39.0043 -3.3288 31 119 180
-3.4759 -38.753 -3.4682 31 119 180
-3.4759 -38.9196 -3.4057 31 119 180
-3.476 -39.1103 -3.3422 31 119 180
-3.4759 -38.8492 -3.4866 31 119 180
-3.476 -39.2178 -3.3099 31 119 180
-3.476 -39.0249 -3.442 31 119 180
-3.476 -38.9409 -3.4961 31 119 180
-3.476 -39.1907 -3.4025 31 119 180
-3.476 -39.3284 -3.3322 31 119 180
-3.476 -39.2777 -3.403 31 119 180
-3.476 -39.4791 -3.3116 31 119 180
-3.476 -39.3792 -3.4075 31 119 180
-3.476 -39.5904 -3.3111 31 119 180
-3.476 -39.4761 -3.4031 31 119 180
-3.4761 -39.6549 -3.4132 31 119 180
-3.4761 -39.7427 -3.3909 31 119 180
-3.4761 -39.9713 -3.353 31 119 180
-3.4761 -39.8283 -3.4372 31 119 180
-3.4761 -39.9343 -3.4506 31 119 180
-3.4761 -40.144 -3.3999 31 119 180
-3.4761 -40.0639 -3.4858 31 119 180
-3.4762 -40.3659 -3.4217 31 119 180
-3.4762 -40.2328 -3.5009 31 119 180
-3.4762 -40.3388 -3.5144 31 119 180
-3.4762 -40.4417 -3.4731 31 119 180
-3.4762 -40.6146 -3.6662 38 38 38
-3.4763 -40.7456 -3.6556 38 38 38
-3.4763 -40.8615 -3.664 38 38 38
-3.4763 -41.1559 -3.5363 38 38 38
-3.4763 -41.0167 -3.6523 38 38 38
-3.4763 -41.2771 -3.5308 38 38 38
-3.4763 -41.1379 -3.6468 38 38 38
-3.4763 -41.2355 -3.6195 38 38 38
-3.4764 -41.5625 -3.5314 38 38 38
-3.4764 -41.3703 -3.6407 38 38 38
-3.4764 -41.6496 -3.532 38 38 38
-3.4764 -41.4764 -3.6541 38 38 38
-3.4764 -41.6028 -3.6346 38 38 38
-3.4764 -41.814 -3.5382 38 38 38
-3.4764 -41.7429 -3.6419 38 38 38
-3.4765 -42.1486 -3.5137 38 38 38
-3.4765 -42.1155 -3.6431 38 38 38
-3.4765 -42.0065 -3.7212 38 38 38
-3.4765 -42.2654 -3.6454 38 38 38
-3.4765 -42.4086 -3.7074 38 38 38
-3.3767 -34.9184 -2.6344 255 187 120
-3.3766 -35.0168 -2.5842 255 187 120
-3.3766 -35.1432 -2.5647 255 187 120
-3.3767 -35.1926 -2.6858 255 187 120
-3.3767 -35.3539 -2.6373 255 187 120
-3.3767 -35.2881 -2.7271 255 187 120
-3.3767 -35.4675 -2.7143 255 187 120
-3.3767 -35.5554 -2.692 255 187 120
-3.3767 -35.6432 -2.6697 255 187 120
-3.3767 -35.809 -2.6302 255 187 120
-3.3767 -35.7477 -2.7289 255 187 120
-3.3767 -35.8742 -2.7094 255 187 120
-3.3767 -35.9718 -2.6821 255 187 120
-3.3767 -36.1762 -2.6453 255 187 120
-3.3768 -34.2814 -3.6458 31 119 180
-3.3768 -34.3798 -3.5956 31 119 180
-3.3767 -36.0915 -2.7223 255 187 120
-3.3767 -36.2784 -2.6269 255 187 120
-3.3767 -36.3754 -2.6225 255 187 120
-3.3767 -36.1832 -2.7318 255 187 120
-3.3767 -36.2952 -2.7084 255 187 120
-3.3768 -34.4699 -3.6509 31 119 180
-3.3768 -34.6259 -3.6163 31 119 180
-3.3767 -36.4648 -2.7006 255 187 120
-3.3768 -34.5654 -3.6922 31 119 180
-3.3767 -36.6412 -2.6331 255 187 120
-3.3768 -34.7857 -3.6136 31 119 180
-3.3767 -36.5709 -2.714 255 187 120
-3.3767 -36.7427 -2.6376 255 187 120
-3.3768 -34.7297 -3.6984 31 119 180
-3.3767 -36.6913 -2.7314 255 187 120
-3.3767 -36.9274 -2.6109 255 187 120
-3.3768 -34.8562 -3.6789 31 119 180
-3.3767 -36.8328 -2.6929 255 187 120
-3.3767 -37.0176 -2.6662 255 187 120
-3.3767 -37.2455 -2.6511 255 187 120
-3.3767 -37.3484 -2.6099 255 187 120
-3.3767 -37.4408 -2.5965 255 187 120
-3.3767 -37.5967 -2.5619 255 187 120
-3.3767 -37.6891 -2.5486 255 187 120
-3.3769 -38.5861 -3.4075 31 119 180
-3.377 -38.4968 -3.4755 31 119 180
-3.377 -38.6875 -3.412 31 119 180
-3.377 -38.7883 -3.4393 31 119 180
-3.377 -38.8912 -3.398 31 119 180
-3.3769 -39.1175 -3.2826 31 119 180
-3.377 -39.0328 -3.3596 31 119 180
-3.377 -39.2334 -3.291 31 119 180
-3.377 -38.967 -3.4494 31 119 180
-3.377 -39.1683 -3.3579 31 119 180
-3.377 -39.3084 -3.3652 31 119 180
-3.377 -39.4303 -3.3368 31 119 180
-3.377 -39.5627 -3.2805 31 119 180
-3.377 -39.6537 -3.3129 31 119 180
-3.377 -39.5598 -3.372 31 119 180
-3.377 -39.8074 -3.3469 31 119 180
-3.377 -39.7129 -3.4289 31 119 180
-3.377 -39.9384 -3.3364 31 119 180
-3.377 -40.0406 -3.318 31 119 180
-3.377 -39.8431 -3.4412 31 119 180
-3.377 -39.9545 -3.4407 31 119 180
-3.377 -40.0377 -3.4095 31 119 180
-3.377 -40.2081 -3.3788 31 119 180
-3.377 -40.1468 -3.4776 31 119 180
-3.377 -40.352 -3.4179 31 119 180
-3.377 -40.268 -3.472 31 119 180
-3.3771 -40.5438 -3.6238 38 38 38
-3.3771 -40.6537 -3.6691 38 38 38
-3.3771 -40.8036 -3.6713 38 38 38
-3.3771 -40.9641 -3.6457 38 38 38
-3.3771 -41.2336 -3.542 38 38 38
-3.3771 -41.08 -3.6541 38 38 38
-3.3771 -41.4078 -3.5431 38 38 38
-3.3771 -41.2595 -3.6413 38 38 38
-3.3771 -41.563 -3.5315 38 38 38
-3.3771 -41.6803 -3.4941 38 38 38
-3.3771 -41.3897 -3.6536 38 38 38
-3.3771 -41.4927 -3.6123 38 38 38
-3.3771 -41.9895 -3.6627 38 38 38
-3.3771 -42.2695 -3.5311 38 38 38
-3.3771 -41.9623 -3.7553 38 38 38
-3.3771 -42.0706 -3.7001 38 38 38
-3.3771 -42.1493 -3.6599 38 38 38
-3.3771 -42.4105 -3.6617 38 38 38
-3.3772 -42.4976 -3.6622 38 38 38
-3.2809 -34.9266 -2.5964 255 187 120
-3.2809 -35.1008 -2.5976 255 187 120
-3.2809 -35.219 -2.6835 255 187 120
-3.2809 -35.4234 -2.6467 255 187 120
-3.2809 -35.3342 -2.7148 255 187 120
-3.2809 -35.4894 -2.7031 255 187 120
-3.2808 -35.6468 -2.6228 255 187 120
-3.2809 -35.5765 -2.7037 255 187 120
-3.2808 -35.7581 -2.6223 255 187 120
-3.2809 -35.712 -2.702 255 187 120
-3.2809 -35.8089 -2.6976 255 187 120
-3.2808 -35.8975 -2.6524 255 187 120
-3.2808 -36.0337 -2.6279 255 187 120
-3.2808 -36.1352 -2.6324 255 187 120
-3.2809 -35.9824 -2.7216 255 187 120
-3.2812 -34.344 -3.5688 31 119 180
-3.2808 -36.0793 -2.7172 255 187 120
-3.2808 -36.3048 -2.6246 255 187 120
-3.2808 -36.2201 -2.7016 255 187 120
-3.2812 -34.4289 -3.638 31 119 180
-3.2812 -34.5319 -3.5967 31 119 180
-3.2808 -36.4639 -2.6447 255 187 120
-3.2808 -36.3988 -2.7117 255 187 120
-3.2812 -34.6326 -3.6241 31 119 180
-3.2812 -34.5578 -3.6961 31 119 180
-3.2808 -36.5344 -2.71 255 187 120
-3.2812 -34.6638 -3.7095 31 119 180
-3.2808 -36.6412 -2.7006 255 187 120
-3.2808 -36.7887 -2.6253 255 187 120
-3.2812 -34.7766 -3.6632 31 119 180
-3.2808 -36.8856 -2.6208 255 187 120
-3.2808 -36.7472 -2.714 255 187 120
-3.2812 -34.8667 -3.7184 31 119 180
-3.2808 -36.8539 -2.7045 255 187 120
-3.2808 -36.9713 -2.6672 255 187 120
-3.2807 -37.412 -2.6561 255 187 120
-3.2807 -37.6277 -2.5685 255 187 120
-3.2807 -37.733 -2.6048 255 187 120
-3.2809 -38.5194 -3.4413 31 119 180
-3.2809 -38.4399 -3.5044 31 119 180
-3.2809 -38.6412 -3.4129 31 119 180
-3.2808 -38.8169 -3.3683 31 119 180
-3.2809 -38.7465 -3.4492 31 119 180
-3.2808 -39.0712 -3.2836 31 119 180
-3.2808 -38.9865 -3.3605 31 119 180
-3.2808 -38.9123 -3.4096 31 119 180
-3.2808 -39.0728 -3.384 31 119 180
-3.2808 -39.2 -3.3416 31 119 180
-3.2808 -39.3029 -3.3003 31 119 180
-3.2808 -39.4385 -3.2987 31 119 180
-3.2808 -39.5709 -3.2424 31 119 180
-3.2808 -39.3924 -3.3785 31 119 180
-3.2808 -39.5241 -3.345 31 119 180
-3.2808 -39.7036 -3.3322 31 119 180
-3.2808 -39.83 -3.3127 31 119 180
-3.2808 -39.7885 -3.4014 31 119 180
-3.2807 -39.9845 -3.3239 31 119 180
-3.2808 -39.8952 -3.392 31 119 180
-3.2808 -40.0013 -3.4054 31 119 180
-3.2807 -40.2026 -3.3139 31 119 180
-3.2808 -40.0989 -3.3781 31 119 180
-3.2807 -40.3767 -3.3151 31 119 180
-3.2808 -40.2042 -3.4144 31 119 180
-3.2807 -40.3064 -3.396 31 119 180
-3.2808 -40.6626 -3.6081 38 38 38
-3.2808 -40.7331 -3.6733 38 38 38
-3.2808 -40.8255 -3.66 38 38 38
-3.2808 -40.9042 -3.6198 38 38 38
-3.2807 -41.1631 -3.544 38 38 38
-3.2807 -41.2842 -3.5384 38 38 38
-3.2808 -41.1064 -3.6517 38 38 38
-3.2807 -41.4205 -3.5139 38 38 38
-3.2807 -41.2283 -3.6232 38 38 38
-3.2807 -41.5628 -3.4526 38 38 38
-3.2807 -41.3737 -3.6166 38 38 38
-3.2807 -41.7854 -3.4515 38 38 38
-3.2807 -41.6522 -3.5307 38 38 38
-3.2807 -42.1452 -3.5492 38 38 38
-3.2807 -42.0121 -3.6284 38 38 38
-3.2807 -42.2565 -3.5487 38 38 38
-3.2807 -42.1514 -3.6586 38 38 38
-3.2807 -42.3628 -3.7083 38 38 38
-3.2807 -42.5149 -3.6419 38 38 38
-3.2807 -42.6164 -3.6464 38 38 38
-3.2807 -42.7133 -3.642 38 38 38
-3.2807 -42.6377 -3.7368 38 38 38
-3.1894 -34.8733 -2.6113 255 187 120
-3.1894 -35.0974 -2.5645 255 187 120
-3.1894 -35.1982 -2.5918 255 187 120
-3.1895 -35.2536 -2.6761 255 187 120
-3.1895 -35.3603 -2.6666 255 187 120
-3.1895 -35.486 -2.67 255 187 120
-3.1894 -35.7108 -2.6003 255 187 120
-3.1895 -35.6458 -2.6673 255 187 120
-3.1894 -35.7919 -2.6377 255 187 120
-3.1895 -35.8996 -2.7516 255 187 120
-3.1897 -34.4165 -3.5871 31 119 180
-3.1895 -36.0004 -2.7789 255 187 120
-3.1897 -34.565 -3.6351 31 119 180
-3.1897 -34.5045 -3.7109 31 119 180
-3.1897 -34.7096 -3.6513 31 119 180
-3.1898 -34.6105 -3.7243 31 119 180
-3.1898 -34.7067 -3.7428 31 119 180
-3.1898 -34.8082 -3.7473 31 119 180
-3.1894 -37.4821 -2.5968 255 187 120
-3.1894 -37.585 -2.5555 255 187 120
-3.1895 -37.4125 -2.6548 255 187 120
-3.1894 -37.6865 -2.56 255 187 120
-3.1894 -37.5677 -2.6431 255 187 120
-3.1896 -37.1254 -3.1613 38 38 38
-3.1896 -36.9922 -3.2405 38 38 38
-3.1896 -37.0037 -3.3359 38 38 38
-3.1896 -37.1513 -3.2606 38 38 38
-3.1897 -38.4889 -3.5008 31 119 180
-3.1897 -38.7689 -3.3692 31 119 180
-3.1897 -38.5957 -3.4914 31 119 180
-3.1896 -38.8711 -3.3508 31 119 180
-3.1897 -38.6986 -3.4501 31 119 180
-3.1896 -39.0127 -3.3124 31 119 180
-3.1897 -38.9567 -3.3972 31 119 180
-3.1896 -39.124 -3.3118 31 119 180
-3.1896 -39.242 -3.2516 31 119 180
-3.1896 -39.5683 -3.1864 31 119 180
-3.1896 -39.3807 -3.3046 31 119 180
-3.1896 -39.3111 -3.3626 31 119 180
-3.1896 -39.467 -3.3281 31 119 180
-3.1896 -39.57 -3.2868 31 119 180
-3.1896 -39.6683 -3.2366 31 119 180
-3.1896 -39.8055 -3.3354 31 119 180
-3.1896 -39.938 -3.2791 31 119 180
-3.1896 -39.8919 -3.3588 31 119 180
-3.1896 -40.0781 -3.2863 31 119 180
-3.1896 -40.1901 -3.2629 31 119 180
-3.1897 -39.9979 -3.3723 31 119 180
-3.1896 -40.3098 -3.3031 31 119 180
-3.1897 -40.2448 -3.3701 31 119 180
-3.1897 -40.3652 -3.3874 31 119 180
-3.1897 -40.6902 -3.5141 38 38 38
-3.1897 -40.8591 -3.5292 38 38 38
-3.1897 -40.9659 -3.5197 38 38 38
-3.1897 -40.8176 -3.6179 38 38 38
-3.1897 -40.9244 -3.6085 38 38 38
-3.1897 -41.1053 -3.5499 38 38 38
-3.1897 -41.2423 -3.5025 38 38 38
-3.1897 -41.0493 -3.6347 38 38 38
-3.1897 -41.349 -3.493 38 38 38
-3.1897 -41.5897 -3.3815 38 38 38
-3.1897 -41.4695 -3.5104 38 38 38
-3.1897 -41.5671 -3.483 38 38 38
-3.1897 -41.6791 -3.4596 38 38 38
-3.1897 -41.8404 -3.4111 38 38 38
-3.1897 -41.7844 -3.4959 38 38 38
-3.1897 -41.9646 -3.4602 38 38 38
-3.1897 -41.9277 -3.5579 38 38 38
-3.1897 -42.073 -3.5512 38 38 38
-3.1897 -42.4895 -3.5413 38 38 38
-3.1897 -42.311 -3.6774 38 38 38
-3.1897 -42.423 -3.6539 38 38 38
-3.1897 -42.6101 -3.7048 38 38 38
-3.1897 -42.7032 -3.6685 38 38 38
-3.0942 -34.9293 -2.5479 255 187 120
-3.0942 -35.055 -2.5513 255 187 120
-3.0942 -35.1723 -2.5139 255 187 120
-3.0943 -35.2618 -2.5921 255 187 120
-3.0943 -35.3899 -2.673 255 187 120
-3.0943 -35.4784 -2.6278 255 187 120
-3.0943 -35.5662 -2.6055 255 187 120
-3.0943 -35.6836 -2.5681 255 187 120
-3.0943 -35.7094 -2.6675 255 187 120
-3.0943 -35.7353 -2.7668 255 187 120
-3.0945 -34.2546 -3.6799 31 119 180
-3.0945 -34.4977 -3.6459 31 119 180
-3.0946 -34.6371 -3.6761 31 119 180
-3.0946 -34.5478 -3.7441 31 119 180
-3.0946 -34.7719 -3.6973 31 119 180
-3.0946 -34.7303 -3.786 31 119 180
-3.0946 -34.8371 -3.7765 31 119 180
-3.0944 -37.532 -2.5701 255 187 120
-3.0944 -37.4715 -2.646 255 187 120
-3.0944 -37.6925 -2.5444 255 187 120
-3.0944 -37.651 -2.6331 255 187 120
-3.0945 -36.9438 -3.2641 38 38 38
-3.0945 -37.1595 -3.1765 38 38 38
-3.0945 -37.0801 -3.2395 38 38 38
-3.0946 -36.9743 -3.3723 38 38 38
-3.0946 -37.2051 -3.2658 38 38 38
-3.0947 -38.5593 -3.4412 31 119 180
-3.0947 -38.4753 -3.4953 31 119 180
-3.0947 -38.6917 -3.3848 31 119 180
-3.0947 -38.8235 -3.3514 31 119 180
-3.0947 -38.9499 -3.3319 31 119 180
-3.0947 -39.0483 -3.2817 31 119 180
-3.0947 -39.1747 -3.2622 31 119 180
-3.0947 -38.8841 -3.4217 31 119 180
-3.0947 -39.031 -3.3693 31 119 180
-3.0948 -38.0563 -3.8891 31 119 180
-3.0948 -38.1449 -3.844 31 119 180
-3.0947 -39.255 -3.3224 31 119 180
-3.0947 -39.3481 -3.2862 31 119 180
-3.0947 -39.4556 -3.2538 31 119 180
-3.0947 -39.5343 -3.2137 31 119 180
-3.0946 -39.613 -3.1735 31 119 180
-3.0948 -38.0338 -3.9907 31 119 180
-3.0947 -39.5557 -3.3041 31 119 180
-3.0947 -39.654 -3.2539 31 119 180
-3.0947 -39.7327 -3.2137 31 119 180
-3.0947 -39.8479 -3.245 31 119 180
-3.0947 -39.7783 -3.303 31 119 180
-3.0947 -39.9637 -3.2534 31 119 180
-3.0947 -39.8738 -3.3443 31 119 180
-3.0947 -40.0698 -3.2668 31 119 180
-3.0947 -40.153 -3.2355 31 119 180
-3.0947 -40.0139 -3.3516 31 119 180
-3.0947 -40.1206 -3.3421 31 119 180
-3.0947 -40.272 -3.2986 31 119 180
-3.0947 -40.3032 -3.384 31 119 180
-3.0947 -40.3819 -3.3438 31 119 180
-3.0948 -40.532 -3.4922 38 38 38
-3.0948 -40.6563 -3.5414 38 38 38
-3.0948 -40.7729 -3.5269 38 38 38
-3.0948 -40.7313 -3.6156 38 38 38
-3.0948 -40.8691 -3.5453 38 38 38
-3.0948 -40.972 -3.504 38 38 38
-3.0948 -41.0644 -3.4906 38 38 38
-3.0948 -40.823 -3.6251 38 38 38
-3.0948 -41.209 -3.5068 38 38 38
-3.0948 -41.3393 -3.5191 38 38 38
-3.0948 -41.4914 -3.4528 38 38 38
-3.0948 -41.5929 -3.4572 38 38 38
-3.0948 -41.7541 -3.4087 38 38 38
-3.0948 -41.5127 -3.5432 38 38 38
-3.0948 -41.68 -3.4578 38 38 38
-3.0949 -41.6384 -3.5465 38 38 38
-3.0948 -41.8496 -3.45 38 38 38
-3.0949 -41.7505 -3.5231 38 38 38
-3.0948 -42.0041 -3.4612 38 38 38
-3.0949 -41.9769 -3.5538 38 38 38
-3.0949 -42.1617 -3.5271 38 38 38
-3.0949 -42.3792 -3.6861 38 38 38
-3.0949 -42.5723 -3.7001 38 38 38
-3.0949 -42.6745 -3.6817 38 38 38
-2.8987 -35.8017 -1.9437 255 187 120
-2.8987 -35.9039 -1.9253 255 187 120
-2.8987 -36.0054 -1.9297 255 187 120
-2.8987 -36.1333 -1.8645 255 187 120
-2.8989 -34.8864 -2.5797 255 187 120
-2.8989 -34.9991 -2.5334 255 187 120
-2.8987 -36.2182 -1.9337 255 187 120
-2.8987 -36.3681 -1.9359 255 187 120
-2.8988 -35.5948 -2.3644 255 187 120
-2.8988 -35.5253 -2.4224 255 187 120
-2.8989 -35.2038 -2.6427 255 187 120
-2.8988 -35.6502 -2.4486 255 187 120
-2.8989 -35.555 -2.5535 255 187 120
-2.8989 -35.3628 -2.6628 255 187 120
-2.8989 -35.49 -2.6204 255 187 120
-2.8986 -36.9921 -1.9437 255 187 120
-2.8989 -35.7059 -2.679 255 187 120
-2.8989 -35.7363 -2.7873 255 187 120
-2.8993 -34.2656 -3.6955 31 119 180
-2.8993 -34.3966 -3.6849 31 119 180
-2.8993 -34.4889 -3.6716 31 119 180
-2.8993 -34.5837 -3.7357 31 119 180
-2.8993 -34.6912 -3.7034 31 119 180
-2.8993 -34.6595 -3.7871 31 119 180
-2.8993 -34.7458 -3.8105 31 119 180
-2.8993 -34.8488 -3.7692 31 119 180
-2.8988 -37.5702 -2.639 255 187 120
-2.899 -38.5951 -3.4324 31 119 180
-2.899 -38.6738 -3.3922 31 119 180
-2.899 -38.9274 -3.3303 31 119 180
-2.899 -38.7398 -3.4486 31 119 180
-2.8989 -39.1378 -3.2567 31 119 180
-2.8991 -38.1587 -3.7677 31 119 180
-2.899 -39.044 -3.3158 31 119 180
-2.899 -38.8518 -3.4252 31 119 180
-2.8992 -38.0975 -3.8665 31 119 180
-2.8989 -39.2727 -3.2779 31 119 180
-2.8992 -38.1899 -3.8531 31 119 180
-2.8989 -39.4233 -3.2573 31 119 180
-2.8989 -39.5589 -3.2556 31 119 180
-2.8989 -39.6603 -3.2601 31 119 180
-2.899 -39.5416 -3.3432 31 119 180
-2.8989 -39.7724 -3.2366 31 119 180
-2.8989 -39.8081 -3.3309 31 119 180
-2.8989 -39.9262 -3.2707 31 119 180
-2.8989 -40.0708 -3.2869 31 119 180
-2.8989 -40.0202 -3.3577 31 119 180
-2.8989 -40.2011 -3.2991 31 119 180
-2.8989 -40.1217 -3.3622 31 119 180
-2.8989 -40.2958 -3.3633 31 119 180
-2.8989 -40.5693 -3.4375 31 119 180
-2.899 -40.5043 -3.5045 31 119 180
-2.899 -40.6451 -3.4889 31 119 180
-2.899 -40.7557 -3.5112 31 119 180
-2.8989 -40.8526 -3.5067 31 119 180
-2.899 -40.7331 -3.6127 31 119 180
-2.8989 -40.9594 -3.4973 31 119 180
-2.8989 -41.1048 -3.4906 31 119 180
-2.8989 -41.2744 -3.4828 31 119 180
-2.8989 -41.438 -3.5118 38 38 38
-2.8989 -41.7014 -3.4448 38 38 38
-2.8989 -41.5781 -3.519 38 38 38
-2.8989 -41.8036 -3.4264 38 38 38
-2.899 -41.5555 -3.6206 38 38 38
-2.8989 -41.722 -3.5581 38 38 38
-2.8989 -42.1483 -3.5431 31 119 180
-2.8989 -42.1068 -3.6318 31 119 180
-2.8989 -42.3175 -3.7043 31 119 180
-2.8989 -42.5612 -3.6474 31 119 180
-2.8989 -42.4765 -3.7244 31 119 180
-2.8989 -42.662 -3.6748 31 119 180
-2.8989 -42.5924 -3.7328 31 119 180
-2.8989 -42.7642 -3.6564 31 119 180
-2.8989 -42.7128 -3.7501 31 119 180
-2.8038 -35.6772 -1.8273 255 187 120
-2.8038 -35.7643 -1.8279 255 187 120
-2.8038 -35.8454 -1.8653 255 187 120
-2.8039 -35.592 -2.0734 255 187 120
-2.8039 -35.956 -1.8876 255 187 120
-2.8039 -36.0884 -1.8313 255 187 120
-2.8039 -35.6784 -2.0968 255 187 120
-2.8039 -35.5747 -2.1609 255 187 120
-2.8039 -36.2089 -1.8486 255 187 120
-2.8039 -34.9588 -2.509 255 187 120
-2.8039 -36.2952 -1.872 255 187 120
-2.8039 -34.9029 -2.5938 255 187 120
-2.8039 -35.0732 -2.5632 255 187 120
-2.8039 -35.4706 -2.3942 255 187 120
-2.8039 -35.5689 -2.344 255 187 120
-2.8039 -35.4866 -2.4985 255 187 120
-2.804 -35.2445 -2.6558 255 187 120
-2.804 -35.3369 -2.6424 255 187 120
-2.804 -35.6056 -2.5616 255 187 120
-2.804 -37.001 -1.8944 255 187 120
-2.804 -35.6715 -2.6179 255 187 120
-2.804 -36.9739 -1.9871 255 187 120
-2.804 -37.1063 -1.9307 255 187 120
-2.8041 -34.2374 -3.7437 31 119 180
-2.8041 -34.4046 -3.6583 31 119 180
-2.8041 -34.5341 -3.6935 31 119 180
-2.8041 -34.4547 -3.7565 31 119 180
-2.8041 -34.6258 -3.703 31 119 180
-2.8041 -34.5699 -3.7878 31 119 180
-2.8042 -34.6963 -3.7683 31 119 180
-2.8042 -34.8031 -3.7588 31 119 180
-2.8042 -34.8146 -3.8542 31 119 180
-2.8045 -38.4314 -3.4825 38 38 38
-2.8045 -38.6471 -3.395 31 119 180
-2.8045 -38.5526 -3.477 31 119 180
-2.8045 -38.8031 -3.3604 31 119 180
-2.8045 -38.906 -3.3191 31 119 180
-2.8045 -39.1716 -3.1836 31 119 180
-2.8045 -39.0286 -3.2678 31 119 180
-2.8045 -38.7563 -3.4631 31 119 180
-2.8045 -38.8933 -3.4156 31 119 180
-2.8045 -39.2474 -3.2349 31 119 180
-2.8045 -38.9863 -3.3794 31 119 180
-2.8045 -39.3307 -3.2037 31 119 180
-2.8045 -39.168 -3.298 31 119 180
-2.8046 -39.5427 -3.2305 31 119 180
-2.8046 -39.4436 -3.3036 31 119 180
-2.8046 -39.6593 -3.216 31 119 180
-2.8046 -39.6087 -3.2869 31 119 180
-2.8046 -39.8524 -3.23 31 119 180
-2.8046 -39.7291 -3.3042 31 119 180
-2.8046 -39.8207 -3.3137 31 119 180
-2.8046 -40.0115 -3.2501 31 119 180
-2.8046 -39.9124 -3.3232 31 119 180
-2.8046 -40.1614 -3.2523 31 119 180
-2.8046 -40.0866 -3.3243 31 119 180
-2.8046 -40.272 -3.2747 31 119 180
-2.8047 -40.2449 -3.3673 31 119 180
-2.8047 -40.3622 -3.3299 31 119 180
-2.8047 -40.5085 -3.4465 31 119 180
-2.8047 -40.635 -3.427 31 119 180
-2.8047 -40.5745 -3.5029 31 119 180
-2.8048 -40.7669 -3.5398 31 119 180
-2.8048 -40.8842 -3.5024 31 119 180
-2.8048 -41.0334 -3.5275 31 119 180
-2.8048 -41.1507 -3.4901 31 119 180
-2.8048 -41.2923 -3.4517 31 119 180
-2.8048 -41.2409 -3.5454 31 119 180
-2.8048 -41.3477 -3.5359 31 119 180
-2.8048 -41.7776 -3.4065 38 38 38
-2.8049 -41.6142 -3.5237 38 38 38
-2.8049 -41.7263 -3.5003 38 38 38
-2.8049 -42.0551 -3.6588 31 119 180
-2.805 -42.2089 -3.6928 31 119 180
-2.805 -42.4087 -3.6471 31 119 180
-2.805 -42.3483 -3.723 31 119 180
-2.805 -42.5088 -3.6973 31 119 180
-2.805 -42.5966 -3.675 31 119 180
-2.805 -42.5256 -3.7788 31 119 180
-2.805 -42.6565 -3.7682 31 119 180
-2.805 -42.7549 -3.718 31 119 180
-2.709 -35.6104 -1.8385 255 187 120
-2.709 -35.612 -1.9389 255 187 120
-2.7091 -35.9398 -1.8279 255 187 120
-2.7091 -35.6137 -2.0394 255 187 120
-2.7091 -35.5101 -2.1035 255 187 120
-2.7091 -36.1003 -1.8023 255 187 120
-2.7091 -36.0496 -1.8731 255 187 120
-2.709 -34.8822 -2.5253 255 187 120
-2.7091 -36.2624 -1.877 255 187 120
-2.7092 -36.4342 -1.8006 255 187 120
-2.7091 -35.4793 -2.3105 255 187 120
-2.7091 -35.0261 -2.5644 255 187 120
-2.7091 -35.1146 -2.5192 255 187 120
-2.7092 -36.5606 -1.7811 255 187 120
-2.7091 -35.4037 -2.4054 255 187 120
-2.7091 -35.4961 -2.392 255 187 120
-2.7091 -35.4387 -2.5225 255 187 120
-2.7091 -35.2314 -2.6509 255 187 120
-2.7092 -35.3473 -2.6592 255 187 120
-2.7092 -34.3105 -3.616 31 119 180
-2.7092 -34.4113 -3.6434 31 119 180
-2.7092 -34.3273 -3.6975 31 119 180
-2.7093 -34.4818 -3.7087 31 119 180
-2.7093 -34.5825 -3.736 31 119 180
-2.7093 -34.6991 -3.7215 31 119 180
-2.7093 -34.5266 -3.8208 31 119 180
-2.7093 -34.6478 -3.8152 31 119 180
-2.7093 -34.7651 -3.7779 31 119 180
-2.7094 -34.8243 -3.8939 31 119 180
-2.7096 -36.9483 -3.2937 38 38 38
-2.7096 -37.0438 -3.335 38 38 38
-2.7099 -38.6281 -3.4266 31 119 180
-2.7099 -38.1506 -3.6816 31 119 180
-2.7099 -38.3762 -3.589 31 119 180
-2.7099 -38.2627 -3.6581 31 119 180
-2.7099 -38.9263 -3.3307 31 119 180
-2.7099 -38.7243 -3.445 31 119 180
-2.7099 -39.0686 -3.2693 31 119 180
-2.7099 -38.8272 -3.4037 31 119 180
-2.7099 -38.6154 -3.5231 31 119 180
-2.71 -39.2253 -3.2118 31 119 180
-2.71 -39.0225 -3.3491 31 119 180
-2.71 -39.3222 -3.2074 31 119 180
-2.71 -38.9333 -3.4171 31 119 180
-2.71 -39.1293 -3.3396 31 119 180
-2.7099 -38.1744 -3.8495 31 119 180
-2.71 -39.2367 -3.3073 31 119 180
-2.71 -39.4138 -3.2169 31 119 180
-2.71 -39.3677 -3.2967 31 119 180
-2.71 -39.4889 -3.2911 31 119 180
-2.71 -39.5767 -3.2688 31 119 180
-2.7101 -39.6638 -3.2693 31 119 180
-2.7101 -39.6079 -3.3541 31 119 180
-2.7101 -39.7895 -3.2727 31 119 180
-2.7101 -39.9159 -3.2532 31 119 180
-2.7101 -39.742 -3.3982 31 119 180
-2.7101 -39.8403 -3.348 31 119 180
-2.7101 -40.0167 -3.2805 31 119 180
-2.7101 -39.9562 -3.3564 31 119 180
-2.7101 -40.1182 -3.285 31 119 180
-2.7102 -40.2477 -3.3201 31 119 180
-2.7102 -40.1872 -3.396 31 119 180
-2.7102 -40.3485 -3.3475 31 119 180
-2.7102 -40.288 -3.4234 31 119 180
-2.7102 -40.4629 -3.4016 31 119 180
-2.7102 -40.3887 -3.4507 31 119 180
-2.7102 -40.5492 -3.4251 31 119 180
-2.7103 -40.7061 -3.5138 31 119 180
-2.7103 -40.8652 -3.5339 31 119 180
-2.7103 -40.9712 -3.5473 31 119 180
-2.7103 -40.8282 -3.6315 31 119 180
-2.7104 -41.0976 -3.5278 31 119 180
-2.7104 -41.2339 -3.5032 31 119 180
-2.7104 -41.0698 -3.6433 31 119 180
-2.7104 -41.3248 -3.5356 31 119 180
-2.7104 -41.4218 -3.5311 31 119 180
-2.7104 -41.2833 -3.6243 31 119 180
-2.7104 -41.375 -3.6338 31 119 180
-2.7105 -41.4666 -3.6433 31 119 180
-2.7105 -41.6067 -3.6505 31 119 180
-2.7105 -41.6976 -3.6829 31 119 180
-2.7105 -41.7847 -3.6835 31 119 180
-2.7105 -41.955 -3.6528 31 119 180
-2.7105 -41.8756 -3.7158 31 119 180
-2.7106 -42.0421 -3.6534 31 119 180
-2.7106 -41.996 -3.7331 31 119 180
-2.7106 -42.0831 -3.7337 31 119 180
-2.7106 -42.27 -3.6383 31 119 180
-2.7106 -42.1808 -3.7064 31 119 180
-2.7106 -42.4655 -3.7298 31 119 180
-2.7107 -42.5625 -3.7254 31 119 180
-2.7107 -42.6647 -3.707 31 119 180
-2.7107 -42.4626 -3.8213 31 119 180
-2.7107 -42.7479 -3.6757 31 119 180
-2.7107 -42.6126 -3.8236 31 119 180
-2.7107 -42.7155 -3.7823 31 119 180
-2.6103 -35.5797 -1.8769 255 187 120
-2.6102 -35.7417 -1.8055 255 187 120
-2.6103 -35.6767 -1.8725 255 187 120
-2.6103 -35.8772 -1.8039 255 187 120
-2.6103 -36.0831 -1.7213 255 187 120
-2.6103 -35.6155 -1.9712 255 187 120
-2.6103 -35.7971 -1.8898 255 187 120
-2.6103 -36.0219 -1.8201 255 187 120
-2.6103 -35.9379 -1.8742 255 187 120
-2.6103 -35.4892 -2.1369 255 187 120
-2.6103 -35.5823 -2.1007 255 187 120
-2.6103 -36.1726 -1.7994 255 187 120
-2.6104 -34.9309 -2.5006 255 187 120
-2.6104 -35.0377 -2.4911 255 187 120
-2.6104 -34.875 -2.5854 255 187 120
-2.6103 -35.5288 -2.263 255 187 120
-2.6103 -36.2666 -1.8865 255 187 120
-2.6103 -36.5322 -1.7509 255 187 120
-2.6103 -36.4475 -1.8279 255 187 120
-2.6104 -35.1634 -2.4945 255 187 120
-2.6104 -35.4767 -2.3796 255 187 120
-2.6103 -36.5981 -1.8073 255 187 120
-2.6104 -35.3973 -2.4427 255 187 120
-2.6103 -36.4052 -1.9395 255 187 120
-2.6104 -35.3929 -2.5799 255 187 120
-2.6106 -34.273 -3.7141 31 119 180
-2.6106 -34.3738 -3.7414 31 119 180
-2.6106 -34.5101 -3.7169 31 119 180
-2.6106 -34.6351 -3.7431 31 119 180
-2.6107 -34.5261 -3.8212 31 119 180
-2.6107 -34.6897 -3.8503 31 119 180
-2.6107 -34.7898 -3.9005 31 119 180
-2.6107 -36.9833 -3.2424 38 38 38
-2.6107 -36.9085 -3.3143 38 38 38
-2.6107 -37.0803 -3.2379 38 38 38
-2.6107 -37.0047 -3.3328 38 38 38
-2.6109 -38.1948 -3.6481 31 119 180
-2.6109 -38.3075 -3.6019 31 119 180
-2.6109 -38.6715 -3.4161 31 119 180
-2.6109 -38.3999 -3.5885 31 119 180
-2.6109 -38.994 -3.3191 31 119 180
-2.6109 -38.9001 -3.3782 31 119 180
-2.6109 -39.1801 -3.2465 31 119 180
-2.6109 -38.2108 -3.7525 31 119 180
-2.6109 -38.8109 -3.4462 31 119 180
-2.6109 -39.0796 -3.3654 31 119 180
-2.6109 -39.2854 -3.2828 31 119 180
-2.6109 -39.4133 -3.2176 31 119 180
-2.6109 -39.1818 -3.347 31 119 180
-2.6109 -39.5724 -3.2377 31 119 180
-2.6109 -39.4975 -3.3096 31 119 180
-2.6109 -39.6868 -3.2918 31 119 180
-2.611 -38.293 -4.0594 38 38 38
-2.6109 -39.8867 -3.2461 31 119 180
-2.6109 -39.8065 -3.332 31 119 180
-2.6109 -39.9972 -3.2684 31 119 180
-2.611 -39.9557 -3.3571 31 119 180
-2.611 -40.1661 -3.2835 31 119 180
-2.611 -40.0814 -3.3605 31 119 180
-2.611 -40.1973 -3.3689 31 119 180
-2.611 -40.2882 -3.4012 31 119 180
-2.611 -40.4442 -3.3667 31 119 180
-2.611 -40.3882 -3.4515 31 119 180
-2.611 -40.4799 -3.461 31 119 180
-2.611 -40.5662 -3.4844 31 119 180
-2.6111 -40.8601 -3.5257 31 119 180
-2.6111 -40.7891 -3.6295 31 119 180
-2.6111 -41.232 -3.5498 31 119 180
-2.6111 -41.3395 -3.5174 31 119 180
-2.6111 -41.1026 -3.6608 31 119 180
-2.6111 -41.2291 -3.6413 31 119 180
-2.6111 -41.4834 -3.5565 31 119 180
-2.6111 -41.4661 -3.6441 31 119 180
-2.6112 -41.6093 -3.706 31 119 180
-2.6112 -41.8046 -3.6514 31 119 180
-2.6112 -41.7206 -3.7055 31 119 180
-2.6112 -41.9212 -3.6369 31 119 180
-2.6112 -41.8797 -3.7256 31 119 180
-2.6112 -42.0174 -3.6553 31 119 180
-2.6112 -42.1143 -3.6509 31 119 180
-2.6112 -42.038 -3.7686 31 119 180
-2.6112 -42.1553 -3.7312 31 119 180
-2.6113 -42.484 -3.7435 31 119 180
-2.6113 -42.4091 -3.8155 31 119 180
-2.6113 -42.5938 -3.7887 31 119 180
-2.6113 -42.5523 -3.8774 31 119 180
-2.6113 -42.7536 -3.786 31 119 180
-2.6113 -42.6644 -3.854 31 119 180
-2.5162 -35.5455 -1.8823 255 187 120
-2.5162 -35.6523 -1.8729 255 187 120
-2.5162 -35.7545 -1.8545 255 187 120
-2.5162 -36.0489 -1.7267 255 187 120
-2.5162 -35.5419 -1.9967 255 187 120
-2.5162 -35.8567 -1.8361 255 187 120
-2.5162 -36.1595 -1.7491 255 187 120
-2.5163 -35.5489 -2.0832 255 187 120
-2.5163 -36.0846 -1.821 255 187 120
-2.5163 -35.4982 -2.1541 255 187 120
-2.5163 -36.2398 -1.8093 255 187 120
-2.5163 -34.8573 -2.5261 255 187 120
-2.5163 -34.9778 -2.5434 255 187 120
-2.5163 -35.3955 -2.3415 255 187 120
-2.5163 -35.0898 -2.52 255 187 120
-2.5163 -35.1784 -2.4748 255 187 120
-2.5163 -35.503 -2.3092 255 187 120
-2.5164 -35.1898 -2.5702 255 187 120
-2.5163 -35.2882 -2.52 255 187 120
-2.5164 -35.395 -2.5106 255 187 120
-2.5164 -35.3095 -2.6104 255 187 120
-2.5164 -37.0063 -1.9021 255 187 120
-2.5164 -36.9458 -1.9779 255 187 120
-2.5165 -34.2698 -3.6587 31 119 180
-2.5166 -34.4144 -3.6749 31 119 180
-2.5166 -34.335 -3.7379 31 119 180
-2.5166 -34.4403 -3.7742 31 119 180
-2.5166 -34.5433 -3.7329 31 119 180
-2.5166 -34.526 -3.8205 31 119 180
-2.5166 -34.6131 -3.8211 31 119 180
-2.5166 -34.7349 -3.7926 31 119 180
-2.5167 -34.81 -3.8669 31 119 180
-2.5167 -34.745 -3.9338 31 119 180
-2.5166 -37.5927 -2.6381 255 187 120
-2.5168 -37.0257 -3.2763 38 38 38
-2.5168 -36.9364 -3.3443 38 38 38
-2.5168 -37.2437 -3.2663 38 38 38
-2.5168 -37.1741 -3.3243 38 38 38
-2.5168 -37.3603 -3.2518 38 38 38
-2.5168 -37.2946 -3.3416 38 38 38
-2.517 -38.3444 -3.5036 31 119 180
-2.517 -38.4806 -3.479 31 119 180
-2.517 -38.6078 -3.4366 31 119 180
-2.517 -38.7546 -3.3842 31 119 180
-2.517 -38.847 -3.3708 31 119 180
-2.517 -38.1569 -3.768 31 119 180
-2.517 -38.7275 -3.4768 31 119 180
-2.517 -39.1308 -3.271 31 119 180
-2.517 -39.037 -3.3301 31 119 180
-2.517 -39.3465 -3.1834 31 119 180
-2.517 -38.9477 -3.3982 31 119 180
-2.517 -39.2376 -3.2615 31 119 180
-2.517 -38.1639 -3.8545 31 119 180
-2.517 -39.3534 -3.2699 31 119 180
-2.517 -39.4595 -3.2833 31 119 180
-2.517 -39.5972 -3.213 31 119 180
-2.517 -39.6948 -3.1857 31 119 180
-2.517 -39.7925 -3.1584 31 119 180
-2.5171 -39.6632 -3.2694 31 119 180
-2.5171 -39.589 -3.3185 31 119 180
-2.5171 -39.9031 -3.1807 31 119 180
-2.5171 -39.8282 -3.2527 31 119 180
-2.5171 -40.0129 -3.2259 31 119 180
-2.5171 -40.119 -3.2393 31 119 180
-2.5171 -40.0388 -3.3252 31 119 180
-2.5171 -40.2183 -3.3124 31 119 180
-2.5172 -40.3744 -3.424 31 119 180
-2.5172 -40.491 -3.4096 31 119 180
-2.5172 -40.5781 -3.4101 31 119 180
-2.5172 -40.4881 -3.5011 31 119 180
-2.5172 -40.71 -3.5228 31 119 180
-2.5173 -40.8266 -3.5084 31 119 180
-2.5173 -40.9425 -3.5167 31 119 180
-2.5173 -40.9919 -3.6378 38 38 38
-2.5173 -41.1637 -3.5614 31 119 180
-2.5173 -41.2606 -3.557 31 119 180
-2.5173 -41.1267 -3.659 31 119 180
-2.5173 -41.3818 -3.5514 31 119 180
-2.5173 -41.2236 -3.6546 31 119 180
-2.5173 -41.3402 -3.6401 31 119 180
-2.5174 -41.6113 -3.6368 31 119 180
-2.5174 -41.672 -3.7071 31 119 180
-2.5174 -41.7886 -3.6926 31 119 180
-2.5174 -41.921 -3.6363 31 119 180
-2.5174 -41.8742 -3.7389 31 119 180
-2.5174 -42.0846 -3.6653 31 119 180
-2.5174 -41.9659 -3.7484 31 119 180
-2.5175 -42.224 -3.6955 31 119 180
-2.5175 -42.1204 -3.7596 31 119 180
-2.5175 -42.3445 -3.7128 31 119 180
-2.5175 -42.2257 -3.7959 31 119 180
-2.5175 -42.4982 -3.7468 31 119 180
-2.5175 -42.4521 -3.8266 31 119 180
-2.5175 -42.6186 -3.7641 31 119 180
-2.5175 -42.7307 -3.7407 31 119 180
-2.5176 -42.6006 -3.8746 31 119 180
-2.5176 -42.6793 -3.8344 31 119 180
-2.4204 -35.6459 -1.8093 255 187 120
-2.4204 -35.5953 -1.8802 255 187 120
-2.4204 -35.7905 -1.8255 255 187 120
-2.4205 -35.7066 -1.8796 255 187 120
-2.4205 -35.5681 -1.9728 255 187 120
-2.4205 -36.0888 -1.7295 255 187 120
-2.4205 -35.5122 -2.0576 255 187 120
-2.4205 -35.8663 -1.8768 255 187 120
-2.4205 -36.0957 -1.816 255 187 120
-2.4205 -36.1835 -1.7937 255 187 120
-2.4205 -35.4995 -2.1541 255 187 120
-2.4205 -34.9328 -2.4771 255 187 120
-2.4205 -34.8723 -2.553 255 187 120
-2.4205 -35.0343 -2.4816 255 187 120
-2.4205 -35.5208 -2.2445 255 187 120
-2.4205 -35.427 -2.3036 255 187 120
-2.4205 -36.2533 -1.8819 255 187 120
-2.4205 -35.1456 -2.481 255 187 120
-2.4205 -35.3848 -2.4152 255 187 120
-2.4206 -35.1715 -2.5803 255 187 120
-2.4206 -35.2744 -2.5391 255 187 120
-2.4206 -35.4159 -2.5006 255 187 120
-2.4206 -35.3843 -2.5843 255 187 120
-2.4206 -36.9605 -1.8585 255 187 120
-2.4206 -37.115 -1.8697 255 187 120
-2.4207 -34.2486 -3.7603 31 119 180
-2.4207 -34.3765 -3.6951 31 119 180
-2.4208 -34.3592 -3.7827 31 119 180
-2.4208 -34.4674 -3.7274 31 119 180
-2.4208 -34.4501 -3.815 31 119 180
-2.4208 -34.5681 -3.7548 31 119 180
-2.4208 -34.5365 -3.8385 31 119 180
-2.4208 -34.6689 -3.7821 31 119 180
-2.4208 -34.666 -3.8736 31 119 180
-2.4208 -34.7636 -3.8463 31 119 180
-2.4209 -34.7895 -3.9456 31 119 180
-2.421 -36.9612 -3.3661 38 38 38
-2.421 -37.0543 -3.3298 38 38 38
-2.421 -37.2799 -3.2372 38 38 38
-2.421 -37.2331 -3.3398 38 38 38
-2.421 -37.3458 -3.2935 38 38 38
-2.4212 -38.476 -3.5157 31 119 180
-2.4212 -38.7651 -3.4019 31 119 180
-2.4212 -38.6122 -3.4911 31 119 180
-2.4212 -38.8522 -3.4025 31 119 180
-2.4212 -38.7092 -3.4867 31 119 180
-2.4212 -38.9498 -3.3751 31 119 180
-2.4212 -39.2691 -3.2234 31 119 180
-2.4212 -38.8061 -3.4822 31 119 180
-2.4212 -39.1012 -3.3316 31 119 180
-2.4212 -39.1943 -3.2953 31 119 180
-2.4212 -39.4644 -3.1687 31 119 180
-2.4213 -39.3941 -3.2496 31 119 180
-2.4213 -39.6727 -3.1637 31 119 180
-2.4213 -39.5297 -3.2479 31 119 180
-2.4213 -39.7703 -3.1364 31 119 180
-2.4213 -39.6645 -3.2692 31 119 180
-2.4213 -39.8212 -3.2117 31 119 180
-2.4213 -39.9226 -3.2162 31 119 180
-2.4213 -40.0431 -3.2335 31 119 180
-2.4214 -39.997 -3.3133 31 119 180
-2.4214 -40.1181 -3.3077 31 119 180
-2.4214 -40.2604 -3.2463 31 119 180
-2.4214 -40.2045 -3.3311 31 119 180
-2.4215 -40.6394 -3.503 31 119 180
-2.4215 -40.7265 -3.5036 31 119 180
-2.4215 -40.8954 -3.5186 31 119 180
-2.4216 -41.0691 -3.6888 31 119 180
-2.4216 -41.4505 -3.5616 31 119 180
-2.4216 -41.2917 -3.6877 31 119 180
-2.4216 -41.4181 -3.6682 31 119 180
-2.4216 -41.6801 -3.647 31 119 180
-2.4217 -41.6052 -3.719 31 119 180
-2.4217 -41.6916 -3.7424 31 119 180
-2.4217 -41.9073 -3.6549 31 119 180
-2.4217 -41.7938 -3.724 31 119 180
-2.4217 -41.9982 -3.6872 31 119 180
-2.4217 -41.8946 -3.7514 31 119 180
-2.4217 -42.1133 -3.7185 31 119 180
-2.4217 -42.0574 -3.8033 31 119 180
-2.4217 -42.2822 -3.7336 31 119 180
-2.4218 -42.2119 -3.8144 31 119 180
-2.4218 -42.3664 -3.8256 31 119 180
-2.4218 -42.5118 -3.8189 31 119 180
-2.4218 -42.5989 -3.8195 31 119 180
-2.4218 -42.4559 -3.9037 31 119 180
-2.4218 -42.5718 -3.9121 31 119 180
-2.4218 -42.68 -3.8569 31 119 180
-2.3252 -35.5595 -1.8429 255 187 120
-2.3252 -35.6504 -1.8753 255 187 120
-2.3252 -35.7859 -1.8736 255 187 120
-2.3252 -35.5052 -2.0281 255 187 120
-2.3252 -35.5839 -1.988 255 187 120
-2.3253 -35.926 -1.8809 255 187 120
-2.3253 -36.1024 -1.8134 255 187 120
-2.3253 -35.5265 -2.1185 255 187 120
-2.3253 -36.1902 -1.7911 255 187 120
-2.3253 -34.8849 -2.5134 255 187 120
-2.3253 -36.2818 -1.8006 255 187 120
-2.3253 -34.978 -2.4772 255 187 120
-2.3253 -35.479 -2.244 255 187 120
-2.3253 -36.3864 -1.8598 255 187 120
-2.3253 -35.3875 -2.3807 255 187 120
-2.3253 -36.5234 -1.8124 255 187 120
-2.3253 -35.4852 -2.3534 255 187 120
-2.3253 -35.4036 -2.4851 255 187 120
-2.3254 -36.6038 -1.8726 255 187 120
-2.3253 -35.2008 -2.6223 255 187 120
-2.3254 -35.3167 -2.6307 255 187 120
-2.3254 -36.9831 -1.8141 255 187 120
-2.3254 -36.9271 -1.8989 255 187 120
-2.3254 -37.0483 -1.8933 255 187 120
-2.3255 -34.2445 -3.7854 31 119 180
-2.3255 -34.4588 -3.7436 31 119 180
-2.3255 -34.3453 -3.8128 31 119 180
-2.3255 -34.5648 -3.757 31 119 180
-2.3255 -34.4945 -3.8379 31 119 180
-2.3256 -34.6156 -3.8324 31 119 180
-2.3256 -34.7277 -3.809 31 119 180
-2.3256 -34.7437 -3.9133 31 119 180
-2.3256 -34.8421 -3.8631 31 119 180
-2.3261 -38.6535 -3.4597 31 119 180
-2.3261 -38.5597 -3.5189 31 119 180
-2.3261 -38.7368 -3.4285 31 119 180
-2.3261 -38.8337 -3.4241 31 119 180
-2.3261 -39.1288 -3.2735 31 119 180
-2.3261 -38.4985 -3.6176 31 119 180
-2.3261 -38.9314 -3.3967 31 119 180
-2.3261 -39.315 -3.201 31 119 180
-2.3261 -39.0343 -3.3555 31 119 180
-2.3261 -39.4271 -3.1775 31 119 180
-2.3261 -39.2833 -3.2847 31 119 180
-2.3261 -39.1895 -3.3438 31 119 180
-2.3261 -39.3855 -3.2663 31 119 180
-2.3261 -39.6005 -3.2016 31 119 180
-2.3261 -39.5067 -3.2607 31 119 180
-2.3262 -39.7473 -3.1491 31 119 180
-2.3262 -39.7058 -3.2379 31 119 180
-2.3262 -39.8284 -3.1865 31 119 180
-2.3262 -39.587 -3.321 31 119 180
-2.3262 -39.9292 -3.2139 31 119 180
-2.3262 -39.8596 -3.2719 31 119 180
-2.3262 -39.9603 -3.2993 31 119 180
-2.3262 -40.0534 -3.263 31 119 180
-2.3262 -40.2087 -3.2513 31 119 180
-2.3263 -40.0793 -3.3623 31 119 180
-2.3263 -40.1762 -3.3579 31 119 180
-2.3264 -40.6642 -3.5365 31 119 180
-2.3264 -40.7664 -3.5181 31 119 180
-2.3264 -40.9405 -3.5193 31 119 180
-2.3265 -41.0724 -3.632 31 119 180
-2.3265 -41.0938 -3.7224 31 119 180
-2.3265 -41.2308 -3.675 31 119 180
-2.3265 -41.361 -3.6873 31 119 180
-2.3266 -41.5654 -3.6505 31 119 180
-2.3266 -41.6624 -3.646 31 119 180
-2.3266 -41.5429 -3.752 31 119 180
-2.3266 -41.6307 -3.7297 31 119 180
-2.3266 -41.7276 -3.7253 31 119 180
-2.3266 -41.8948 -3.6399 31 119 180
-2.3266 -41.8389 -3.7247 31 119 180
-2.3266 -42.0215 -3.7666 31 119 180
-2.3267 -42.1381 -3.7521 31 119 180
-2.3267 -42.164 -3.8514 31 119 180
-2.3267 -42.2918 -3.7862 31 119 180
-2.3267 -42.388 -3.8046 31 119 180
-2.3267 -42.2882 -3.9005 31 119 180
-2.3267 -42.4842 -3.823 31 119 180
-2.3267 -42.3995 -3.9 31 119 180
-2.3267 -42.6152 -3.8124 31 119 180
-2.3268 -42.4904 -3.9324 31 119 180
-2.3268 -42.607 -3.9179 31 119 180
-2.2299 -35.5964 -1.7892 255 187 120
-2.2299 -35.5488 -1.9148 255 187 120
-2.2299 -35.6858 -1.8673 255 187 120
-2.2299 -35.8365 -1.8467 255 187 120
-2.2299 -36.0181 -1.7653 255 187 120
-2.2299 -36.1256 -1.7329 255 187 120
-2.2299 -35.5301 -2.0481 255 187 120
-2.23 -35.4734 -2.1558 255 187 120
-2.23 -36.2151 -1.8111 255 187 120
-2.23 -34.9984 -2.4883 255 187 120
-2.23 -36.3756 -1.7854 255 187 120
-2.23 -36.306 -1.8434 255 187 120
-2.23 -34.9333 -2.5552 255 187 120
-2.23 -35.4986 -2.278 255 187 120
-2.23 -35.3851 -2.3471 255 187 120
-2.23 -36.4567 -1.8228 255 187 120
-2.23 -35.0984 -2.5385 255 187 120
-2.23 -35.3709 -2.4894 255 187 120
-2.2301 -35.2507 -2.6183 255 187 120
-2.2301 -35.3673 -2.6038 255 187 120
-2.2301 -36.846 -1.9054 255 187 120
-2.2301 -37.0473 -1.814 255 187 120
-2.2301 -37.0012 -1.8937 255 187 120
-2.2302 -34.3299 -3.7296 31 119 180
-2.2303 -34.2604 -3.7876 31 119 180
-2.2303 -34.4314 -3.7341 31 119 180
-2.2303 -34.3611 -3.815 31 119 180
-2.2303 -34.4573 -3.8334 31 119 180
-2.2303 -34.5996 -3.772 31 119 180
-2.2303 -34.5581 -3.8607 31 119 180
-2.2303 -34.6958 -3.7905 31 119 180
-2.2304 -34.7769 -3.8278 31 119 180
-2.2304 -34.7118 -3.8948 31 119 180
-2.2304 -34.8171 -3.9311 31 119 180
-2.2309 -38.6399 -3.4768 31 119 180
-2.2309 -38.5559 -3.5309 31 119 180
-2.2309 -38.8011 -3.4283 31 119 180
-2.2309 -39.0077 -3.3229 31 119 180
-2.2309 -38.4705 -3.6308 31 119 180
-2.2309 -39.1492 -3.2844 31 119 180
-2.2309 -38.7406 -3.5042 31 119 180
-2.2309 -39.262 -3.2381 31 119 180
-2.2309 -38.8822 -3.4657 31 119 180
-2.231 -39.1221 -3.377 31 119 180
-2.231 -39.0086 -3.4462 31 119 180
-2.231 -39.4218 -3.2353 31 119 180
-2.231 -39.2394 -3.3396 31 119 180
-2.231 -39.3522 -3.2934 31 119 180
-2.231 -39.6564 -3.1606 31 119 180
-2.231 -39.5278 -3.2487 31 119 180
-2.231 -38.2331 -3.9432 31 119 180
-2.231 -39.7428 -3.184 31 119 180
-2.231 -39.6634 -3.2471 31 119 180
-2.231 -39.4954 -3.3553 31 119 180
-2.231 -39.5885 -3.319 31 119 180
-2.231 -39.8534 -3.2064 31 119 180
-2.2311 -39.9882 -3.2276 31 119 180
-2.2311 -39.9368 -3.3213 31 119 180
-2.2311 -40.1367 -3.2756 31 119 180
-2.2311 -40.0376 -3.3487 31 119 180
-2.2311 -40.1383 -3.376 31 119 180
-2.2311 -40.217 -3.3359 31 119 180
-2.2312 -40.4763 -3.5524 31 119 180
-2.2312 -40.5838 -3.52 31 119 180
-2.2313 -40.686 -3.5016 31 119 180
-2.2313 -40.7822 -3.5201 31 119 180
-2.2313 -40.8981 -3.5284 31 119 180
-2.2314 -41.155 -3.6674 31 119 180
-2.2314 -41.0756 -3.7304 31 119 180
-2.2314 -41.2905 -3.6657 31 119 180
-2.2314 -41.2248 -3.7556 31 119 180
-2.2314 -41.451 -3.6401 31 119 180
-2.2314 -41.3164 -3.7651 31 119 180
-2.2315 -41.4232 -3.7556 31 119 180
-2.2315 -41.5261 -3.7143 31 119 180
-2.2315 -41.7411 -3.6496 31 119 180
-2.2315 -41.6321 -3.7277 31 119 180
-2.2315 -41.8615 -3.6669 31 119 180
-2.2315 -41.7382 -3.7411 31 119 180
-2.2316 -42.1282 -3.8009 31 119 180
-2.2316 -42.0776 -3.8717 31 119 180
-2.2316 -42.2093 -3.8383 31 119 180
-2.2316 -42.3736 -3.8444 31 119 180
-2.2317 -42.2594 -3.9365 31 119 180
-2.2317 -42.5289 -3.8327 31 119 180
-2.2317 -42.3564 -3.932 31 119 180
-2.2317 -42.4434 -3.9326 31 119 180
-2.2317 -42.5646 -3.927 31 119 180
-2.2317 -42.6774 -3.8807 38 38 38
-2.1254 -35.5566 -1.8112 255 187 120
-2.1254 -35.7178 -1.7627 255 187 120
-2.1254 -35.6574 -1.8385 255 187 120
-2.1255 -35.5825 -1.9105 255 187 120
-2.1255 -35.5175 -1.9774 255 187 120
-2.1254 -36.0578 -1.7242 255 187 120
-2.1254 -35.9837 -1.7733 255 187 120
-2.1255 -35.5191 -2.0779 255 187 120
-2.1254 -36.1525 -1.7884 255 187 120
-2.1254 -36.2639 -1.7879 255 187 120
-2.1255 -35.4709 -2.2263 255 187 120
-2.1256 -34.895 -2.5314 255 187 120
-2.1256 -35.051 -2.4968 255 187 120
-2.1254 -36.4918 -1.7728 255 187 120
-2.1254 -36.3094 -1.8771 255 187 120
-2.1255 -35.4725 -2.3267 255 187 120
-2.1254 -36.4215 -1.8537 255 187 120
-2.1256 -35.4159 -2.4344 255 187 120
-2.1256 -35.198 -2.5906 255 187 120
-2.1256 -35.3259 -2.5253 255 187 120
-2.1259 -34.3052 -3.7325 31 119 180
-2.1259 -34.4067 -3.737 31 119 180
-2.1259 -34.5567 -3.7393 31 119 180
-2.1259 -34.4621 -3.8213 31 119 180
-2.1259 -34.6377 -3.7767 31 119 180
-2.1259 -34.5727 -3.8436 31 119 180
-2.1259 -34.7241 -3.8001 31 119 180
-2.1259 -34.815 -3.8325 31 119 180
-2.1259 -34.7356 -3.8955 31 119 180
-2.1259 -34.8409 -3.9318 31 119 180
-2.1256 -38.6493 -3.4738 31 119 180
-2.1257 -38.3527 -3.6701 31 119 180
-2.1256 -38.8098 -3.4482 31 119 180
-2.1256 -39.0754 -3.3126 31 119 180
-2.1256 -38.9717 -3.3768 31 119 180
-2.1257 -38.2876 -3.7371 31 119 180
-2.1257 -38.445 -3.6568 31 119 180
-2.1256 -38.5775 -3.6004 31 119 180
-2.1256 -39.2313 -3.2781 31 119 180
-2.1255 -39.3388 -3.2457 31 119 180
-2.1256 -39.1656 -3.3679 31 119 180
-2.1257 -38.1962 -3.8738 31 119 180
-2.1256 -38.9438 -3.4923 31 119 180
-2.1257 -38.3037 -3.8414 31 119 180
-2.1256 -39.3117 -3.3383 31 119 180
-2.1255 -39.7294 -3.1364 31 119 180
-2.1255 -39.429 -3.301 31 119 180
-2.1255 -39.547 -3.2407 31 119 180
-2.1257 -38.2622 -3.9301 31 119 180
-2.1255 -39.6636 -3.2262 31 119 180
-2.1256 -39.5199 -3.3333 31 119 180
-2.1255 -39.6032 -3.3021 31 119 180
-2.1255 -39.8045 -3.2106 31 119 180
-2.1255 -39.893 -3.1655 31 119 180
-2.1255 -39.9885 -3.2068 31 119 180
-2.1255 -39.9143 -3.2558 31 119 180
-2.1255 -40.0196 -3.2921 31 119 180
-2.1255 -40.1892 -3.2843 31 119 180
-2.1255 -40.1189 -3.3652 31 119 180
-2.1255 -40.4917 -3.5126 31 119 180
-2.1255 -40.6037 -3.4892 31 119 180
-2.1255 -40.7098 -3.5026 31 119 180
-2.1255 -40.8552 -3.4959 31 119 180
-2.1255 -40.9257 -3.5612 31 119 180
-2.1255 -41.0917 -3.6678 31 119 180
-2.1255 -41.1939 -3.6494 31 119 180
-2.1256 -41.1523 -3.7381 31 119 180
-2.1255 -41.2901 -3.6678 31 119 180
-2.1256 -41.244 -3.7476 31 119 180
-2.1255 -41.415 -3.6941 31 119 180
-2.1255 -41.3409 -3.7432 31 119 180
-2.1255 -41.5074 -3.6807 31 119 180
-2.1255 -41.5907 -3.6495 31 119 180
-2.1255 -41.4652 -3.7923 31 119 180
-2.1255 -41.5976 -3.7359 31 119 180
-2.1255 -41.7739 -3.6685 31 119 180
-2.1255 -41.7044 -3.7265 31 119 180
-2.1255 -42.1913 -3.7818 38 38 38
-2.1255 -42.1347 -3.8895 31 119 180
-2.1255 -42.3391 -3.8527 31 119 180
-2.1255 -42.4466 -3.8203 31 119 180
-2.1255 -42.3067 -3.9592 31 119 180
-2.1255 -42.4195 -3.9129 31 119 180
-2.1255 -42.5217 -3.8945 31 119 180
-2.0348 -35.6386 -1.7902 255 187 120
-2.0348 -35.5577 -1.899 255 187 120
-2.0348 -35.9157 -1.75 255 187 120
-2.0348 -36.1587 -1.716 255 187 120
-2.0349 -35.5632 -2.0312 255 187 120
-2.0349 -35.4739 -2.0993 255 187 120
-2.0348 -36.0589 -1.8119 255 187 120
-2.0349 -34.8861 -2.4781 255 187 120
-2.035 -34.9619 -2.5294 255 187 120
-2.0349 -35.5128 -2.2482 255 187 120
-2.0349 -36.526 -1.731 255 187 120
-2.035 -35.0497 -2.5071 255 187 120
-2.0349 -35.394 -2.3314 255 187 120
-2.035 -35.1361 -2.5305 255 187 120
-2.0349 -36.5132 -1.8276 255 187 120
-2.0349 -36.6214 -1.7723 255 187 120
-2.035 -35.3897 -2.4686 255 187 120
-2.035 -35.2119 -2.5819 255 187 120
-2.035 -35.2983 -2.6053 255 187 120
-2.0352 -34.2716 -3.7033 31 119 180
-2.0352 -34.417 -3.6966 31 119 180
-2.0352 -34.3421 -3.7686 31 119 180
-2.0353 -34.4383 -3.787 31 119 180
-2.0353 -34.5345 -3.8054 31 119 180
-2.0353 -34.623 -3.7602 31 119 180
-2.0353 -34.6345 -3.8556 31 119 180
-2.0353 -34.7617 -3.8132 31 119 180
-2.0353 -34.749 -3.9098 31 119 180
-2.0353 -34.8473 -3.8596 31 119 180
-2.0355 -38.7012 -3.4903 31 119 180
-2.0355 -38.4992 -3.6047 31 119 180
-2.0355 -38.3759 -3.6789 31 119 180
-2.0355 -38.9903 -3.3765 31 119 180
-2.0355 -39.1318 -3.338 31 119 180
-2.0355 -38.2511 -3.7988 31 119 180
-2.0355 -38.9298 -3.4523 31 119 180
-2.0355 -39.0759 -3.4228 31 119 180
-2.0355 -38.3624 -3.7983 31 119 180
-2.0355 -39.3355 -3.324 31 119 180
-2.0355 -39.2463 -3.3921 31 119 180
-2.0355 -39.6004 -3.2113 31 119 180
-2.0356 -38.3163 -3.878 31 119 180
-2.0355 -39.4718 -3.2995 31 119 180
-2.0355 -39.7268 -3.1918 31 119 180
-2.0356 -38.2657 -3.9489 31 119 180
-2.0355 -39.4204 -3.3932 31 119 180
-2.0355 -39.848 -3.1862 31 119 180
-2.0355 -39.5673 -3.3408 31 119 180
-2.0355 -39.6755 -3.2855 31 119 180
-2.0355 -39.9487 -3.2136 31 119 180
-2.0355 -39.8739 -3.2855 31 119 180
-2.0356 -38.378 -4.0717 38 38 38
-2.0355 -40.054 -3.2498 31 119 180
-2.0355 -39.9799 -3.2989 31 119 180
-2.0356 -40.3414 -3.497 31 119 180
-2.0356 -40.4436 -3.4786 31 119 180
-2.0356 -40.642 -3.4786 31 119 180
-2.0356 -40.7397 -3.4513 31 119 180
-2.0356 -40.7224 -3.5389 31 119 180
-2.0357 -40.9169 -3.5071 31 119 180
-2.0357 -41.1739 -3.646 31 119 180
-2.0357 -41.1134 -3.7219 31 119 180
-2.0357 -41.2988 -3.6722 31 119 180
-2.0357 -41.224 -3.7442 31 119 180
-2.0358 -41.3391 -3.7755 31 119 180
-2.0358 -41.4368 -3.7481 31 119 180
-2.0358 -41.573 -3.7236 31 119 180
-2.0358 -41.6911 -3.6633 31 119 180
-2.0358 -41.8031 -3.6399 31 119 180
-2.0358 -41.5361 -3.8212 31 119 180
-2.0358 -41.6436 -3.7889 31 119 180
-2.0358 -41.7616 -3.7286 31 119 180
-2.0358 -41.9713 -3.6778 38 38 38
-2.0358 -41.8957 -3.7727 38 38 38
-2.0358 -42.1169 -3.8173 31 119 180
-2.0358 -42.1238 -3.9038 31 119 180
-2.0358 -42.3873 -3.8369 31 119 180
-2.0359 -42.3177 -3.8949 31 119 180
-2.0359 -42.4993 -3.8134 31 119 180
-2.0359 -42.2716 -3.9747 31 119 180
-2.0359 -42.4177 -3.9451 31 119 180
-1.9367 -35.5689 -1.7825 255 187 120
-1.9367 -35.6651 -1.8009 255 187 120
-1.9367 -35.5849 -1.8868 255 187 120
-1.9367 -35.8393 -1.8021 255 187 120
-1.9368 -35.9815 -1.7407 255 187 120
-1.9368 -36.089 -1.7084 255 187 120
-1.9368 -35.5866 -1.9873 255 187 120
-1.9368 -35.9446 -1.8383 255 187 120
-1.9368 -36.0566 -1.8149 255 187 120
-1.9368 -35.53 -2.095 255 187 120
-1.9368 -36.1891 -1.7586 255 187 120
-1.9368 -34.9224 -2.4838 255 187 120
-1.9368 -35.5074 -2.1965 255 187 120
-1.9368 -35.4325 -2.2685 255 187 120
-1.9368 -36.554 -1.6961 255 187 120
-1.9368 -35.1223 -2.438 255 187 120
-1.9368 -35.0383 -2.4922 255 187 120
-1.9368 -36.445 -1.7742 255 187 120
-1.9368 -36.5412 -1.7927 255 187 120
-1.9368 -35.4243 -2.3739 255 187 120
-1.9368 -36.6343 -1.7564 255 187 120
-1.9368 -35.2679 -2.5775 255 187 120
-1.9369 -37.0085 -1.858 255 187 120
-1.9369 -36.9572 -1.9517 255 187 120
-1.9369 -34.3131 -3.695 31 119 180
-1.9369 -34.2526 -3.7709 31 119 180
-1.9369 -34.3836 -3.7603 31 119 180
-1.937 -34.5198 -3.7358 31 119 180
-1.937 -34.5752 -3.82 31 119 180
-1.937 -34.6736 -3.7698 31 119 180
-1.937 -34.7041 -3.878 31 119 180
-1.937 -34.8024 -3.8278 31 119 180
-1.9374 -38.384 -3.6542 31 119 180
-1.9374 -38.4915 -3.6218 31 119 180
-1.9374 -38.9092 -3.4199 31 119 180
-1.9374 -38.9977 -3.3747 31 119 180
-1.9374 -38.7367 -3.5192 31 119 180
-1.9374 -39.1635 -3.3351 31 119 180
-1.9374 -38.5877 -3.6403 31 119 180
-1.9374 -38.2374 -3.8528 31 119 180
-1.9374 -39.0978 -3.425 31 119 180
-1.9374 -39.3233 -3.3324 31 119 180
-1.9374 -38.329 -3.8623 31 119 180
-1.9374 -39.2431 -3.4183 31 119 180
-1.9374 -39.508 -3.3056 31 119 180
-1.9374 -38.2973 -3.946 31 119 180
-1.9374 -39.4286 -3.3686 31 119 180
-1.9374 -39.6201 -3.2822 31 119 180
-1.9374 -39.7578 -3.2119 31 119 180
-1.9374 -39.5831 -3.3798 31 119 180
-1.9374 -39.7208 -3.3095 31 119 180
-1.9374 -39.9077 -3.2141 31 119 180
-1.9375 -39.8707 -3.3118 31 119 180
-1.9375 -39.9972 -3.2923 31 119 180
-1.9375 -40.3162 -3.4558 31 119 180
-1.9375 -40.4503 -3.4999 31 119 180
-1.9376 -40.5746 -3.549 31 119 180
-1.9376 -40.7291 -3.5602 31 119 180
-1.9376 -40.8214 -3.5468 31 119 180
-1.9376 -40.6921 -3.6578 31 119 180
-1.9376 -40.9282 -3.5373 31 119 180
-1.9376 -40.7943 -3.6394 31 119 180
-1.9376 -41.0433 -3.5686 31 119 180
-1.9376 -41.0117 -3.6523 31 119 180
-1.9377 -41.1465 -3.6735 31 119 180
-1.9377 -41.248 -3.678 31 119 180
-1.9377 -41.3494 -3.6824 31 119 180
-1.9377 -41.3026 -3.7851 31 119 180
-1.9377 -41.4003 -3.7578 31 119 180
-1.9377 -41.65 -3.6641 31 119 180
-1.9377 -41.7568 -3.6546 31 119 180
-1.9377 -41.4806 -3.818 31 119 180
-1.9377 -41.5881 -3.7857 31 119 180
-1.9377 -41.7054 -3.7483 31 119 180
-1.9377 -41.8719 -3.6858 31 119 180
-1.9378 -42.178 -3.7997 31 119 180
-1.9378 -42.0691 -3.8778 31 119 180
-1.9378 -42.344 -3.9063 31 119 180
-1.9378 -42.4455 -3.9108 31 119 180
-1.9378 -42.385 -3.9866 31 119 180
-1.8422 -35.5766 -1.7785 255 187 120
-1.8422 -35.7273 -1.7578 255 187 120
-1.8422 -35.6471 -1.8438 255 187 120
-1.8422 -35.8439 -1.7434 255 187 120
-1.8422 -35.5768 -1.9246 255 187 120
-1.8422 -35.5065 -2.0055 255 187 120
-1.8422 -35.9492 -1.7796 255 187 120
-1.8423 -36.1248 -1.735 255 187 120
-1.8423 -36.0545 -1.8159 255 187 120
-1.8422 -35.4688 -2.126 255 187 120
-1.8423 -36.19 -1.8143 255 187 120
-1.8421 -34.8567 -2.5059 255 187 120
-1.8421 -34.9354 -2.4657 255 187 120
-1.8422 -35.4009 -2.2845 255 187 120
-1.8421 -35.0112 -2.5171 255 187 120
-1.8422 -35.4978 -2.28 255 187 120
-1.8421 -35.1777 -2.4546 255 187 120
-1.8422 -35.3881 -2.381 255 187 120
-1.8422 -35.3655 -2.4825 255 187 120
-1.8422 -35.2225 -2.5668 255 187 120
-1.8422 -35.3339 -2.5662 255 187 120
-1.8425 -36.9436 -1.8574 255 187 120
-1.8425 -37.064 -1.8747 255 187 120
-1.8421 -34.2904 -3.7288 31 119 180
-1.8421 -34.3979 -3.6965 31 119 180
-1.8421 -34.4427 -3.8086 31 119 180
-1.8421 -34.5313 -3.7634 31 119 180
-1.8422 -34.6517 -3.7808 31 119 180
-1.8422 -34.5768 -3.8527 31 119 180
-1.8422 -34.7426 -3.8131 31 119 180
-1.8422 -34.673 -3.8711 31 119 180
-1.8422 -34.7587 -3.9175 31 119 180
-1.8427 -37.19 -3.2394 38 38 38
-1.8427 -37.3361 -3.2099 38 38 38
-1.8427 -37.1341 -3.3242 38 38 38
-1.8427 -37.2946 -3.2986 38 38 38
-1.8428 -37.4165 -3.2702 38 38 38
-1.8431 -38.6428 -3.5109 31 119 180
-1.8431 -38.7942 -3.4674 31 119 180
-1.8431 -38.882 -3.4451 31 119 180
-1.8431 -39.0524 -3.4144 31 119 180
-1.8432 -39.1455 -3.3782 31 119 180
-1.8432 -39.2378 -3.3648 31 119 180
-1.843 -38.2723 -3.9025 31 119 180
-1.8432 -39.2061 -3.4485 31 119 180
-1.8432 -39.3136 -3.4161 31 119 180
-1.8433 -39.5883 -3.2985 31 119 180
-1.8433 -39.6716 -3.2672 31 119 180
-1.8432 -39.4204 -3.4067 31 119 180
-1.8433 -39.5279 -3.3743 31 119 180
-1.8433 -39.851 -3.2544 31 119 180
-1.8433 -39.6392 -3.3738 31 119 180
-1.8433 -39.7716 -3.3175 31 119 180
-1.8433 -39.9585 -3.2221 31 119 180
-1.8433 -39.9359 -3.3236 31 119 180
-1.8434 -40.0586 -3.2723 31 119 180
-1.8434 -40.2511 -3.4554 31 119 180
-1.8435 -40.373 -3.4269 31 119 180
-1.8435 -40.5966 -3.5492 31 119 180
-1.8435 -40.6323 -3.6435 31 119 180
-1.8436 -40.733 -3.6708 31 119 180
-1.8436 -41.0267 -3.566 31 119 180
-1.8436 -40.8823 -3.696 31 119 180
-1.8436 -40.9943 -3.6725 31 119 180
-1.8437 -41.186 -3.7323 31 119 180
-1.8437 -41.2791 -3.696 31 119 180
-1.8437 -41.4108 -3.6626 31 119 180
-1.8437 -41.3692 -3.7513 31 119 180
-1.8438 -41.4753 -3.7647 31 119 180
-1.8438 -41.5737 -3.7145 31 119 180
-1.8438 -41.7387 -3.6978 31 119 180
-1.8438 -41.5708 -3.806 31 119 180
-1.8438 -41.6638 -3.7697 31 119 180
-1.8438 -41.8356 -3.6933 31 119 180
-1.8439 -41.9666 -3.6828 31 119 180
-1.8438 -41.857 -3.7837 31 119 180
-1.8439 -41.9493 -3.7704 31 119 180
-1.8439 -42.1319 -3.8122 31 119 180
-1.8439 -42.1191 -3.9088 31 119 180
-1.844 -42.2911 -3.9785 38 38 38
-1.844 -42.4085 -3.9412 31 119 180
-1.7421 -35.6722 -1.7541 255 187 120
-1.7421 -35.6549 -1.8417 255 187 120
-1.7421 -35.5407 -1.9337 255 187 120
-1.7421 -35.9728 -1.7358 255 187 120
-1.7421 -35.4584 -2.0883 255 187 120
-1.7421 -35.5416 -2.0571 255 187 120
-1.7421 -36.1069 -1.7799 255 187 120
-1.7421 -36.2243 -1.7425 255 187 120
-1.7421 -35.479 -2.2015 255 187 120
-1.742 -34.8637 -2.5267 255 187 120
-1.7421 -36.3689 -1.7587 255 187 120
-1.742 -34.9614 -2.4994 255 187 120
-1.7422 -36.4658 -1.7543 255 187 120
-1.7421 -35.4405 -2.3449 255 187 120
-1.7422 -36.5462 -1.8146 255 187 120
-1.7421 -35.393 -2.4705 255 187 120
-1.7421 -35.2394 -2.5826 255 187 120
-1.7421 -35.3613 -2.5541 255 187 120
-1.7422 -36.8158 -1.857 255 187 120
-1.7422 -37.0066 -1.7935 255 187 120
-1.7422 -36.7645 -1.9508 255 187 120
-1.7422 -37.0725 -1.8498 255 187 120
-1.742 -34.3867 -3.6815 31 119 180
-1.742 -34.3307 -3.7663 31 119 180
-1.742 -34.473 -3.705 31 119 180
-1.742 -34.4747 -3.8054 31 119 180
-1.742 -34.5874 -3.7591 31 119 180
-1.7421 -34.6035 -3.8635 31 119 180
-1.7421 -34.7019 -3.8133 31 119 180
-1.7421 -34.8072 -3.8496 31 119 180
-1.7421 -34.7421 -3.9165 31 119 180
-1.7424 -38.6369 -3.4822 31 119 180
-1.7424 -38.7422 -3.5185 31 119 180
-1.7425 -38.9375 -3.4638 31 119 180
-1.7425 -38.8437 -3.523 31 119 180
-1.7425 -39.1085 -3.4103 31 119 180
-1.7425 -39.2933 -3.3836 31 119 180
-1.7425 -39.0617 -3.513 31 119 180
-1.7425 -39.4696 -3.3161 31 119 180
-1.7425 -39.2275 -3.4734 31 119 180
-1.7425 -39.3993 -3.397 31 119 180
-1.7425 -39.6445 -3.2944 31 119 180
-1.7425 -39.5545 -3.3853 31 119 180
-1.7425 -39.8096 -3.2777 31 119 180
-1.7425 -39.6515 -3.3809 31 119 180
-1.7425 -39.7347 -3.3496 31 119 180
-1.7426 -39.9307 -3.2721 31 119 180
-1.7425 -39.8453 -3.372 31 119 180
-1.7426 -40.0413 -3.2945 31 119 180
-1.7426 -40.2111 -3.4329 31 119 180
-1.7426 -40.3133 -3.4145 31 119 180
-1.7426 -40.4095 -3.4329 31 119 180
-1.7426 -40.2711 -3.5261 31 119 180
-1.7426 -40.6134 -3.5652 31 119 180
-1.7426 -40.5961 -3.6528 31 119 180
-1.7426 -40.6961 -3.703 31 119 180
-1.7427 -40.818 -3.6746 31 119 180
-1.7427 -40.8492 -3.76 31 119 180
-1.7427 -40.9377 -3.7148 31 119 180
-1.7427 -41.2004 -3.6708 31 119 180
-1.7427 -41.311 -3.6931 31 119 180
-1.7427 -41.168 -3.7774 31 119 180
-1.7427 -41.3172 -3.8025 31 119 180
-1.7427 -41.4156 -3.7523 31 119 180
-1.7427 -41.5125 -3.7479 31 119 180
-1.7427 -41.4657 -3.8505 31 119 180
-1.7427 -41.6526 -3.7551 31 119 180
-1.7427 -41.583 -3.8132 31 119 180
-1.7427 -41.7397 -3.7557 31 119 180
-1.7427 -41.6929 -3.8584 31 119 180
-1.7428 -41.9033 -3.7848 31 119 180
-1.7428 -41.8565 -3.8874 31 119 180
-1.7428 -42.0086 -3.8211 31 119 180
-1.7428 -42.0964 -3.7988 31 119 180
-1.7428 -41.9959 -3.9176 31 119 180
-1.7428 -42.1472 -3.8741 31 119 180
-1.6478 -35.5608 -1.798 255 187 120
-1.6478 -35.548 -1.8945 255 187 120
-1.6478 -35.7002 -1.8282 255 187 120
-1.6479 -35.9742 -1.7334 255 187 120
-1.6478 -35.4967 -1.9883 255 187 120
-1.6478 -35.8311 -1.8176 255 187 120
-1.6479 -36.0862 -1.71 255 187 120
-1.6478 -35.5838 -1.9888 255 187 120
-1.6478 -35.4695 -2.0809 255 187 120
-1.6477 -34.9407 -2.4295 255 187 120
-1.6479 -36.2983 -1.7368 255 187 120
-1.6478 -35.5144 -2.193 255 187 120
-1.6479 -36.3997 -1.7413 255 187 120
-1.6477 -35.027 -2.4529 255 187 120
-1.6477 -34.9135 -2.5221 255 187 120
-1.6478 -35.4296 -2.27 255 187 120
-1.6477 -35.1489 -2.4245 255 187 120
-1.6479 -36.3491 -1.8121 255 187 120
-1.648 -36.4959 -1.7597 255 187 120
-1.6478 -35.3737 -2.3548 255 187 120
-1.6477 -35.1506 -2.5249 255 187 120
-1.6477 -35.2293 -2.4848 255 187 120
-1.6478 -35.3898 -2.4591 255 187 120
-1.6478 -35.2748 -2.5741 255 187 120
-1.6478 -35.377 -2.5557 255 187 120
-1.648 -36.821 -1.8864 255 187 120
-1.648 -36.9337 -1.8401 255 187 120
-1.6481 -37.0746 -1.8245 255 187 120
-1.6476 -34.2609 -3.7215 31 119 180
-1.6476 -34.3873 -3.702 31 119 180
-1.6477 -34.488 -3.7294 31 119 180
-1.6477 -34.4185 -3.7874 31 119 180
-1.6477 -34.5094 -3.8198 31 119 180
-1.6477 -34.6123 -3.7785 31 119 180
-1.6477 -34.6382 -3.8778 31 119 180
-1.6477 -34.7562 -3.8176 31 119 180
-1.6477 -34.8162 -3.9108 31 119 180
-1.6482 -37.4141 -3.1704 38 38 38
-1.6482 -37.3347 -3.2334 38 38 38
-1.6482 -37.505 -3.2028 38 38 38
-1.6485 -38.5497 -3.5249 31 119 180
-1.6485 -38.6723 -3.4736 31 119 180
-1.6485 -38.7738 -3.4781 31 119 180
-1.6485 -38.5317 -3.6354 31 119 180
-1.6486 -39.0266 -3.4391 31 119 180
-1.6486 -39.2946 -3.3811 31 119 180
-1.6486 -39.2054 -3.4492 31 119 180
-1.6486 -39.387 -3.3677 31 119 180
-1.6486 -39.5444 -3.2874 31 119 180
-1.6487 -39.6459 -3.2919 31 119 180
-1.6486 -39.5029 -3.3761 31 119 180
-1.6487 -39.7382 -3.2785 31 119 180
-1.6487 -39.6043 -3.3806 31 119 180
-1.6487 -39.8639 -3.2819 31 119 180
-1.6487 -39.7641 -3.3779 31 119 180
-1.6487 -39.9836 -3.3221 31 119 180
-1.6488 -40.1686 -3.4415 31 119 180
-1.6488 -40.264 -3.4828 31 119 180
-1.6488 -40.1899 -3.5319 31 119 180
-1.6488 -40.3663 -3.4645 31 119 180
-1.6489 -40.5581 -3.6704 31 119 180
-1.6489 -40.7164 -3.7134 31 119 180
-1.6489 -40.8966 -3.6777 31 119 180
-1.649 -41.0185 -3.6493 38 38 38
-1.6489 -40.8165 -3.7636 31 119 180
-1.649 -41.1398 -3.7899 31 119 180
-1.649 -41.2677 -3.7246 31 119 180
-1.649 -41.2262 -3.8133 31 119 180
-1.649 -41.3738 -3.7381 31 119 180
-1.649 -41.3178 -3.8229 31 119 180
-1.6491 -41.4987 -3.7643 31 119 180
-1.6491 -41.414 -3.8413 31 119 180
-1.6491 -41.6343 -3.7627 31 119 180
-1.6491 -41.5731 -3.8614 31 119 180
-1.6491 -41.8039 -3.7549 31 119 180
-1.6491 -41.7427 -3.8536 31 119 180
-1.6491 -41.913 -3.823 31 119 180
-1.6492 -42.0978 -3.7962 31 119 180
-1.6492 -42.0236 -3.8453 31 119 180
-1.6492 -42.0063 -3.9329 31 119 180
-1.6492 -42.0994 -3.8967 31 119 180
-1.4601 -35.5826 -1.7634 255 187 120
-1.4601 -35.5896 -1.8498 255 187 120
-1.4602 -35.741 -1.8063 255 187 120
-1.4601 -35.5723 -1.9374 255 187 120
-1.4602 -35.8909 -1.8086 255 187 120
-1.4602 -36.0876 -1.7082 255 187 120
-1.4601 -35.4725 -2.0334 38 38 38
-1.46 -34.8983 -2.439 255 187 120
-1.4603 -36.2066 -1.7712 38 38 38
-1.46 -34.8666 -2.5227 255 187 120
-1.4603 -36.3323 -1.7746 38 38 38
-1.4601 -35.3925 -2.2655 255 187 120
-1.4602 -35.5099 -2.2281 38 38 38
-1.4601 -35.3889 -2.3799 255 187 120
-1.4601 -35.268 -2.5316 255 187 120
-1.4604 -36.97 -1.8092 255 187 120
-1.4604 -36.905 -1.8762 255 187 120
-1.4605 -37.0458 -1.8606 255 187 120
-1.4601 -34.252 -3.7479 31 119 180
-1.4601 -34.4519 -3.7021 31 119 180
-1.4601 -34.4012 -3.773 31 119 180
-1.4601 -34.5428 -3.7345 31 119 180
-1.4601 -34.5111 -3.8182 31 119 180
-1.4602 -34.6284 -3.7808 31 119 180
-1.4602 -34.714 -3.8271 31 119 180
-1.4602 -34.6248 -3.8952 31 119 180
-1.4602 -34.721 -3.9136 31 119 180
-1.4602 -34.8134 -3.9002 31 119 180
-1.4607 -37.1357 -3.3001 38 38 38
-1.4607 -37.4059 -3.1734 38 38 38
-1.4607 -37.253 -3.2627 38 38 38
-1.4607 -37.1964 -3.3704 38 38 38
-1.4607 -37.3735 -3.28 38 38 38
-1.4607 -37.4817 -3.2248 38 38 38
-1.4611 -38.6884 -3.4754 31 119 180
-1.461 -38.3925 -3.6489 31 119 180
-1.461 -38.4796 -3.6494 31 119 180
-1.461 -38.5583 -3.6093 31 119 180
-1.461 -38.2027 -3.8358 31 119 180
-1.4611 -38.9503 -3.4542 31 119 180
-1.4611 -39.1463 -3.3766 31 119 180
-1.4612 -39.2629 -3.3621 31 119 180
-1.4611 -39.0753 -3.4804 31 119 180
-1.4612 -39.3735 -3.3845 31 119 180
-1.4612 -39.4863 -3.3382 31 119 180
-1.4612 -39.5892 -3.2969 31 119 180
-1.4613 -39.7641 -3.2751 31 119 180
-1.4612 -39.4978 -3.4336 31 119 180
-1.4612 -39.5765 -3.3934 31 119 180
-1.4613 -39.684 -3.3611 31 119 180
-1.4613 -39.8747 -3.2975 31 119 180
-1.4613 -39.8051 -3.3555 31 119 180
-1.4613 -39.9793 -3.3566 38 38 38
-1.4614 -40.0997 -3.3739 38 38 38
-1.4614 -40.2096 -3.4191 38 38 38
-1.4614 -40.14 -3.4771 38 38 38
-1.4614 -40.3399 -3.4314 38 38 38
-1.4614 -40.2499 -3.5223 38 38 38
-1.4615 -40.6839 -3.5709 38 38 38
-1.4615 -40.5696 -3.663 38 38 38
-1.4615 -40.734 -3.6691 38 38 38
-1.4616 -40.996 -3.6479 38 38 38
-1.4616 -40.8916 -3.735 38 38 38
-1.4617 -41.1483 -3.7277 38 38 38
-1.4616 -41.0833 -3.7947 38 38 38
-1.4617 -41.2877 -3.7579 38 38 38
-1.4617 -41.1984 -3.8259 38 38 38
-1.4617 -41.3884 -3.7852 38 38 38
-1.4617 -41.3279 -3.8611 38 38 38
-1.4617 -41.5194 -3.7746 38 38 38
-1.4617 -41.4385 -3.8834 38 38 38
-1.4618 -41.5407 -3.865 38 38 38
-1.4618 -41.6384 -3.8377 38 38 38
-1.4618 -41.755 -3.8232 38 38 38
-1.4618 -41.7082 -3.9258 38 38 38
-1.4618 -41.9148 -3.8204 38 38 38
-1.4618 -41.8293 -3.9203 38 38 38
-1.4619 -42.0155 -3.8478 38 38 38
-1.4619 -42.1124 -3.8433 38 38 38
-1.4619 -41.9929 -3.9493 38 38 38
-1.2624 -35.5664 -1.749 255 187 120
-1.2624 -35.6936 -1.7066 255 187 120
-1.2624 -35.5818 -1.8762 255 187 120
-1.2624 -35.749 -1.7908 255 187 120
-1.2624 -35.9359 -1.6954 255 187 120
-1.2624 -36.0374 -1.6999 255 187 120
-1.2625 -35.4661 -2.014 255 187 120
-1.2625 -35.5592 -1.9777 255 187 120
-1.2624 -36.1441 -1.6904 255 187 120
-1.2625 -34.8632 -2.4118 255 187 120
-1.2625 -35.486 -2.1501 255 187 120
-1.2624 -36.2329 -1.7914 255 187 120
-1.2625 -34.8603 -2.5033 255 187 120
-1.2625 -35.1252 -2.3906 255 187 120
-1.2625 -35.0117 -2.4598 255 187 120
-1.2625 -35.4195 -2.2628 255 187 120
-1.2625 -35.5028 -2.2316 255 187 120
-1.2625 -35.4167 -2.3543 255 187 120
-1.2625 -35.4282 -2.4497 255 187 120
-1.2625 -35.3291 -2.5228 255 187 120
-1.2627 -34.2662 -3.6956 31 119 180
-1.2627 -34.4048 -3.7486 31 119 180
-1.2627 -34.5221 -3.7113 31 119 180
-1.2627 -34.6078 -3.7576 31 119 180
-1.2627 -34.5284 -3.8206 31 119 180
-1.2627 -34.6428 -3.8747 31 119 180
-1.2627 -34.7601 -3.8374 31 119 180
-1.2627 -37.1203 -3.2627 38 38 38
-1.2627 -36.997 -3.3369 38 38 38
-1.2627 -37.0887 -3.3464 38 38 38
-1.2627 -37.2756 -3.251 38 38 38
-1.2627 -37.3687 -3.2147 38 38 38
-1.2627 -37.2151 -3.3268 38 38 38
-1.2627 -37.3363 -3.3213 38 38 38
-1.2628 -38.5005 -3.5372 31 119 180
-1.2628 -38.6034 -3.4959 31 119 180
-1.2628 -38.2865 -3.7252 31 119 180
-1.2628 -38.7193 -3.5043 31 119 180
-1.2628 -38.4136 -3.6828 31 119 180
-1.2628 -38.8759 -3.4468 31 119 180
-1.2628 -39.125 -3.3759 31 119 180
-1.2628 -39.041 -3.4301 31 119 180
-1.2628 -39.2521 -3.3335 31 119 180
-1.2628 -38.3124 -3.8245 31 119 180
-1.2628 -38.8678 -3.5522 31 119 180
-1.2628 -38.233 -3.8876 31 119 180
-1.2628 -38.9798 -3.5288 31 119 180
-1.2628 -39.1857 -3.4462 31 119 180
-1.2628 -39.1017 -3.5004 31 119 180
-1.2628 -39.3423 -3.3888 31 119 180
-1.2628 -39.4354 -3.3525 31 119 180
-1.2628 -39.6609 -3.2599 31 119 180
-1.2628 -39.552 -3.338 31 119 180
-1.2628 -39.4863 -3.4278 31 119 180
-1.2628 -39.6482 -3.3564 31 119 180
-1.2628 -39.7806 -3.3001 31 119 180
-1.2628 -39.9025 -3.2716 31 119 180
-1.2628 -39.9095 -3.3581 31 119 180
-1.2628 -39.9927 -3.3268 31 119 180
-1.2628 -40.0428 -3.425 31 119 180
-1.2628 -40.1503 -3.3927 31 119 180
-1.2628 -40.2451 -3.4568 31 119 180
-1.2628 -40.3458 -3.4842 31 119 180
-1.2628 -40.7117 -3.545 38 38 38
-1.2628 -40.5233 -3.6862 38 38 38
-1.2629 -40.8906 -3.7012 38 38 38
-1.2629 -41.0034 -3.6549 38 38 38
-1.2629 -41.0905 -3.6555 38 38 38
-1.2629 -40.9717 -3.7386 38 38 38
-1.2629 -41.0588 -3.7392 38 38 38
-1.2629 -41.214 -3.7274 38 38 38
-1.2629 -41.1399 -3.7765 38 38 38
-1.2629 -41.3467 -3.8173 38 38 38
-1.2629 -41.4542 -3.7849 38 38 38
-1.2629 -41.4263 -3.9004 38 38 38
-1.2629 -41.5443 -3.8401 38 38 38
-1.2629 -41.6473 -3.7989 38 38 38
-1.2629 -41.7965 -3.824 38 38 38
-1.2629 -41.6876 -3.9021 38 38 38
-1.2629 -41.8368 -3.9272 38 38 38
-1.2629 -41.9488 -3.9038 38 38 38
-1.2629 -42.0359 -3.9043 38 38 38
-1.2629 -41.9315 -3.9913 38 38 38
-1.2629 -42.0186 -3.9919 38 38 38
-1.2629 -42.111 -3.9785 38 38 38
-1.263 -42.336 -4.055 38 38 38
-1.263 -42.2566 -4.118 38 38 38
-1.1708 -35.9786 -1.6851 255 187 120
-1.1708 -35.5784 -1.9457 255 187 120
-1.1708 -36.0393 -1.7554 255 187 120
-1.1708 -35.4779 -2.0645 255 187 120
-1.1708 -36.1749 -1.7538 255 187 120
-1.1708 -36.5132 -1.6149 255 187 120
-1.1709 -34.85 -2.4863 255 187 120
-1.1708 -36.4436 -1.6729 255 187 120
-1.1709 -34.9719 -2.4578 255 187 120
-1.1709 -35.4978 -2.2006 255 187 120
-1.1709 -35.0976 -2.4612 255 187 120
-1.1709 -35.4563 -2.2894 255 187 120
-1.1709 -35.4066 -2.4835 255 187 120
-1.1711 -34.3618 -3.6919 31 119 180
-1.1711 -34.262 -3.7879 38 38 38
-1.1712 -34.4997 -3.7678 31 119 180
-1.1712 -34.6103 -3.7902 31 119 180
-1.1712 -34.6787 -3.9241 31 119 180
-1.1712 -34.7907 -3.9006 31 119 180
-1.1713 -37.0306 -3.3088 38 38 38
-1.1712 -37.1289 -3.2586 38 38 38
-1.1713 -37.2213 -3.2452 38 38 38
-1.1713 -37.1162 -3.3551 38 38 38
-1.1714 -38.5817 -3.5299 31 119 180
-1.1714 -38.3987 -3.6571 31 119 180
-1.1714 -38.5592 -3.6314 31 119 180
-1.1714 -38.9231 -3.4457 31 119 180
-1.1714 -39.1131 -3.405 31 119 180
-1.1714 -39.2214 -3.3497 31 119 180
-1.1714 -39.033 -3.4909 31 119 180
-1.1715 -39.2041 -3.4373 31 119 180
-1.1715 -39.2964 -3.4239 31 119 180
-1.1715 -39.4675 -3.3704 31 119 180
-1.1715 -39.615 -3.2951 31 119 180
-1.1715 -39.3881 -3.4334 31 119 180
-1.1715 -39.7112 -3.3135 31 119 180
-1.1715 -39.5433 -3.4217 31 119 180
-1.1715 -39.8566 -3.3068 31 119 180
-1.1715 -39.9415 -3.376 31 119 180
-1.1715 -40.0445 -3.3347 31 119 180
-1.1715 -40.2136 -3.496 31 119 180
-1.1715 -40.3112 -3.4686 31 119 180
-1.1716 -40.5945 -3.5379 38 38 38
-1.1716 -40.6007 -3.6472 38 38 38
-1.1716 -40.9582 -3.6673 38 38 38
-1.1717 -40.9356 -3.7689 38 38 38
-1.1717 -41.0877 -3.7025 38 38 38
-1.1717 -41.1931 -3.7388 38 38 38
-1.1717 -41.2847 -3.7483 38 38 38
-1.1717 -41.2 -3.8252 38 38 38
-1.1717 -41.4173 -3.8381 38 38 38
-1.1717 -41.5649 -3.7628 38 38 38
-1.1717 -41.6059 -3.8431 38 38 38
-1.1718 -41.7983 -3.88 38 38 38
-1.1718 -41.9043 -3.8934 38 38 38
-1.1718 -41.8431 -3.9921 38 38 38
-1.1718 -42.0036 -3.9665 38 38 38
-1.1718 -42.0922 -3.9213 38 38 38
-1.1719 -42.3522 -4.1149 38 38 38
-1.1708 -35.5427 -1.8514 255 187 120
-1.1708 -35.887 -1.6756 255 187 120
-1.1708 -35.4815 -1.9501 255 187 120
-1.1708 -36.1012 -1.6338 255 187 120
-1.1708 -36.2065 -1.6701 255 187 120
-1.1709 -34.843 -2.3998 255 187 120
-1.1709 -34.9263 -2.3685 255 187 120
-1.1709 -35.0671 -2.3529 255 187 120
-1.1709 -35.3646 -2.2799 255 187 120
-1.1709 -35.177 -2.3981 255 187 120
-1.1709 -35.2725 -2.4394 255 187 120
-1.1709 -35.3852 -2.3931 255 187 120
-1.1712 -34.4014 -3.818 31 119 180
-1.1712 -34.5302 -3.8761 31 119 180
-1.1712 -34.7058 -3.8315 31 119 180
-1.1714 -38.6991 -3.4925 31 119 180
-1.1714 -38.8065 -3.4602 31 119 180
-1.1715 -38.3195 -3.8663 31 119 180
-1.1715 -38.2446 -3.9383 31 119 180
-1.1715 -39.6265 -3.3905 31 119 180
-1.1715 -40.0625 -3.2243 31 119 180
-1.1715 -39.9687 -3.2834 31 119 180
-1.1715 -39.7909 -3.3966 31 119 180
-1.1716 -40.6975 -3.4966 38 38 38
-1.1717 -41.3235 -3.8972 38 38 38
-1.1717 -41.5272 -3.8833 38 38 38
-1.1718 -41.728 -3.9609 38 38 38
-1.1718 -42.1884 -3.9397 38 38 38
-1.1718 -42.0984 -4.0306 38 38 38
-1.1718 -42.2135 -4.0619 38 38 38
-1.1718 -42.3316 -4.0016 38 38 38
-1.1719 -42.4498 -4.0876 38 38 38
-1.1719 -42.552 -4.0692 38 38 38
-0.9785 -35.601 -1.6993 255 187 120
-0.9785 -35.7176 -1.6848 255 187 120
-0.9786 -35.5451 -1.7841 255 187 120
-0.9786 -35.5664 -1.8745 255 187 120
-0.9786 -35.9789 -1.6865 255 187 120
-0.9786 -35.9138 -1.7535 255 187 120
-0.9786 -36.125 -1.657 255 187 120
-0.9786 -35.534 -1.9811 255 187 120
-0.9786 -36.0645 -1.7329 255 187 120
-0.9786 -36.2166 -1.6665 255 187 120
-0.9786 -35.4682 -2.0709 255 187 120
-0.9787 -34.9113 -2.3888 255 187 120
-0.9787 -34.8372 -2.4379 255 187 120
-0.9786 -36.2871 -1.7318 255 187 120
-0.9787 -35.4646 -2.1853 255 187 120
-0.9787 -35.3754 -2.2533 255 187 120
-0.9787 -35.1704 -2.4592 255 187 120
-0.9787 -35.3945 -2.4123 255 187 120
-0.979 -34.2733 -3.7384 31 119 180
-0.979 -34.3619 -3.6932 31 119 180
-0.979 -34.4566 -3.7574 31 119 180
-0.979 -34.3628 -3.8165 31 119 180
-0.979 -34.5619 -3.7937 31 119 180
-0.9791 -34.506 -3.8785 31 119 180
-0.9791 -34.6559 -3.8807 31 119 180
-0.9791 -34.7749 -3.9438 31 119 180
-0.979 -37.1768 -3.2808 38 38 38
-0.979 -37.1496 -3.3734 38 38 38
-0.979 -37.2578 -3.3182 38 38 38
-0.9791 -38.7975 -3.4439 31 119 180
-0.9791 -38.4774 -3.6185 31 119 180
-0.9791 -38.7317 -3.5338 31 119 180
-0.9791 -38.8983 -3.4713 31 119 180
-0.9791 -38.5979 -3.6358 31 119 180
-0.9791 -39.0005 -3.4529 31 119 180
-0.9791 -39.089 -3.4077 31 119 180
-0.9792 -38.2279 -3.8584 31 119 180
-0.9791 -38.3459 -3.7982 31 119 180
-0.9791 -39.2397 -3.3871 31 119 180
-0.9792 -38.3142 -3.8819 31 119 180
-0.9791 -39.3601 -3.4044 31 119 180
-0.9791 -39.4683 -3.3492 31 119 180
-0.9791 -39.6583 -3.3085 31 119 180
-0.9791 -39.5842 -3.3576 31 119 180
-0.9791 -39.7461 -3.2862 31 119 180
-0.9791 -39.5237 -3.4335 31 119 180
-0.9791 -39.6993 -3.3888 31 119 180
-0.9791 -39.8644 -3.3721 31 119 180
-0.9791 -39.9863 -3.3437 31 119 180
-0.9791 -40.0856 -3.4168 38 38 38
-0.9791 -40.2257 -3.4241 38 38 38
-0.9791 -40.1515 -3.4732 38 38 38
-0.9791 -40.6135 -3.5525 38 38 38
-0.9792 -40.6999 -3.5759 38 38 38
-0.9792 -40.4782 -3.7003 38 38 38
-0.9792 -40.6198 -3.6618 38 38 38
-0.9792 -40.9287 -3.6842 38 38 38
-0.9792 -40.8584 -3.7651 38 38 38
-0.9792 -41.0552 -3.6647 38 38 38
-0.9792 -41.0084 -3.7673 38 38 38
-0.9792 -41.2173 -3.7395 38 38 38
-0.9792 -41.1758 -3.8282 38 38 38
-0.9792 -41.3174 -3.7897 38 38 38
-0.9792 -41.5498 -3.7836 38 38 38
-0.9792 -41.4363 -3.8528 38 38 38
-0.9793 -41.5272 -3.8851 38 38 38
-0.9793 -41.7741 -3.883 38 38 38
-0.9793 -41.7182 -3.9678 38 38 38
-0.9793 -41.8749 -3.9103 38 38 38
-0.9793 -41.8235 -4.004 38 38 38
-0.9793 -41.9809 -3.9237 38 38 38
-0.9793 -41.925 -4.0085 38 38 38
-0.9793 -42.0121 -4.0091 38 38 38
-0.9793 -42.1491 -3.9617 38 38 38
-0.9793 -42.2407 -3.9712 38 38 38
-0.9793 -42.1068 -4.0733 38 38 38
-0.9793 -42.1946 -4.051 38 38 38
-0.9793 -42.3793 -4.0242 38 38 38
-0.9793 -42.2999 -4.0872 38 38 38
-0.9793 -42.5626 -4.0432 38 38 38
-0.9793 -42.4969 -4.133 38 38 38
-0.882 -35.568 -1.737 255 187 120
-0.882 -35.6664 -1.6868 255 187 120
-0.882 -35.7588 -1.6734 255 187 120
-0.882 -35.8746 -1.6818 255 187 120
-0.882 -35.5985 -1.8453 255 187 120
-0.882 -35.5334 -1.9122 255 187 120
-0.882 -36.0056 -1.6713 255 187 120
-0.8821 -35.4638 -1.9702 255 187 120
-0.882 -36.0973 -1.6808 255 187 120
-0.882 -35.949 -1.7789 255 187 120
-0.882 -36.2381 -1.6652 255 187 120
-0.882 -36.0656 -1.7645 255 187 120
-0.882 -36.1678 -1.7461 255 187 120
-0.882 -36.3343 -1.6836 255 187 120
-0.8822 -34.8625 -2.4683 255 187 120
-0.8822 -35.1652 -2.3813 255 187 120
-0.8821 -35.4006 -2.2837 255 187 120
-0.8822 -35.3636 -2.3814 255 187 120
-0.8822 -35.2055 -2.4846 255 187 120
-0.8825 -34.287 -3.6733 31 119 180
-0.8825 -34.2303 -3.781 31 119 180
-0.8825 -34.3364 -3.7944 31 119 180
-0.8826 -34.4645 -3.8753 31 119 180
-0.8826 -34.6221 -3.9412 31 119 180
-0.8826 -34.7326 -3.9636 31 119 180
-0.8822 -37.5016 -2.5621 255 187 120
-0.8824 -37.3003 -3.2611 38 38 38
-0.8822 -40.4107 -2.3831 38 38 38
-0.8822 -40.519 -2.3279 38 38 38
-0.8825 -38.5321 -3.6341 31 119 180
-0.8825 -38.8174 -3.4886 31 119 180
-0.8826 -38.2053 -3.8684 31 119 180
-0.8825 -38.9234 -3.502 31 119 180
-0.8826 -38.3082 -3.8271 31 119 180
-0.8825 -39.0302 -3.4925 31 119 180
-0.8825 -39.1226 -3.4792 31 119 180
-0.8826 -38.2712 -3.9248 31 119 180
-0.8824 -39.2845 -3.4078 31 119 180
-0.8825 -39.2142 -3.4887 31 119 180
-0.8824 -39.4208 -3.3833 31 119 180
-0.8824 -39.6123 -3.2968 31 119 180
-0.8824 -39.7879 -3.2522 31 119 180
-0.8825 -39.3793 -3.472 31 119 180
-0.8824 -39.5314 -3.4056 31 119 180
-0.8824 -39.6192 -3.3833 31 119 180
-0.8824 -39.7221 -3.3421 31 119 180
-0.8824 -39.8289 -3.3326 31 119 180
-0.8824 -39.922 -3.2963 31 119 180
-0.8824 -39.9774 -3.3806 31 119 180
-0.8825 -40.1479 -3.4961 38 38 38
-0.8825 -40.2554 -3.4638 38 38 38
-0.8825 -40.6342 -3.5744 38 38 38
-0.8825 -40.4609 -3.6965 38 38 38
-0.8825 -40.844 -3.6698 38 38 38
-0.8825 -40.9554 -3.6693 38 38 38
-0.8825 -41.0758 -3.6866 38 38 38
-0.8825 -41.194 -3.7726 38 38 38
-0.8826 -41.2789 -3.8418 38 38 38
-0.8826 -41.4833 -3.805 38 38 38
-0.8826 -41.5803 -3.8006 38 38 38
-0.8826 -41.3782 -3.9149 38 38 38
-0.8826 -41.716 -3.9451 38 38 38
-0.8826 -41.8024 -3.9685 38 38 38
-0.8826 -41.8811 -3.9284 38 38 38
-0.8826 -41.9765 -3.9697 38 38 38
-0.8826 -42.2407 -3.8799 38 38 38
-0.8826 -42.1567 -3.934 38 38 38
-0.8826 -42.1538 -4.0255 38 38 38
-0.8826 -42.5998 -4.0005 38 38 38
-0.882 -35.6635 -1.7783 255 187 120
-0.882 -35.7657 -1.7599 255 187 120
-0.882 -35.8573 -1.7694 255 187 120
-0.882 -35.7083 -1.8905 255 187 120
-0.8821 -35.5986 -1.9914 255 187 120
-0.8822 -35.0357 -2.3462 255 187 120
-0.8821 -35.5322 -2.1041 38 38 38
-0.882 -36.3314 -1.7751 255 187 120
-0.8821 -35.4944 -2.2246 255 187 120
-0.882 -36.566 -1.7004 38 38 38
-0.8822 -35.2516 -2.4048 255 187 120
-0.882 -36.5101 -1.7852 38 38 38
-0.882 -36.6675 -1.7049 38 38 38
-0.8825 -34.4113 -3.7225 31 119 180
-0.8825 -34.5113 -3.7727 31 119 180
-0.8825 -34.6159 -3.8319 31 119 180
-0.8826 -34.7264 -3.8542 31 119 180
-0.8822 -37.4152 -2.5386 255 187 120
-0.8822 -37.665 -2.445 255 187 120
-0.8824 -37.1595 -3.2767 38 38 38
-0.8825 -38.6046 -3.4846 31 119 180
-0.8825 -38.697 -3.4713 31 119 180
-0.8824 -38.8741 -3.3809 31 119 180
-0.8824 -38.9899 -3.3893 31 119 180
-0.8824 -39.1255 -3.3877 31 119 180
-0.8824 -39.3359 -3.3141 31 119 180
-0.8824 -39.4813 -3.3074 31 119 180
-0.8824 -40.0568 -3.3176 31 119 180
-0.8825 -40.2813 -3.5631 38 38 38
-0.8825 -40.3789 -3.5358 38 38 38
-0.8825 -40.5571 -3.715 38 38 38
-0.8825 -40.7032 -3.6854 38 38 38
-0.8825 -40.6466 -3.7931 38 38 38
-0.8825 -40.7776 -3.7825 38 38 38
-0.8825 -40.9328 -3.7708 38 38 38
-0.8825 -41.0297 -3.7664 38 38 38
-0.8826 -41.5433 -3.8982 38 38 38
-0.8826 -41.7851 -4.0561 38 38 38
-0.8826 -41.9009 -4.0645 38 38 38
-0.8826 -42.0418 -4.0489 38 38 38
-0.8826 -42.3589 -3.9659 38 38 38
-0.8826 -42.2651 -4.025 38 38 38
-0.8826 -42.6504 -3.9297 38 38 38
-0.8826 -42.5074 -4.0139 38 38 38
-0.8826 -42.4553 -4.1305 38 38 38
-0.6949 -35.6875 -1.9669 38 38 38
-0.6949 -34.9346 -2.3624 255 187 120
-0.6949 -35.0708 -2.3379 255 187 120
-0.6949 -34.9029 -2.4461 255 187 120
-0.6949 -35.0149 -2.4227 255 187 120
-0.6949 -35.4509 -2.2564 255 187 120
-0.6949 -35.6083 -2.1761 255 187 120
-0.6949 -35.6961 -2.1538 255 187 120
-0.6949 -35.1641 -2.4478 255 187 120
-0.6949 -35.5478 -2.252 255 187 120
-0.6949 -35.2906 -2.4283 255 187 120
-0.6949 -35.4768 -2.3558 255 187 120
-0.6949 -35.7272 -2.2392 255 187 120
-0.6949 -35.2445 -2.508 255 187 120
-0.6949 -35.4019 -2.4277 255 187 120
-0.6951 -34.2376 -3.7421 31 119 180
-0.6951 -34.336 -3.6919 31 119 180
-0.6951 -34.3672 -3.7773 31 119 180
-0.6951 -34.4754 -3.7221 31 119 180
-0.6952 -34.4725 -3.8136 31 119 180
-0.6952 -34.5807 -3.7583 31 119 180
-0.6952 -34.5581 -3.8599 31 119 180
-0.6952 -34.68 -3.8314 31 119 180
-0.6953 -37.3844 -2.4737 255 187 120
-0.6953 -37.2021 -2.578 255 187 120
-0.6953 -37.2854 -2.5467 255 187 120
-0.6953 -37.4821 -2.4463 255 187 120
-0.6953 -37.5805 -2.3961 255 187 120
-0.6952 -34.6483 -3.9151 31 119 180
-0.6952 -34.7399 -3.9246 31 119 180
-0.6953 -37.3861 -2.5741 255 187 120
-0.6953 -37.2333 -2.6634 255 187 120
-0.6953 -37.6116 -2.4815 255 187 120
-0.6953 -37.7002 -2.4363 255 187 120
-0.6954 -36.7375 -3.344 44 160 44
-0.6954 -36.5945 -3.4282 44 160 44
-0.6954 -36.8306 -3.3077 44 160 44
-0.6954 -36.9381 -3.2754 44 160 44
-0.6954 -36.7005 -3.4416 44 160 44
-0.6954 -36.8133 -3.3953 44 160 44
-0.6954 -37.1084 -3.2447 44 160 44
-0.6954 -36.9109 -3.368 44 160 44
-0.6954 -37.0131 -3.3496 44 160 44
-0.6954 -37.2485 -3.252 44 160 44
-0.6954 -37.1055 -3.3362 44 160 44
-0.6957 -40.8048 -2.3485 38 38 38
-0.6957 -38.9547 -3.3152 31 119 180
-0.6957 -40.7246 -2.4344 38 38 38
-0.6957 -38.7421 -3.4575 31 119 180
-0.6957 -38.8306 -3.4123 31 119 180
-0.6957 -40.8964 -2.358 38 38 38
-0.6957 -39.0993 -3.3314 31 119 180
-0.6957 -38.9367 -3.4257 31 119 180
-0.6958 -40.8549 -2.4467 38 38 38
-0.6957 -39.048 -3.4251 31 119 180
-0.6958 -39.269 -3.3236 31 119 180
-0.6958 -39.1934 -3.4184 31 119 180
-0.6958 -39.3145 -3.4129 31 119 180
-0.6958 -39.6437 -3.2561 31 119 180
-0.6958 -39.5007 -3.3404 31 119 180
-0.6958 -39.4069 -3.3995 31 119 180
-0.6958 -39.4978 -3.4319 31 119 180
-0.6958 -39.5962 -3.3817 31 119 180
-0.6958 -39.7044 -3.3264 31 119 180
-0.6958 -39.7967 -3.3131 31 119 180
-0.6959 -39.9815 -3.2863 31 119 180
-0.6959 -39.8877 -3.3454 31 119 180
-0.6959 -40.0875 -3.2997 31 119 180
-0.6959 -39.8749 -3.4419 31 119 180
-0.6959 -39.9733 -3.3917 31 119 180
-0.696 -40.3377 -3.4983 31 119 180
-0.6961 -40.7424 -3.7082 38 38 38
-0.6961 -40.6478 -3.7902 38 38 38
-0.6961 -40.8885 -3.6786 38 38 38
-0.6961 -40.8023 -3.8014 38 38 38
-0.6961 -41.0089 -3.6959 38 38 38
-0.6961 -40.9674 -3.7846 38 38 38
-0.6961 -41.1641 -3.6842 38 38 38
-0.6961 -41.0794 -3.7612 38 38 38
-0.6962 -41.5067 -3.8695 38 38 38
-0.6962 -41.4076 -3.9426 38 38 38
-0.6963 -41.5182 -3.9649 38 38 38
-0.6963 -41.6847 -3.9024 38 38 38
-0.6963 -41.6098 -3.9744 38 38 38
-0.6963 -41.8272 -3.9872 152 223 138
-0.6963 -41.9294 -3.9688 152 223 138
-0.6963 -41.7955 -4.0709 152 223 138
-0.6963 -41.9022 -4.0615 152 223 138
-0.6964 -42.0385 -4.0369 152 223 138
-0.6964 -42.1361 -4.0096 152 223 138
-0.6964 -42.2338 -3.9823 152 223 138
-0.6964 -42.3845 -3.9616 38 38 38
-0.6964 -42.1476 -4.105 152 223 138
-0.6964 -42.2407 -4.0687 152 223 138
-0.6964 -42.6623 -3.8986 152 223 138
-0.6964 -42.3324 -4.0782 152 223 138
-0.6964 -42.4936 -4.0297 152 223 138
-0.6964 -42.6011 -3.9974 152 223 138
-0.5979 -34.9239 -2.3693 255 187 120
-0.5979 -35.1117 -2.3972 255 187 120
-0.5979 -35.7135 -2.1915 255 187 120
-0.598 -35.6189 -2.2735 38 38 38
-0.598 -35.3367 -2.4737 255 187 120
-0.598 -35.8286 -2.2227 255 187 120
-0.598 -35.5169 -2.438 255 187 120
-0.598 -35.6676 -2.4174 255 187 120
-0.5981 -34.2654 -3.7517 31 119 180
-0.5981 -34.3441 -3.7116 31 119 180
-0.5981 -34.2337 -3.8354 31 119 180
-0.5981 -34.4449 -3.739 31 119 180
-0.5981 -34.3602 -3.8159 31 119 180
-0.5981 -34.4806 -3.8333 31 119 180
-0.5981 -34.5638 -3.802 31 119 180
-0.5982 -37.2284 -2.4875 255 187 120
-0.5982 -34.6344 -3.8673 31 119 180
-0.5983 -37.1725 -2.5723 255 187 120
-0.5983 -37.4282 -2.4418 255 187 120
-0.5983 -37.5508 -2.3905 255 187 120
-0.5983 -37.6161 -2.4697 255 187 120
-0.5982 -34.7761 -3.975 31 119 180
-0.5984 -36.8198 -3.3148 44 160 44
-0.5984 -36.726 -3.374 44 160 44
-0.5984 -36.642 -3.4281 44 160 44
-0.5984 -36.9206 -3.3422 44 160 44
-0.5984 -36.7231 -3.4655 44 160 44
-0.5984 -36.8116 -3.4203 44 160 44
-0.5984 -37.2641 -3.1894 44 160 44
-0.5984 -37.0523 -3.3087 44 160 44
-0.5984 -37.1802 -3.2435 44 160 44
-0.5984 -37.2612 -3.2809 44 160 44
-0.5984 -37.1523 -3.359 44 160 44
-0.5987 -40.7411 -2.3493 38 38 38
-0.5988 -40.8327 -2.3588 38 38 38
-0.5988 -40.6405 -2.4681 38 38 38
-0.5988 -40.7571 -2.4536 38 38 38
-0.5987 -38.7056 -3.5116 31 119 180
-0.5987 -38.8729 -3.4263 31 119 180
-0.5987 -38.9902 -3.3889 31 119 180
-0.5988 -40.6134 -2.5607 38 38 38
-0.5988 -40.711 -2.5334 38 38 38
-0.5987 -39.1461 -3.3544 31 119 180
-0.5987 -39.007 -3.4704 31 119 180
-0.5987 -39.1478 -3.4548 31 119 180
-0.5988 -39.3136 -3.4152 31 119 180
-0.5988 -39.5883 -3.2975 31 119 180
-0.5988 -39.4748 -3.3667 31 119 180
-0.5988 -39.7147 -3.278 31 119 180
-0.5988 -39.3985 -3.4844 31 119 180
-0.5988 -39.5703 -3.408 31 119 180
-0.5988 -39.6687 -3.3578 31 119 180
-0.5988 -39.4961 -3.4571 31 119 180
-0.5988 -39.7785 -3.403 31 119 180
-0.5988 -39.8958 -3.3657 31 119 180
-0.5989 -40.0746 -3.3758 31 119 180
-0.5989 -39.9807 -3.4349 31 119 180
-0.5989 -40.1906 -3.5303 31 119 180
-0.5989 -40.2974 -3.5209 31 119 180
-0.599 -40.5612 -3.7463 38 38 38
-0.599 -40.6876 -3.7268 38 38 38
-0.5991 -40.7944 -3.7174 38 38 38
-0.5991 -40.9072 -3.6711 38 38 38
-0.5991 -40.743 -3.8111 38 38 38
-0.5991 -40.8846 -3.7726 38 38 38
-0.5991 -41.0223 -3.7023 38 38 38
-0.5991 -41.1519 -3.7375 38 38 38
-0.5991 -41.0482 -3.8017 38 38 38
-0.5992 -41.4421 -3.8932 38 38 38
-0.5992 -41.5443 -3.8748 38 38 38
-0.5992 -41.5028 -3.9636 38 38 38
-0.5992 -41.7026 -3.9178 38 38 38
-0.5992 -41.6316 -4.0216 38 38 38
-0.5993 -41.9171 -4.0222 152 223 138
-0.5993 -42.0049 -3.9999 152 223 138
-0.5993 -41.8467 -4.1031 152 223 138
-0.5993 -41.9581 -4.1026 152 223 138
-0.5993 -42.12 -4.0312 152 223 138
-0.5993 -42.2858 -3.9916 152 223 138
-0.5993 -42.083 -4.1288 152 223 138
-0.5993 -42.1709 -4.1065 152 223 138
-0.5994 -42.2678 -4.1021 152 223 138
-0.5994 -42.3858 -4.0418 152 223 138
-0.5994 -42.5622 -3.9744 152 223 138
-0.5994 -42.6606 -3.9242 152 223 138
-0.5994 -42.488 -4.0235 152 223 138
-0.5994 -42.4851 -4.115 152 223 138
-0.4998 -34.9147 -2.3735 255 187 120
-0.4998 -35.0654 -2.3529 255 187 120
-0.4998 -34.8876 -2.4661 255 187 120
-0.4998 -35.1608 -2.3942 255 187 120
-0.4997 -35.693 -2.2464 255 187 120
-0.4998 -35.2155 -2.5013 255 187 120
-0.4997 -35.7846 -2.2559 255 187 120
-0.4998 -35.5039 -2.4104 255 187 120
-0.4998 -35.2966 -2.5387 255 187 120
-0.4998 -35.429 -2.4823 255 187 120
-0.4998 -35.6001 -2.4288 255 187 120
-0.4998 -35.7409 -2.4132 255 187 120
-0.5001 -34.251 -3.7699 31 119 180
-0.4998 -36.7542 -2.5038 255 187 120
-0.4998 -36.6045 -2.6477 255 187 120
-0.4998 -36.8648 -2.5261 255 187 120
-0.5001 -34.3313 -3.8302 31 119 180
-0.4998 -36.9776 -2.4798 255 187 120
-0.4998 -37.0647 -2.4804 255 187 120
-0.5002 -34.4511 -3.8704 31 119 180
-0.4998 -37.176 -2.4798 255 187 120
-0.4998 -37.2782 -2.4614 255 187 120
-0.5002 -34.5624 -3.8698 31 119 180
-0.4998 -37.4341 -2.4269 255 187 120
-0.4998 -37.5757 -2.3884 255 187 120
-0.5002 -34.5496 -3.9663 31 119 180
-0.4998 -37.4025 -2.5105 255 187 120
-0.4998 -37.5486 -2.481 255 187 120
-0.4998 -37.6561 -2.4487 255 187 120
-0.5002 -34.6398 -4.0216 31 119 180
-0.5002 -34.7602 -4.0389 31 119 180
-0.5 -36.3761 -3.4394 44 160 44
-0.5 -36.5532 -3.349 44 160 44
-0.5 -36.666 -3.3027 44 160 44
-0.5001 -36.2967 -3.5024 44 160 44
-0.5001 -36.4822 -3.4528 44 160 44
-0.5 -36.8901 -3.2559 38 38 38
-0.5 -36.6389 -3.3953 44 160 44
-0.5 -36.7857 -3.3429 44 160 44
-0.5001 -38.5859 -3.4933 31 119 180
-0.5001 -38.679 -3.457 31 119 180
-0.5001 -38.9016 -3.4559 31 119 180
-0.5 -39.0333 -3.4225 31 119 180
-0.5001 -39.1833 -3.4247 31 119 180
-0.5001 -39.0986 -3.5017 31 119 180
-0.5001 -39.2833 -3.475 31 119 180
-0.5 -39.5474 -3.3852 31 119 180
-0.5 -39.6595 -3.3618 31 119 180
-0.5001 -39.4378 -3.4861 31 119 180
-0.5001 -39.5347 -3.4817 31 119 180
-0.5001 -39.6324 -3.4544 31 119 180
-0.5001 -39.7497 -3.417 31 119 180
-0.5001 -39.8368 -3.4176 31 119 180
-0.5 -39.939 -3.3992 31 119 180
-0.5001 -39.7665 -3.4985 31 119 180
-0.5 -40.0412 -3.3808 31 119 180
-0.5001 -39.9013 -3.5197 31 119 180
-0.5001 -40.014 -3.4734 31 119 180
-0.5001 -40.1215 -3.4411 31 119 180
-0.5001 -40.2563 -3.4623 31 119 180
-0.5001 -40.1724 -3.5164 31 119 180
-0.5001 -40.6922 -3.7575 38 38 38
-0.5001 -40.7944 -3.7391 38 38 38
-0.5001 -40.8829 -3.6939 38 38 38
-0.5002 -40.6363 -3.8423 38 38 38
-0.5001 -40.9844 -3.6984 38 38 38
-0.5002 -40.7771 -3.8267 38 38 38
-0.5002 -40.8846 -3.7944 38 38 38
-0.5001 -41.1048 -3.7157 38 38 38
-0.5002 -41.0292 -3.8106 38 38 38
-0.5002 -41.433 -3.8971 38 38 38
-0.5002 -41.3665 -4.0098 38 38 38
-0.5002 -41.4641 -3.9825 38 38 38
-0.5002 -41.6443 -3.9468 38 38 38
-0.5002 -41.5831 -4.0455 38 38 38
-0.5002 -41.8398 -4.0383 152 223 138
-0.5002 -41.9466 -4.0289 152 223 138
-0.5003 -41.8074 -4.1449 152 223 138
-0.5002 -41.9141 -4.1354 152 223 138
-0.5002 -42.0519 -4.0651 152 223 138
-0.5002 -42.3206 -3.9843 152 223 138
-0.5003 -42.0202 -4.1488 152 223 138
-0.5002 -42.1972 -4.0585 152 223 138
-0.5002 -42.4902 -3.9765 152 223 138
-0.5003 -42.1111 -4.1812 152 223 138
-0.5002 -42.5931 -3.9352 152 223 138
-0.5002 -42.317 -4.0987 152 223 138
-0.5003 -42.2231 -4.1578 152 223 138
-0.5002 -42.4388 -4.0702 152 223 138
-0.5002 -42.5554 -4.0557 152 223 138
-0.4043 -35.0062 -2.3605 255 187 120
-0.4043 -34.8927 -2.4296 255 187 120
-0.4043 -35.1304 -2.4096 255 187 120
-0.4043 -35.2381 -2.5234 255 187 120
-0.4044 -35.6083 -2.4471 255 187 120
-0.4044 -35.7007 -2.4337 255 187 120
-0.4044 -35.8165 -2.4421 255 187 120
-0.4044 -35.9142 -2.4148 255 187 120
-0.4044 -35.9453 -2.5001 255 187 120
-0.4044 -36.0672 -2.4717 255 187 120
-0.4044 -36.1989 -2.4382 255 187 120
-0.4044 -36.3299 -2.4277 255 187 120
-0.4044 -36.2649 -2.4946 255 187 120
-0.4044 -36.4269 -2.4232 255 187 120
-0.4044 -36.5374 -2.4455 255 187 120
-0.4044 -36.4724 -2.5125 255 187 120
-0.4044 -36.6291 -2.455 255 187 120
-0.4045 -36.8184 -2.4372 255 187 120
-0.4045 -36.7147 -2.5014 255 187 120
-0.4045 -36.9153 -2.4328 255 187 120
-0.4046 -34.2441 -3.8071 31 119 180
-0.4046 -34.4091 -3.7904 31 119 180
-0.4047 -34.3395 -3.8484 31 119 180
-0.4045 -37.1228 -2.4507 255 187 120
-0.4045 -37.0434 -2.5137 255 187 120
-0.4045 -37.2197 -2.4462 255 187 120
-0.4047 -34.5288 -3.8306 31 119 180
-0.4045 -37.3757 -2.4116 255 187 120
-0.4047 -34.4828 -3.9104 31 119 180
-0.4045 -37.3061 -2.4697 255 187 120
-0.4047 -34.5888 -3.9238 31 119 180
-0.4045 -37.6089 -2.3827 255 187 120
-0.4045 -37.5249 -2.4368 255 187 120
-0.4047 -34.6684 -4.0069 31 119 180
-0.4047 -34.7896 -4.0014 31 119 180
-0.4049 -38.6236 -3.4965 31 119 180
-0.4049 -38.7349 -3.496 31 119 180
-0.4049 -38.9309 -3.4184 31 119 180
-0.4049 -39.0763 -3.4118 31 119 180
-0.4049 -39.0067 -3.4698 31 119 180
-0.4049 -39.168 -3.4213 31 119 180
-0.405 -39.3225 -3.4325 31 119 180
-0.405 -39.1991 -3.5066 31 119 180
-0.405 -39.4338 -3.4319 31 119 180
-0.405 -39.6139 -3.3962 31 119 180
-0.405 -39.5345 -3.4593 31 119 180
-0.405 -39.7003 -3.4197 31 119 180
-0.405 -39.6353 -3.4866 31 119 180
-0.405 -39.8843 -3.4158 31 119 180
-0.405 -39.761 -3.49 31 119 180
-0.405 -40.0153 -3.4052 31 119 180
-0.405 -39.8572 -3.5084 31 119 180
-0.405 -39.9692 -3.485 31 119 180
-0.405 -40.135 -3.4454 31 119 180
-0.4051 -40.0889 -3.5252 31 119 180
-0.4051 -40.2055 -3.5107 31 119 180
-0.4052 -40.6284 -3.7563 38 38 38
-0.4052 -40.7601 -3.7228 38 38 38
-0.4052 -40.8669 -3.7134 38 38 38
-0.4052 -40.7375 -3.8244 38 38 38
-0.4052 -40.9919 -3.7396 38 38 38
-0.4052 -40.8587 -3.8188 38 38 38
-0.4052 -41.0972 -3.7759 38 38 38
-0.4052 -40.9935 -3.84 38 38 38
-0.4053 -41.3389 -3.9338 38 38 38
-0.4053 -41.4738 -3.955 38 38 38
-0.4053 -41.3996 -4.0041 38 38 38
-0.4053 -41.6662 -3.9919 38 38 38
-0.4053 -41.5906 -4.0867 38 38 38
-0.4054 -41.7995 -4.0589 152 223 138
-0.4054 -41.8965 -4.0544 152 223 138
-0.4054 -42.0047 -3.9992 152 223 138
-0.4054 -41.758 -4.1476 152 223 138
-0.4054 -41.9919 -4.0957 152 223 138
-0.4054 -42.1359 -4.1348 152 223 138
-0.4054 -42.2441 -4.0796 152 223 138
-0.4054 -42.4794 -3.982 152 223 138
-0.4054 -42.6505 -3.9285 152 223 138
-0.4054 -42.3698 -4.083 152 223 138
-0.4054 -42.5756 -4.0004 152 223 138
-0.4054 -42.2647 -4.1929 152 223 138
-0.4054 -42.4713 -4.0874 152 223 138
-0.4054 -42.3616 -4.1884 152 223 138
-0.31 -34.9003 -2.3467 255 187 120
-0.31 -35.0699 -2.3389 255 187 120
-0.31 -35.1246 -2.446 255 187 120
-0.31 -35.2177 -2.4098 255 187 120
-0.3101 -35.3957 -2.4427 255 187 120
-0.3101 -35.2966 -2.5158 255 187 120
-0.3101 -35.5456 -2.445 255 187 120
-0.3101 -35.4654 -2.5309 255 187 120
-0.3101 -35.6524 -2.4355 255 187 120
-0.3101 -35.8076 -2.4238 255 187 120
-0.3101 -35.9143 -2.4144 255 187 120
-0.3101 -36.0302 -2.4227 255 187 120
-0.3101 -35.9697 -2.4986 255 187 120
-0.3101 -36.1317 -2.4272 255 187 120
-0.3101 -36.2725 -2.4116 255 187 120
-0.3102 -36.3233 -2.487 255 187 120
-0.3102 -36.4119 -2.4418 255 187 120
-0.3102 -36.5376 -2.4451 255 187 120
-0.3102 -36.6225 -2.5143 255 187 120
-0.3102 -36.7996 -2.424 255 187 120
-0.3102 -36.73 -2.482 255 187 120
-0.3102 -36.8965 -2.4195 255 187 120
-0.3103 -34.248 -3.8385 31 119 180
-0.3102 -36.9927 -2.438 255 187 120
-0.3103 -34.3541 -3.8519 31 119 180
-0.3103 -34.4524 -3.8017 31 119 180
-0.3102 -37.0889 -2.4564 255 187 120
-0.3103 -37.2645 -2.4118 255 187 120
-0.3103 -37.1904 -2.4609 255 187 120
-0.3103 -37.3622 -2.3845 255 187 120
-0.3104 -34.4587 -3.9111 31 119 180
-0.3104 -34.5616 -3.8698 31 119 180
-0.3103 -37.4833 -2.3789 255 187 120
-0.3103 -37.3252 -2.4821 255 187 120
-0.3103 -37.4327 -2.4498 255 187 120
-0.3103 -37.5985 -2.4102 255 187 120
-0.3104 -34.6419 -3.9301 31 119 180
-0.3104 -34.7223 -3.9903 31 119 180
-0.3104 -34.8199 -3.963 31 119 180
-0.3107 -38.5518 -3.4766 31 119 180
-0.3107 -38.4723 -3.5396 31 119 180
-0.3107 -38.7221 -3.4459 31 119 180
-0.3107 -38.6314 -3.5597 31 119 180
-0.3107 -38.8864 -3.4521 31 119 180
-0.3107 -38.8116 -3.5241 31 119 180
-0.3107 -39.028 -3.4136 31 119 180
-0.3107 -39.1256 -3.3863 31 119 180
-0.3108 -38.9766 -3.5073 31 119 180
-0.3108 -39.1227 -3.4778 31 119 180
-0.3108 -39.2302 -3.4455 31 119 180
-0.3108 -39.3665 -3.4209 31 119 180
-0.3108 -39.5316 -3.4042 31 119 180
-0.3108 -39.3492 -3.5085 31 119 180
-0.3108 -39.4567 -3.4762 31 119 180
-0.3108 -39.6671 -3.4026 31 119 180
-0.3108 -39.6157 -3.4963 31 119 180
-0.3108 -39.8019 -3.4238 31 119 180
-0.3108 -39.7271 -3.4958 31 119 180
-0.3109 -39.8187 -3.5053 31 119 180
-0.3108 -39.9761 -3.4249 31 119 180
-0.3109 -39.9058 -3.5058 31 119 180
-0.3109 -40.036 -3.5181 31 119 180
-0.3109 -40.1337 -3.4908 31 119 180
-0.3109 -40.1936 -3.584 31 119 180
-0.3109 -40.292 -3.5338 31 119 180
-0.311 -40.6672 -3.7587 38 38 38
-0.311 -40.5968 -3.8396 38 38 38
-0.311 -40.7641 -3.7543 38 38 38
-0.311 -40.8565 -3.7409 38 38 38
-0.3111 -40.7127 -3.848 38 38 38
-0.3111 -40.8149 -3.8296 38 38 38
-0.3111 -40.9526 -3.7593 38 38 38
-0.3111 -41.104 -3.7158 38 38 38
-0.3111 -40.9785 -3.8586 38 38 38
-0.3111 -41.0815 -3.8174 38 38 38
-0.3111 -41.4564 -3.8961 38 38 38
-0.3112 -41.4194 -3.9937 38 38 38
-0.3112 -41.6958 -3.9765 38 38 38
-0.3112 -41.6392 -4.0842 38 38 38
-0.3112 -41.8534 -4.0424 152 223 138
-0.3112 -41.9321 -4.0022 152 223 138
-0.3112 -41.7929 -4.1182 152 223 138
-0.3112 -42.0624 -4.0145 152 223 138
-0.3113 -41.8944 -4.1227 152 223 138
-0.3113 -42.0451 -4.1021 152 223 138
-0.3113 -42.1852 -4.1094 152 223 138
-0.3113 -42.5189 -3.9616 152 223 138
-0.3113 -42.3063 -4.1038 152 223 138
-0.3113 -42.4539 -4.0285 152 223 138
-0.3113 -42.2307 -4.1987 152 223 138
-0.3113 -42.5796 -4.0319 152 223 138
-0.3113 -42.4699 -4.1329 152 223 138
-0.3113 -42.3466 -4.207 152 223 138
-0.2115 -34.9279 -2.4 255 187 120
-0.2115 -35.0164 -2.3548 255 187 120
-0.2115 -35.0968 -2.415 255 187 120
-0.2115 -35.3513 -2.4765 255 187 120
-0.2115 -35.4732 -2.448 255 187 120
-0.2115 -35.8079 -2.4235 255 187 120
-0.2115 -35.901 -2.3873 255 187 120
-0.2115 -36.1864 -2.3879 255 187 120
-0.2115 -36.1123 -2.437 255 187 120
-0.2115 -36.3174 -2.3773 255 187 120
-0.2115 -36.453 -2.3756 255 187 120
-0.2116 -36.3584 -2.4576 255 187 120
-0.2115 -36.5492 -2.3941 255 187 120
-0.2115 -36.6507 -2.3985 255 187 120
-0.2115 -36.7718 -2.393 255 187 120
-0.2115 -36.9467 -2.3712 255 187 120
-0.2119 -34.2937 -3.7813 31 119 180
-0.2116 -37.1201 -2.3953 255 187 120
-0.2116 -37.0263 -2.4544 255 187 120
-0.2119 -34.4142 -3.7986 31 119 180
-0.2119 -34.3491 -3.8656 31 119 180
-0.2115 -37.3677 -2.3702 255 187 120
-0.2116 -37.2542 -2.4394 255 187 120
-0.212 -34.4892 -3.8729 31 119 180
-0.212 -34.596 -3.8634 31 119 180
-0.2116 -37.4534 -2.4165 255 187 120
-0.212 -34.6029 -3.9499 31 119 180
-0.2116 -37.5541 -2.4439 255 187 120
-0.212 -34.7255 -3.8986 31 119 180
-0.212 -34.684 -3.9873 31 119 180
-0.212 -34.7756 -3.9968 31 119 180
-0.212 -34.8968 -3.9912 31 119 180
-0.2119 -38.387 -3.4929 31 119 180
-0.2119 -38.4945 -3.4606 31 119 180
-0.2119 -38.6308 -3.4361 31 119 180
-0.2119 -38.7671 -3.4115 31 119 180
-0.2119 -38.7498 -3.4991 31 119 180
-0.2119 -38.8625 -3.4528 31 119 180
-0.2119 -38.9851 -3.4015 31 119 180
-0.2119 -38.9535 -3.4852 31 119 180
-0.2119 -39.179 -3.3926 31 119 180
-0.2119 -39.0852 -3.4517 31 119 180
-0.2119 -39.3335 -3.4038 31 119 180
-0.2119 -39.2102 -3.478 31 119 180
-0.2119 -39.4311 -3.3765 31 119 180
-0.2119 -39.3994 -3.4602 31 119 180
-0.2119 -39.5659 -3.3977 31 119 180
-0.2119 -39.5009 -3.4646 31 119 180
-0.2119 -39.6576 -3.4072 31 119 180
-0.2119 -39.6115 -3.487 31 119 180
-0.2119 -39.7538 -3.4256 31 119 180
-0.2119 -39.8416 -3.4033 31 119 180
-0.2119 -39.707 -3.5283 31 119 180
-0.2119 -39.8728 -3.4887 31 119 180
-0.2119 -40.0741 -3.3972 31 119 180
-0.2119 -39.9802 -3.4563 31 119 180
-0.2119 -40.0947 -3.5105 31 119 180
-0.2119 -40.2113 -3.496 31 119 180
-0.212 -40.2765 -3.5752 31 119 180
-0.212 -40.572 -3.717 38 38 38
-0.212 -40.6682 -3.7354 38 38 38
-0.212 -40.5888 -3.7985 38 38 38
-0.212 -40.7954 -3.693 38 38 38
-0.212 -40.8825 -3.6936 38 38 38
-0.212 -40.7675 -3.8085 38 38 38
-0.212 -40.8894 -3.7801 38 38 38
-0.212 -40.9923 -3.7388 38 38 38
-0.212 -40.975 -3.8264 38 38 38
-0.212 -41.0674 -3.813 38 38 38
-0.2121 -41.4023 -3.9347 38 38 38
-0.2121 -41.2986 -3.9989 38 38 38
-0.2121 -41.385 -4.0223 38 38 38
-0.2121 -41.5697 -3.9956 38 38 38
-0.2121 -41.706 -3.971 38 38 38
-0.2121 -41.5222 -4.1211 38 38 38
-0.2121 -41.6501 -4.0558 38 38 38
-0.2121 -41.9476 -3.9828 152 223 138
-0.2121 -41.8341 -4.0519 152 223 138
-0.2121 -42.0339 -4.0062 152 223 138
-0.2121 -41.9447 -4.0743 152 223 138
-0.2121 -41.841 -4.1384 152 223 138
-0.2121 -42.1604 -3.9867 152 223 138
-0.2121 -42.0984 -4.1083 152 223 138
-0.2121 -42.2846 -4.0358 152 223 138
-0.2121 -42.52 -3.9382 152 223 138
-0.2121 -42.2097 -4.1078 152 223 138
-0.2121 -42.4065 -4.0074 152 223 138
-0.2121 -42.6457 -3.9416 38 38 38
-0.2122 -42.3642 -4.119 152 223 138
-0.2121 -42.5164 -4.0526 152 223 138
-0.1143 -35.0284 -2.407 255 187 120
-0.1143 -35.1465 -2.3467 255 187 120
-0.1143 -35.2918 -2.3401 255 187 120
-0.1143 -35.2223 -2.3981 255 187 120
-0.1143 -35.382 -2.3953 255 187 120
-0.1143 -35.485 -2.3541 255 187 120
-0.1144 -35.5305 -2.4433 255 187 120
-0.1143 -35.8856 -2.386 255 187 120
-0.1143 -36.0461 -2.3603 255 187 120
-0.1144 -35.8539 -2.4696 255 187 120
-0.1143 -35.9614 -2.4373 255 187 120
-0.1143 -36.1862 -2.3676 255 187 120
-0.1143 -36.3021 -2.376 255 187 120
-0.1143 -36.8435 -2.3923 255 187 120
-0.1143 -36.7595 -2.4464 255 187 120
-0.1148 -34.332 -3.7637 31 119 180
-0.1143 -36.8505 -2.4788 255 187 120
-0.1143 -36.9829 -2.4225 255 187 120
-0.1148 -34.2617 -3.8446 31 119 180
-0.1143 -37.1971 -2.3807 255 187 120
-0.1143 -37.0875 -2.4816 255 187 120
-0.1148 -34.3867 -3.8709 31 119 180
-0.1148 -34.485 -3.8207 31 119 180
-0.1143 -37.2283 -2.466 255 187 120
-0.1143 -37.326 -2.4387 255 187 120
-0.1148 -34.5306 -3.91 31 119 180
-0.1148 -34.6479 -3.8726 31 119 180
-0.1149 -34.7427 -3.9368 31 119 180
-0.1149 -34.9115 -3.9519 31 119 180
-0.1146 -36.8356 -3.2515 44 160 44
-0.1146 -36.9226 -3.2521 44 160 44
-0.1146 -36.7304 -3.3614 44 160 44
-0.1146 -37.1083 -3.3487 44 160 44
-0.1146 -37.2446 -3.3242 44 160 44
-0.1146 -37.3052 -3.3945 44 160 44
-0.1147 -38.1967 -3.5135 31 119 180
-0.1147 -38.2943 -3.4862 31 119 180
-0.1146 -38.4366 -3.4249 31 119 180
-0.1146 -38.5676 -3.4143 31 119 180
-0.1147 -38.3944 -3.5364 31 119 180
-0.1146 -38.7902 -3.4132 31 119 180
-0.1147 -38.6767 -3.4824 31 119 180
-0.1146 -38.897 -3.4038 31 119 180
-0.1147 -38.7873 -3.5047 31 119 180
-0.1146 -38.9886 -3.4133 31 119 180
-0.1146 -39.0772 -3.3681 31 119 180
-0.1147 -38.9426 -3.493 31 119 180
-0.1146 -39.212 -3.3893 31 119 180
-0.1147 -39.147 -3.4563 31 119 180
-0.1146 -39.3377 -3.3927 31 119 180
-0.1146 -39.4785 -3.3771 31 119 180
-0.1147 -39.3106 -3.4853 31 119 180
-0.1146 -39.4181 -3.453 31 119 180
-0.1146 -39.5846 -3.3905 31 119 180
-0.1147 -39.5385 -3.4703 31 119 180
-0.1146 -39.6604 -3.4419 31 119 180
-0.1146 -39.7928 -3.3855 31 119 180
-0.1146 -39.9178 -3.4118 31 119 180
-0.1147 -39.7649 -3.501 31 119 180
-0.1146 -40.073 -3.4001 31 119 180
-0.1147 -39.9974 -3.4949 31 119 180
-0.1146 -40.2064 -3.4671 31 119 180
-0.1147 -40.1217 -3.5441 31 119 180
-0.1147 -40.3162 -3.5123 31 119 180
-0.1147 -40.2323 -3.5664 31 119 180
-0.1147 -40.5239 -3.6764 38 38 38
-0.1147 -40.6187 -3.7406 38 38 38
-0.1147 -40.7391 -3.7579 38 38 38
-0.1147 -40.8466 -3.7256 38 38 38
-0.1148 -41.233 -3.8997 38 38 38
-0.1148 -41.3489 -3.9081 38 38 38
-0.1148 -41.3263 -4.0097 38 38 38
-0.1148 -41.4535 -3.9673 38 38 38
-0.1148 -41.6617 -3.9623 38 38 38
-0.1148 -41.6247 -4.0599 38 38 38
-0.1148 -41.8284 -4.046 152 223 138
-0.1148 -41.9071 -4.0059 152 223 138
-0.1148 -42.004 -4.0014 152 223 138
-0.1148 -42.0919 -3.9791 152 223 138
-0.1149 -41.8399 -4.1415 152 223 138
-0.1148 -41.9186 -4.1013 152 223 138
-0.1148 -42.0057 -4.1019 152 223 138
-0.1148 -42.2312 -4.0093 152 223 138
-0.1148 -42.5256 -3.8816 152 223 138
-0.1148 -42.1564 -4.0813 152 223 138
-0.1148 -42.6233 -3.8543 152 223 138
-0.1148 -42.4553 -3.9625 152 223 138
-0.1148 -42.3418 -4.0316 152 223 138
-0.1148 -42.5765 -3.9569 152 223 138
-0.1148 -42.2852 -4.1393 38 38 38
-0.1148 -42.4418 -4.0819 152 223 138
0.0779 -35.1084 -2.3434 38 38 38
0.0779 -35.0289 -2.4064 38 38 38
0.0779 -35.2439 -2.3417 38 38 38
0.0779 -35.1736 -2.4226 38 38 38
0.0779 -35.3598 -2.3501 38 38 38
0.0779 -35.3091 -2.421 38 38 38
0.0779 -35.4545 -2.4143 38 38 38
0.0779 -35.5574 -2.373 38 38 38
0.0779 -35.9255 -2.3653 38 38 38
0.0779 -35.8597 -2.4551 38 38 38
0.0779 -36.0315 -2.3787 38 38 38
0.0779 -36.1193 -2.3564 38 38 38
0.0779 -36.2201 -2.3837 38 38 38
0.0779 -36.1262 -2.4429 38 38 38
0.0779 -36.317 -2.3793 38 38 38
0.0779 -36.2611 -2.4641 38 38 38
0.0779 -36.358 -2.4597 38 38 38
0.0779 -36.8925 -2.3895 38 38 38
0.0776 -34.25 -3.7715 31 119 180
0.0776 -34.3954 -3.7649 31 119 180
0.0779 -37.0856 -2.4034 38 38 38
0.0775 -34.3395 -3.8497 31 119 180
0.0779 -37.0251 -2.4793 38 38 38
0.0779 -37.256 -2.3728 38 38 38
0.0779 -37.1561 -2.4687 38 38 38
0.0775 -34.4592 -3.8899 31 119 180
0.0775 -34.5674 -3.8346 31 119 180
0.0775 -34.6636 -3.8531 31 119 180
0.0775 -34.5933 -3.934 31 119 180
0.0775 -34.7644 -3.8804 31 119 180
0.0775 -34.6895 -3.9524 31 119 180
0.0775 -34.8591 -3.9446 31 119 180
0.0775 -34.9795 -3.9619 31 119 180
0.0775 -35.0628 -3.9307 31 119 180
0.0777 -36.7089 -3.2933 31 119 180
0.0777 -36.8361 -3.2509 31 119 180
0.0777 -36.7795 -3.3586 31 119 180
0.0777 -36.9165 -3.3112 31 119 180
0.0777 -37.0338 -3.2738 38 38 38
0.0777 -37.1232 -3.3519 38 38 38
0.0777 -37.2262 -3.3107 38 38 38
0.0777 -37.2233 -3.4022 38 38 38
0.0777 -37.3065 -3.371 38 38 38
0.0777 -38.2275 -3.4749 31 119 180
0.0777 -38.1238 -3.539 31 119 180
0.0777 -38.335 -3.4426 31 119 180
0.0777 -38.506 -3.389 31 119 180
0.0777 -38.4266 -3.4521 31 119 180
0.0777 -38.3124 -3.5441 31 119 180
0.0777 -38.6461 -3.3963 31 119 180
0.0777 -38.5614 -3.4733 31 119 180
0.0777 -38.7673 -3.3908 31 119 180
0.0777 -38.7068 -3.4666 31 119 180
0.0777 -38.868 -3.4181 31 119 180
0.0777 -39.0187 -3.3975 31 119 180
0.0777 -38.8409 -3.5107 31 119 180
0.0777 -38.9484 -3.4784 31 119 180
0.0777 -39.1497 -3.3869 31 119 180
0.0777 -39.0892 -3.4628 31 119 180
0.0777 -39.2361 -3.4104 31 119 180
0.0777 -39.3375 -3.4149 31 119 180
0.0777 -39.4352 -3.3875 31 119 180
0.0777 -39.2672 -3.4957 31 119 180
0.0777 -39.523 -3.3652 31 119 180
0.0777 -39.452 -3.469 31 119 180
0.0777 -39.676 -3.4222 31 119 180
0.0777 -39.5868 -3.4902 31 119 180
0.0777 -39.8608 -3.3954 31 119 180
0.0777 -39.683 -3.5087 31 119 180
0.0777 -39.7806 -3.4813 31 119 180
0.0777 -40.0736 -3.3994 38 38 38
0.0777 -39.9601 -3.4685 38 38 38
0.0777 -40.1873 -3.4764 31 119 180
0.0777 -40.1078 -3.5394 31 119 180
0.0777 -40.3062 -3.5395 31 119 180
0.0776 -40.62 -3.7169 31 119 180
0.0776 -40.7737 -3.751 31 119 180
0.0776 -40.6701 -3.8151 31 119 180
0.0776 -40.8714 -3.7237 31 119 180
0.0776 -41.3231 -3.9771 38 38 38
0.0776 -41.4411 -3.9168 38 38 38
0.0776 -41.4185 -4.0184 38 38 38
0.0776 -41.545 -3.9989 38 38 38
0.0776 -41.6056 -4.0692 38 38 38
0.0776 -41.8139 -4.0642 214 39 40
0.0776 -41.9168 -4.0229 214 39 40
0.0776 -42.0296 -3.9766 214 39 40
0.0775 -41.7383 -4.159 214 39 40
0.0776 -42.1363 -3.9672 214 39 40
0.0775 -41.845 -4.1496 214 39 40
0.0776 -42.2287 -3.9538 214 39 40
0.0775 -41.9427 -4.1223 214 39 40
0.0776 -42.0509 -4.067 214 39 40
0.0776 -42.4921 -3.8869 214 39 40
0.0776 -42.3196 -3.9862 214 39 40
0.0776 -42.6246 -3.8306 214 39 40
0.0776 -42.216 -4.0503 214 39 40
0.0776 -42.5876 -3.9282 214 39 40
0.0776 -42.3311 -4.0816 214 39 40
0.0776 -42.4491 -4.0214 214 39 40
0.1714 -34.3651 -3.7356 31 119 180
0.1714 -34.3236 -3.8243 31 119 180
0.1714 -34.4296 -3.8377 31 119 180
0.1714 -34.528 -3.7875 31 119 180
0.1714 -34.242 -3.9559 31 119 180
0.1714 -34.6122 -3.8796 31 119 180
0.1714 -34.7197 -3.8472 31 119 180
0.1713 -34.8355 -3.8556 31 119 180
0.1713 -34.9824 -3.8032 31 119 180
0.1713 -35.6264 -3.4859 31 119 180
0.1713 -36.0343 -3.2891 31 119 180
0.1713 -34.7894 -3.9354 31 119 180
0.1713 -35.7536 -3.4436 31 119 180
0.1713 -35.9011 -3.3683 31 119 180
0.1713 -34.9166 -3.893 31 119 180
0.1713 -35.1081 -3.8066 31 119 180
0.1713 -36.1706 -3.2646 31 119 180
0.1713 -35.712 -3.5323 31 119 180
0.1713 -35.0476 -3.8825 31 119 180
0.1713 -35.277 -3.8217 31 119 180
0.1713 -36.3539 -3.2836 31 119 180
0.1713 -36.26 -3.3427 31 119 180
0.1713 -35.2021 -3.8937 31 119 180
0.1713 -36.4841 -3.2959 31 119 180
0.1713 -35.3278 -3.8971 31 119 180
0.1713 -35.4406 -3.8508 31 119 180
0.1713 -36.3699 -3.3879 31 119 180
0.1713 -35.567 -3.8313 31 119 180
0.1712 -36.6969 -3.2999 31 119 180
0.1712 -35.5255 -3.92 31 119 180
0.1712 -36.6024 -3.3818 31 119 180
0.1712 -36.8082 -3.2993 31 119 180
0.1712 -35.6716 -3.8904 38 38 38
0.1712 -36.9649 -3.2419 31 119 180
0.1712 -36.8953 -3.2999 31 119 180
0.1712 -36.7621 -3.3791 31 119 180
0.1712 -37.1655 -3.1733 38 38 38
0.1712 -37.0913 -3.2224 38 38 38
0.1712 -36.8682 -3.3925 31 119 180
0.1712 -36.9711 -3.3513 31 119 180
0.1712 -37.5548 -3.256 38 38 38
0.1711 -37.4492 -3.5349 31 119 180
0.1711 -37.4849 -3.6292 31 119 180
0.1711 -37.6128 -3.564 31 119 180
0.171 -37.6538 -3.6443 31 119 180
0.171 -38.036 -3.4944 31 119 180
0.171 -38.1533 -3.457 31 119 180
0.171 -38.2653 -3.4336 31 119 180
0.171 -38.3819 -3.4191 31 119 180
0.171 -38.214 -3.5273 31 119 180
0.171 -38.469 -3.4197 31 119 180
0.171 -38.5561 -3.4203 31 119 180
0.171 -38.6818 -3.4237 31 119 180
0.1709 -38.7569 -3.4979 31 119 180
0.1709 -38.9287 -3.4215 31 119 180
0.1709 -38.8493 -3.4845 31 119 180
0.1709 -39.0839 -3.4098 31 119 180
0.1709 -39.243 -3.4299 31 119 180
0.1709 -39.3293 -3.4534 31 119 180
0.1709 -39.408 -3.4133 31 119 180
0.1709 -39.5232 -3.4445 31 119 180
0.1708 -39.6625 -3.4747 31 119 180
0.1708 -39.8511 -3.4798 31 119 180
0.1708 -39.7376 -3.5489 31 119 180
0.1708 -39.9504 -3.5529 31 119 180
0.1708 -40.0586 -3.4977 31 119 180
0.1708 -40.1382 -3.5808 31 119 180
0.1708 -40.2412 -3.5396 31 119 180
0.1707 -40.5254 -3.7321 31 119 180
0.1706 -40.4937 -3.8158 31 119 180
0.1706 -40.6064 -3.7695 31 119 180
0.1706 -40.7192 -3.7232 31 119 180
0.1706 -40.7979 -3.6831 31 119 180
0.1706 -40.6875 -3.8069 31 119 180
0.1706 -40.8639 -3.7395 31 119 180
0.1706 -40.7799 -3.7936 31 119 180
0.1706 -41.0563 -3.7763 38 38 38
0.1706 -40.9821 -3.8254 38 38 38
0.1705 -41.2352 -3.9326 38 38 38
0.1705 -41.3412 -3.946 38 38 38
0.1705 -41.2663 -4.018 38 38 38
0.1705 -41.442 -3.9734 38 38 38
0.1705 -41.3671 -4.0454 38 38 38
0.1705 -41.5753 -4.0404 38 38 38
0.1704 -41.5239 -4.1341 38 38 38
0.1704 -41.8706 -4.036 214 39 40
0.1704 -41.7375 -4.1152 214 39 40
0.1704 -41.9918 -4.0304 214 39 40
0.1704 -42.0849 -3.9942 214 39 40
0.1704 -41.7096 -4.2307 214 39 40
0.1704 -41.8276 -4.1704 214 39 40
0.1704 -41.9442 -4.156 214 39 40
0.1704 -42.0229 -4.1158 214 39 40
0.1704 -42.116 -4.0796 214 39 40
0.1704 -42.2727 -4.0221 214 39 40
0.1704 -42.2077 -4.0891 214 39 40
0.1704 -42.3788 -4.0356 214 39 40
0.1704 -42.5256 -3.9832 214 39 40
0.1704 -42.6482 -3.9319 214 39 40
0.1703 -42.2986 -4.1215 214 39 40
0.1703 -42.4046 -4.1349 214 39 40
0.1703 -42.4977 -4.0986 214 39 40
0.2704 -34.3232 -3.7342 31 119 180
0.2704 -34.2726 -3.805 31 119 180
0.2704 -34.4247 -3.7387 31 119 180
0.2704 -34.3786 -3.8185 31 119 180
0.2704 -34.2697 -3.8965 31 119 180
0.2704 -34.4755 -3.814 31 119 180
0.2704 -34.571 -3.8554 31 119 180
0.2704 -34.6596 -3.8102 31 119 180
0.2703 -34.7428 -3.779 31 119 180
0.2703 -34.8776 -3.8002 31 119 180
0.2703 -34.7936 -3.8543 31 119 180
0.2703 -34.964 -3.8237 31 119 180
0.2703 -35.6822 -3.4574 31 119 180
0.2703 -35.8199 -3.3871 31 119 180
0.2703 -36.0992 -3.2784 31 119 180
0.2703 -35.0609 -3.8193 31 119 180
0.2703 -35.7928 -3.4797 31 119 180
0.2703 -36.1803 -3.3158 31 119 180
0.2703 -36.2681 -3.2935 31 119 180
0.2703 -35.1413 -3.8796 31 119 180
0.2703 -35.2631 -3.8511 31 119 180
0.2703 -35.3418 -3.811 31 119 180
0.2703 -36.4233 -3.2819 31 119 180
0.2703 -35.4342 -3.7976 31 119 180
0.2702 -36.3772 -3.3617 31 119 180
0.2703 -35.3927 -3.8863 31 119 180
0.2702 -36.4885 -3.3611 31 119 180
0.2702 -36.5869 -3.311 31 119 180
0.2702 -35.504 -3.8858 31 119 180
0.2702 -35.6463 -3.8245 31 119 180
0.2702 -36.7021 -3.3422 31 119 180
0.2702 -36.6325 -3.4002 31 119 180
0.2702 -36.8573 -3.3306 31 119 180
0.2702 -36.787 -3.4115 31 119 180
0.2702 -37.0754 -3.3206 31 119 180
0.2702 -36.8832 -3.4299 31 119 180
0.2702 -36.9664 -3.3987 31 119 180
0.2702 -37.0581 -3.4082 31 119 180
0.2701 -37.1634 -3.4445 31 119 180
0.2701 -37.6159 -3.2137 38 38 38
0.2701 -37.1703 -3.531 31 119 180
0.2701 -37.4217 -3.5378 31 119 180
0.2701 -37.5565 -3.559 31 119 180
0.2701 -37.6731 -3.5446 31 119 180
0.2701 -37.8139 -3.529 38 38 38
0.27 -38.2273 -3.4644 31 119 180
0.27 -38.4121 -3.4377 31 119 180
0.27 -38.5181 -3.4511 31 119 180
0.27 -38.6392 -3.4456 31 119 180
0.27 -38.818 -3.4557 31 119 180
0.2699 -39.0073 -3.4379 31 119 180
0.2699 -39.1565 -3.4631 31 119 180
0.2699 -39.2822 -3.4664 31 119 180
0.2699 -39.2171 -3.5334 31 119 180
0.2699 -39.3724 -3.5217 31 119 180
0.2699 -39.4753 -3.4805 31 119 180
0.2699 -39.6351 -3.4777 31 119 180
0.2699 -39.5556 -3.5407 31 119 180
0.2699 -39.7805 -3.4711 31 119 180
0.2698 -39.7003 -3.557 31 119 180
0.2698 -39.8858 -3.5074 31 119 180
0.2698 -39.8116 -3.5565 31 119 180
0.2698 -40.0016 -3.5158 31 119 180
0.2698 -39.9411 -3.5916 31 119 180
0.2698 -40.1077 -3.5292 31 119 180
0.2697 -40.3381 -3.738 31 119 180
0.2697 -40.4607 -3.6867 31 119 180
0.2697 -40.5963 -3.6851 31 119 180
0.2697 -40.4237 -3.7843 31 119 180
0.2697 -40.6879 -3.6946 31 119 180
0.2697 -40.5449 -3.7788 31 119 180
0.2697 -40.6562 -3.7783 31 119 180
0.2697 -40.8038 -3.703 31 119 180
0.2697 -40.9439 -3.7103 31 119 180
0.2697 -40.7615 -3.8146 31 119 180
0.2697 -40.869 -3.7822 31 119 180
0.2697 -41.0984 -3.7215 38 38 38
0.2697 -41.0326 -3.8113 38 38 38
0.2695 -41.7539 -4.1073 214 39 40
0.2695 -41.6699 -4.1614 214 39 40
0.2695 -41.8417 -4.085 214 39 40
0.2695 -41.6768 -4.2478 214 39 40
0.2695 -41.785 -4.1926 214 39 40
0.2695 -41.9719 -4.0973 214 39 40
0.2695 -42.0749 -4.056 214 39 40
0.2695 -42.4283 -3.8983 214 39 40
0.2695 -42.1869 -4.0326 214 39 40
0.2695 -42.3777 -3.9691 214 39 40
0.2695 -42.52 -3.9078 214 39 40
0.2695 -41.9342 -4.2178 214 39 40
0.2695 -42.0954 -4.1693 214 39 40
0.2695 -42.3021 -4.0639 214 39 40
0.2695 -42.1885 -4.1331 214 39 40
0.2695 -42.4822 -4.0283 214 39 40
0.2694 -42.6245 -3.967 214 39 40
0.3688 -34.2814 -3.7442 31 119 180
0.3688 -34.4412 -3.7415 31 119 180
0.3688 -34.3565 -3.8185 31 119 180
0.3688 -34.2272 -3.9295 31 119 180
0.3688 -34.4921 -3.8168 31 119 180
0.3687 -34.5844 -3.8035 31 119 180
0.3687 -34.6926 -3.7483 31 119 180
0.3687 -34.8169 -3.7974 31 119 180
0.3687 -34.9085 -3.8069 31 119 180
0.3687 -35.0009 -3.7935 31 119 180
0.3686 -35.7872 -3.4149 31 119 180
0.3686 -35.9741 -3.3195 31 119 180
0.3686 -35.6336 -3.527 31 119 180
0.3686 -36.1838 -3.2688 31 119 180
0.3687 -35.1009 -3.8438 31 119 180
0.3687 -35.2182 -3.8064 31 119 180
0.3686 -36.1036 -3.3547 31 119 180
0.3686 -35.6405 -3.6135 31 119 180
0.3686 -36.3042 -3.2861 31 119 180
0.3686 -36.4155 -3.2856 31 119 180
0.3686 -35.3622 -3.8455 31 119 180
0.3686 -35.4788 -3.831 31 119 180
0.3686 -35.5772 -3.7808 31 119 180
0.3686 -36.5216 -3.299 31 119 180
0.3686 -36.3982 -3.3732 31 119 180
0.3686 -35.6695 -3.7675 31 119 180
0.3685 -36.5285 -3.3855 31 119 180
0.3685 -36.6693 -3.3699 31 119 180
0.3685 -36.814 -3.3861 31 119 180
0.3685 -36.7528 -3.4848 31 119 180
0.3685 -37.0124 -3.3861 31 119 180
0.3685 -36.8989 -3.4553 31 119 180
0.3685 -37.0723 -3.4793 31 119 180
0.3684 -37.1868 -3.5335 31 119 180
0.3684 -37.3269 -3.5408 31 119 180
0.3684 -37.5207 -3.5319 31 119 180
0.3684 -37.8069 -3.5096 38 38 38
0.3684 -37.9818 -3.4879 31 119 180
0.3683 -38.1764 -3.4562 31 119 180
0.3683 -38.0818 -3.5381 31 119 180
0.3683 -38.3755 -3.4333 31 119 180
0.3683 -38.2817 -3.4924 31 119 180
0.3683 -38.2121 -3.5505 31 119 180
0.3683 -38.3628 -3.5298 31 119 180
0.3683 -38.4801 -3.4925 31 119 180
0.3683 -38.5854 -3.5288 31 119 180
0.3683 -38.6883 -3.4875 31 119 180
0.3683 -38.7898 -3.492 31 119 180
0.3682 -38.8966 -3.4825 31 119 180
0.3682 -38.9836 -3.4831 31 119 180
0.3682 -38.8452 -3.5763 31 119 180
0.3682 -39.0707 -3.4837 31 119 180
0.3682 -39.0004 -3.5646 31 119 180
0.3682 -39.1578 -3.4843 31 119 180
0.3682 -39.1261 -3.568 31 119 180
0.3682 -39.2185 -3.5546 31 119 180
0.3682 -39.3161 -3.5273 31 119 180
0.3682 -39.4539 -3.457 31 119 180
0.3682 -39.4169 -3.5546 31 119 180
0.3682 -39.5577 -3.5391 31 119 180
0.3681 -39.6902 -3.4827 31 119 180
0.3681 -39.7825 -3.4694 31 119 180
0.3681 -39.6585 -3.5664 31 119 180
0.3681 -39.8749 -3.456 31 119 180
0.3681 -39.7698 -3.5659 31 119 180
0.3681 -39.956 -3.4934 31 119 180
0.3681 -39.872 -3.5475 31 119 180
0.3681 -40.0469 -3.5258 31 119 180
0.3681 -39.9629 -3.5799 31 119 180
0.3681 -40.1325 -3.5721 31 119 180
0.368 -40.2865 -3.7524 31 119 180
0.368 -40.3697 -3.7211 31 119 180
0.368 -40.4667 -3.7167 31 119 180
0.368 -40.391 -3.8115 31 119 180
0.368 -40.6113 -3.7329 31 119 180
0.368 -40.5266 -3.8099 31 119 180
0.368 -40.7181 -3.7234 31 119 180
0.368 -40.8551 -3.6761 31 119 180
0.368 -40.8135 -3.7648 31 119 180
0.3679 -40.9968 -3.7838 38 38 38
0.3679 -41.1074 -3.8061 38 38 38
0.3679 -41.0325 -3.8781 38 38 38
0.3678 -41.5583 -4.0824 214 39 40
0.3678 -41.4926 -4.1722 214 39 40
0.3678 -41.6031 -4.1946 214 39 40
0.3678 -41.7493 -4.165 214 39 40
0.3678 -41.8515 -4.1466 214 39 40
0.3678 -41.6789 -4.2459 214 39 40
0.3678 -42.0582 -4.1874 214 39 40
0.3677 -42.4813 -3.9716 214 39 40
0.3678 -42.1907 -4.1311 214 39 40
0.3678 -42.3428 -4.0647 214 39 40
0.3677 -42.6569 -3.927 214 39 40
0.3678 -41.9819 -4.3051 214 39 40
0.3678 -42.1492 -4.2198 214 39 40
0.3677 -42.4488 -4.0782 214 39 40
0.3677 -42.5964 -4.0029 214 39 40
0.3678 -42.0887 -4.2957 214 39 40
0.3677 -42.3248 -4.1752 214 39 40
0.4669 -34.2895 -3.717 31 119 180
0.4668 -34.4008 -3.7165 31 119 180
0.4668 -34.5023 -3.721 31 119 180
0.4668 -34.3691 -3.8001 31 119 180
0.4668 -34.4706 -3.8046 31 119 180
0.4668 -34.5985 -3.7394 31 119 180
0.4668 -34.747 -3.7874 31 119 180
0.4667 -34.9703 -3.7635 31 119 180
0.4667 -34.8864 -3.8176 31 119 180
0.4666 -35.8195 -3.3865 31 119 180
0.4666 -35.7257 -3.4457 31 119 180
0.4666 -35.6515 -3.4947 31 119 180
0.4665 -35.9172 -3.3592 31 119 180
0.4667 -35.056 -3.8098 31 119 180
0.4665 -36.0784 -3.3107 31 119 180
0.4667 -35.1582 -3.7914 31 119 180
0.4665 -36.1852 -3.3013 31 119 180
0.4666 -35.7273 -3.5461 31 119 180
0.4667 -35.1166 -3.8801 31 119 180
0.4667 -35.2234 -3.8707 31 119 180
0.4666 -35.3263 -3.8294 31 119 180
0.4665 -36.32 -3.3225 31 119 180
0.4666 -35.4391 -3.7831 31 119 180
0.4666 -35.5269 -3.7608 31 119 180
0.4664 -36.4071 -3.3231 31 119 180
0.4666 -35.6186 -3.7704 31 119 180
0.4664 -36.5472 -3.3304 31 119 180
0.4664 -36.473 -3.3795 31 119 180
0.4664 -36.6532 -3.3438 31 119 180
0.4664 -36.704 -3.4191 31 119 180
0.4663 -36.8252 -3.4136 31 119 180
0.4663 -36.8858 -3.4839 31 119 180
0.4663 -36.9789 -3.4477 31 119 180
0.4663 -37.0101 -3.5331 31 119 180
0.4663 -37.1025 -3.5197 31 119 180
0.4663 -37.2054 -3.4784 31 119 180
0.4662 -37.2857 -3.5387 31 119 180
0.4662 -37.4645 -3.5488 31 119 180
0.4662 -37.6386 -3.55 31 119 180
0.4662 -37.5199 -3.6331 31 119 180
0.4661 -37.8143 -3.5054 38 38 38
0.4661 -37.9347 -3.5227 31 119 180
0.4661 -38.077 -3.4614 31 119 180
0.466 -38.2171 -3.4687 31 119 180
0.466 -38.3238 -3.4592 31 119 180
0.466 -38.4548 -3.4486 31 119 180
0.466 -38.5405 -3.495 31 119 180
0.4659 -38.6609 -3.5123 31 119 180
0.4659 -38.8631 -3.5442 31 119 180
0.4659 -39.0334 -3.5135 31 119 180
0.4658 -39.1879 -3.5247 31 119 180
0.4658 -39.3386 -3.5041 31 119 180
0.4658 -39.4317 -3.4679 31 119 180
0.4658 -39.5195 -3.4456 31 119 180
0.4658 -39.4727 -3.5482 31 119 180
0.4657 -39.6104 -3.478 31 119 180
0.4657 -39.6711 -3.5483 31 119 180
0.4657 -39.827 -3.5137 31 119 180
0.4657 -39.9149 -3.4914 31 119 180
0.4657 -39.762 -3.5807 31 119 180
0.4657 -40.0012 -3.5149 31 119 180
0.4656 -40.2809 -3.6985 31 119 180
0.4656 -40.4164 -3.6969 31 119 180
0.4656 -40.3461 -3.7778 31 119 180
0.4655 -40.6352 -3.664 31 119 180
0.4655 -40.5316 -3.7282 31 119 180
0.4655 -40.4574 -3.7773 31 119 180
0.4655 -40.6179 -3.7516 31 119 180
0.4655 -40.7693 -3.7082 31 119 180
0.4654 -41.0277 -3.8014 38 38 38
0.4654 -41.0149 -3.8979 38 38 38
0.4653 -41.4922 -4.1045 214 39 40
0.4653 -41.4507 -4.1932 214 39 40
0.4653 -41.6741 -4.1693 214 39 40
0.4653 -41.5932 -4.278 214 39 40
0.4653 -41.6999 -4.2686 214 39 40
0.4652 -41.7885 -4.2234 214 39 40
0.4652 -42.1661 -4.0645 214 39 40
0.4651 -42.4121 -3.939 214 39 40
0.4652 -42.067 -4.1376 214 39 40
0.4651 -42.288 -4.0361 214 39 40
0.4651 -42.5582 -3.9095 214 39 40
0.4652 -41.996 -4.2413 214 39 40
0.4652 -42.1678 -4.1649 214 39 40
0.4651 -42.3941 -4.0495 214 39 40
0.4652 -42.0929 -4.2369 214 39 40
0.4651 -42.2798 -4.1415 214 39 40
0.4651 -42.5159 -4.0211 214 39 40
0.4651 -42.609 -3.9848 214 39 40
0.4652 -41.9477 -4.3897 214 39 40
0.4652 -42.0461 -4.3395 214 39 40
0.563 -34.2628 -3.7885 31 119 180
0.563 -34.4247 -3.7171 31 119 180
0.563 -34.3597 -3.7841 31 119 180
0.5629 -34.5353 -3.7395 31 119 180
0.563 -34.4559 -3.8025 31 119 180
0.5629 -34.6663 -3.7289 31 119 180
0.5629 -34.8671 -3.8066 31 119 180
0.5628 -35.0147 -3.7313 31 119 180
0.5627 -35.7155 -3.4526 31 119 180
0.5626 -35.9562 -3.3411 31 119 180
0.5628 -35.0065 -3.8367 31 119 180
0.5626 -36.1273 -3.2875 31 119 180
0.5626 -35.8761 -3.4269 31 119 180
0.5628 -35.1564 -3.839 31 119 180
0.5626 -36.2288 -3.292 31 119 180
0.5626 -36.0903 -3.3852 31 119 180
0.5628 -35.4251 -3.7582 31 119 180
0.5626 -36.1827 -3.3718 31 119 180
0.5627 -35.5129 -3.7359 31 119 180
0.5625 -36.3734 -3.3083 31 119 180
0.5628 -35.2663 -3.8843 31 119 180
0.5628 -35.3692 -3.843 31 119 180
0.5627 -35.6046 -3.7454 31 119 180
0.5625 -36.4651 -3.3178 31 119 180
0.5625 -36.5809 -3.3262 31 119 180
0.5625 -36.5061 -3.3981 31 119 180
0.5625 -36.6718 -3.3586 31 119 180
0.5624 -36.7923 -3.3759 31 119 180
0.5624 -36.8976 -3.4122 31 119 180
0.5624 -37.0309 -3.4792 31 119 180
0.5624 -37.1566 -3.4826 31 119 180
0.5623 -37.3718 -3.5642 31 119 180
0.5623 -37.5558 -3.5603 31 119 180
0.5623 -37.4423 -3.6295 31 119 180
0.5622 -37.8874 -3.4812 31 119 180
0.5622 -38.0237 -3.4567 31 119 180
0.5622 -38.1395 -3.4651 31 119 180
0.5622 -37.9965 -3.5493 31 119 180
0.5621 -38.2592 -3.5053 31 119 180
0.5621 -38.3576 -3.4551 31 119 180
0.5621 -38.4788 -3.4496 31 119 180
0.5621 -38.544 -3.5288 31 119 180
0.5621 -38.6462 -3.5105 31 119 180
0.562 -38.7424 -3.5289 31 119 180
0.562 -38.8726 -3.5412 31 119 180
0.562 -39.0082 -3.5396 31 119 180
0.562 -39.1392 -3.529 31 119 180
0.5619 -39.358 -3.4962 31 119 180
0.5619 -39.4511 -3.46 31 119 180
0.5619 -39.2929 -3.5631 31 119 180
0.5619 -39.4088 -3.5715 31 119 180
0.5619 -39.5216 -3.5253 31 119 180
0.5619 -39.6101 -3.4801 31 119 180
0.5618 -39.7548 -3.4963 31 119 180
0.5618 -39.8615 -3.4869 31 119 180
0.5618 -39.6988 -3.5811 31 119 180
0.5618 -39.9577 -3.5053 31 119 180
0.5618 -39.8685 -3.5734 31 119 180
0.5617 -40.3434 -3.7024 31 119 180
0.5617 -40.2443 -3.7755 38 38 38
0.5617 -40.479 -3.7008 31 119 180
0.5617 -40.3837 -3.8057 31 119 180
0.5617 -40.5782 -3.7739 31 119 180
0.5616 -40.71 -3.7405 31 119 180
0.5616 -41.0554 -3.8343 38 38 38
0.5616 -41.0138 -3.923 38 38 38
0.5615 -41.2835 -3.9655 214 39 40
0.5615 -41.1988 -4.0425 214 39 40
0.5615 -41.3532 -4.0537 214 39 40
0.5615 -41.501 -4.1246 214 39 40
0.5614 -41.7426 -4.1364 214 39 40
0.5614 -41.8486 -4.1499 214 39 40
0.5614 -41.7336 -4.2647 214 39 40
0.5613 -42.1173 -4.069 214 39 40
0.5613 -42.2104 -4.0328 214 39 40
0.5614 -42.0031 -4.1611 214 39 40
0.5613 -42.3467 -4.0083 214 39 40
0.5613 -42.119 -4.1695 214 39 40
0.5613 -42.3006 -4.0881 214 39 40
0.5613 -42.4921 -4.0017 214 39 40
0.5613 -42.231 -4.1461 214 39 40
0.5612 -42.5943 -3.9833 214 39 40
0.5614 -42.0381 -4.2782 214 39 40
0.5613 -42.4066 -4.1015 214 39 40
0.5613 -42.5127 -4.1149 214 39 40
0.6569 -34.2743 -3.7591 31 119 180
0.6569 -34.4446 -3.7285 31 119 180
0.6569 -34.5475 -3.6872 31 119 180
0.6569 -34.6452 -3.6599 31 119 180
0.6569 -34.618 -3.7525 31 119 180
0.6568 -35.0413 -3.6829 31 119 180
0.6568 -35.1679 -3.8096 31 119 180
0.6567 -35.3639 -3.7321 31 119 180
0.6567 -35.8891 -3.4979 31 119 180
0.6566 -35.9875 -3.4477 31 119 180
0.6567 -35.75 -3.6139 31 119 180
0.6566 -36.1238 -3.4232 31 119 180
0.6567 -35.4889 -3.7583 31 119 180
0.6567 -35.5813 -3.745 31 119 180
0.6566 -36.3404 -3.459 31 119 180
0.6566 -36.5122 -3.3826 31 119 180
0.6565 -36.6243 -3.3592 31 119 180
0.6566 -36.4563 -3.4674 31 119 180
0.6565 -36.8212 -3.405 31 119 180
0.6565 -36.9061 -3.4742 31 119 180
0.6565 -37.0038 -3.4469 31 119 180
0.6564 -37.1052 -3.4514 31 119 180
0.6564 -37.1561 -3.5267 31 119 180
0.6564 -37.2643 -3.4715 31 119 180
0.6564 -37.4272 -3.5234 31 119 180
0.6564 -37.5226 -3.5647 31 119 180
0.6563 -37.6097 -3.5653 31 119 180
0.6563 -37.7369 -3.523 31 119 180
0.6563 -37.8784 -3.4845 31 119 180
0.6563 -37.9761 -3.4572 31 119 180
0.6563 -38.0754 -3.5303 38 38 38
0.6562 -38.2124 -3.4829 31 119 180
0.6562 -38.2927 -3.5432 31 119 180
0.6562 -38.3896 -3.5388 31 119 180
0.6562 -38.5214 -3.5053 31 119 180
0.6562 -38.6593 -3.5812 31 119 180
0.6561 -38.7766 -3.5439 31 119 180
0.6561 -38.9311 -3.5551 31 119 180
0.6561 -39.0561 -3.5814 31 119 180
0.6561 -39.2219 -3.5418 31 119 180
0.656 -39.3521 -3.5541 31 119 180
0.656 -39.5172 -3.5374 31 119 180
0.656 -39.671 -3.5715 31 119 180
0.656 -39.7784 -3.5392 31 119 180
0.6559 -39.8845 -3.5526 31 119 180
0.6559 -40.0208 -3.5281 31 119 180
0.6559 -40.164 -3.59 31 119 180
0.6559 -40.2942 -3.6023 31 119 180
0.6559 -40.2141 -3.6882 31 119 180
0.6559 -40.3201 -3.7017 31 119 180
0.6558 -40.4163 -3.7201 31 119 180
0.6558 -40.548 -3.6867 31 119 180
0.6558 -40.4974 -3.7575 31 119 180
0.6558 -40.7517 -3.6728 31 119 180
0.6558 -40.5988 -3.762 31 119 180
0.6558 -40.6821 -3.7308 31 119 180
0.6558 -40.8275 -3.7241 31 119 180
0.6557 -41.2321 -3.934 214 39 40
0.6557 -41.1762 -4.0188 214 39 40
0.6557 -41.3177 -3.9804 214 39 40
0.6557 -41.2671 -4.0512 214 39 40
0.6556 -41.4139 -3.9988 214 39 40
0.6556 -41.3671 -4.1014 214 39 40
0.6556 -41.5382 -4.0479 214 39 40
0.6556 -41.4633 -4.1199 214 39 40
0.6556 -41.7949 -4.0408 214 39 40
0.6555 -41.9024 -4.0084 214 39 40
0.6556 -41.6898 -4.1506 214 39 40
0.6556 -41.8011 -4.1501 214 39 40
0.6555 -42.0069 -4.0676 214 39 40
0.6556 -41.6914 -4.2511 214 39 40
0.6555 -42.1485 -4.0291 214 39 40
0.6555 -42.3597 -3.9327 214 39 40
0.6555 -42.4528 -3.8964 214 39 40
0.6555 -42.2901 -3.9907 214 39 40
0.6555 -41.9798 -4.1602 214 39 40
0.6555 -42.0971 -4.1229 214 39 40
0.6555 -42.2576 -4.0972 214 39 40
0.6555 -42.415 -4.0169 214 39 40
0.6554 -42.5036 -3.9718 214 39 40
0.6554 -42.6451 -3.9333 214 39 40
0.6554 -42.5847 -4.0092 214 39 40
0.7578 -34.3795 -3.6494 31 119 180
0.7578 -34.2955 -3.7035 31 119 180
0.7578 -34.503 -3.7214 31 119 180
0.7578 -34.6189 -3.7298 31 119 180
0.7578 -35.0035 -3.6573 31 119 180
0.7578 -34.8257 -3.7706 31 119 180
0.7578 -34.962 -3.746 31 119 180
0.7578 -35.2671 -3.7366 31 119 180
0.7578 -35.1922 -3.8086 31 119 180
0.7578 -35.9634 -3.4489 31 119 180
0.7578 -35.4655 -3.7367 31 119 180
0.7578 -35.7743 -3.6129 31 119 180
0.7578 -36.2163 -3.4099 31 119 180
0.7577 -35.5958 -3.749 31 119 180
0.7578 -36.3473 -3.3994 31 119 180
0.7578 -36.5373 -3.3587 31 119 180
0.7578 -36.4533 -3.4128 31 119 180
0.7578 -36.6532 -3.3671 31 119 180
0.7578 -36.7638 -3.3894 31 119 180
0.7578 -36.8638 -3.4397 31 119 180
0.7577 -36.9554 -3.4492 31 119 180
0.7577 -37.1637 -3.4442 31 119 180
0.7577 -37.244 -3.5045 31 119 180
0.7577 -37.3462 -3.4861 31 119 180
0.7577 -37.5053 -3.5062 31 119 180
0.7577 -37.7135 -3.5012 31 119 180
0.7577 -37.8846 -3.4477 31 119 180
0.7577 -37.9899 -3.484 31 119 180
0.7577 -38.1019 -3.4606 31 119 180
0.7577 -38.208 -3.474 31 119 180
0.7577 -38.3185 -3.4964 31 119 180
0.7577 -38.4541 -3.4947 31 119 180
0.7577 -38.5148 -3.5651 31 119 180
0.7577 -38.6117 -3.5606 31 119 180
0.7577 -38.7276 -3.569 31 119 180
0.7577 -38.882 -3.5802 31 119 180
0.7577 -38.9744 -3.5668 31 119 180
0.7577 -39.1918 -3.5797 31 119 180
0.7577 -39.294 -3.5613 31 119 180
0.7577 -39.4098 -3.5697 31 119 180
0.7577 -39.6037 -3.5609 38 38 38
0.7577 -39.7339 -3.5732 31 119 180
0.7577 -39.6871 -3.6758 31 119 180
0.7577 -39.8544 -3.5905 31 119 180
0.7577 -39.9626 -3.5353 31 119 180
0.7577 -39.7886 -3.6803 31 119 180
0.7577 -40.2073 -3.6018 31 119 180
0.7577 -40.3632 -3.5672 38 38 38
0.7577 -40.2725 -3.681 31 119 180
0.7577 -40.5558 -3.7503 31 119 180
0.7577 -40.6633 -3.7179 31 119 180
0.7577 -40.8192 -3.6834 31 119 180
0.7577 -40.7542 -3.7503 31 119 180
0.7577 -41.1581 -3.9831 214 39 40
0.7577 -41.2785 -4.0004 214 39 40
0.7577 -41.7928 -4.1093 214 39 40
0.7577 -41.9042 -4.1088 214 39 40
0.7577 -41.7264 -4.222 214 39 40
0.7577 -41.8626 -4.1975 214 39 40
0.7577 -42.4378 -3.9153 214 39 40
0.7576 -41.6553 -4.3258 214 39 40
0.7577 -42.3538 -3.9694 214 39 40
0.7577 -42.0337 -4.144 214 39 40
0.7577 -42.1419 -4.0888 214 39 40
0.7577 -42.2305 -4.0436 214 39 40
0.7577 -42.5294 -3.9248 214 39 40
0.7577 -42.652 -3.8735 214 39 40
0.7576 -41.977 -4.2516 214 39 40
0.7577 -42.4591 -4.0057 214 39 40
0.7577 -42.1829 -4.1691 214 39 40
0.7576 -42.0891 -4.2282 214 39 40
0.7577 -42.3744 -4.0827 214 39 40
0.7577 -42.5946 -4.0041 214 39 40
0.8512 -34.2822 -3.6995 31 119 180
0.8512 -34.389 -3.69 31 119 180
0.8512 -34.5617 -3.7369 31 119 180
0.8512 -34.8395 -3.674 31 119 180
0.8512 -34.7011 -3.7671 31 119 180
0.8512 -34.798 -3.7627 31 119 180
0.8512 -35.5036 -3.639 31 119 180
0.8512 -35.4908 -3.7355 31 119 180
0.8512 -35.7687 -3.6725 31 119 180
0.8512 -36.3098 -3.3965 31 119 180
0.8512 -36.3757 -3.4528 31 119 180
0.8512 -36.4628 -3.4534 31 119 180
0.8512 -36.7687 -3.4211 31 119 180
0.8512 -36.8747 -3.4345 31 119 180
0.8512 -36.9664 -3.444 31 119 180
0.8512 -37.1451 -3.4541 31 119 180
0.8512 -37.2374 -3.4408 31 119 180
0.8512 -37.3435 -3.4542 31 119 180
0.8512 -37.2928 -3.525 31 119 180
0.8512 -37.4677 -3.5033 31 119 180
0.8512 -37.5692 -3.5078 31 119 180
0.8512 -37.6707 -3.5123 31 119 180
0.8512 -37.8252 -3.5235 31 119 180
0.8512 -38.1788 -3.5118 31 119 180
0.8512 -38.2803 -3.5163 31 119 180
0.8512 -38.4204 -3.5236 31 119 180
0.8512 -38.5211 -3.551 31 119 180
0.8512 -38.6128 -3.5605 31 119 180
0.8512 -38.7673 -3.5717 31 119 180
0.8512 -39.1355 -3.7101 31 119 180
0.8512 -39.3694 -3.6583 31 119 180
0.8512 -39.4898 -3.6756 31 119 180
0.8512 -39.9334 -3.5731 31 119 180
0.8512 -39.7511 -3.6774 31 119 180
0.8512 -39.8677 -3.6629 31 119 180
0.8512 -40.281 -3.5983 31 119 180
0.8512 -40.157 -3.6953 31 119 180
0.8512 -40.2585 -3.6998 31 119 180
0.8512 -40.6068 -3.7021 31 119 180
0.8512 -40.5365 -3.783 31 119 180
0.8512 -40.7083 -3.7066 31 119 180
0.8512 -40.8203 -3.6832 31 119 180
0.8512 -40.6425 -3.7964 31 119 180
0.8511 -41.247 -3.9606 214 39 40
0.8511 -41.1812 -4.0504 214 39 40
0.8511 -41.2683 -4.051 214 39 40
0.8511 -41.8302 -4.0344 214 39 40
0.8511 -41.7152 -4.1493 214 39 40
0.8511 -41.6411 -4.1984 214 39 40
0.8511 -41.9362 -4.0478 214 39 40
0.8511 -41.8712 -4.1148 214 39 40
0.8511 -41.8016 -4.1728 214 39 40
0.8511 -41.5799 -4.2971 214 39 40
0.8511 -42.3904 -3.9174 214 39 40
0.8511 -41.6965 -4.2827 214 39 40
0.8511 -42.1672 -4.0875 214 39 40
0.8511 -42.4919 -3.9219 214 39 40
0.8511 -42.3194 -4.0211 214 39 40
0.8511 -42.6925 -3.8533 214 39 40
0.8511 -42.0818 -4.1873 214 39 40
0.8511 -42.4163 -4.0167 214 39 40
0.8511 -42.6229 -3.9113 214 39 40
0.8511 -42.2778 -4.1098 214 39 40
0.8511 -42.1689 -4.1879 214 39 40
0.8511 -42.5178 -4.0212 214 39 40
0.9458 -34.2844 -3.665 31 119 180
0.9458 -34.3958 -3.6645 31 119 180
0.9458 -34.557 -3.616 31 119 180
0.9458 -34.5063 -3.6868 31 119 180
0.9458 -34.598 -3.6964 31 119 180
0.9458 -34.7578 -3.6936 31 119 180
0.9458 -34.8849 -3.6513 31 119 180
0.9458 -35.0584 -3.6753 31 119 180
0.9458 -35.197 -3.7284 31 119 180
0.9458 -35.2954 -3.6782 31 119 180
0.9458 -35.3916 -3.6967 31 119 180
0.9458 -35.9207 -3.4943 31 119 180
0.9457 -36.1349 -3.4526 31 119 180
0.9457 -36.2772 -3.3913 31 119 180
0.9457 -36.0109 -3.5496 31 119 180
0.9457 -36.3741 -3.3868 31 119 180
0.9457 -36.2985 -3.4817 31 119 180
0.9457 -36.4242 -3.4851 31 119 180
0.9457 -36.5128 -3.4399 31 119 180
0.9457 -36.709 -3.5086 31 119 180
0.9457 -36.905 -3.4311 31 119 180
0.9457 -37.0111 -3.4446 31 119 180
0.9457 -37.1701 -3.4647 31 119 180
0.9457 -37.2406 -3.53 31 119 180
0.9457 -37.4011 -3.5044 31 119 180
0.9457 -37.4882 -3.505 31 119 180
0.9457 -37.5753 -3.5056 31 119 180
0.9456 -37.7434 -3.5436 38 38 38
0.9456 -37.9039 -3.518 31 119 180
0.9456 -38.063 -3.5382 31 119 180
0.9456 -38.1645 -3.5427 31 119 180
0.9456 -38.2659 -3.5472 31 119 180
0.9456 -38.4166 -3.5266 31 119 180
0.9456 -38.703 -3.6506 31 119 180
0.9456 -38.809 -3.664 31 119 180
0.9456 -38.906 -3.6596 31 119 180
0.9456 -39.0408 -3.6808 31 119 180
0.9456 -39.143 -3.6624 31 119 180
0.9455 -39.1636 -3.7757 31 119 180
0.9455 -39.368 -3.739 31 119 180
0.9455 -39.3113 -3.8466 31 119 180
0.9455 -39.9215 -3.6817 31 119 180
0.9455 -40.0138 -3.6684 31 119 180
0.9455 -39.9715 -3.7799 31 119 180
0.9455 -40.0798 -3.7247 31 119 180
0.9455 -40.235 -3.7131 31 119 180
0.9455 -40.3425 -3.6808 31 119 180
0.9455 -40.5303 -3.7087 31 119 180
0.9455 -40.4562 -3.7578 31 119 180
0.9455 -40.6522 -3.6803 31 119 180
0.9455 -40.5221 -3.8142 31 119 180
0.9455 -40.6152 -3.778 31 119 180
0.9455 -40.7613 -3.7485 31 119 180
0.9454 -41.1667 -3.9355 214 39 40
0.9454 -41.3029 -3.911 214 39 40
0.9454 -41.1244 -4.0471 214 39 40
0.9454 -41.222 -4.0198 214 39 40
0.9454 -41.3099 -3.9975 214 39 40
0.9454 -41.8407 -4.0418 214 39 40
0.9454 -41.7462 -4.1238 214 39 40
0.9454 -41.9528 -4.0184 214 39 40
0.9454 -41.6713 -4.1957 214 39 40
0.9454 -41.8863 -4.1311 214 39 40
0.9454 -41.8167 -4.1891 214 39 40
0.9454 -42.0082 -4.1027 214 39 40
0.9454 -41.7471 -4.2471 214 39 40
0.9453 -42.3419 -3.955 214 39 40
0.9453 -42.2466 -4.0598 214 39 40
0.9453 -42.4434 -3.9595 214 39 40
0.9453 -42.5365 -3.9232 214 39 40
0.9453 -42.6781 -3.8848 214 39 40
0.9453 -42.4019 -4.0482 214 39 40
0.9453 -42.3073 -4.1301 214 39 40
0.9453 -42.2036 -4.1943 214 39 40
0.9453 -42.4988 -4.0437 214 39 40
0.9453 -42.5919 -4.0075 214 39 40
0.9453 -42.3089 -4.2306 214 39 40
0.9453 -42.2348 -4.2796 214 39 40
1.0422 -34.3437 -3.6126 31 119 180
1.0422 -34.5027 -3.6328 31 119 180
1.0422 -34.5732 -3.6981 31 119 180
1.0422 -34.6747 -3.7026 31 119 180
1.0422 -35.0192 -3.6732 31 119 180
1.0422 -35.2092 -3.6325 31 119 180
1.0422 -35.2963 -3.6331 31 119 180
1.0422 -35.2207 -3.7279 31 119 180
1.0422 -35.3373 -3.7134 31 119 180
1.0423 -35.5628 -3.6209 31 119 180
1.0423 -35.9239 -3.5268 31 119 180
1.0423 -36.0996 -3.4822 31 119 180
1.0423 -36.0391 -3.558 31 119 180
1.0423 -36.4122 -3.3902 31 119 180
1.0423 -36.1905 -3.5146 31 119 180
1.0423 -36.2692 -3.4744 31 119 180
1.0423 -36.3616 -3.4611 31 119 180
1.0423 -36.4782 -3.4466 31 119 180
1.0423 -36.5796 -3.4511 31 119 180
1.0423 -36.7205 -3.4356 31 119 180
1.0423 -36.5479 -3.5348 31 119 180
1.0423 -36.6448 -3.5304 31 119 180
1.0423 -36.909 -3.4406 31 119 180
1.0423 -36.819 -3.5316 31 119 180
1.0423 -37.0544 -3.434 31 119 180
1.0423 -37.003 -3.5277 31 119 180
1.0423 -37.1726 -3.52 31 119 180
1.0423 -37.3089 -3.4955 38 38 38
1.0423 -37.5407 -3.5123 31 119 180
1.0423 -37.6277 -3.5129 31 119 180
1.0423 -37.8209 -3.5269 31 119 180
1.0423 -37.9564 -3.5253 31 119 180
1.0423 -38.0533 -3.5209 31 119 180
1.0423 -38.1495 -3.5393 31 119 180
1.0423 -38.2752 -3.5427 31 119 180
1.0423 -38.3676 -3.5293 31 119 180
1.0423 -38.6957 -3.7108 31 119 180
1.0423 -38.8327 -3.6634 31 119 180
1.0423 -38.9327 -3.7137 31 119 180
1.0423 -39.0743 -3.6752 31 119 180
1.0423 -39.1395 -3.7545 31 119 180
1.0423 -39.2803 -3.7389 31 119 180
1.0423 -39.3727 -3.7256 31 119 180
1.0423 -40.0178 -3.6778 31 119 180
1.0423 -39.9187 -3.7509 31 119 180
1.0423 -40.0883 -3.7431 31 119 180
1.0423 -40.186 -3.7158 31 119 180
1.0423 -40.298 -3.6924 31 119 180
1.0423 -40.4556 -3.7583 31 119 180
1.0423 -40.5729 -3.721 31 119 180
1.0423 -40.5458 -3.8136 31 119 180
1.0423 -40.7426 -3.7132 31 119 180
1.0423 -40.6677 -3.7852 31 119 180
1.0423 -40.8267 -3.8053 38 38 38
1.0423 -41.1373 -3.9282 214 39 40
1.0423 -41.2395 -3.9098 214 39 40
1.0423 -41.0958 -4.0169 214 39 40
1.0423 -41.3448 -3.9461 214 39 40
1.0423 -41.2457 -4.0192 214 39 40
1.0423 -41.8001 -4.0852 214 39 40
1.0423 -41.7207 -4.1482 214 39 40
1.0423 -41.9076 -4.0529 214 39 40
1.0423 -41.6602 -4.2241 214 39 40
1.0423 -42.0242 -4.0384 214 39 40
1.0423 -41.7965 -4.1996 214 39 40
1.0423 -41.9683 -4.1232 214 39 40
1.0424 -42.4534 -3.932 214 39 40
1.0423 -42.2363 -4.0653 214 39 40
1.0423 -42.3248 -4.0201 214 39 40
1.0424 -42.7032 -3.8384 214 39 40
1.0424 -42.5451 -3.9416 214 39 40
1.0423 -42.1947 -4.154 214 39 40
1.0423 -42.4308 -4.0336 214 39 40
1.0424 -42.6367 -3.9511 214 39 40
1.0423 -42.3015 -4.1446 214 39 40
1.0423 -42.5467 -4.042 214 39 40
1.0423 -42.2638 -4.2651 214 39 40
1.1377 -34.3951 -3.6084 31 119 180
1.1377 -34.6148 -3.6989 31 119 180
1.1377 -34.8374 -3.6978 31 119 180
1.1377 -34.954 -3.6833 31 119 180
1.1378 -35.5257 -3.6617 31 119 180
1.1378 -35.6181 -3.6484 31 119 180
1.1378 -36.0193 -3.5112 31 119 180
1.1378 -35.9451 -3.5603 31 119 180
1.1378 -36.316 -3.4611 31 119 180
1.1379 -36.6008 -3.4846 31 119 180
1.1379 -36.8172 -3.3742 31 119 180
1.1379 -36.7212 -3.5019 31 119 180
1.1379 -36.9362 -3.4372 31 119 180
1.1379 -37.0763 -3.4445 31 119 180
1.1379 -37.1672 -3.4769 31 119 180
1.1379 -37.243 -3.5283 31 119 180
1.1379 -37.4172 -3.5294 31 119 180
1.1379 -37.6489 -3.5462 31 119 180
1.1379 -37.761 -3.5228 31 119 180
1.1379 -37.8715 -3.5452 31 119 180
1.1379 -37.9502 -3.505 31 119 180
1.1379 -38.0419 -3.5145 31 119 180
1.1379 -38.1388 -3.5101 31 119 180
1.1379 -38.2146 -3.5615 31 119 180
1.138 -38.3259 -3.5609 31 119 180
1.138 -38.4372 -3.5604 31 119 180
1.1379 -38.5343 -3.7021 38 38 38
1.1379 -38.6699 -3.7005 31 119 180
1.138 -38.8251 -3.6888 31 119 180
1.1379 -38.7646 -3.7647 31 119 180
1.138 -38.9402 -3.7201 31 119 180
1.138 -39.0417 -3.7246 31 119 180
1.1379 -38.8987 -3.8088 31 119 180
1.138 -39.1394 -3.6973 31 119 180
1.138 -39.2226 -3.6661 31 119 180
1.1379 -39.0002 -3.8133 31 119 180
1.138 -39.1213 -3.8078 31 119 180
1.138 -39.2099 -3.7626 31 119 180
1.138 -39.2886 -3.7224 31 119 180
1.138 -39.381 -3.7091 31 119 180
1.138 -39.4779 -3.7046 31 119 180
1.138 -39.4068 -3.8084 31 119 180
1.138 -39.6528 -3.6829 31 119 180
1.138 -39.5287 -3.78 31 119 180
1.138 -39.7641 -3.6824 31 119 180
1.138 -39.718 -3.7622 31 119 180
1.138 -39.8588 -3.7466 31 119 180
1.138 -40.0443 -3.697 31 119 180
1.138 -39.9982 -3.7767 31 119 180
1.138 -40.1359 -3.7065 31 119 180
1.138 -40.0853 -3.7773 31 119 180
1.138 -40.2995 -3.7355 31 119 180
1.1381 -40.4555 -3.701 31 119 180
1.1381 -40.616 -3.6754 31 119 180
1.138 -40.5404 -3.7702 31 119 180
1.1381 -40.6956 -3.7585 31 119 180
1.1381 -40.8364 -3.7429 38 38 38
1.1381 -41.1077 -3.8858 214 39 40
1.1381 -41.2591 -3.8424 214 39 40
1.138 -41.0806 -3.9785 214 39 40
1.1381 -41.1873 -3.969 214 39 40
1.1381 -41.3092 -3.9406 214 39 40
1.1381 -41.4553 -3.911 38 38 38
1.1381 -41.4131 -4.0226 38 38 38
1.1381 -41.5054 -4.0093 38 38 38
1.1381 -41.5978 -3.9959 38 38 38
1.1381 -41.9629 -4.0797 214 39 40
1.1381 -41.8979 -4.1466 214 39 40
1.1381 -42.2467 -3.9799 214 39 40
1.1381 -42.3398 -3.9436 214 39 40
1.1381 -42.1128 -4.082 214 39 40
1.1381 -42.0334 -4.145 214 39 40
1.1381 -41.929 -4.232 214 39 40
1.1381 -42.4898 -3.9459 214 39 40
1.1381 -42.2681 -4.0703 214 39 40
1.1381 -42.5874 -3.9186 214 39 40
1.1381 -42.1833 -4.1473 214 39 40
1.1381 -42.4528 -4.0435 214 39 40
1.1381 -42.5792 -4.0241 214 39 40
1.3267 -34.33 -3.6533 31 119 180
1.3267 -34.4231 -3.6171 31 119 180
1.3267 -34.5389 -3.6255 31 119 180
1.3267 -34.6382 -3.6986 38 38 38
1.3267 -34.7692 -3.688 38 38 38
1.3267 -34.929 -3.6853 31 119 180
1.3268 -35.0221 -3.6491 31 119 180
1.3267 -35.113 -3.6815 31 119 180
1.3268 -35.2985 -3.6319 38 38 38
1.3268 -35.4136 -3.6632 38 38 38
1.3268 -35.5491 -3.6616 31 119 180
1.3268 -35.6468 -3.6343 31 119 180
1.3268 -35.8769 -3.5506 31 119 180
1.3268 -36.0026 -3.554 31 119 180
1.3268 -36.1199 -3.5167 31 119 180
1.3268 -36.7877 -3.3674 31 119 180
1.3268 -36.6281 -3.5163 31 119 180
1.3268 -36.8839 -3.3859 31 119 180
1.3268 -36.9695 -3.4322 31 119 180
1.3268 -37.0997 -3.4445 38 38 38
1.3268 -37.4944 -3.5133 38 38 38
1.3269 -38.1191 -3.4985 38 38 38
1.3269 -38.1949 -3.5498 38 38 38
1.3269 -38.4319 -3.5527 38 38 38
1.3269 -38.7811 -3.6784 31 119 180
1.3269 -38.8418 -3.7487 31 119 180
1.3269 -38.925 -3.7175 31 119 180
1.3269 -39.0848 -3.7148 31 119 180
1.3269 -39.2218 -3.6674 31 119 180
1.3269 -39.253 -3.7528 31 119 180
1.3269 -39.3559 -3.7115 31 119 180
1.3269 -39.4437 -3.6892 31 119 180
1.3269 -39.5195 -3.7406 31 119 180
1.3269 -39.7376 -3.7306 31 119 180
1.3269 -39.8338 -3.7491 31 119 180
1.3269 -40.0768 -3.7151 38 38 38
1.3269 -40.2805 -3.7013 38 38 38
1.3269 -40.3729 -3.6879 38 38 38
1.3269 -40.6866 -3.8655 38 38 38
1.3269 -40.7698 -3.8342 38 38 38
1.3269 -40.9364 -3.7718 38 38 38
1.3269 -40.8615 -3.8438 38 38 38
1.3269 -41.3084 -3.9421 38 38 38
1.3269 -41.2085 -4.0381 38 38 38
1.3269 -41.4652 -4.0309 38 38 38
1.3269 -41.5826 -3.9936 38 38 38
1.3269 -42.0921 -3.9474 38 38 38
1.3269 -42.0165 -4.0423 38 38 38
1.3269 -42.1929 -3.9748 38 38 38
1.3269 -41.8039 -4.1845 38 38 38
1.3269 -41.9515 -4.1092 38 38 38
1.3269 -42.286 -3.9386 38 38 38
1.3269 -42.1134 -4.0378 38 38 38
1.3269 -42.4124 -3.9191 38 38 38
1.3269 -42.2581 -4.0541 38 38 38
1.3269 -42.3656 -4.0218 38 38 38
1.327 -42.66 -3.8941 38 38 38
1.3269 -42.4867 -4.0162 38 38 38
1.3269 -42.6086 -3.9878 38 38 38
1.3267 -34.2793 -3.7241 31 119 180
1.3267 -34.3959 -3.7097 31 119 180
1.3267 -34.4974 -3.7142 31 119 180
1.3268 -35.5967 -3.536 31 119 180
1.3268 -36.0797 -3.4135 31 119 180
1.3268 -36.2114 -3.38 31 119 180
1.3268 -36.8181 -3.4757 31 119 180
1.3268 -37.0241 -3.5394 31 119 180
1.3268 -37.1347 -3.5617 31 119 180
1.3269 -37.6844 -3.4727 38 38 38
1.3269 -37.8192 -3.4939 38 38 38
1.3269 -38.269 -3.5008 38 38 38
1.3268 -38.9221 -3.809 31 119 180
1.3269 -39.0138 -3.8185 31 119 180
1.3269 -39.1546 -3.803 31 119 180
1.3269 -39.2985 -3.8421 31 119 180
1.3269 -39.406 -3.8097 31 119 180
1.3268 -39.3539 -3.9263 31 119 180
1.3269 -39.6438 -3.7897 31 119 180
1.3269 -39.9732 -3.7793 38 38 38
1.3269 -40.1072 -3.8234 38 38 38
1.3269 -40.2056 -3.7732 38 38 38
1.3269 -40.37 -3.7794 38 38 38
1.3269 -40.2905 -3.8424 38 38 38
1.3269 -40.4578 -3.7571 38 38 38
1.3269 -40.5645 -3.7477 38 38 38
1.3269 -40.4405 -3.8447 38 38 38
1.3269 -40.6509 -3.7712 38 38 38
1.3269 -40.7387 -3.7489 38 38 38
1.3269 -40.551 -3.8671 38 38 38
1.3269 -41.1887 -3.9019 38 38 38
1.3269 -41.0836 -4.0118 38 38 38
1.3269 -41.4257 -3.9048 38 38 38
1.3269 -41.5476 -3.8764 38 38 38
1.3269 -41.3479 -4.0682 38 38 38
1.3269 -41.8083 -4.0472 38 38 38
1.3269 -41.9952 -3.9519 38 38 38
1.3269 -41.9158 -4.0149 38 38 38
1.3269 -42.5192 -3.9097 38 38 38
1.3269 -42.4255 -4.115 38 38 38
1.3269 -42.3219 -4.1791 38 38 38
1.3269 -42.437 -4.2104 38 38 38
1.6133 -34.3332 -3.7098 31 119 180
1.6133 -34.4997 -3.6474 31 119 180
1.6133 -34.5603 -3.7177 31 119 180
1.6133 -34.7571 -3.6174 31 119 180
1.6133 -34.6777 -3.6804 31 119 180
1.6133 -34.8276 -3.6827 31 119 180
1.6133 -34.9579 -3.6951 38 38 38
1.6133 -35.1191 -3.6466 38 38 38
1.6133 -35.2691 -3.6489 31 119 180
1.6133 -35.3811 -3.6255 31 119 180
1.6132 -35.5061 -3.6518 31 119 180
1.6132 -35.6083 -3.6334 31 119 180
1.6132 -35.9073 -3.5147 31 119 180
1.6132 -36.0179 -3.5371 31 119 180
1.6132 -36.1405 -3.4858 31 119 180
1.6132 -36.5577 -3.4531 31 119 180
1.6132 -36.7386 -3.3946 31 119 180
1.6132 -36.9394 -3.4722 31 119 180
1.6132 -37.1363 -3.518 31 119 180
1.6131 -37.237 -3.5454 31 119 180
1.6131 -37.3673 -3.5578 31 119 180
1.6131 -37.4885 -3.5522 31 119 180
1.6131 -37.5869 -3.5021 31 119 180
1.6131 -37.7618 -3.4804 31 119 180
1.6131 -37.9117 -3.4827 31 119 180
1.6131 -37.8375 -3.5318 31 119 180
1.6131 -38.0556 -3.5218 31 119 180
1.6131 -37.9618 -3.5809 31 119 180
1.6131 -38.2056 -3.5241 31 119 180
1.6131 -38.3101 -3.5833 31 119 180
1.6131 -38.407 -3.5789 31 119 180
1.613 -38.8335 -3.7102 31 119 180
1.613 -38.904 -3.7755 31 119 180
1.613 -38.9956 -3.785 31 119 180
1.613 -39.0359 -3.8883 31 119 180
1.613 -39.1441 -3.8331 31 119 180
1.613 -39.2441 -3.8833 31 119 180
1.613 -39.3713 -3.841 31 119 180
1.6129 -39.4886 -3.8037 31 119 180
1.6129 -39.5947 -3.8171 31 119 180
1.6129 -39.3631 -3.9464 31 119 180
1.6129 -39.7022 -3.7848 31 119 180
1.6129 -39.8581 -3.7503 31 119 180
1.6129 -39.8022 -3.835 31 119 180
1.6129 -40.0294 -3.843 31 119 180
1.6129 -39.9454 -3.897 31 119 180
1.6129 -40.1369 -3.8106 31 119 180
1.6129 -40.2254 -3.7655 31 119 180
1.6129 -40.3087 -3.7343 31 119 180
1.6129 -40.4063 -3.707 31 119 180
1.6129 -40.1142 -3.9122 31 119 180
1.6129 -40.2513 -3.8648 31 119 180
1.6129 -40.4079 -3.8074 31 119 180
1.6129 -40.5162 -3.7522 31 119 180
1.6129 -40.6412 -3.7785 31 119 180
1.6129 -40.5807 -3.8544 31 119 180
1.6129 -40.7381 -3.7741 31 119 180
1.6129 -40.6867 -3.8678 31 119 180
1.6129 -40.8971 -3.7942 31 119 180
1.6128 -40.8366 -3.8701 31 119 180
1.6128 -40.988 -3.8266 31 119 180
1.6128 -40.9563 -3.9103 31 119 180
1.6128 -41.1123 -3.8758 31 119 180
1.6128 -41.0563 -3.9606 31 119 180
1.6128 -41.213 -3.9032 31 119 180
1.6128 -41.1715 -3.9919 31 119 180
1.6128 -41.2881 -3.9774 31 119 180
1.6128 -41.4145 -3.958 31 119 180
1.6128 -41.3631 -4.0517 31 119 180
1.6128 -41.5888 -4.1053 38 38 38
1.6128 -41.6872 -4.0552 38 38 38
1.6128 -41.8379 -4.0346 38 38 38
1.6128 -41.9802 -3.9733 38 38 38
1.6128 -42.1316 -3.9298 38 38 38
1.6127 -41.7471 -4.1484 38 38 38
1.6127 -41.8494 -4.13 38 38 38
1.6127 -41.9477 -4.0798 38 38 38
1.6127 -42.0749 -4.0375 38 38 38
1.6127 -42.2861 -3.9411 38 38 38
1.6127 -42.2059 -4.0269 38 38 38
1.6127 -42.4262 -3.9484 38 38 38
1.6127 -42.5526 -3.9289 38 38 38
1.6127 -42.651 -3.8787 38 38 38
1.6127 -42.3695 -4.056 38 38 38
1.6127 -42.5156 -4.0265 38 38 38
1.7085 -34.3122 -3.6623 31 119 180
1.7085 -34.2464 -3.7521 31 119 180
1.7085 -34.3978 -3.7086 31 119 180
1.7085 -34.6135 -3.6211 31 119 180
1.7085 -34.5137 -3.717 31 119 180
1.7085 -34.6643 -3.6964 31 119 180
1.7085 -34.7567 -3.6831 31 119 180
1.7085 -34.8846 -3.6178 31 119 180
1.7084 -35.0247 -3.6251 31 119 180
1.7084 -35.3049 -3.6397 31 119 180
1.7084 -35.9741 -3.4446 31 119 180
1.7084 -35.9855 -3.54 31 119 180
1.7084 -36.0741 -3.4948 31 119 180
1.7084 -36.196 -3.4664 31 119 180
1.7084 -36.3027 -3.457 31 119 180
1.7084 -36.523 -3.3784 31 119 180
1.7083 -36.4375 -3.4782 31 119 180
1.7083 -36.5541 -3.4637 31 119 180
1.7083 -36.6571 -3.4225 31 119 180
1.7083 -36.7926 -3.4208 31 119 180
1.7083 -36.913 -3.4382 31 119 180
1.7083 -36.9881 -3.5124 31 119 180
1.7083 -37.1426 -3.5236 31 119 180
1.7082 -37.2388 -3.542 31 119 180
1.7082 -37.335 -3.5605 31 119 180
1.7082 -37.4319 -3.556 31 119 180
1.7082 -37.5447 -3.5097 31 119 180
1.7082 -37.6908 -3.4802 31 119 180
1.7082 -37.846 -3.4685 31 119 180
1.7082 -37.781 -3.5355 31 119 180
1.7082 -37.8968 -3.5439 31 119 180
1.7082 -38.0074 -3.5662 31 119 180
1.7082 -38.1195 -3.5428 31 119 180
1.7082 -38.2073 -3.5205 31 119 180
1.7081 -38.2884 -3.5579 31 119 180
1.7081 -38.8118 -3.6847 31 119 180
1.708 -38.9058 -3.7718 31 119 180
1.708 -38.9869 -3.8092 31 119 180
1.708 -39.0747 -3.7869 31 119 180
1.708 -39.1497 -3.8611 31 119 180
1.708 -39.2656 -3.8695 31 119 180
1.708 -39.3928 -3.8272 31 119 180
1.708 -39.4957 -3.7859 31 119 180
1.708 -39.3611 -3.9108 31 119 180
1.708 -39.6313 -3.7843 31 119 180
1.708 -39.5465 -3.8612 31 119 180
1.7079 -39.7706 -3.8144 31 119 180
1.7079 -39.869 -3.7642 31 119 180
1.7079 -39.6814 -3.8825 31 119 180
1.7079 -39.9645 -3.8056 31 119 180
1.7079 -39.8805 -3.8597 31 119 180
1.7079 -40.178 -3.7866 31 119 180
1.7079 -40.2665 -3.7415 31 119 180
1.7079 -40.0842 -3.8458 31 119 180
1.7079 -40.4369 -3.7108 31 119 180
1.7079 -40.0184 -3.9356 31 119 180
1.7079 -40.1652 -3.8832 31 119 180
1.7079 -40.2583 -3.8469 31 119 180
1.7079 -40.3469 -3.8018 31 119 180
1.7079 -40.4582 -3.8012 31 119 180
1.7079 -40.6429 -3.7745 31 119 180
1.7079 -40.5393 -3.8386 31 119 180
1.7079 -40.7739 -3.7639 31 119 180
1.7078 -40.6347 -3.8799 31 119 180
1.7078 -40.9087 -3.7852 31 119 180
1.7078 -40.7657 -3.8694 31 119 180
1.7078 -40.8581 -3.856 31 119 180
1.7078 -40.9997 -3.8176 31 119 180
1.7078 -40.9392 -3.8934 31 119 180
1.7078 -41.1285 -3.8756 31 119 180
1.7078 -41.0543 -3.9247 31 119 180
1.7078 -41.2338 -3.9119 31 119 180
1.7078 -41.1498 -3.966 31 119 180
1.7078 -41.3489 -3.9432 31 119 180
1.7078 -41.4458 -3.9387 31 119 180
1.7077 -41.2923 -4.0509 31 119 180
1.7077 -41.4285 -4.0263 31 119 180
1.7077 -41.5315 -3.9851 31 119 180
1.7077 -41.7466 -4.0666 38 38 38
1.7077 -41.9676 -3.9651 38 38 38
1.7077 -41.8935 -4.0142 38 38 38
1.7077 -42.0554 -3.9428 38 38 38
1.7077 -41.6809 -4.1564 38 38 38
1.7077 -42.2106 -3.9311 38 38 38
1.7077 -41.8118 -4.1458 38 38 38
1.7077 -42.0086 -4.0455 38 38 38
1.7077 -41.9239 -4.1224 38 38 38
1.7077 -42.1298 -4.0399 38 38 38
1.7077 -42.3606 -3.9334 38 38 38
1.7077 -42.2948 -4.0232 38 38 38
1.7077 -42.5211 -3.9078 38 38 38
1.7077 -42.6187 -3.8805 38 38 38
1.7076 -42.5182 -3.9993 38 38 38
1.7076 -42.4387 -4.0623 38 38 38
1.7076 -42.6105 -3.9859 38 38 38
1.8056 -34.3663 -3.6459 31 119 180
1.8056 -34.3293 -3.7435 31 119 180
1.8056 -34.5791 -3.6499 31 119 180
1.8056 -34.4845 -3.7319 31 119 180
1.8056 -34.7094 -3.6622 31 119 180
1.8056 -34.586 -3.7364 31 119 180
1.8056 -34.8456 -3.6377 31 119 180
1.8057 -35.415 -3.5385 31 119 180
1.8057 -35.7398 -3.5191 31 119 180
1.8057 -36.1645 -3.4037 31 119 180
1.8057 -36.1184 -3.4835 31 119 180
1.8057 -36.3266 -3.4785 31 119 180
1.8057 -36.4864 -3.4758 31 119 180
1.8057 -36.8187 -3.3738 31 119 180
1.8057 -36.9559 -3.4726 31 119 180
1.8057 -37.1044 -3.5206 31 119 180
1.8057 -37.3498 -3.5642 31 119 180
1.8057 -37.5535 -3.5503 31 119 180
1.8057 -37.4438 -3.6513 31 119 180
1.8057 -37.6996 -3.5208 31 119 180
1.8057 -37.8071 -3.4884 31 119 180
1.8057 -37.951 -3.5275 31 119 180
1.8057 -37.8814 -3.5855 31 119 180
1.8057 -38.0532 -3.5092 31 119 180
1.8058 -38.1554 -3.4908 31 119 180
1.8057 -38.2516 -3.5092 31 119 180
1.8057 -38.7584 -3.7007 31 119 180
1.8057 -38.8448 -3.7242 31 119 180
1.8057 -38.9388 -3.8113 31 119 180
1.8057 -39.0146 -3.8626 31 119 180
1.8057 -39.1259 -3.8621 31 119 180
1.8057 -39.2123 -3.8855 31 119 180
1.8057 -39.2986 -3.909 31 119 180
1.8057 -39.4886 -3.8683 31 119 180
1.8057 -39.3948 -3.9274 31 119 180
1.8057 -39.5992 -3.8907 31 119 180
1.8057 -39.7756 -3.8232 31 119 180
1.8057 -39.7288 -3.9259 31 119 180
1.8057 -39.8658 -3.8785 31 119 180
1.8057 -39.9581 -3.8651 31 119 180
1.8057 -40.1338 -3.8205 31 119 180
1.8057 -40.0589 -3.8925 31 119 180
1.8057 -40.2458 -3.7971 31 119 180
1.8058 -40.3722 -3.7776 31 119 180
1.8057 -40.1944 -3.8908 31 119 180
1.8057 -40.3353 -3.8753 31 119 180
1.8057 -40.4624 -3.8329 31 119 180
1.8057 -40.6617 -3.9562 31 119 180
1.8057 -40.8306 -3.9714 38 38 38
1.8058 -41.0365 -3.8888 31 119 180
1.8058 -41.1394 -3.8476 31 119 180
1.8057 -40.7891 -4.0601 38 38 38
1.8058 -41.2356 -3.866 31 119 180
1.8058 -41.3522 -3.8516 31 119 180
1.8057 -41.0223 -4.0311 31 119 180
1.8057 -41.2963 -3.9363 31 119 180
1.8057 -41.08 -4.1929 31 119 180
1.8057 -41.1762 -4.2114 31 119 180
1.8057 -41.628 -4.0034 31 119 180
1.8058 -41.7689 -3.9878 38 38 38
1.8057 -41.5903 -4.1239 31 119 180
1.8057 -41.669 -4.0837 31 119 180
1.8058 -41.9279 -4.0079 38 38 38
1.8057 -41.7947 -4.0871 38 38 38
1.8058 -42.0392 -4.0074 38 38 38
1.8058 -42.1573 -3.9472 38 38 38
1.8057 -41.9152 -4.1045 38 38 38
1.8058 -42.2081 -4.0225 38 38 38
1.8057 -42.109 -4.0956 38 38 38
1.8058 -42.4171 -3.9947 38 38 38
1.8058 -42.5443 -3.9523 38 38 38
1.8057 -42.312 -4.1046 38 38 38
1.8058 -42.6465 -3.9339 38 38 38
1.8057 -42.4089 -4.1001 38 38 38
1.8058 -42.5557 -4.0477 38 38 38
1.8833 -34.2898 -3.6515 31 119 180
1.8833 -34.2482 -3.7402 31 119 180
1.8833 -34.4488 -3.6717 31 119 180
1.8833 -34.5503 -3.6762 31 119 180
1.8833 -34.6479 -3.6489 31 119 180
1.8833 -34.7736 -3.6523 31 119 180
1.8834 -35.0733 -3.5107 31 119 180
1.8834 -35.2998 -3.5415 31 119 180
1.8834 -35.4732 -3.5655 31 119 180
1.8834 -36.1568 -3.3744 31 119 180
1.8835 -36.456 -3.4019 31 119 180
1.8835 -36.6037 -3.4728 31 119 180
1.8835 -36.8384 -3.3981 31 119 180
1.8835 -36.9255 -3.3987 31 119 180
1.8835 -37.024 -3.4947 31 119 180
1.8835 -37.249 -3.5713 31 119 180
1.8835 -37.5201 -3.568 31 119 180
1.8835 -37.5988 -3.5279 31 119 180
1.8835 -37.7178 -3.591 31 119 180
1.8835 -37.8298 -3.5676 31 119 180
1.8835 -37.9085 -3.5275 31 119 180
1.8835 -38.1213 -3.5315 31 119 180
1.8835 -38.2463 -3.5577 31 119 180
1.8835 -38.3713 -3.584 31 119 180
1.8835 -38.4554 -3.6761 31 119 180
1.8835 -38.6433 -3.7041 31 119 180
1.8835 -38.7364 -3.6679 31 119 180
1.8835 -38.8121 -3.7192 31 119 180
1.8835 -38.969 -3.808 31 119 180
1.8835 -39.1606 -3.8678 31 119 180
1.8835 -39.2417 -3.9052 31 119 180
1.8835 -39.359 -3.8679 31 119 180
1.8836 -39.5052 -3.8383 31 119 180
1.8835 -39.4591 -3.9181 31 119 180
1.8836 -39.6301 -3.8646 31 119 180
1.8836 -39.7134 -3.8334 31 119 180
1.8836 -39.8307 -3.7961 31 119 180
1.8835 -39.6514 -3.955 31 119 180
1.8836 -39.7937 -3.8937 31 119 180
1.8836 -39.961 -3.8084 31 119 180
1.8836 -39.9005 -3.8843 31 119 180
1.8836 -40.086 -3.8347 31 119 180
1.8836 -40.1844 -3.7845 31 119 180
1.8836 -39.9869 -3.9077 31 119 180
1.8836 -40.3055 -3.779 31 119 180
1.8836 -40.4228 -3.7416 31 119 180
1.8836 -40.2882 -3.8666 31 119 180
1.8836 -40.6418 -3.855 31 119 180
1.8836 -40.5957 -3.9348 31 119 180
1.8836 -40.7456 -3.9371 31 119 180
1.8836 -41.0727 -3.849 31 119 180
1.8836 -40.9872 -3.9489 31 119 180
1.8836 -41.1886 -3.8575 31 119 180
1.8837 -41.2817 -3.8212 31 119 180
1.8836 -41.1281 -3.9333 31 119 180
1.8836 -41.0532 -4.0053 31 119 180
1.8836 -40.9344 -4.0883 31 119 180
1.8836 -41.2492 -3.9278 31 119 180
1.8836 -41.0359 -4.0928 31 119 180
1.8836 -41.1162 -4.1531 31 119 180
1.8836 -41.0504 -4.2429 31 119 180
1.8836 -41.1375 -4.2435 31 119 180
1.8836 -41.5356 -4.0518 31 119 180
1.8837 -41.668 -3.9955 31 119 180
1.8837 -41.8331 -3.9788 38 38 38
1.8836 -41.6992 -4.0808 31 119 180
1.8837 -41.9687 -3.9772 38 38 38
1.8837 -41.859 -4.0781 38 38 38
1.8837 -42.0997 -3.9666 38 38 38
1.8837 -42.2268 -3.9243 38 38 38
1.8837 -42.0044 -4.0715 38 38 38
1.8837 -42.1406 -4.047 38 38 38
1.8837 -42.3201 -4.0342 38 38 38
1.8837 -42.4919 -3.9579 38 38 38
1.8837 -42.4686 -4.0823 38 38 38
1.9373 -34.3825 -3.7611 31 119 180
1.9374 -34.9132 -3.6592 38 38 38
1.9375 -35.5651 -3.5518 31 119 180
1.9375 -35.7203 -3.5402 31 119 180
1.9375 -35.8945 -3.5414 31 119 180
1.9376 -36.3321 -3.4758 31 119 180
1.9376 -36.6251 -3.3939 31 119 180
1.9376 -36.4571 -3.502 31 119 180
1.9376 -36.7758 -3.3733 31 119 180
1.9376 -37.0015 -3.427 31 119 180
1.9376 -37.1082 -3.4175 31 119 180
1.9377 -37.7195 -3.5221 31 119 180
1.9377 -38.0345 -3.5078 31 119 180
1.9377 -38.8761 -3.8212 31 119 180
1.9377 -39.039 -3.8731 31 119 180
1.9378 -39.5516 -3.8817 31 119 180
1.9378 -39.8781 -3.9628 31 119 180
1.9378 -40.2407 -3.8229 31 119 180
1.9378 -40.1264 -3.9149 31 119 180
1.9378 -40.0023 -4.0119 31 119 180
1.9378 -40.2377 -3.9144 31 119 180
1.9378 -40.4141 -3.847 31 119 180
1.9378 -40.1084 -4.0254 31 119 180
1.9379 -40.5209 -3.8375 31 119 180
1.9378 -40.6679 -3.9313 31 119 180
1.9379 -40.8639 -3.8539 38 38 38
1.9379 -40.9949 -3.8433 31 119 180
1.9379 -41.4713 -3.9267 31 119 180
1.9379 -41.3609 -4.0505 31 119 180
1.9379 -41.6205 -3.9519 31 119 180
1.9379 -41.7175 -3.9474 31 119 180
1.938 -42.4028 -4.003 38 38 38
1.9379 -42.1516 -4.1424 38 38 38
1.9379 -42.2622 -4.1647 38 38 38
1.9744 -34.3081 -3.6843 31 119 180
1.9744 -34.2665 -3.773 31 119 180
1.9744 -34.4429 -3.7056 31 119 180
1.9744 -34.5981 -3.6939 31 119 180
1.9744 -34.7162 -3.6337 31 119 180
1.9744 -34.689 -3.7263 31 119 180
1.9744 -35.0691 -3.645 31 119 180
1.9745 -35.9177 -3.4372 31 119 180
1.9745 -36.5477 -3.4084 31 119 180
1.9746 -36.8831 -3.3611 31 119 180
1.9746 -37.0141 -3.3505 31 119 180
1.9746 -37.7973 -3.5249 31 119 180
1.9746 -37.8844 -3.5255 31 119 180
1.9746 -38.1805 -3.4983 31 119 180
1.9747 -39.1236 -3.8161 31 119 180
1.9747 -39.475 -3.8731 31 119 180
1.9748 -40.6019 -3.8947 31 119 180
1.9748 -40.7139 -3.8713 31 119 180
1.9748 -41.1023 -3.8307 31 119 180
1.9749 -41.2993 -3.8765 31 119 180
1.9749 -42.2029 -4.0682 38 38 38
1.9749 -42.539 -3.9981 38 38 38
1.9846 -34.5226 -3.7436 31 119 180
1.9846 -35.0373 -3.5374 31 119 180
1.9846 -34.805 -3.6896 31 119 180
1.9846 -35.1638 -3.5179 31 119 180
1.9846 -35.2993 -3.5163 31 119 180
1.9847 -35.431 -3.4829 38 38 38
1.9847 -35.5666 -3.4812 31 119 180
1.9847 -35.6635 -3.4768 31 119 180
1.9847 -35.8271 -3.5059 31 119 180
1.9847 -36.1745 -3.385 31 119 180
1.9847 -36.0898 -3.4619 31 119 180
1.9847 -36.0157 -3.511 31 119 180
1.9847 -36.2715 -3.3805 31 119 180
1.9847 -36.407 -3.3789 31 119 180
1.9847 -36.548 -3.5095 31 119 180
1.9848 -36.7675 -3.4538 31 119 180
1.9848 -36.8592 -3.4634 31 119 180
1.9848 -36.9743 -3.4947 31 119 180
1.9848 -37.0895 -3.5259 31 119 180
1.9848 -37.2022 -3.4797 38 38 38
1.9848 -37.3318 -3.5149 31 119 180
1.9848 -37.4174 -3.5612 31 119 180
1.9848 -37.5098 -3.5479 31 119 180
1.9848 -37.6256 -3.5563 31 119 180
1.9848 -37.7067 -3.5937 31 119 180
1.9848 -38.2103 -3.5844 31 119 180
1.9849 -38.3072 -3.58 31 119 180
1.9849 -38.6898 -3.7225 31 119 180
1.9849 -38.8193 -3.7577 31 119 180
1.9849 -38.9973 -3.7906 31 119 180
1.9849 -38.9413 -3.8754 31 119 180
1.9849 -39.2563 -3.8611 31 119 180
1.9849 -39.3873 -3.8505 31 119 180
1.9849 -39.4374 -3.9487 31 119 180
1.9849 -39.6555 -3.9388 31 119 180
1.9849 -39.7539 -3.8886 31 119 180
1.9849 -39.8568 -3.8474 31 119 180
1.985 -40.321 -3.8581 31 119 180
1.985 -40.3128 -3.9636 31 119 180
1.985 -40.3915 -3.9235 31 119 180
1.9849 -40.2235 -4.0316 31 119 180
1.9849 -40.0995 -4.1287 31 119 180
1.985 -40.4824 -3.9559 31 119 180
1.985 -40.6407 -3.9989 31 119 180
1.985 -40.7922 -3.9554 31 119 180
1.985 -40.9277 -3.9538 31 119 180
1.985 -41.0064 -3.9137 31 119 180
1.985 -41.2161 -3.863 31 119 180
1.985 -41.0875 -3.9511 31 119 180
1.985 -41.276 -3.9562 31 119 180
1.985 -41.3874 -3.9557 31 119 180
1.985 -41.5471 -3.9529 31 119 180
1.985 -41.467 -4.0388 31 119 180
1.985 -41.598 -4.0283 31 119 180
1.9851 -41.6949 -4.0239 31 119 180
1.9851 -41.8712 -3.9564 38 38 38
1.9851 -41.7858 -4.0563 31 119 180
1.9851 -42.309 -4.037 38 38 38
1.9851 -42.1578 -4.2266 38 38 38
1.9851 -42.3788 -4.1251 38 38 38
1.9851 -42.4817 -4.0839 38 38 38
-6.3666 -34.7055 -3.1146 31 119 180
-6.3666 -34.8491 -3.1146 31 119 180
-6.354 -33.5348 -3.1527 31 119 180
-6.3539 -35.1804 -3.1526 31 119 180
-6.3508 -34.2195 -3.1622 31 119 180
-6.3507 -35.2687 -3.1621 31 119 180
-6.3476 -35.7326 -3.1716 31 119 180
-6.3445 -33.6452 -3.1812 31 119 180
-6.3445 -34.1201 -3.1812 31 119 180
-6.3413 -33.9766 -3.1907 31 119 180
-6.3413 -34.7607 -3.1907 31 119 180
-6.3412 -35.4123 -3.1907 31 119 180
-6.3381 -34.9705 -3.2002 31 119 180
-6.3381 -35.8209 -3.2002 31 119 180
-6.335 -34.4625 -3.2097 31 119 180
-6.3349 -35.578 -3.2097 31 119 180
-6.3318 -34.33 -3.2192 31 119 180
-6.3318 -34.8601 -3.2192 31 119 180
-6.3318 -35.1252 -3.2192 31 119 180
-6.3287 -33.2918 -3.2287 31 119 180
-6.3286 -35.6663 -3.2287 31 119 180
-6.3255 -33.4796 -3.2383 31 119 180
-6.3255 -33.7446 -3.2382 31 119 180
-6.3255 -34.6613 -3.2382 31 119 180
-6.3254 -35.2246 -3.2382 31 119 180
-6.3223 -35.335 -3.2477 31 119 180
-6.3192 -34.2306 -3.2573 31 119 180
-6.3191 -35.0368 -3.2572 31 119 180
-6.3191 -35.4896 -3.2572 31 119 180
-6.316 -33.8772 -3.2668 31 119 180
-6.3128 -34.087 -3.2763 31 119 180
-6.3128 -35.7768 -3.2763 31 119 180
-6.3097 -33.6673 -3.2858 31 119 180
-6.3096 -35.8983 -3.2858 31 119 180
-6.3065 -33.5458 -3.2953 31 119 180
-6.3034 -33.2035 -3.3048 31 119 180
-6.3032 -36.8922 -3.3048 31 119 180
-6.3032 -36.9806 -3.3048 31 119 180
-6.2938 -36.097 -3.3333 31 119 180
-6.2938 -36.6382 -3.3333 31 119 180
-6.2907 -34.4183 -3.3429 31 119 180
-6.2906 -36.0087 -3.3428 31 119 180
-6.2875 -34.0428 -3.3524 31 119 180
-6.2874 -36.329 -3.3523 31 119 180
-6.2874 -36.4726 -3.3523 31 119 180
-6.2843 -36.7707 -3.3618 31 119 180
-6.2842 -38.4605 -3.3618 31 119 180
-6.2842 -39.3882 -3.3618 31 119 180
-6.2812 -34.5398 -3.3714 31 119 180
-6.2811 -37.1794 -3.3713 31 119 180
-6.2779 -37.0248 -3.3809 31 119 180
-6.2779 -37.3892 -3.3808 31 119 180
-6.2779 -38.2617 -3.3808 31 119 180
-6.2779 -38.3611 -3.3808 31 119 180
-6.2778 -39.4987 -3.3808 31 119 180
-6.2748 -35.8762 -3.3904 31 119 180
-6.2748 -36.8591 -3.3904 31 119 180
-6.2747 -38.1513 -3.3903 31 119 180
-6.2716 -36.6934 -3.3999 31 119 180
-6.2716 -38.0187 -3.3999 38 38 38
-6.2685 -36.1964 -3.4094 38 38 38
-6.2684 -37.2788 -3.4094 31 119 180
-6.2684 -37.8531 -3.4094 38 38 38
-6.2653 -35.9756 -3.4189 31 119 180
-6.2653 -37.5991 -3.4189 31 119 180
-6.2652 -39.3219 -3.4189 31 119 180
-6.2621 -36.4063 -3.4284 31 119 180
-6.2621 -36.5719 -3.4284 38 38 38
-6.2621 -37.1131 -3.4284 31 119 180
-6.2621 -37.4886 -3.4284 31 119 180
-6.2589 -37.7205 -3.4379 38 38 38
-6.2589 -38.7256 -3.4379 38 38 38
-6.2557 -38.5709 -3.4474 31 119 180
-6.2557 -39.2336 -3.4474 31 119 180
-6.2526 -38.2948 -3.4569 31 119 180
-6.2526 -38.3942 -3.4569 31 119 180
-6.2525 -39.0458 -3.4569 31 119 180
-6.2494 -38.4826 -3.4664 31 119 180
-6.2462 -39.6312 -3.4759 31 119 180
-6.2241 -38.9796 -3.5425 31 119 180
-6.2177 -39.5981 -3.5615 31 119 180
-6.2114 -38.7808 -3.5806 31 119 180
-6.2893 -33.9777 -3.2677 31 119 180
-6.283 -34.5851 -3.2867 31 119 180
-6.2798 -34.4967 -3.2962 31 119 180
-6.2735 -35.3913 -3.3151 31 119 180
-6.2703 -34.2979 -3.3247 31 119 180
-6.2703 -35.071 -3.3246 31 119 180
-6.2671 -35.2036 -3.3341 31 119 180
-6.264 -35.5128 -3.3436 31 119 180
-6.2609 -33.8893 -3.3533 31 119 180
-6.2608 -34.6624 -3.3532 31 119 180
-6.2546 -33.6132 -3.3724 31 119 180
-6.2545 -34.1212 -3.3723 31 119 180
-6.2545 -35.6012 -3.3721 31 119 180
-6.2513 -34.8722 -3.3817 31 119 180
-6.2166 -33.4586 -3.4865 31 119 180
-6.2134 -33.6795 -3.496 31 119 180
-6.204 -33.2929 -3.5246 31 119 180
-6.2006 -37.7769 -3.5335 31 119 180
-6.1976 -33.1825 -3.5436 31 119 180
-6.1976 -33.3923 -3.5436 31 119 180
-6.1975 -36.5731 -3.5432 31 119 180
-6.1943 -37.6333 -3.5526 31 119 180
-6.1912 -36.3964 -3.5622 31 119 180
-6.1911 -38.064 -3.562 31 119 180
-6.188 -36.794 -3.5717 31 119 180
-6.1848 -37.8873 -3.5811 31 119 180
-6.1818 -33.5691 -3.5911 31 119 180
-6.1785 -38.1855 -3.6001 31 119 180
-6.1785 -38.4395 -3.6 31 119 180
-6.1784 -38.5389 -3.6 31 119 180
-6.1784 -39.5108 -3.5999 31 119 180
-6.1753 -38.6715 -3.6095 31 119 180
-6.1723 -33.0942 -3.6197 31 119 180
-6.1721 -38.9144 -3.619 31 119 180
-6.166 -33.6574 -3.6387 31 119 180
-6.1658 -39.0359 -3.638 31 119 180
-6.1626 -39.1906 -3.6475 31 119 180
-6.1626 -39.3893 -3.6475 31 119 180
-6.1626 -39.5881 -3.6474 31 119 180
-6.1563 -38.8151 -3.6665 31 119 180
-6.1436 -39.29 -3.7045 31 119 180
-6.1405 -39.1243 -3.7141 31 119 180
-6.131 -39.3783 -3.7426 31 119 180
-6.2282 -34.946 -3.3095 31 119 180
-6.2219 -33.9851 -3.3284 31 119 180
-6.2219 -34.7803 -3.3285 31 119 180
-6.2155 -35.1337 -3.3475 31 119 180
-6.2155 -35.2883 -3.3476 31 119 180
-6.2124 -34.2281 -3.357 31 119 180
-6.2029 -33.7863 -3.3855 31 119 180
-6.1998 -33.5102 -3.395 31 119 180
-6.1965 -35.3877 -3.4046 31 119 180
-6.1965 -35.4982 -3.4046 31 119 180
-6.1902 -34.4379 -3.4236 31 119 180
-6.187 -35.5865 -3.4332 31 119 180
-6.1838 -37.1879 -3.4428 31 119 180
-6.1585 -36.702 -3.5189 31 119 180
-6.1553 -37.1438 -3.5284 31 119 180
-6.1553 -37.5413 -3.5284 31 119 180
-6.1553 -37.95 -3.5284 31 119 180
-6.1491 -36.1166 -3.5473 31 119 180
-6.1427 -36.9008 -3.5664 31 119 180
-6.1427 -37.718 -3.5665 31 119 180
-6.1332 -36.6026 -3.5949 31 119 180
-6.1332 -38.3144 -3.5951 31 119 180
-6.1268 -37.9721 -3.614 31 119 180
-6.1143 -36.3596 -3.652 31 119 180
-6.111 -38.5574 -3.6616 31 119 180
-6.111 -39.4962 -3.6617 31 119 180
-6.111 -39.6839 -3.6617 31 119 180
-6.1047 -38.712 -3.6807 31 119 180
-6.1015 -39.0544 -3.6902 31 119 180
-6.0983 -38.955 -3.6997 31 119 180
-6.0762 -39.2532 -3.7663 31 119 180
-6.1491 -33.4274 -3.3197 31 119 180
-6.1492 -33.593 -3.3198 31 119 180
-6.146 -34.587 -3.3296 31 119 180
-6.146 -34.6864 -3.3296 31 119 180
-6.1397 -34.1673 -3.3485 31 119 180
-6.1365 -34.4876 -3.3581 31 119 180
-6.1365 -35.0398 -3.3582 31 119 180
-6.1365 -35.4595 -3.3583 31 119 180
-6.1333 -34.0016 -3.3674 31 119 180
-6.1334 -34.7968 -3.3676 31 119 180
-6.1302 -34.9073 -3.3772 31 119 180
-6.127 -35.1281 -3.3868 31 119 180
-6.1238 -33.4605 -3.3958 31 119 180
-6.1207 -33.6151 -3.4054 31 119 180
-6.1175 -34.6974 -3.4152 31 119 180
-6.1176 -35.7356 -3.4155 31 119 180
-6.0827 -35.1392 -3.5199 38 38 38
-6.0828 -36.1994 -3.5202 31 119 180
-6.0828 -37.3922 -3.5205 31 119 180
-6.0765 -37.6683 -3.5396 31 119 180
-6.0701 -35.2165 -3.558 38 38 38
-6.0701 -35.3048 -3.558 38 38 38
-6.0638 -37.7566 -3.5777 31 119 180
-6.0606 -36.7516 -3.5869 31 119 180
-6.0606 -36.862 -3.5869 31 119 180
-6.0543 -36.1994 -3.6058 31 119 180
-6.0543 -37.9223 -3.6062 31 119 180
-6.0543 -38.3419 -3.6064 31 119 180
-6.048 -36.3098 -3.6248 31 119 180
-6.048 -38.9825 -3.6256 31 119 180
-6.0417 -38.4413 -3.6444 31 119 180
-6.0385 -38.8389 -3.654 31 119 180
-6.0353 -38.0327 -3.6633 31 119 180
-6.0322 -38.6291 -3.673 31 119 180
-6.029 -38.5407 -3.6825 31 119 180
-6.0259 -38.7506 -3.6921 31 119 180
-6.0259 -39.2365 -3.6922 31 119 180
-6.0227 -39.4795 -3.7018 31 119 180
-6.0195 -39.0377 -3.7112 31 119 180
-6.0132 -39.1371 -3.7302 31 119 180
-6.0132 -39.6783 -3.7304 31 119 180
-6.0101 -39.3801 -3.7398 31 119 180
-6.0006 -39.5568 -3.7684 31 119 180
-5.9784 -39.7224 -3.835 31 119 180
-5.9626 -39.8218 -3.8826 31 119 180
-6.0602 -34.8653 -3.3086 31 119 180
-6.0571 -34.2137 -3.318 31 119 180
-6.057 -34.7548 -3.3181 31 119 180
-6.0539 -33.3522 -3.3273 31 119 180
-6.0507 -33.4737 -3.3369 31 119 180
-6.0507 -34.5229 -3.3371 31 119 180
-6.0476 -34.1143 -3.3465 31 119 180
-6.0444 -34.6444 -3.3561 31 119 180
-6.0412 -34.9868 -3.3657 31 119 180
-6.0412 -35.1082 -3.3657 31 119 180
-6.0412 -35.2297 -3.3658 31 119 180
-6.0349 -33.9486 -3.3845 31 119 180
-6.0349 -34.81 -3.3847 31 119 180
-6.0349 -34.8984 -3.3847 31 119 180
-6.0318 -33.5841 -3.3939 31 119 180
-6.0317 -34.7217 -3.3942 31 119 180
-6.0317 -35.6715 -3.3944 31 119 180
-6.0286 -33.3964 -3.4034 31 119 180
-6.0286 -34.2578 -3.4036 31 119 180
-6.0286 -34.4124 -3.4036 31 119 180
-6.0254 -33.794 -3.413 31 119 180
-6.0254 -35.307 -3.4133 31 119 180
-6.0254 -35.4064 -3.4134 31 119 180
-6.0254 -35.7819 -3.4134 31 119 180
-6.0159 -35.9586 -3.442 38 38 38
-5.9969 -33.5731 -3.4986 31 119 180
-5.9905 -36.3562 -3.5182 31 119 180
-5.9905 -36.8753 -3.5183 31 119 180
-5.9843 -33.7277 -3.5366 31 119 180
-5.9842 -36.5992 -3.5372 31 119 180
-5.9842 -37.306 -3.5374 31 119 180
-5.981 -36.9857 -3.5468 31 119 180
-5.981 -37.1403 -3.5469 31 119 180
-5.981 -37.4385 -3.5469 31 119 180
-5.981 -37.5379 -3.547 31 119 180
-5.981 -37.6594 -3.547 31 119 180
-5.981 -37.9355 -3.547 31 119 180
-5.981 -38.3441 -3.5471 31 119 180
-5.9747 -37.814 -3.566 31 119 180
-5.9715 -36.7759 -3.5753 31 119 180
-5.9684 -36.2789 -3.5847 31 119 180
-5.9652 -38.2116 -3.5947 31 119 180
-5.9651 -38.5319 -3.5947 31 119 180
-5.962 -38.1232 -3.6041 31 119 180
-5.962 -38.6313 -3.6043 31 119 180
-5.962 -38.7307 -3.6043 31 119 180
-5.9588 -38.8632 -3.6138 31 119 180
-5.9557 -38.3993 -3.6232 31 119 180
-5.9493 -38.9957 -3.6424 31 119 180
-5.9493 -39.1062 -3.6424 31 119 180
-5.9398 -39.3491 -3.671 31 119 180
-5.9367 -38.6754 -3.6803 31 119 180
-5.9335 -38.565 -3.6898 31 119 180
-5.9335 -38.9184 -3.6899 31 119 180
-5.9303 -38.808 -3.6994 31 119 180
-5.9303 -39.2608 -3.6995 31 119 180
-5.924 -39.4706 -3.7186 31 119 180
-5.924 -39.5811 -3.7186 31 119 180
-5.9208 -39.0178 -3.728 31 119 180
-5.9177 -39.1724 -3.7375 31 119 180
-5.905 -39.316 -3.7756 31 119 180
-5.9018 -39.4154 -3.7851 31 119 180
-5.8955 -39.57 -3.8042 31 119 180
-5.8544 -39.7025 -3.9278 38 38 38
-5.848 -39.8461 -3.9469 38 38 38
-5.9713 -34.6246 -3.2796 31 119 180
-5.965 -34.2381 -3.2986 31 119 180
-5.965 -34.3485 -3.2986 31 119 180
-5.962 -33.3545 -3.3079 31 119 180
-5.9617 -34.9338 -3.3082 31 119 180
-5.9586 -34.4589 -3.3177 31 119 180
-5.9586 -34.5473 -3.3177 31 119 180
-5.9554 -34.713 -3.3272 31 119 180
-5.9525 -33.5202 -3.3365 31 119 180
-5.9522 -35.0332 -3.3368 31 119 180
-5.9492 -34.1386 -3.3461 31 119 180
-5.9491 -34.8123 -3.3463 31 119 180
-5.949 -35.3204 -3.3464 31 119 180
-5.9399 -33.2662 -3.3745 31 119 180
-5.9395 -35.6848 -3.375 31 119 180
-5.9367 -33.3987 -3.384 31 119 180
-5.9364 -35.1989 -3.3844 31 119 180
-5.9363 -35.5081 -3.3844 31 119 180
-5.9363 -35.7732 -3.3845 31 119 180
-5.9332 -35.4087 -3.3939 31 119 180
-5.9328 -37.485 -3.3943 38 38 38
-5.9301 -35.0884 -3.4034 31 119 180
-5.9299 -35.8726 -3.4035 31 119 180
-5.9268 -35.5965 -3.413 31 119 180
-5.9236 -36.1045 -3.4226 38 38 38
-5.9201 -37.6175 -3.4324 31 119 180
-5.9106 -37.8495 -3.461 31 119 180
-5.9106 -37.993 -3.461 31 119 180
-5.9074 -38.2912 -3.4706 31 119 180
-5.8887 -36.3364 -3.5273 31 119 180
-5.8824 -36.6456 -3.5463 31 119 180
-5.8821 -38.2029 -3.5466 31 119 180
-5.8662 -38.49 -3.5942 31 119 180
-5.8662 -38.6336 -3.5943 31 119 180
-5.863 -38.9649 -3.6038 31 119 180
-5.8567 -38.8544 -3.6228 31 119 180
-5.8503 -39.0532 -3.6419 31 119 180
-5.8503 -39.1747 -3.6419 31 119 180
-5.8378 -38.501 -3.6798 31 119 180
-5.8377 -38.744 -3.6799 31 119 180
-5.8345 -38.9649 -3.6894 31 119 180
-5.825 -39.3293 -3.718 31 119 180
-5.8249 -39.5171 -3.7181 31 119 180
-5.8187 -39.241 -3.7371 31 119 180
-5.8155 -39.4177 -3.7466 31 119 180
-5.8154 -39.6165 -3.7466 31 119 180
-5.7806 -39.7821 -3.8513 38 38 38
-5.7841 -34.2141 -3.2613 31 119 180
-5.7809 -34.1037 -3.2708 31 119 180
-5.7809 -34.4792 -3.2709 31 119 180
-5.7778 -33.4852 -3.2802 31 119 180
-5.7747 -33.3637 -3.2897 31 119 180
-5.7745 -34.5675 -3.2899 31 119 180
-5.7745 -34.6559 -3.2899 31 119 180
-5.7745 -34.7442 -3.2899 31 119 180
-5.7715 -33.8496 -3.2993 31 119 180
-5.7682 -34.8326 -3.309 31 119 180
-5.7556 -34.2693 -3.3469 31 119 180
-5.7555 -34.9099 -3.347 31 119 180
-5.7555 -34.9982 -3.347 31 119 180
-5.7525 -33.4299 -3.3563 31 119 180
-5.7524 -34.3687 -3.3564 31 119 180
-5.7491 -35.7934 -3.3662 31 119 180
-5.7462 -33.5183 -3.3753 31 119 180
-5.746 -35.2301 -3.3756 31 119 180
-5.7459 -35.8928 -3.3757 31 119 180
-5.7396 -35.9811 -3.3947 31 119 180
-5.7362 -37.7261 -3.4045 38 38 38
-5.7335 -33.9159 -3.4134 31 119 180
-5.7301 -35.6388 -3.4232 31 119 180
-5.7269 -36.1468 -3.4328 31 119 180
-5.7268 -37.2843 -3.433 31 119 180
-5.7267 -37.5936 -3.4331 31 119 180
-5.7238 -35.7602 -3.4423 31 119 180
-5.7237 -36.3125 -3.4424 31 119 180
-5.7237 -36.5333 -3.4424 31 119 180
-5.7204 -37.4279 -3.452 31 119 180
-5.7204 -37.947 -3.4521 31 119 180
-5.6984 -36.1136 -3.5184 31 119 180
-5.6984 -36.213 -3.5184 31 119 180
-5.6952 -36.8978 -3.528 31 119 180
-5.692 -36.71 -3.5375 31 119 180
-5.6888 -36.9861 -3.5471 31 119 180
-5.6887 -38.1458 -3.5473 31 119 180
-5.6887 -38.4771 -3.5473 31 119 180
-5.676 -38.6869 -3.5854 31 119 180
-5.6728 -38.9299 -3.595 31 119 180
-5.6696 -39.0293 -3.6045 31 119 180
-5.6602 -38.8084 -3.633 31 119 180
-5.657 -38.5654 -3.6424 31 119 180
-5.657 -39.1618 -3.6425 31 119 180
-5.6506 -39.4379 -3.6616 31 119 180
-5.6506 -39.5484 -3.6616 31 119 180
-5.6475 -38.72 -3.671 31 119 180
-5.6443 -38.9409 -3.6806 31 119 180
-5.6412 -39.0845 -3.6901 31 119 180
-5.638 -39.2612 -3.6996 31 119 180
-5.6348 -39.6588 -3.7092 31 119 180
-5.6285 -39.1728 -3.7281 31 119 180
-5.6253 -39.5042 -3.7377 31 119 180
-5.6221 -39.3716 -3.7472 31 119 180
-5.5841 -39.8355 -3.8614 38 38 38
-5.6863 -33.547 -3.2695 31 119 180
-5.68 -33.4587 -3.2885 31 119 180
-5.68 -34.2649 -3.2888 31 119 180
-5.6768 -34.5299 -3.2984 31 119 180
-5.6736 -33.801 -3.3076 31 119 180
-5.6705 -33.6795 -3.3171 31 119 180
-5.6705 -34.0661 -3.3172 31 119 180
-5.6705 -34.7508 -3.3175 31 119 180
-5.6673 -33.293 -3.3265 31 119 180
-5.6673 -33.9115 -3.3267 31 119 180
-5.6673 -34.1544 -3.3268 31 119 180
-5.6673 -34.3864 -3.3268 31 119 180
-5.6641 -34.9054 -3.3365 31 119 180
-5.661 -33.5912 -3.3456 31 119 180
-5.661 -34.6514 -3.346 31 119 180
-5.6578 -33.3924 -3.3551 31 119 180
-5.6546 -35.0159 -3.3651 31 119 180
-5.6515 -34.563 -3.3745 31 119 180
-5.6515 -35.1153 -3.3746 31 119 180
-5.6515 -35.292 -3.3747 31 119 180
-5.6515 -35.3914 -3.3747 31 119 180
-5.6483 -34.4636 -3.3839 31 119 180
-5.6483 -35.5681 -3.3843 31 119 180
-5.6483 -35.7006 -3.3843 31 119 180
-5.6452 -33.7126 -3.3932 31 119 180
-5.6452 -34.0329 -3.3933 31 119 180
-5.6452 -34.3201 -3.3934 31 119 180
-5.6452 -34.806 -3.3936 31 119 180
-5.642 -36.0319 -3.4035 31 119 180
-5.6388 -37.3793 -3.4134 31 119 180
-5.6357 -34.9385 -3.4221 31 119 180
-5.6356 -36.4737 -3.4226 31 119 180
-5.6325 -35.4687 -3.4318 31 119 180
-5.6325 -35.7889 -3.4319 31 119 180
-5.6293 -36.1534 -3.4416 31 119 180
-5.6261 -36.3522 -3.4511 31 119 180
-5.6261 -37.7769 -3.4516 31 119 180
-5.6261 -38.1303 -3.4517 31 119 180
-5.623 -37.5781 -3.461 31 119 180
-5.5976 -38.1082 -3.5373 31 119 180
-5.5945 -38.3622 -3.5469 38 38 38
-5.5913 -36.8602 -3.5559 31 119 180
-5.5786 -38.7708 -3.5946 31 119 180
-5.5723 -38.4616 -3.6135 31 119 180
-5.5628 -38.5941 -3.6421 31 119 180
-5.5597 -38.6935 -3.6516 31 119 180
-5.5597 -38.9696 -3.6517 31 119 180
-5.547 -38.837 -3.6897 31 119 180
-5.547 -39.4224 -3.6899 31 119 180
-5.5438 -39.1131 -3.6993 31 119 180
-5.5407 -39.323 -3.7089 31 119 180
-5.5312 -39.2236 -3.7374 31 119 180
-5.528 -39.4997 -3.747 31 119 180
-5.5027 -39.6322 -3.8231 38 38 38
-5.4837 -39.7868 -3.8802 38 38 38
-5.4711 -39.6874 -3.9182 38 38 38
-5.5978 -33.8706 -3.2482 31 119 180
-5.5946 -33.5504 -3.2577 31 119 180
-5.5947 -34.0032 -3.2578 31 119 180
-5.5915 -34.0915 -3.2673 31 119 180
-5.582 -33.4289 -3.2957 31 119 180
-5.5757 -34.1688 -3.3149 31 119 180
-5.5757 -34.5664 -3.3149 31 119 180
-5.5758 -34.7431 -3.3149 31 119 180
-5.5726 -34.2572 -3.3244 31 119 180
-5.5726 -34.8757 -3.3245 31 119 180
-5.5693 -33.3295 -3.3337 31 119 180
-5.5662 -33.7381 -3.3433 31 119 180
-5.5663 -34.9971 -3.3435 31 119 180
-5.56 -35.5273 -3.3626 31 119 180
-5.5567 -33.2411 -3.3718 31 119 180
-5.5568 -35.0965 -3.3721 31 119 180
-5.5568 -35.4279 -3.3721 31 119 180
-5.5568 -35.6819 -3.3721 31 119 180
-5.5569 -36.1789 -3.3722 31 119 180
-5.5535 -33.4178 -3.3813 31 119 180
-5.5537 -35.7702 -3.3817 31 119 180
-5.5538 -37.8024 -3.382 31 119 180
-5.5504 -34.3234 -3.391 31 119 180
-5.5506 -36.4771 -3.3913 31 119 180
-5.5442 -35.9911 -3.4102 31 119 180
-5.5442 -36.0905 -3.4102 31 119 180
-5.5411 -36.2893 -3.4198 31 119 180
-5.5379 -36.3997 -3.4293 31 119 180
-5.5316 -36.6758 -3.4484 31 119 180
-5.5317 -37.8576 -3.4486 31 119 180
-5.5317 -38.1226 -3.4486 31 119 180
-5.5032 -36.709 -3.534 31 119 180
-5.478 -38.5423 -3.6103 31 119 180
-5.4685 -38.7521 -3.6389 31 119 180
-5.4685 -39.0614 -3.639 31 119 180
-5.4591 -39.3706 -3.6675 31 119 180
-5.4528 -39.5473 -3.6866 31 119 180
-5.4496 -39.2602 -3.6961 31 119 180
-5.4496 -39.6467 -3.6961 31 119 180
-5.4464 -38.6417 -3.7055 38 38 38
-5.418 -39.7792 -3.7912 38 38 38
-5.501 -33.5611 -3.2463 31 119 180
-5.4947 -33.4506 -3.2653 31 119 180
-5.4853 -34.047 -3.2939 31 119 180
-5.4821 -33.7157 -3.3034 31 119 180
-5.4821 -34.1906 -3.3034 31 119 180
-5.4727 -34.5329 -3.332 31 119 180
-5.4729 -36.2227 -3.3322 31 119 180
-5.4696 -34.809 -3.3415 31 119 180
-5.4662 -33.4285 -3.3509 31 119 180
-5.4663 -33.9586 -3.351 31 119 180
-5.4663 -34.301 -3.351 31 119 180
-5.463 -33.3291 -3.3604 31 119 180
-5.4633 -34.9416 -3.3606 31 119 180
-5.4635 -36.3331 -3.3607 31 119 180
-5.4603 -36.1454 -3.3702 31 119 180
-5.4567 -33.2297 -3.3794 31 119 180
-5.457 -35.0299 -3.3796 31 119 180
-5.4571 -36.057 -3.3797 31 119 180
-5.454 -36.4657 -3.3893 31 119 180
-5.4542 -37.8683 -3.3894 31 119 180
-5.435 -36.0018 -3.4463 31 119 180
-5.4321 -38.1444 -3.456 31 119 180
-5.4257 -37.8241 -3.475 31 119 180
-5.4096 -35.2839 -3.5223 31 119 180
-5.4003 -36.7528 -3.551 31 119 180
-5.4006 -38.8512 -3.5512 31 119 180
-5.3974 -38.7628 -3.5607 31 119 180
-5.394 -37.1504 -3.57 31 119 180
-5.3908 -36.8632 -3.5795 31 119 180
-5.3879 -38.9285 -3.5892 31 119 180
-5.3845 -36.9958 -3.5986 31 119 180
-5.3847 -38.6745 -3.5987 31 119 180
-5.3849 -39.4144 -3.5988 31 119 180
-5.3722 -39.0279 -3.6368 31 119 180
-5.369 -38.796 -3.6463 31 119 180
-5.3659 -39.3482 -3.6559 31 119 180
-5.3595 -39.1383 -3.6749 31 119 180
-5.3564 -39.4807 -3.6844 31 119 180
-5.3564 -39.6022 -3.6844 31 119 180
-5.3469 -39.2377 -3.7129 31 119 180
-5.4113 -33.7915 -3.2292 31 119 180
-5.4018 -33.9682 -3.2578 31 119 180
-5.3986 -33.5595 -3.2672 31 119 180
-5.3986 -33.6589 -3.2672 31 119 180
-5.3986 -34.0897 -3.2673 31 119 180
-5.3955 -34.4873 -3.2769 31 119 180
-5.3923 -34.3768 -3.2864 31 119 180
-5.3891 -34.2443 -3.2959 31 119 180
-5.386 -33.7473 -3.3053 31 119 180
-5.3828 -33.4712 -3.3148 31 119 180
-5.3828 -34.5756 -3.315 31 119 180
-5.3796 -33.3718 -3.3243 31 119 180
-5.3733 -33.2724 -3.3433 31 119 180
-5.3638 -34.7744 -3.3721 31 119 180
-5.3607 -36.0445 -3.3819 31 119 180
-5.3575 -34.8848 -3.3911 31 119 180
-5.3575 -34.9953 -3.3912 31 119 180
-5.3354 -37.922 -3.4583 31 119 180
-5.3164 -35.3487 -3.5149 31 119 180
-5.3164 -35.5585 -3.5149 31 119 180
-5.3101 -37.2372 -3.5343 31 119 180
-5.3101 -37.4802 -3.5343 31 119 180
-5.3038 -36.2432 -3.5531 31 119 180
-5.3006 -37.1157 -3.5628 31 119 180
-5.2975 -36.7402 -3.5722 31 119 180
-5.2975 -38.5183 -3.5726 31 119 180
-5.2975 -38.9711 -3.5727 31 119 180
-5.2975 -39.3356 -3.5727 31 119 180
-5.2943 -36.442 -3.5817 31 119 180
-5.2911 -38.7944 -3.5917 31 119 180
-5.288 -38.6288 -3.6011 31 119 180
-5.2848 -37.0163 -3.6103 31 119 180
-5.2785 -36.8838 -3.6293 31 119 180
-5.2785 -39.6448 -3.6299 31 119 180
-5.2722 -39.435 -3.6488 31 119 180
-5.2658 -39.0042 -3.6678 31 119 180
-5.2659 -39.3135 -3.6678 31 119 180
-5.2627 -39.5454 -3.6774 31 119 180
-5.25 -39.1036 -3.7154 31 119 180
-5.25 -39.2141 -3.7154 31 119 180
-5.3079 -33.8353 -3.241 31 119 180
-5.3079 -34.3102 -3.2411 31 119 180
-5.3016 -33.5702 -3.26 31 119 180
-5.3016 -33.6586 -3.26 31 119 180
-5.3016 -34.1335 -3.2601 31 119 180
-5.2984 -34.52 -3.2697 31 119 180
-5.2921 -34.4206 -3.2887 31 119 180
-5.2826 -33.4487 -3.317 31 119 180
-5.2826 -33.8795 -3.3171 31 119 180
-5.2826 -33.9678 -3.3171 31 119 180
-5.2826 -34.7188 -3.3173 31 119 180
-5.2794 -34.2108 -3.3267 31 119 180
-5.2763 -33.3604 -3.336 31 119 180
-5.2763 -33.5371 -3.3361 31 119 180
-5.2763 -33.7248 -3.3361 31 119 180
-5.2731 -33.272 -3.3455 31 119 180
-5.2731 -34.0783 -3.3457 31 119 180
-5.2731 -34.8182 -3.3458 31 119 180
-5.2699 -34.5863 -3.3553 31 119 180
-5.2668 -34.9507 -3.3649 31 119 180
-5.2509 -35.6355 -3.4125 38 38 38
-5.2446 -37.8774 -3.432 31 119 180
-5.2383 -37.6565 -3.451 31 119 180
-5.2351 -37.778 -3.4605 31 119 180
-5.2256 -38.8824 -3.4892 31 119 180
-5.2035 -35.9778 -3.5553 31 119 180
-5.2035 -38.8272 -3.5558 31 119 180
-5.2035 -39.0481 -3.5558 31 119 180
-5.2003 -39.2579 -3.5654 31 119 180
-5.1972 -36.0662 -3.5743 31 119 180
-5.1972 -39.5119 -3.5749 31 119 180
-5.194 -39.3905 -3.5844 31 119 180
-5.1908 -37.0822 -3.5935 31 119 180
-5.1908 -37.3583 -3.5936 31 119 180
-5.1877 -37.2258 -3.603 31 119 180
-5.1877 -39.1364 -3.6034 31 119 180
-5.1782 -36.8172 -3.6315 31 119 180
-5.1687 -36.6404 -3.66 31 119 180
-5.1687 -39.4567 -3.6605 31 119 180
-5.1687 -39.6003 -3.6605 31 119 180
-5.4043 -36.0874 -2.6689 255 187 120
-5.4012 -36.1868 -2.6785 255 187 120
-5.398 -36.4739 -2.6881 38 38 38
-5.3885 -36.2862 -2.7166 255 187 120
-5.3822 -35.999 -2.7355 255 187 120
-5.3727 -36.1647 -2.7641 255 187 120
-5.3727 -36.6064 -2.7642 38 38 38
-5.3664 -36.3745 -2.7832 255 187 120
-5.3664 -36.496 -2.7832 38 38 38
-5.2177 -34.3312 -3.2296 31 119 180
-5.2146 -33.9336 -3.239 31 119 180
-5.2146 -34.1435 -3.2391 31 119 180
-5.2114 -33.779 -3.2485 31 119 180
-5.2114 -34.4196 -3.2487 31 119 180
-5.2082 -33.6244 -3.258 31 119 180
-5.2082 -34.0551 -3.2581 31 119 180
-5.2083 -34.2318 -3.2581 31 119 180
-5.2019 -33.4918 -3.277 31 119 180
-5.2019 -34.5079 -3.2772 31 119 180
-5.2019 -34.5963 -3.2773 31 119 180
-5.1893 -33.3262 -3.315 31 119 180
-5.1893 -34.3643 -3.3153 31 119 180
-5.183 -34.8613 -3.3344 31 119 180
-5.1672 -35.0159 -3.382 31 119 180
-5.1545 -35.3472 -3.4201 31 119 180
-5.1546 -38.1083 -3.4209 31 119 180
-5.1514 -35.1042 -3.4296 31 119 180
-5.1483 -38.4175 -3.44 31 119 180
-5.1388 -37.8653 -3.4684 31 119 180
-5.1357 -37.6334 -3.4778 31 119 180
-5.1325 -38.8593 -3.4877 31 119 180
-5.1135 -37.048 -3.5443 31 119 180
-5.1103 -35.8773 -3.5534 31 119 180
-5.1103 -36.8602 -3.5537 31 119 180
-5.1104 -37.4787 -3.5539 31 119 180
-5.1072 -37.5892 -3.5634 31 119 180
-5.1009 -37.3904 -3.5824 31 119 180
-5.1009 -38.8924 -3.5828 31 119 180
-5.1009 -39.0138 -3.5828 31 119 180
-5.0977 -36.7056 -3.5917 31 119 180
-5.0978 -39.2016 -3.5924 31 119 180
-5.0914 -36.9707 -3.6108 31 119 180
-5.0914 -37.1253 -3.6109 31 119 180
-5.0914 -37.2909 -3.6109 31 119 180
-5.0883 -39.5108 -3.621 31 119 180
-5.085 -36.794 -3.6298 31 119 180
-5.0788 -39.6433 -3.6496 31 119 180
-5.0534 -36.6724 -3.7249 38 38 38
-5.2226 -35.963 -2.6438 255 187 120
-5.2068 -36.1066 -2.6914 255 187 120
-5.2036 -36.3164 -2.701 255 187 120
-5.2036 -36.46 -2.701 255 187 120
-5.1973 -36.5483 -2.7201 255 187 120
-5.1941 -36.0072 -2.7294 255 187 120
-5.1941 -36.6477 -2.7296 255 187 120
-5.1878 -36.2391 -2.7485 255 187 120
-5.1846 -36.3827 -2.7581 255 187 120
-5.036 -34.1405 -3.2043 31 119 180
-5.0296 -34.251 -3.2233 31 119 180
-5.0296 -34.3725 -3.2234 38 38 38
-5.0265 -33.8202 -3.2327 31 119 180
-5.0265 -33.9086 -3.2327 31 119 180
-5.0233 -33.6877 -3.2421 31 119 180
-5.017 -33.5331 -3.2611 31 119 180
-5.0107 -34.5271 -3.2805 31 119 180
-5.0075 -33.3674 -3.2896 31 119 180
-5.0012 -34.8031 -3.3091 31 119 180
-4.9885 -33.4668 -3.3467 31 119 180
-4.9822 -34.7258 -3.3662 31 119 180
-4.9759 -35.532 -3.3855 38 38 38
-4.9728 -35.3664 -3.3949 31 119 180
-4.9665 -38.2931 -3.415 31 119 180
-4.9633 -34.9467 -3.4233 31 119 180
-4.9538 -35.1013 -3.4519 31 119 180
-4.9507 -38.0501 -3.4625 31 119 180
-4.9476 -38.4808 -3.4722 31 119 180
-4.9253 -33.1133 -3.5368 38 38 38
-4.9254 -37.2659 -3.5383 31 119 180
-4.9222 -37.1113 -3.5478 31 119 180
-4.9191 -37.5641 -3.5574 31 119 180
-4.9191 -38.9998 -3.558 31 119 180
-4.9159 -36.9898 -3.5667 31 119 180
-4.9159 -38.9004 -3.5674 31 119 180
-4.9128 -39.2649 -3.5771 31 119 180
-4.9128 -39.5962 -3.5772 31 119 180
-4.9096 -36.8904 -3.5857 31 119 180
-4.9096 -37.4537 -3.5859 31 119 180
-4.9096 -39.4858 -3.5867 31 119 180
-4.9001 -37.3653 -3.6144 31 119 180
-4.8874 -36.8241 -3.6523 31 119 180
-4.8875 -39.6514 -3.6533 31 119 180
-5.2194 -36.703 -2.6536 255 187 120
-5.2004 -35.8747 -2.7103 255 187 120
-5.1973 -36.7913 -2.7202 255 187 120
-5.0075 -34.6927 -3.2901 31 119 180
-4.998 -33.8644 -3.3183 31 119 180
-4.9949 -34.9025 -3.3282 31 119 180
-4.9791 -35.0461 -3.3758 31 119 180
-4.9728 -37.8182 -3.3958 31 119 180
-4.9696 -34.8031 -3.4042 31 119 180
-4.9634 -38.7238 -3.4247 31 119 180
-4.957 -37.7409 -3.4434 31 119 180
-4.9507 -39.1324 -3.4629 31 119 180
-4.9158 -35.5209 -3.5662 31 119 180
-4.9159 -37.6525 -3.567 31 119 180
-4.8969 -35.6203 -3.6233 31 119 180
-4.8938 -37.2217 -3.6334 31 119 180
-4.8874 -35.7197 -3.6519 31 119 180
-4.8874 -37.0008 -3.6523 31 119 180
-4.8843 -37.0892 -3.6619 31 119 180
-4.8685 -36.9345 -3.7094 31 119 180
-5.1298 -35.8443 -2.6336 255 187 120
-5.114 -35.9548 -2.6812 255 187 120
-5.1108 -36.0873 -2.6907 255 187 120
-5.1077 -36.3303 -2.7003 255 187 120
-5.1045 -36.1867 -2.7098 255 187 120
-5.0855 -36.1204 -2.7668 255 187 120
-5.0855 -36.264 -2.7669 255 187 120
-5.0856 -36.3855 -2.7669 255 187 120
-4.9241 -33.6795 -3.2512 31 119 180
-4.9241 -33.8341 -3.2512 31 119 180
-4.9178 -33.5801 -3.2702 31 119 180
-4.902 -34.6514 -3.318 31 119 180
-4.8925 -33.8562 -3.3463 31 119 180
-4.8894 -34.7729 -3.3561 31 119 180
-4.8894 -34.9496 -3.3562 31 119 180
-4.8862 -33.9777 -3.3654 31 119 180
-4.8799 -34.574 -3.3846 31 119 180
-4.8799 -35.0821 -3.3847 31 119 180
-4.8738 -38.0309 -3.4047 31 119 180
-4.8704 -34.8722 -3.4132 31 119 180
-4.8707 -38.7929 -3.4144 31 119 180
-4.8673 -35.2367 -3.4228 31 119 180
-4.8675 -38.6714 -3.4239 31 119 180
-4.8612 -38.4837 -3.4428 31 119 180
-4.8548 -37.7548 -3.4616 31 119 180
-4.8517 -38.572 -3.4714 31 119 180
-4.8485 -38.0971 -3.4808 31 119 180
-4.8485 -38.8813 -3.481 31 119 180
-4.8453 -38.4063 -3.4904 31 119 180
-4.8454 -38.9696 -3.4905 31 119 180
-4.8324 -33.2266 -3.5268 38 38 38
-4.8263 -37.6995 -3.5472 31 119 180
-4.8168 -37.2909 -3.5756 31 119 180
-4.8102 -33.1272 -3.5934 38 38 38
-4.8105 -37.1583 -3.5946 31 119 180
-4.8106 -39.5328 -3.5953 31 119 180
-4.804 -35.5017 -3.6131 31 119 180
-4.8009 -35.6011 -3.6227 31 119 180
-4.801 -37.3792 -3.6232 31 119 180
-4.7915 -37.0258 -3.6516 31 119 180
-4.7788 -37.1141 -3.6897 31 119 180
-4.7756 -35.6563 -3.6988 31 119 180
-4.7472 -36.9816 -3.7848 38 38 38
-4.8418 -35.7829 -2.64 255 187 120
-4.8165 -35.9706 -2.7161 255 187 120
-4.8005 -36.821 -2.7639 255 187 120
-4.7942 -36.6885 -2.7829 255 187 120
-4.6462 -33.7948 -3.2294 31 119 180
-4.6304 -33.9825 -3.277 31 119 180
-4.6304 -34.1371 -3.277 31 119 180
-4.624 -34.612 -3.2961 31 119 180
-4.6209 -34.2365 -3.3055 31 119 180
-4.6208 -34.4685 -3.3056 31 119 180
-4.6115 -33.6181 -3.334 31 119 180
-4.6115 -33.8389 -3.334 31 119 180
-4.6114 -34.0598 -3.334 31 119 180
-4.6084 -33.5076 -3.3434 31 119 180
-4.6052 -33.4082 -3.3529 31 119 180
-4.602 -33.9383 -3.3626 31 119 180
-4.5987 -34.6783 -3.3722 31 119 180
-4.5987 -34.7666 -3.3722 31 119 180
-4.5958 -33.2978 -3.3815 31 119 180
-4.5915 -38.9966 -3.3921 31 119 180
-4.5884 -38.8972 -3.4016 31 119 180
-4.586 -34.855 -3.4103 31 119 180
-4.579 -38.6321 -3.43 31 119 180
-4.5789 -38.8088 -3.4301 31 119 180
-4.5696 -37.8038 -3.4584 31 119 180
-4.5663 -38.5327 -3.4681 31 119 180
-4.5633 -37.9252 -3.4775 31 119 180
-4.5632 -38.2566 -3.4775 31 119 180
-4.5631 -39.0076 -3.4777 31 119 180
-4.5631 -39.1843 -3.4777 31 119 180
-4.56 -38.4443 -3.4871 31 119 180
-4.56 -38.7315 -3.4871 31 119 180
-4.5535 -39.4935 -3.5063 31 119 180
-4.5516 -33.1541 -3.5146 38 38 38
-4.5449 -35.0537 -3.534 31 119 180
-4.5385 -35.2636 -3.553 31 119 180
-4.5354 -35.1642 -3.5625 31 119 180
-4.5318 -37.3399 -3.5725 31 119 180
-4.5255 -37.4393 -3.5915 31 119 180
-4.5251 -39.4714 -3.5919 31 119 180
-4.5251 -39.5929 -3.5919 31 119 180
-4.5191 -37.5608 -3.6106 31 119 180
-4.5188 -39.372 -3.6109 31 119 180
-4.5164 -35.5065 -3.6197 31 119 180
-4.516 -37.2184 -3.62 31 119 180
-4.5066 -37.0858 -3.6485 31 119 180
-4.5034 -37.3067 -3.6581 31 119 180
-4.5006 -35.4292 -3.6672 31 119 180
-4.4908 -37.1631 -3.6961 31 119 180
-4.4879 -35.5176 -3.7053 31 119 180
-4.475 -37.0748 -3.7436 31 119 180
-4.7426 -35.7706 -2.6503 255 187 120
-4.7331 -35.9583 -2.6789 255 187 120
-4.7078 -36.0025 -2.755 255 187 120
-4.7046 -36.124 -2.7645 255 187 120
-4.7014 -36.6651 -2.7742 255 187 120
-4.7014 -36.8529 -2.7742 255 187 120
-4.5404 -34.2684 -3.2587 31 119 180
-4.5373 -34.0365 -3.2682 31 119 180
-4.5278 -33.6831 -3.2966 31 119 180
-4.5278 -33.7825 -3.2967 31 119 180
-4.5278 -34.4562 -3.2968 31 119 180
-4.5246 -34.5887 -3.3064 31 119 180
-4.5215 -34.169 -3.3158 31 119 180
-4.5152 -33.9813 -3.3348 31 119 180
-4.5121 -33.4843 -3.3442 31 119 180
-4.512 -34.3457 -3.3444 31 119 180
-4.5089 -33.3849 -3.3537 31 119 180
-4.5025 -34.677 -3.373 31 119 180
-4.4994 -33.2965 -3.3822 31 119 180
-4.4958 -38.9622 -3.3929 31 119 180
-4.493 -34.7764 -3.4015 31 119 180
-4.4927 -38.0124 -3.4022 31 119 180
-4.4895 -38.4762 -3.4119 31 119 180
-4.4895 -38.6198 -3.4119 31 119 180
-4.4863 -38.3658 -3.4213 31 119 180
-4.4863 -38.8738 -3.4215 31 119 180
-4.4835 -34.931 -3.4301 31 119 180
-4.4831 -38.7192 -3.4309 31 119 180
-4.4803 -35.0304 -3.4396 31 119 180
-4.4737 -38.1449 -3.4593 31 119 180
-4.4706 -37.7362 -3.4688 31 119 180
-4.4706 -37.9461 -3.4688 31 119 180
-4.4705 -38.5535 -3.4689 31 119 180
-4.4705 -38.7965 -3.469 31 119 180
-4.4673 -39.2824 -3.4786 31 119 180
-4.4642 -38.0565 -3.4879 31 119 180
-4.4642 -38.4431 -3.4879 31 119 180
-4.4642 -38.6529 -3.488 31 119 180
-4.4641 -38.929 -3.4881 31 119 180
-4.4641 -39.1941 -3.4881 31 119 180
-4.461 -39.0726 -3.4976 31 119 180
-4.4609 -39.4039 -3.4977 31 119 180
-4.4609 -39.5254 -3.4977 31 119 180
-4.4519 -34.9973 -3.5252 31 119 180
-4.4518 -35.2071 -3.5253 31 119 180
-4.4487 -35.3949 -3.5348 31 119 180
-4.4424 -35.1077 -3.5538 31 119 180
-4.436 -35.2954 -3.5728 31 119 180
-4.4358 -37.7252 -3.5734 31 119 180
-4.4357 -39.4591 -3.5738 31 119 180
-4.4327 -37.2834 -3.5828 31 119 180
-4.4293 -39.5695 -3.5928 31 119 180
-4.4263 -37.5926 -3.6019 31 119 180
-4.4232 -37.4711 -3.6114 31 119 180
-4.4137 -37.1509 -3.6398 31 119 180
-4.4137 -37.3607 -3.6399 31 119 180
-4.4107 -35.4942 -3.649 31 119 180
-4.4076 -35.4059 -3.6585 31 119 180
-4.4011 -37.2502 -3.6779 31 119 180
-4.3821 -37.1177 -3.7349 31 119 180
-4.3728 -35.4832 -3.7631 31 119 180
-4.6659 -35.5932 -2.5944 255 187 120
-4.6596 -35.7146 -2.6135 255 187 120
-4.6469 -35.8803 -2.6515 255 187 120
-4.6468 -37.0841 -2.6519 255 187 120
-4.6406 -35.9686 -2.6706 255 187 120
-4.6406 -36.1564 -2.6707 255 187 120
-4.6343 -35.7919 -2.6896 255 187 120
-4.6342 -36.9626 -2.6899 255 187 120
-4.6279 -36.4766 -2.7088 255 187 120
-4.6184 -36.7638 -2.7374 255 187 120
-4.6121 -36.1122 -2.7562 255 187 120
-4.6058 -36.5539 -2.7754 255 187 120
-4.6057 -36.8521 -2.7755 255 187 120
-4.4669 -33.7927 -3.1931 31 119 180
-4.4638 -33.6823 -3.2025 31 119 180
-4.4606 -33.9032 -3.2121 31 119 180
-4.4511 -34.2345 -3.2408 31 119 180
-4.4479 -34.1461 -3.2502 31 119 180
-4.4479 -34.3229 -3.2503 31 119 180
-4.4448 -33.9915 -3.2597 31 119 180
-4.4353 -34.4112 -3.2884 31 119 180
-4.4289 -34.5106 -3.3074 31 119 180
-4.4258 -34.2676 -3.3169 31 119 180
-4.4258 -34.5989 -3.317 31 119 180
-4.4257 -34.7204 -3.317 31 119 180
-4.4195 -33.3509 -3.3356 31 119 180
-4.4195 -33.4503 -3.3356 31 119 180
-4.41 -34.0246 -3.3643 31 119 180
-4.4069 -33.2626 -3.3736 31 119 180
-4.4068 -34.8971 -3.3741 31 119 180
-4.4001 -38.9945 -3.3944 31 119 180
-4.3973 -34.6099 -3.4026 31 119 180
-4.3973 -34.6983 -3.4026 31 119 180
-4.3973 -34.7977 -3.4026 31 119 180
-4.397 -38.5085 -3.4038 31 119 180
-4.3938 -38.7184 -3.4133 31 119 180
-4.3907 -38.3097 -3.4227 31 119 180
-4.3906 -38.8951 -3.4229 31 119 180
-4.3843 -38.5858 -3.4418 31 119 180
-4.3815 -34.9744 -3.4502 31 119 180
-4.3812 -38.0557 -3.4512 31 119 180
-4.3717 -37.6912 -3.4796 31 119 180
-4.3717 -38.376 -3.4798 31 119 180
-4.3717 -38.4754 -3.4798 31 119 180
-4.3716 -39.0055 -3.48 31 119 180
-4.3716 -39.2706 -3.4801 31 119 180
-4.3686 -37.9563 -3.4892 31 119 180
-4.3685 -38.6742 -3.4894 31 119 180
-4.3684 -39.4694 -3.4897 31 119 180
-4.3653 -38.7957 -3.499 31 119 180
-4.3465 -37.382 -3.5556 31 119 180
-4.3372 -35.2394 -3.5835 31 119 180
-4.3338 -37.5587 -3.5937 31 119 180
-4.3307 -37.2826 -3.6031 31 119 180
-4.3277 -35.3498 -3.612 31 119 180
-4.318 -37.393 -3.6412 31 119 180
-4.3083 -39.6239 -3.6704 38 38 38
-4.6771 -34.4235 -2.2809 38 38 38
-4.6612 -34.5008 -2.3285 38 38 38
-4.6518 -34.3903 -2.357 38 38 38
-4.579 -35.4726 -2.5761 255 187 120
-4.579 -35.572 -2.5761 255 187 120
-4.5696 -35.6603 -2.6046 255 187 120
-4.5538 -35.7376 -2.6522 255 187 120
-4.5538 -35.8591 -2.6523 255 187 120
-4.5537 -37.1513 -2.6526 255 187 120
-4.5474 -35.9585 -2.6713 255 187 120
-4.5379 -36.3451 -2.6999 255 187 120
-4.5316 -36.4886 -2.719 255 187 120
-4.5316 -36.588 -2.719 255 187 120
-4.5221 -36.7205 -2.7476 255 187 120
-4.5158 -36.8199 -2.7667 255 187 120
-4.3736 -33.628 -3.1938 31 119 180
-4.3704 -33.7385 -3.2033 31 119 180
-4.3673 -34.2244 -3.213 31 119 180
-4.361 -33.4845 -3.2318 31 119 180
-4.3483 -34.1361 -3.27 31 119 180
-4.3483 -34.3569 -3.2701 31 119 180
-4.3451 -34.0367 -3.2795 31 119 180
-4.3325 -34.2796 -3.3176 31 119 180
-4.3325 -34.5557 -3.3177 31 119 180
-4.3293 -34.4453 -3.3272 31 119 180
-4.3135 -34.7545 -3.3748 31 119 180
-4.3135 -38.8961 -3.376 31 119 180
-4.3104 -34.6551 -3.3843 31 119 180
-4.304 -34.876 -3.4034 31 119 180
-4.304 -38.4874 -3.4044 31 119 180
-4.3008 -39.0396 -3.4141 31 119 180
-4.2977 -39.2826 -3.4237 31 119 180
-4.2882 -38.6531 -3.452 31 119 180
-4.2882 -38.7525 -3.452 31 119 180
-4.2882 -38.8519 -3.4521 31 119 180
-4.2755 -38.5426 -3.49 31 119 180
-4.2755 -39.1059 -3.4902 31 119 180
-4.2755 -39.2053 -3.4902 31 119 180
-4.2724 -38.3659 -3.4995 31 119 180
-4.2692 -39.2936 -3.5093 31 119 180
-4.2503 -37.9131 -3.5659 31 119 180
-4.2471 -37.7916 -3.5754 31 119 180
-4.2439 -38.0235 -3.585 31 119 180
-4.2408 -37.6149 -3.5944 31 119 180
-4.2345 -37.3609 -3.6133 31 119 180
-4.2281 -37.4713 -3.6324 31 119 180
-4.2123 -39.7022 -3.6806 38 38 38
-4.6083 -34.1709 -2.1866 38 38 38
-4.5956 -34.2592 -2.2247 38 38 38
-4.5767 -34.3365 -2.2818 38 38 38
-4.5704 -34.5463 -2.3008 38 38 38
-4.5672 -34.4469 -2.3103 38 38 38
-4.5451 -34.6568 -2.377 38 38 38
-4.5419 -34.5242 -2.3864 38 38 38
-4.4534 -35.7169 -2.6531 255 187 120
-4.4534 -35.8936 -2.6531 255 187 120
-4.4439 -35.5954 -2.6816 255 187 120
-4.4439 -35.8053 -2.6816 255 187 120
-4.444 -36.3354 -2.6818 255 187 120
-4.4408 -36.0703 -2.6912 255 187 120
-4.4408 -36.5011 -2.6913 255 187 120
-4.4408 -36.7219 -2.6914 255 187 120
-4.4377 -36.998 -2.7009 255 187 120
-4.4313 -36.1587 -2.7197 255 187 120
-4.425 -35.993 -2.7387 255 187 120
-4.425 -36.9207 -2.739 255 187 120
-4.4218 -36.2691 -2.7483 255 187 120
-4.4218 -36.4017 -2.7483 255 187 120
-4.4219 -36.6446 -2.7484 255 187 120
-4.4219 -36.7882 -2.7484 255 187 120
-4.4092 -37.0312 -2.7866 255 187 120
-4.2604 -34.27 -3.2328 31 119 180
-4.2477 -34.1596 -3.2709 31 119 180
-4.2446 -34.3804 -3.2804 31 119 180
-4.2351 -34.4798 -3.309 31 119 180
-4.2288 -34.3031 -3.328 31 119 180
-4.2288 -34.6455 -3.3281 31 119 180
-4.2098 -34.5792 -3.3851 31 119 180
-4.2098 -34.8111 -3.3852 31 119 180
-4.2004 -34.9216 -3.4137 31 119 180
-4.2007 -39.03 -3.4148 31 119 180
-4.188 -38.6545 -3.4528 31 119 180
-4.1848 -38.7649 -3.4623 31 119 180
-4.1785 -39.2288 -3.4814 31 119 180
-4.1753 -38.1023 -3.4907 31 119 180
-4.1754 -39.0631 -3.4909 31 119 180
-4.1722 -39.4276 -3.5005 31 119 180
-4.1624 -34.9989 -3.5279 31 119 180
-4.1468 -37.9145 -3.5762 31 119 180
-4.1405 -37.5611 -3.5951 31 119 180
-4.1373 -37.8041 -3.6047 31 119 180
-4.1341 -37.6715 -3.6142 31 119 180
-4.1308 -35.2087 -3.623 31 119 180
-4.112 -37.4727 -3.6807 31 119 180
-4.112 -37.5611 -3.6807 31 119 180
-4.1023 -35.2087 -3.7086 31 119 180
-4.0993 -37.3623 -3.7187 31 119 180
-4.0995 -39.7257 -3.7193 38 38 38
-4.0867 -37.4396 -3.7568 31 119 180
-4.0614 -37.3401 -3.8329 38 38 38
-4.5264 -34.2808 -2.1475 38 38 38
-4.5106 -34.1703 -2.195 38 38 38
-4.5043 -34.4023 -2.2141 38 38 38
-4.4948 -34.2918 -2.2426 38 38 38
-4.4853 -34.5127 -2.2712 38 38 38
-4.4727 -34.4243 -2.3092 38 38 38
-4.4537 -34.5127 -2.3663 38 38 38
-4.4537 -34.6783 -2.3664 38 38 38
-4.4411 -34.601 -2.4044 38 38 38
-4.3874 -35.3962 -2.5663 255 187 120
-4.378 -35.5066 -2.5949 255 187 120
-4.3622 -35.5839 -2.6424 255 187 120
-4.359 -35.7937 -2.652 255 187 120
-4.3527 -35.9815 -2.6711 255 187 120
-4.3527 -36.0919 -2.6711 255 187 120
-4.3496 -36.6883 -2.6808 255 187 120
-4.3465 -36.5889 -2.6903 255 187 120
-4.3401 -35.8821 -2.7091 255 187 120
-4.3339 -37.0086 -2.7284 255 187 120
-4.3244 -37.1963 -2.757 255 187 120
-4.3212 -36.7435 -2.7664 255 187 120
-4.3212 -37.0969 -2.7665 255 187 120
-4.166 -34.2364 -3.2318 31 119 180
-4.1629 -34.3468 -3.2413 31 119 180
-4.1407 -34.2805 -3.3079 31 119 180
-4.1376 -34.5014 -3.3175 31 119 180
-4.125 -34.656 -3.3556 31 119 180
-4.1123 -34.5676 -3.3936 31 119 180
-4.1123 -34.7554 -3.3936 31 119 180
-4.1097 -38.9301 -3.4043 31 119 180
-4.097 -38.665 -3.4422 31 119 180
-4.0934 -34.921 -3.4507 31 119 180
-4.0902 -35.0094 -3.4603 31 119 180
-4.0902 -35.1088 -3.4603 31 119 180
-4.0907 -39.4823 -3.4615 31 119 180
-4.0875 -39.151 -3.4709 31 119 180
-4.0876 -39.2835 -3.471 31 119 180
-4.0811 -38.2674 -3.4897 31 119 180
-4.0812 -38.8196 -3.4898 31 119 180
-4.0812 -38.9411 -3.4899 31 119 180
-4.0812 -39.0626 -3.4899 31 119 180
-4.0526 -38.0355 -3.5752 31 119 180
-4.0495 -37.7594 -3.5847 31 119 180
-4.0431 -37.6379 -3.6037 31 119 180
-4.0431 -37.925 -3.6037 31 119 180
-4.0273 -37.5495 -3.6512 31 119 180
-4.021 -37.7041 -3.6703 31 119 180
-3.9957 -37.5495 -3.7463 31 119 180
-3.9959 -39.7473 -3.7469 38 38 38
-3.9862 -37.428 -3.7748 31 119 180
-4.4213 -34.322 -2.1775 38 38 38
-4.415 -34.1895 -2.1965 38 38 38
-4.3961 -34.4656 -2.2537 38 38 38
-4.3866 -34.3662 -2.2822 38 38 38
-4.3834 -34.565 -2.2917 38 38 38
-4.3581 -34.5207 -2.3678 38 38 38
-4.3487 -34.6754 -2.3964 38 38 38
-4.2919 -35.4484 -2.5679 255 187 120
-4.2666 -35.371 -2.644 255 187 120
-4.2634 -35.8128 -2.6537 255 187 120
-4.2602 -35.4815 -2.6631 255 187 120
-4.254 -35.9564 -2.6823 255 187 120
-4.254 -36.0668 -2.6823 255 187 120
-4.254 -36.4644 -2.6825 255 187 120
-4.2541 -36.7074 -2.6826 255 187 120
-4.2509 -36.5528 -2.692 255 187 120
-4.2477 -36.1662 -2.7014 255 187 120
-4.2477 -36.862 -2.7017 255 187 120
-4.2256 -37.0939 -2.7683 255 187 120
-4.2225 -36.9945 -2.7778 255 187 120
-4.2225 -37.1933 -2.7779 255 187 120
-4.0705 -34.3106 -3.2333 31 119 180
-4.0673 -34.2001 -3.2427 31 119 180
-4.0515 -34.1228 -3.2903 31 119 180
-4.0515 -34.4652 -3.2904 31 119 180
-4.0452 -34.2664 -3.3094 31 119 180
-4.0452 -34.3658 -3.3094 31 119 180
-4.0294 -34.5314 -3.357 31 119 180
-4.0199 -34.6639 -3.3856 31 119 180
-4.0141 -39.1258 -3.4064 31 119 180
-4.0073 -34.8406 -3.4237 31 119 180
-4.0041 -34.7412 -3.4332 31 119 180
-4.0041 -34.9842 -3.4333 31 119 180
-3.9983 -39.4129 -3.4541 31 119 180
-3.9983 -39.5123 -3.4541 31 119 180
-3.9951 -38.7834 -3.4634 31 119 180
-3.9919 -39.181 -3.473 31 119 180
-3.9887 -38.8828 -3.4824 31 119 180
-3.9888 -38.9822 -3.4825 31 119 180
-3.9888 -39.0816 -3.4825 31 119 180
-3.9824 -38.6177 -3.5013 31 119 180
-3.9825 -39.2804 -3.5016 31 119 180
-3.9539 -37.8004 -3.5866 31 119 180
-3.9539 -37.9882 -3.5867 31 119 180
-3.9507 -37.69 -3.5961 31 119 180
-3.9412 -37.8888 -3.6247 31 119 180
-3.938 -37.5906 -3.6341 31 119 180
-3.9286 -37.7673 -3.6627 31 119 180
-3.9191 -37.5022 -3.6911 31 119 180
-3.9191 -37.6679 -3.6912 31 119 180
-3.9064 -37.5795 -3.7292 31 119 180
-3.8874 -37.4801 -3.7862 31 119 180
-4.2002 -35.3574 -2.5496 255 187 120
-4.1876 -35.2138 -2.5875 255 187 120
-4.1781 -35.3022 -2.6161 255 187 120
-4.1781 -35.512 -2.6162 255 187 120
-4.1686 -35.4015 -2.6447 255 187 120
-4.1655 -35.8764 -2.6544 255 187 120
-4.1656 -37.3564 -2.6551 255 187 120
-4.1623 -36.4066 -2.6642 255 187 120
-4.1592 -36.517 -2.6737 255 187 120
-4.1592 -36.6495 -2.6738 255 187 120
-4.156 -36.782 -2.6834 255 187 120
-4.1497 -35.5893 -2.7018 255 187 120
-4.1497 -35.9648 -2.702 255 187 120
-4.1465 -36.1525 -2.7116 255 187 120
-4.1466 -37.4447 -2.7122 255 187 120
-4.137 -36.2519 -2.7402 255 187 120
-4.1371 -37.3011 -2.7407 255 187 120
-4.1339 -36.5832 -2.7498 255 187 120
-4.001 -33.4796 -3.1479 31 119 180
-3.9915 -33.8441 -3.1766 31 119 180
-3.9757 -33.9324 -3.2242 31 119 180
-3.9567 -33.6011 -3.2811 31 119 180
-3.9504 -34.087 -3.3004 31 119 180
-3.9441 -33.9103 -3.3193 31 119 180
-3.9346 -34.2858 -3.348 31 119 180
-3.9314 -34.0097 -3.3574 31 119 180
-3.9219 -34.1532 -3.386 31 119 180
-3.9096 -39.1231 -3.4263 31 119 180
-3.9064 -38.7476 -3.4356 31 119 180
-3.9032 -38.9574 -3.4452 31 119 180
-3.8969 -39.4765 -3.4645 31 119 180
-3.8938 -39.2666 -3.4739 31 119 180
-3.8906 -38.4935 -3.4831 31 119 180
-3.8874 -38.858 -3.4928 31 119 180
-3.8874 -39.0568 -3.4928 31 119 180
-3.8874 -39.3771 -3.493 31 119 180
-3.8811 -39.1783 -3.5119 31 119 180
-3.8714 -34.5728 -3.5384 31 119 180
-3.8621 -38.4272 -3.5687 31 119 180
-3.8558 -38.3389 -3.5876 31 119 180
-3.8524 -34.6612 -3.5955 31 119 180
-3.8494 -37.8419 -3.6064 31 119 180
-3.8494 -37.9413 -3.6065 31 119 180
-3.8431 -38.1069 -3.6256 31 119 180
-3.8398 -34.8599 -3.6336 31 119 180
-3.8368 -37.7314 -3.6444 31 119 180
-3.8335 -34.7716 -3.6526 31 119 180
-4.1087 -35.2817 -2.5479 255 187 120
-4.1024 -35.3811 -2.567 255 187 120
-4.0803 -35.3258 -2.6335 255 187 120
-4.0803 -35.4473 -2.6336 255 187 120
-4.0803 -35.5909 -2.6336 255 187 120
-4.0708 -35.9111 -2.6623 255 187 120
-4.0646 -36.6842 -2.6815 255 187 120
-4.0614 -36.5296 -2.691 255 187 120
-4.0582 -36.4192 -2.7005 255 187 120
-4.055 -35.8338 -2.7098 255 187 120
-4.0551 -36.1431 -2.7099 255 187 120
-4.0519 -35.9995 -2.7194 255 187 120
-4.052 -37.4131 -2.7198 255 187 120
-4.0456 -36.6069 -2.7386 255 187 120
-4.0393 -36.8499 -2.7577 255 187 120
-4.0362 -37.2585 -2.7674 255 187 120
-3.9031 -33.4592 -3.1655 31 119 180
-3.9 -33.5586 -3.1751 31 119 180
-3.8778 -33.415 -3.2416 31 119 180
-3.8747 -33.6469 -3.2512 31 119 180
-3.8652 -33.8126 -3.2798 31 119 180
-3.8495 -34.1218 -3.3275 31 119 180
-3.8463 -33.6137 -3.3368 31 119 180
-3.8432 -34.2101 -3.3465 31 119 180
-3.84 -33.9119 -3.3559 31 119 180
-3.8368 -33.7352 -3.3654 31 119 180
-3.821 -34.1438 -3.4131 31 119 180
-3.8214 -38.7493 -3.4147 31 119 180
-3.8215 -39.1579 -3.4148 31 119 180
-3.8147 -34.2432 -3.4321 31 119 180
-3.8151 -39.0143 -3.4338 31 119 180
-3.8152 -39.3567 -3.4339 31 119 180
-3.8088 -38.6719 -3.4527 31 119 180
-3.8052 -34.3647 -3.4607 31 119 180
-3.8057 -38.9149 -3.4623 31 119 180
-3.7994 -39.4892 -3.4815 31 119 180
-3.7962 -39.0916 -3.4909 31 119 180
-3.7962 -39.2794 -3.491 31 119 180
-3.793 -38.4731 -3.5002 31 119 180
-3.793 -38.7934 -3.5003 31 119 180
-3.7768 -34.5745 -3.5464 31 119 180
-3.7677 -38.0866 -3.5761 31 119 180
-3.761 -34.4641 -3.5939 31 119 180
-3.7518 -37.8988 -3.6236 31 119 180
-3.7519 -38.2191 -3.6237 31 119 180
-3.752 -39.6106 -3.6242 38 38 38
-3.7484 -34.5966 -3.632 31 119 180
-3.7484 -34.707 -3.632 31 119 180
-3.7424 -38.0203 -3.6522 31 119 180
-3.7424 -38.1197 -3.6522 31 119 180
-3.7392 -37.8215 -3.6617 31 119 180
-3.7168 -34.8174 -3.7272 31 119 180
-3.7139 -37.7883 -3.7377 31 119 180
-4.0089 -34.9842 -2.5578 255 187 120
-3.9994 -35.1057 -2.5864 255 187 120
-3.9994 -35.2161 -2.5864 255 187 120
-3.9963 -35.3707 -2.596 255 187 120
-3.99 -35.5253 -2.6151 255 187 120
-3.9868 -35.6579 -2.6246 255 187 120
-3.9806 -35.945 -2.6437 255 187 120
-3.9742 -35.7352 -2.6627 255 187 120
-3.9742 -36.0444 -2.6628 255 187 120
-3.9743 -36.2101 -2.6628 255 187 120
-3.9743 -36.3757 -2.6629 255 187 120
-3.9743 -36.4641 -2.6629 255 187 120
-3.9744 -37.4691 -2.6633 255 187 120
-3.9681 -37.3697 -2.6822 255 187 120
-3.965 -37.5795 -2.6918 255 187 120
-3.949 -36.4309 -2.739 255 187 120
-3.9491 -37.1046 -2.7392 255 187 120
-3.9491 -37.2924 -2.7393 255 187 120
-3.9459 -36.6849 -2.7486 255 187 120
-3.9364 -36.8175 -2.7772 255 187 120
-3.9364 -37.0052 -2.7772 255 187 120
-3.9365 -37.193 -2.7773 255 187 120
-3.8064 -33.4489 -3.1661 31 119 180
-3.8032 -33.5372 -3.1756 31 119 180
-3.7938 -33.6256 -3.2042 31 119 180
-3.7811 -33.4047 -3.2421 31 119 180
-3.759 -33.8354 -3.3089 31 119 180
-3.7463 -33.2611 -3.3467 31 119 180
-3.7369 -34.1115 -3.3755 31 119 180
-3.7243 -34.2219 -3.4136 31 119 180
-3.7154 -39.4127 -3.4438 31 119 180
-3.7122 -38.6727 -3.4531 31 119 180
-3.7091 -39.1807 -3.4628 31 119 180
-3.7027 -38.8936 -3.4817 31 119 180
-3.6996 -39.2801 -3.4913 31 119 180
-3.6964 -38.761 -3.5007 31 119 180
-3.6933 -39.0592 -3.5103 31 119 180
-3.6933 -39.5452 -3.5104 31 119 180
-3.6902 -39.4568 -3.5199 31 119 180
-3.68 -34.3323 -3.5468 31 119 180
-3.6801 -34.5311 -3.5469 31 119 180
-3.6615 -38.1094 -3.6051 31 119 180
-3.6616 -38.2861 -3.6052 31 119 180
-3.6457 -38.01 -3.6526 31 119 180
-3.6331 -37.9216 -3.6906 31 119 180
-3.9244 -35.1299 -2.5171 255 187 120
-3.9086 -35.0305 -2.5646 255 187 120
-3.8992 -35.5054 -2.5933 255 187 120
-3.896 -35.1962 -2.6027 255 187 120
-3.8868 -37.5596 -2.6317 255 187 120
-3.8834 -35.5827 -2.6408 255 187 120
-3.8834 -35.9472 -2.6409 255 187 120
-3.8802 -35.7153 -2.6504 255 187 120
-3.8771 -36.2012 -2.66 255 187 120
-3.8739 -35.3398 -2.6693 255 187 120
-3.8708 -36.411 -2.6791 255 187 120
-3.8645 -36.1128 -2.698 255 187 120
-3.8583 -37.0737 -2.7172 255 187 120
-3.8583 -37.2393 -2.7173 255 187 120
-3.855 -36.4994 -2.7266 255 187 120
-3.8552 -37.4602 -2.7268 255 187 120
-3.8552 -37.6148 -2.7269 255 187 120
-3.8519 -36.3337 -2.7361 255 187 120
-3.852 -37.3387 -2.7363 255 187 120
-3.8487 -36.5877 -2.7457 255 187 120
-3.8425 -36.9411 -2.7648 255 187 120
-3.8393 -37.1399 -2.7743 255 187 120
-3.703 -33.6609 -3.1826 31 119 180
-3.6745 -33.4842 -3.2681 31 119 180
-3.6682 -33.3959 -3.2871 31 119 180
-3.6682 -33.7824 -3.2872 31 119 180
-3.665 -33.3075 -3.2966 31 119 180
-3.6588 -34.0143 -3.3158 31 119 180
-3.6493 -33.8928 -3.3443 31 119 180
-3.6335 -34.1469 -3.3919 31 119 180
-3.6246 -39.3928 -3.4216 31 119 180
-3.6214 -38.7854 -3.431 31 119 180
-3.6177 -34.2683 -3.4395 31 119 180
-3.6182 -39.1278 -3.4405 31 119 180
-3.6151 -38.9069 -3.45 31 119 180
-3.6119 -38.675 -3.4595 31 119 180
-3.5993 -39.426 -3.4977 31 119 180
-3.5961 -38.8406 -3.5071 31 119 180
-3.5961 -39.194 -3.5071 31 119 180
-3.5962 -39.5253 -3.5072 31 119 180
-3.5929 -38.9621 -3.5166 31 119 180
-3.5929 -39.0836 -3.5166 31 119 180
-3.593 -39.3155 -3.5167 31 119 180
-3.5861 -34.3235 -3.5346 31 119 180
-3.5735 -34.5002 -3.5727 31 119 180
-3.564 -34.4008 -3.6012 31 119 180
-3.5612 -38.2552 -3.6116 31 119 180
-3.5551 -39.6468 -3.6309 38 38 38
-3.5486 -38.0012 -3.6496 31 119 180
-3.5486 -38.1227 -3.6496 31 119 180
-3.7366 -35.1201 -2.4976 255 187 120
-3.7239 -35.0097 -2.5356 255 187 120
-3.705 -35.3962 -2.5928 255 187 120
-3.7049 -35.5066 -2.5928 255 187 120
-3.686 -36.1582 -2.65 255 187 120
-3.6828 -36.3349 -2.6595 255 187 120
-3.6797 -35.3299 -2.6688 255 187 120
-3.6764 -37.4504 -2.6788 255 187 120
-3.6701 -37.0749 -2.6977 255 187 120
-3.6701 -37.1853 -2.6977 255 187 120
-3.6701 -37.6161 -2.6978 255 187 120
-3.6638 -35.9263 -2.7165 255 187 120
-3.6607 -36.0478 -2.726 255 187 120
-3.6606 -36.5006 -2.7261 255 187 120
-3.6606 -37.3068 -2.7263 255 187 120
-3.6575 -36.2687 -2.7356 255 187 120
-3.6575 -36.3902 -2.7356 255 187 120
-3.6575 -36.7546 -2.7357 255 187 120
-3.6575 -36.9092 -2.7357 255 187 120
-3.6543 -36.611 -2.7452 255 187 120
-3.6448 -36.8319 -2.7738 255 187 120
-3.5027 -33.6511 -3.2012 31 119 180
-3.4933 -33.7726 -3.2297 31 119 180
-3.4869 -33.5406 -3.2487 31 119 180
-3.4775 -33.6953 -3.2773 31 119 180
-3.4743 -33.375 -3.2867 31 119 180
-3.4616 -33.872 -3.3248 31 119 180
-3.4332 -34.0045 -3.4105 31 119 180
-3.43 -34.2364 -3.42 38 38 38
-3.4235 -39.129 -3.44 31 119 180
-3.414 -39.2394 -3.4686 31 119 180
-3.4076 -39.3388 -3.4876 31 119 180
-3.4045 -39.4492 -3.4972 31 119 180
-3.4014 -38.6872 -3.5065 31 119 180
-3.4013 -39.0516 -3.5066 31 119 180
-3.3889 -34.4793 -3.5437 31 119 180
-3.3793 -38.146 -3.573 31 119 180
-3.3761 -38.4552 -3.5826 31 119 180
-3.3729 -38.3006 -3.592 31 119 180
-3.3634 -39.5928 -3.6208 38 38 38
-3.3571 -38.0908 -3.6396 31 119 180
-3.354 -38.0024 -3.6491 31 119 180
-3.6451 -34.9648 -2.4782 255 187 120
-3.642 -35.0753 -2.4878 255 187 120
-3.6071 -35.4728 -2.5925 255 187 120
-3.6039 -35.7489 -2.602 255 187 120
-3.6009 -35.1525 -2.6114 255 187 120
-3.6008 -35.3845 -2.6115 255 187 120
-3.5976 -35.6054 -2.621 255 187 120
-3.5976 -35.9588 -2.6211 255 187 120
-3.5976 -36.0913 -2.6211 255 187 120
-3.5944 -36.2349 -2.6307 255 187 120
-3.5942 -37.5712 -2.6309 255 187 120
-3.588 -36.6545 -2.6498 255 187 120
-3.5849 -36.3563 -2.6592 255 187 120
-3.5849 -36.4668 -2.6592 255 187 120
-3.5819 -35.3182 -2.6685 255 187 120
-3.5817 -36.7539 -2.6688 255 187 120
-3.5816 -37.4387 -2.669 255 187 120
-3.5787 -35.4397 -2.6781 255 187 120
-3.5787 -35.5391 -2.6781 255 187 120
-3.5786 -35.7931 -2.6781 255 187 120
-3.5785 -36.9638 -2.6784 255 187 120
-3.5755 -35.7047 -2.6876 255 187 120
-3.5755 -35.8814 -2.6877 255 187 120
-3.5754 -36.025 -2.6877 255 187 120
-3.5753 -37.273 -2.6879 255 187 120
-3.5723 -36.1244 -2.6972 255 187 120
-3.5722 -36.5772 -2.6973 255 187 120
-3.5721 -37.6264 -2.6975 255 187 120
-3.5689 -37.527 -2.707 255 187 120
-3.5659 -36.279 -2.7163 255 187 120
-3.5658 -37.0632 -2.7164 255 187 120
-3.5627 -36.8312 -2.7259 255 187 120
-3.5627 -37.1957 -2.726 255 187 120
-3.5626 -37.3503 -2.726 255 187 120
-3.5596 -36.6877 -2.7354 255 187 120
-3.3892 -33.7829 -3.2484 31 119 180
-3.3861 -33.3522 -3.2578 31 119 180
-3.3829 -33.6393 -3.2674 31 119 180
-3.3766 -33.4957 -3.2864 31 119 180
-3.3639 -33.4074 -3.3244 31 119 180
-3.3481 -33.5178 -3.372 31 119 180
-3.3354 -33.8933 -3.4101 31 119 180
-3.3284 -39.4706 -3.4303 31 119 180
-3.3196 -33.9816 -3.4577 31 119 180
-3.3196 -34.1804 -3.4577 31 119 180
-3.3158 -39.1503 -3.4683 31 119 180
-3.3158 -39.2829 -3.4683 31 119 180
-3.3127 -38.8521 -3.4777 31 119 180
-3.3126 -39.3822 -3.4778 31 119 180
-3.3063 -39.0067 -3.4968 31 119 180
-3.2999 -39.5369 -3.5159 31 119 180
-3.2943 -34.2356 -3.5338 31 119 180
-3.2748 -38.079 -3.5917 31 119 180
-3.2748 -38.2226 -3.5917 31 119 180
-3.2748 -38.322 -3.5917 31 119 180
-3.2684 -38.4214 -3.6108 31 119 180
-3.2627 -34.2577 -3.6289 31 119 180
-3.2527 -37.9906 -3.6582 31 119 180
-3.2437 -34.335 -3.686 31 119 180
-3.5493 -35.002 -2.4849 255 187 120
-3.5429 -35.1014 -2.5039 255 187 120
-3.524 -35.2339 -2.561 255 187 120
-3.5145 -35.3554 -2.5895 255 187 120
-3.5144 -35.5652 -2.5895 255 187 120
-3.5081 -35.4548 -2.6085 255 187 120
-3.5081 -36.0401 -2.6085 255 187 120
-3.5081 -36.1616 -2.6085 255 187 120
-3.505 -35.6867 -2.618 255 187 120
-3.5049 -35.8524 -2.618 255 187 120
-3.4986 -35.9518 -2.6371 255 187 120
-3.4986 -36.4377 -2.6371 255 187 120
-3.4985 -37.5201 -2.6371 255 187 120
-3.4954 -36.6365 -2.6466 255 187 120
-3.486 -35.5321 -2.6751 255 187 120
-3.4796 -36.5261 -2.6941 255 187 120
-3.4763 -37.6305 -2.7037 255 187 120
-3.4733 -36.3052 -2.7132 255 187 120
-3.4733 -36.3935 -2.7132 255 187 120
-3.4732 -37.012 -2.7132 255 187 120
-3.47 -37.266 -2.7227 255 187 120
-3.4669 -36.747 -2.7322 255 187 120
-3.3028 -33.6767 -3.2267 31 119 180
-3.3028 -33.8092 -3.2267 31 119 180
-3.287 -33.3564 -3.2743 31 119 180
-3.2807 -33.511 -3.2933 31 119 180
-3.2649 -33.4337 -3.3409 31 119 180
-3.2554 -33.8975 -3.3694 31 119 180
-3.2332 -33.9528 -3.436 31 119 180
-3.2332 -34.1405 -3.436 31 119 180
-3.2327 -39.2871 -3.4361 31 119 180
-3.2233 -39.1987 -3.4646 31 119 180
-3.2232 -39.508 -3.4646 31 119 180
-3.2201 -38.8564 -3.4741 31 119 180
-3.2201 -39.0993 -3.4741 31 119 180
-3.2138 -39.3534 -3.4931 31 119 180
-3.2106 -38.9999 -3.5026 31 119 180
-3.2043 -39.265 -3.5217 31 119 180
-3.1854 -38.1274 -3.5787 31 119 180
-3.1826 -34.2178 -3.5882 31 119 180
-3.1791 -38.4477 -3.5977 31 119 180
-3.17 -34.3062 -3.6262 31 119 180
-3.1633 -38.26 -3.6453 31 119 180
-3.151 -34.3835 -3.6833 31 119 180
-3.1475 -38.028 -3.6928 31 119 180
-3.4639 -36.3167 -2.4541 38 38 38
-3.4607 -36.1289 -2.4636 38 38 38
-3.4578 -34.9583 -2.4731 255 187 120
-3.4451 -35.1018 -2.5112 255 187 120
-3.4325 -35.2564 -2.5492 255 187 120
-3.4292 -35.6099 -2.5587 255 187 120
-3.4261 -35.4 -2.5682 255 187 120
-3.4198 -35.4994 -2.5873 255 187 120
-3.4134 -35.7203 -2.6063 255 187 120
-3.4068 -37.5205 -2.6253 255 187 120
-3.4005 -37.1339 -2.6443 255 187 120
-3.3973 -37.6088 -2.6538 255 187 120
-3.3815 -37.3217 -2.7014 255 187 120
-3.3815 -37.4874 -2.7014 255 187 120
-3.3752 -37.0898 -2.7204 255 187 120
-3.1926 -33.4562 -3.2721 31 119 180
-3.1863 -33.3126 -3.2911 31 119 180
-3.1767 -33.5556 -3.3197 31 119 180
-3.1704 -33.8427 -3.3387 31 119 180
-3.1672 -33.655 -3.3482 31 119 180
-3.164 -33.9642 -3.3577 31 119 180
-3.1546 -33.7544 -3.3863 31 119 180
-3.1536 -39.2102 -3.3862 31 119 180
-3.1473 -39.0998 -3.4053 31 119 180
-3.1451 -33.898 -3.4148 31 119 180
-3.145 -34.0305 -3.4148 31 119 180
-3.141 -39.3869 -3.4243 31 119 180
-3.1315 -39.2986 -3.4528 31 119 180
-3.1292 -34.152 -3.4623 31 119 180
-3.1221 -38.9672 -3.4814 31 119 180
-3.122 -39.1771 -3.4814 31 119 180
-3.1189 -38.7795 -3.4909 31 119 180
-3.1157 -39.0666 -3.5004 31 119 180
-3.1007 -34.3066 -3.548 31 119 180
-3.0881 -34.2182 -3.586 31 119 180
-3.0874 -38.4702 -3.586 31 119 180
-3.0818 -34.3949 -3.605 31 119 180
-3.0811 -38.0285 -3.605 31 119 180
-3.0716 -38.1279 -3.6335 31 119 180
-3.0502 -34.3949 -3.7001 31 119 180
-2.8917 -36.5927 -4.1757 38 38 38
-2.8917 -36.7142 -4.1757 38 38 38
-2.8854 -36.913 -4.1947 38 38 38
-2.8853 -37.0786 -4.1947 38 38 38
-2.8696 -36.5043 -4.2423 38 38 38
-2.8664 -36.659 -4.2518 38 38 38
-2.8633 -36.7584 -4.2613 38 38 38
-2.8632 -37.0234 -4.2613 38 38 38
-2.8538 -36.8467 -4.2899 38 38 38
-2.8286 -35.9079 -4.3659 38 38 38
-2.8255 -35.7975 -4.3755 38 38 38
-2.8254 -36.3718 -4.3755 38 38 38
-2.8128 -36.2614 -4.4135 38 38 38
-2.8096 -36.4602 -4.423 38 38 38
-2.8065 -35.9853 -4.4325 38 38 38
-2.7971 -35.6871 -4.4611 38 38 38
-2.7971 -35.7865 -4.4611 38 38 38
-2.7874 -36.5595 -4.4896 38 38 38
-2.7465 -35.7091 -4.6133 38 38 38
-2.737 -35.5877 -4.6418 38 38 38
-2.7212 -35.665 -4.6893 38 38 38
-2.7086 -35.3336 -4.7274 38 38 38
-2.6991 -35.433 -4.7559 38 38 38
-2.696 -35.5766 -4.7654 38 38 38
-2.6834 -35.2563 -4.8035 38 38 38
-2.677 -35.3668 -4.8225 38 38 38
-2.6738 -35.4882 -4.832 38 38 38
-3.3707 -34.9796 -2.4547 255 187 120
-3.3612 -35.068 -2.4832 255 187 120
-3.3486 -34.9134 -2.5212 255 187 120
-3.3391 -35.333 -2.5498 255 187 120
-3.3391 -35.4324 -2.5498 255 187 120
-3.3233 -35.2557 -2.5973 255 187 120
-3.3232 -37.5198 -2.5973 255 187 120
-3.317 -35.5208 -2.6163 255 187 120
-3.3137 -37.1111 -2.6258 255 187 120
-3.301 -37.6302 -2.6638 255 187 120
-3.2916 -37.1995 -2.6924 255 187 120
-3.2853 -37.321 -2.7114 255 187 120
-3.1053 -33.3451 -3.2537 31 119 180
-3.0989 -33.6875 -3.2727 31 119 180
-3.0926 -33.5991 -3.2917 31 119 180
-3.0895 -33.8089 -3.3012 31 119 180
-3.0768 -33.3782 -3.3393 31 119 180
-3.0705 -33.7206 -3.3583 31 119 180
-3.067 -39.4415 -3.3677 31 119 180
-3.0607 -39.1433 -3.3867 31 119 180
-3.0578 -34.085 -3.3963 31 119 180
-3.0512 -39.2869 -3.4152 31 119 180
-3.0481 -38.9666 -3.4247 31 119 180
-3.0418 -39.066 -3.4438 31 119 180
-3.0355 -38.6463 -3.4628 31 119 180
-3.0291 -38.834 -3.4818 31 119 180
-3.026 -38.4144 -3.4913 31 119 180
-3.0165 -38.3039 -3.5199 31 119 180
-3.0165 -38.7346 -3.5199 31 119 180
-3.0009 -34.3501 -3.5675 31 119 180
-2.9914 -34.2507 -3.5961 31 119 180
-2.9881 -38.1824 -3.6055 31 119 180
-2.9725 -34.3391 -3.6531 31 119 180
-2.9723 -38.0389 -3.653 31 119 180
-2.8206 -36.9565 -4.1096 38 38 38
-2.8206 -37.1222 -4.1096 38 38 38
-2.8111 -36.6583 -4.1382 38 38 38
-2.8111 -37.2326 -4.1381 38 38 38
-2.7985 -36.8019 -4.1762 38 38 38
-2.7953 -36.9013 -4.1857 38 38 38
-2.7953 -37.067 -4.1857 38 38 38
-2.7922 -37.1664 -4.1952 38 38 38
-2.7859 -36.7025 -4.2143 38 38 38
-2.7795 -36.6142 -4.2333 38 38 38
-2.7385 -36.0399 -4.3569 38 38 38
-2.7385 -36.1724 -4.3569 38 38 38
-2.7258 -35.9073 -4.395 38 38 38
-2.7227 -36.3602 -4.4045 38 38 38
-2.7163 -36.1061 -4.4235 38 38 38
-2.71 -36.0067 -4.4425 38 38 38
-2.71 -36.2276 -4.4425 38 38 38
-2.6974 -35.83 -4.4806 38 38 38
-2.691 -36.4264 -4.4996 38 38 38
-2.6784 -35.8963 -4.5377 38 38 38
-2.6752 -36.5369 -4.5472 38 38 38
-2.65 -35.7196 -4.6233 38 38 38
-2.65 -35.8411 -4.6233 38 38 38
-2.6405 -35.576 -4.6518 38 38 38
-2.6374 -35.4766 -4.6613 38 38 38
-2.6342 -35.2447 -4.6708 38 38 38
-2.6247 -35.7748 -4.6994 38 38 38
-2.6215 -35.6533 -4.7089 38 38 38
-2.6152 -35.3883 -4.7279 38 38 38
-2.6121 -35.5318 -4.7374 38 38 38
-2.6089 -35.2889 -4.7469 38 38 38
-2.6026 -35.2005 -4.766 38 38 38
-2.5267 -35.1895 -4.9942 38 38 38
-3.2782 -35.005 -2.4352 255 187 120
-3.2561 -34.9388 -2.5018 255 187 120
-3.2561 -35.0713 -2.5018 255 187 120
-3.2497 -35.1707 -2.5208 255 187 120
-3.2402 -35.4247 -2.5493 255 187 120
-3.2339 -35.3253 -2.5683 255 187 120
-3.2307 -35.5793 -2.5778 255 187 120
-3.218 -37.1586 -2.6157 255 187 120
-3.2117 -37.0372 -2.6348 255 187 120
-3.2085 -37.2912 -2.6443 255 187 120
-3.2053 -37.6556 -2.6537 255 187 120
-3.1927 -37.2028 -2.6918 255 187 120
-3.1895 -36.9709 -2.7013 255 187 120
-3.1895 -37.1034 -2.7013 255 187 120
-3.0032 -33.3374 -3.2628 31 119 180
-2.9969 -33.735 -3.2818 31 119 180
-2.9937 -33.6025 -3.2913 31 119 180
-2.9811 -33.4037 -3.3294 31 119 180
-2.9807 -39.3454 -3.3289 31 119 180
-2.9747 -33.989 -3.3484 31 119 180
-2.9744 -39.2239 -3.3479 31 119 180
-2.9681 -39.1245 -3.367 31 119 180
-2.9558 -34.1215 -3.4054 31 119 180
-2.9554 -39.0472 -3.405 31 119 180
-2.9523 -39.3013 -3.4145 31 119 180
-2.9523 -39.4227 -3.4145 31 119 180
-2.9428 -39.1577 -3.4431 31 119 180
-2.9368 -34.243 -3.4625 38 38 38
-2.9334 -38.4729 -3.4717 31 119 180
-2.927 -38.9478 -3.4906 31 119 180
-2.9207 -38.6717 -3.5097 31 119 180
-2.902 -34.3535 -3.5671 31 119 180
-2.8954 -38.0643 -3.5858 31 119 180
-2.8954 -38.3736 -3.5858 31 119 180
-2.8925 -34.2541 -3.5956 31 119 180
-2.8891 -38.1748 -3.6048 31 119 180
-2.7216 -36.8826 -4.109 38 38 38
-2.7153 -36.6949 -4.1281 38 38 38
-2.7153 -37.0262 -4.1281 38 38 38
-2.709 -36.6065 -4.1471 38 38 38
-2.7026 -37.2581 -4.1661 38 38 38
-2.6995 -36.9489 -4.1756 38 38 38
-2.6995 -37.1366 -4.1756 38 38 38
-2.6964 -36.7832 -4.1851 38 38 38
-2.6869 -36.6728 -4.2137 38 38 38
-2.6774 -36.5844 -4.2422 38 38 38
-2.6427 -36.0322 -4.3469 38 38 38
-2.6363 -36.1979 -4.3659 38 38 38
-2.6332 -35.9439 -4.3754 38 38 38
-2.63 -36.3856 -4.3849 38 38 38
-2.6174 -35.8666 -4.423 38 38 38
-2.6174 -36.0985 -4.423 38 38 38
-2.6173 -36.474 -4.4229 38 38 38
-2.611 -36.2421 -4.442 38 38 38
-2.6079 -35.977 -4.4515 38 38 38
-2.6047 -36.3304 -4.461 38 38 38
-2.5984 -36.6286 -4.48 38 38 38
-2.5889 -35.8224 -4.5086 38 38 38
-2.5826 -36.4851 -4.5276 38 38 38
-2.5605 -35.8776 -4.5942 38 38 38
-2.5573 -35.7672 -4.6037 38 38 38
-2.5542 -35.6567 -4.6132 38 38 38
-2.5384 -35.3365 -4.6608 38 38 38
-2.5384 -35.48 -4.6608 38 38 38
-2.5289 -35.2371 -4.6894 38 38 38
-2.5289 -35.723 -4.6893 38 38 38
-2.5194 -35.5684 -4.7179 38 38 38
-2.5099 -35.3365 -4.7464 38 38 38
-2.5099 -35.4359 -4.7464 38 38 38
-2.5004 -35.2481 -4.775 38 38 38
-2.4214 -35.204 -5.0127 38 38 38
-2.4182 -35.1046 -5.0223 38 38 38
-3.3714 -36.1869 -1.8647 38 38 38
-3.365 -36.3636 -1.8837 38 38 38
-3.365 -36.4741 -1.8837 38 38 38
-3.3461 -36.2642 -1.9408 38 38 38
-3.3366 -36.5182 -1.9693 38 38 38
-3.1756 -34.8947 -2.4544 255 187 120
-3.1755 -35.0825 -2.4544 255 187 120
-3.1629 -34.9831 -2.4925 255 187 120
-3.1439 -35.469 -2.5495 255 187 120
-3.1344 -35.3586 -2.5781 255 187 120
-3.1025 -37.2692 -2.6731 255 187 120
-3.0994 -37.3797 -2.6826 255 187 120
-3.0931 -37.1588 -2.7017 255 187 120
-3.087 -35.5463 -2.7207 255 187 120
-2.8976 -33.3596 -3.2915 31 119 180
-2.8944 -33.4921 -3.301 31 119 180
-2.8754 -33.6246 -3.3581 31 119 180
-2.8746 -39.3676 -3.3579 31 119 180
-2.8715 -39.1357 -3.3674 31 119 180
-2.862 -39.456 -3.3959 31 119 180
-2.8589 -39.2572 -3.4055 31 119 180
-2.8469 -33.967 -3.4437 31 119 180
-2.8469 -34.1106 -3.4436 31 119 180
-2.8462 -39.0694 -3.4435 31 119 180
-2.8438 -33.7572 -3.4532 31 119 180
-2.8368 -38.6387 -3.4721 31 119 180
-2.8368 -38.97 -3.4721 31 119 180
-2.8305 -38.3074 -3.4911 31 119 180
-2.821 -38.8375 -3.5196 31 119 180
-2.8153 -34.0995 -3.5388 31 119 180
-2.7989 -38.2521 -3.5862 31 119 180
-2.7932 -34.2873 -3.6053 31 119 180
-2.79 -34.1547 -3.6149 31 119 180
-2.78 -38.0423 -3.6433 31 119 180
-2.6855 -35.6678 -3.9287 38 38 38
-2.676 -35.5573 -3.9572 38 38 38
-2.6697 -35.7782 -3.9762 38 38 38
-2.6284 -36.8495 -4.0999 38 38 38
-2.6221 -37.0152 -4.1189 38 38 38
-2.6095 -36.7059 -4.1569 38 38 38
-2.6095 -36.9268 -4.1569 38 38 38
-2.5968 -36.8053 -4.195 38 38 38
-2.5936 -37.0483 -4.2045 38 38 38
-2.5905 -37.1698 -4.214 38 38 38
-2.581 -36.6397 -4.2425 38 38 38
-2.581 -36.728 -4.2425 38 38 38
-2.4295 -35.2481 -4.6991 38 38 38
-2.42 -35.3365 -4.7277 38 38 38
-2.3632 -35.0493 -4.8989 38 38 38
-2.3568 -35.2591 -4.9179 38 38 38
-2.3473 -35.1487 -4.9464 38 38 38
-3.1808 -36.1181 -1.8657 255 187 120
-3.1808 -36.2175 -1.8657 255 187 120
-3.1744 -36.4826 -1.8848 255 187 120
-3.1586 -36.3279 -1.9323 255 187 120
-3.1555 -36.4163 -1.9418 255 187 120
-3.1523 -36.1071 -1.9513 255 187 120
-2.9911 -35.0578 -2.4364 255 187 120
-2.988 -34.9032 -2.4459 255 187 120
-2.9753 -34.9805 -2.4839 255 187 120
-2.9753 -35.1351 -2.4839 255 187 120
-2.9627 -35.0578 -2.522 255 187 120
-2.9563 -35.2566 -2.541 255 187 120
-2.9563 -35.3892 -2.541 255 187 120
-2.9532 -35.4775 -2.5505 255 187 120
-2.9437 -35.1351 -2.5791 255 187 120
-2.931 -35.2898 -2.6171 255 187 120
-2.931 -37.4876 -2.6172 255 187 120
-2.9278 -37.6643 -2.6267 255 187 120
-2.9215 -37.1894 -2.6457 255 187 120
-2.9215 -37.3108 -2.6457 255 187 120
-2.8963 -35.5438 -2.7217 255 187 120
-2.7066 -33.5889 -3.2924 31 119 180
-2.7035 -33.4895 -3.3019 31 119 180
-2.694 -33.2576 -3.3304 31 119 180
-2.6877 -33.6773 -3.3494 31 119 180
-2.6782 -33.3349 -3.3779 31 119 180
-2.6782 -33.5889 -3.378 31 119 180
-2.675 -33.4343 -3.3875 31 119 180
-2.6716 -39.4534 -3.3972 31 119 180
-2.6687 -34.0307 -3.4065 31 119 180
-2.6685 -39.2877 -3.4067 31 119 180
-2.6653 -39.1552 -3.4162 31 119 180
-2.6624 -33.9202 -3.4255 31 119 180
-2.6561 -33.7104 -3.4445 31 119 180
-2.6558 -39.0447 -3.4447 31 119 180
-2.6495 -38.5257 -3.4637 38 38 38
-2.6432 -38.3931 -3.4827 31 119 180
-2.6369 -38.2937 -3.5018 31 119 180
-2.6369 -38.9012 -3.5018 31 119 180
-2.6274 -38.7024 -3.5303 31 119 180
-2.6274 -38.8018 -3.5303 31 119 180
-2.6086 -34.119 -3.5872 31 119 180
-2.6086 -34.2736 -3.5872 31 119 180
-2.5991 -34.362 -3.6158 31 119 180
-2.596 -34.1963 -3.6253 31 119 180
-2.5926 -38.0508 -3.6349 31 119 180
-2.5105 -35.5548 -3.8821 38 38 38
-2.5074 -35.6762 -3.8916 38 38 38
-2.5042 -35.7646 -3.9011 38 38 38
-2.501 -35.8971 -3.9107 38 38 38
-2.4852 -35.5216 -3.9582 38 38 38
-2.4821 -35.6431 -3.9677 38 38 38
-2.4789 -35.7315 -3.9772 38 38 38
-2.4757 -35.8198 -3.9868 38 38 38
-2.4504 -36.9905 -4.0629 38 38 38
-2.4346 -36.8801 -4.1104 38 38 38
-2.4283 -36.7586 -4.1295 38 38 38
-2.4283 -37.0457 -4.1295 38 38 38
-2.4156 -36.9574 -4.1675 38 38 38
-2.4156 -37.123 -4.1675 38 38 38
-2.4061 -36.8248 -4.196 38 38 38
-2.403 -36.626 -4.2055 38 38 38
-2.3966 -37.0568 -4.2246 38 38 38
-2.3935 -36.7254 -4.2341 38 38 38
-2.226 -35.2565 -4.7381 38 38 38
-2.1723 -35.1129 -4.8998 38 38 38
-3.1063 -35.8087 -1.8094 255 187 120
-3.1032 -35.9633 -1.8189 255 187 120
-3.0968 -36.2063 -1.8379 255 187 120
-3.0969 -36.3278 -1.8379 255 187 120
-3.0937 -36.1179 -1.8474 255 187 120
-3.0873 -35.7093 -1.8664 255 187 120
-3.0874 -36.5376 -1.8665 255 187 120
-3.0874 -36.7695 -1.8665 255 187 120
-3.0874 -36.8689 -1.8665 255 187 120
-3.0779 -35.8529 -1.895 255 187 120
-3.0715 -36.0075 -1.914 255 187 120
-3.0716 -36.2505 -1.914 255 187 120
-3.0716 -36.6922 -1.914 255 187 120
-2.9071 -34.9583 -2.4086 255 187 120
-2.8944 -35.0908 -2.4466 255 187 120
-2.8818 -34.892 -2.4846 255 187 120
-2.8786 -35.1902 -2.4942 255 187 120
-2.8565 -35.2896 -2.5608 255 187 120
-2.8566 -37.5978 -2.5608 255 187 120
-2.8502 -35.4111 -2.5798 255 187 120
-2.8408 -37.4211 -2.6084 255 187 120
-2.8282 -37.2886 -2.6464 255 187 120
-2.8219 -37.5205 -2.6655 255 187 120
-2.8186 -35.4663 -2.6749 255 187 120
-2.8155 -37.2002 -2.6845 255 187 120
-2.8092 -37.3549 -2.7035 255 187 120
-2.7997 -37.1008 -2.732 255 187 120
-2.6034 -33.3237 -3.3216 31 119 180
-2.5971 -33.4783 -3.3406 31 119 180
-2.5975 -39.387 -3.3408 31 119 180
-2.5845 -33.401 -3.3786 31 119 180
-2.5813 -33.5667 -3.3882 31 119 180
-2.5718 -33.2133 -3.4167 31 119 180
-2.5658 -39.0336 -3.4359 31 119 180
-2.5659 -39.2544 -3.436 31 119 180
-2.5624 -33.655 -3.4452 31 119 180
-2.5627 -39.1329 -3.4455 31 119 180
-2.5592 -34.0084 -3.4548 31 119 180
-2.5564 -39.5084 -3.4645 38 38 38
-2.55 -38.8679 -3.4835 31 119 180
-2.5469 -38.9673 -3.493 31 119 180
-2.5181 -34.2183 -3.5784 31 119 180
-2.5121 -38.4372 -3.5976 31 119 180
-2.5121 -38.7243 -3.5976 38 38 38
-2.5089 -38.3157 -3.6071 31 119 180
-2.5055 -34.1299 -3.6165 31 119 180
-2.5025 -38.0727 -3.6261 31 119 180
-2.4931 -38.2273 -3.6547 31 119 180
-2.4773 -38.1169 -3.7022 31 119 180
-2.3033 -36.648 -4.2253 38 38 38
-2.2969 -36.5486 -4.2443 38 38 38
-3.0087 -35.7936 -1.8131 255 187 120
-2.9992 -36.1912 -1.8417 255 187 120
-2.996 -36.3237 -1.8512 255 187 120
-2.9897 -35.7163 -1.8701 255 187 120
-2.9897 -35.9482 -1.8702 255 187 120
-2.9897 -36.0697 -1.8702 255 187 120
-2.9866 -36.6772 -1.8798 255 187 120
-2.9866 -36.8759 -1.8798 255 187 120
-2.9834 -36.4563 -1.8893 255 187 120
-2.9802 -35.8378 -1.8987 255 187 120
-2.9771 -36.2575 -1.9083 255 187 120
-2.9739 -36.147 -1.9178 255 187 120
-2.8094 -34.9984 -2.4121 255 187 120
-2.8063 -34.8769 -2.4216 255 187 120
-2.7936 -35.1088 -2.4597 255 187 120
-2.7557 -35.1861 -2.5739 255 187 120
-2.7557 -35.2855 -2.5739 255 187 120
-2.7526 -35.3849 -2.5834 255 187 120
-2.7526 -35.4843 -2.5834 255 187 120
-2.7464 -37.6379 -2.6029 255 187 120
-2.7432 -37.4391 -2.6123 255 187 120
-2.7337 -37.5495 -2.6409 255 187 120
-2.7306 -37.3065 -2.6504 255 187 120
-2.7209 -35.4511 -2.6786 255 187 120
-2.7116 -37.2182 -2.7074 255 187 120
-2.7116 -37.3949 -2.7074 255 187 120
-2.6926 -37.1298 -2.7645 255 187 120
-2.5027 -33.3305 -3.3345 31 119 180
-2.4995 -33.441 -3.344 31 119 180
-2.4999 -39.2944 -3.345 31 119 180
-2.4904 -39.195 -3.3736 31 119 180
-2.4869 -33.5956 -3.3821 31 119 180
-2.4841 -39.3827 -3.3926 31 119 180
-2.4774 -33.2643 -3.4105 31 119 180
-2.4711 -33.5183 -3.4296 31 119 180
-2.4715 -39.0514 -3.4306 31 119 180
-2.4683 -39.1398 -3.4401 31 119 180
-2.4683 -39.2723 -3.4402 31 119 180
-2.4648 -34.0042 -3.4487 31 119 180
-2.4584 -33.6287 -3.4677 31 119 180
-2.4556 -38.8857 -3.4781 31 119 180
-2.4525 -38.9851 -3.4877 31 119 180
-2.443 -39.5484 -3.5163 38 38 38
-2.4268 -34.1809 -3.5629 31 119 180
-2.4174 -34.0925 -3.5914 31 119 180
-2.4176 -38.1458 -3.5921 31 119 180
-2.4177 -38.3666 -3.5922 31 119 180
-2.4145 -38.455 -3.6017 31 119 180
-2.4047 -34.2803 -3.6295 31 119 180
-2.3984 -34.1698 -3.6485 31 119 180
-2.3924 -38.212 -3.6682 31 119 180
-2.3892 -38.0353 -3.6777 31 119 180
-2.3829 -38.1237 -3.6968 31 119 180
-2.329 -35.7823 -3.858 38 38 38
-2.3195 -35.8706 -3.8866 38 38 38
-2.3131 -35.6608 -3.9056 38 38 38
-2.3005 -35.7602 -3.9436 38 38 38
-2.1994 -36.489 -4.2481 38 38 38
-2.1836 -36.5774 -4.2957 38 38 38
-2.1709 -36.3675 -4.3337 38 38 38
-2.1646 -36.478 -4.3527 38 38 38
-2.9125 -35.8703 -1.8116 255 187 120
-2.9125 -36.0028 -1.8116 255 187 120
-2.9094 -35.7267 -1.8211 255 187 120
-2.8999 -36.7759 -1.8498 38 38 38
-2.8967 -36.2899 -1.8592 255 187 120
-2.8841 -36.8974 -1.8973 255 187 120
-2.8746 -36.6433 -1.9258 255 187 120
-2.7133 -34.9204 -2.4106 255 187 120
-2.7038 -35.0529 -2.4392 255 187 120
-2.688 -34.9756 -2.4867 255 187 120
-2.6754 -35.2517 -2.5248 255 187 120
-2.6629 -37.5268 -2.5632 255 187 120
-2.6532 -35.1633 -2.5914 255 187 120
-2.6501 -35.4947 -2.601 255 187 120
-2.6438 -35.2959 -2.6199 255 187 120
-2.6376 -37.3611 -2.6393 255 187 120
-2.6376 -37.6151 -2.6393 255 187 120
-2.6344 -37.2617 -2.6488 255 187 120
-2.6313 -37.4605 -2.6583 255 187 120
-2.6248 -35.4615 -2.677 255 187 120
-2.6218 -37.1623 -2.6868 255 187 120
-2.5933 -37.1071 -2.7724 255 187 120
-2.4101 -39.3379 -3.3244 31 119 180
-2.4065 -33.2968 -3.333 31 119 180
-2.4006 -39.4263 -3.353 31 119 180
-2.397 -33.4403 -3.3615 31 119 180
-2.3943 -39.2606 -3.372 31 119 180
-2.3875 -33.5397 -3.3901 31 119 180
-2.3844 -33.2415 -3.3995 31 119 180
-2.3781 -33.363 -3.4186 31 119 180
-2.3721 -39.1281 -3.4385 31 119 180
-2.369 -39.2164 -3.4481 31 119 180
-2.3654 -33.4624 -3.4566 31 119 180
-2.3626 -38.9845 -3.4671 31 119 180
-2.3591 -33.5728 -3.4757 31 119 180
-2.3591 -33.6612 -3.4757 31 119 180
-2.3591 -34.0146 -3.4758 31 119 180
-2.3468 -38.7636 -3.5146 31 119 180
-2.3437 -39.5146 -3.5242 38 38 38
-2.3405 -38.8851 -3.5336 38 38 38
-2.3275 -34.2134 -3.5709 31 119 180
-2.3057 -38.1782 -3.6381 31 119 180
-2.3025 -38.3329 -3.6477 31 119 180
-2.2959 -34.2134 -3.666 31 119 180
-2.2928 -34.3128 -3.6755 31 119 180
-2.2804 -38.0788 -3.7142 31 119 180
-2.2613 -36.0246 -3.7709 38 38 38
-2.2549 -35.9142 -3.7899 38 38 38
-2.2296 -35.9915 -3.866 38 38 38
-2.1538 -36.7756 -4.0944 38 38 38
-2.1412 -36.6651 -4.1325 38 38 38
-2.1127 -36.5768 -4.2181 38 38 38
-2.1032 -36.6762 -4.2466 38 38 38
-2.1001 -36.4774 -4.2561 38 38 38
-2.0843 -36.5547 -4.3037 38 38 38
-2.0748 -36.3669 -4.3322 38 38 38
-2.0653 -36.4553 -4.3607 38 38 38
-2.0463 -36.3669 -4.4178 38 38 38
-2.0273 -36.1681 -4.4748 38 38 38
-2.7081 -36.7097 -1.8417 255 187 120
-2.7017 -35.8372 -1.8605 255 187 120
-2.7017 -36.6214 -1.8607 255 187 120
-2.6922 -36.7981 -1.8893 255 187 120
-2.5214 -35.0199 -2.4025 255 187 120
-2.5151 -34.8653 -2.4215 255 187 120
-2.5024 -34.9536 -2.4596 255 187 120
-2.4773 -37.5821 -2.5362 255 187 120
-2.4678 -37.4937 -2.5647 255 187 120
-2.4583 -37.4054 -2.5932 255 187 120
-2.455 -35.5058 -2.6024 38 38 38
-2.4551 -37.6373 -2.6028 255 187 120
-2.4488 -37.2287 -2.6217 255 187 120
-2.4488 -37.317 -2.6217 255 187 120
-2.4361 -37.1072 -2.6597 255 187 120
-2.4266 -35.4837 -2.6879 38 38 38
-2.2146 -33.5177 -3.3248 31 119 180
-2.2083 -33.4183 -3.3438 31 119 180
-2.2051 -33.2747 -3.3533 31 119 180
-2.1864 -39.338 -3.4115 31 119 180
-2.183 -33.5398 -3.4199 31 119 180
-2.1833 -39.4374 -3.4211 31 119 180
-2.1738 -39.095 -3.4495 31 119 180
-2.1738 -39.2165 -3.4496 31 119 180
-2.1704 -33.6502 -3.458 31 119 180
-2.1672 -33.9815 -3.4676 31 119 180
-2.1675 -39.5368 -3.4686 31 119 180
-2.1548 -39.4042 -3.5067 31 119 180
-2.1484 -38.5207 -3.5255 31 119 180
-2.1453 -38.7637 -3.5351 31 119 180
-2.1388 -34.114 -3.5532 38 38 38
-2.1261 -34.2576 -3.5913 38 38 38
-2.1103 -34.1693 -3.6388 38 38 38
-2.1073 -38.2114 -3.6491 31 119 180
-2.0883 -38.0568 -3.7061 31 119 180
-2.0883 -38.1451 -3.7062 31 119 180
-2.0724 -35.8811 -3.7533 38 38 38
-2.0693 -36.0357 -3.7628 38 38 38
-2.0535 -35.7485 -3.8103 38 38 38
-2.0471 -35.9584 -3.8294 38 38 38
-2.044 -35.8479 -3.8389 38 38 38
-2.0408 -36.0909 -3.8484 38 38 38
-1.9049 -36.3117 -4.2574 38 38 38
-1.8985 -36.2013 -4.2764 38 38 38
-1.8321 -36.146 -4.4762 38 38 38
-1.81 -36.2344 -4.5428 38 38 38
-1.8068 -36.1018 -4.5523 38 38 38
-2.7302 -35.771 -1.7749 255 187 120
-2.7302 -35.8593 -1.7749 255 187 120
-2.7238 -36.2901 -1.7941 255 187 120
-2.7207 -36.1907 -1.8035 255 187 120
-2.7112 -36.8754 -1.8322 255 187 120
-2.708 -35.7047 -1.8415 255 187 120
-2.6922 -36.1686 -1.8891 255 187 120
-2.6923 -36.9527 -1.8893 255 187 120
-2.0029 -36.7867 -3.9627 38 38 38
-1.9017 -36.7203 -4.267 38 38 38
-2.5445 -35.7913 -1.7569 255 187 120
-2.5445 -35.9018 -1.757 255 187 120
-2.535 -35.6478 -1.7855 255 187 120
-2.5257 -36.8074 -1.8142 255 187 120
-2.5192 -35.957 -1.8331 255 187 120
-2.513 -36.6749 -1.8522 255 187 120
-2.5004 -36.7632 -1.8903 255 187 120
-2.5004 -36.8847 -1.8903 255 187 120
-2.3389 -34.8856 -2.375 38 38 38
-2.3358 -35.0402 -2.3845 255 187 120
-2.3073 -35.1728 -2.4702 255 187 120
-2.3041 -35.0734 -2.4797 255 187 120
-2.2883 -35.2942 -2.5273 255 187 120
-2.2886 -37.5804 -2.5277 255 187 120
-2.282 -35.2059 -2.5463 255 187 120
-2.2757 -35.4489 -2.5653 255 187 120
-2.2696 -37.2049 -2.5847 255 187 120
-2.2696 -37.4589 -2.5847 255 187 120
-2.2601 -37.5804 -2.6133 255 187 120
-2.2443 -37.3926 -2.6608 255 187 120
-2.0067 -33.2399 -3.3734 31 119 180
-2.0036 -33.3393 -3.3829 31 119 180
-2.0036 -33.4608 -3.3829 31 119 180
-2.0004 -33.6264 -3.3925 31 119 180
-1.9751 -33.7148 -3.4686 31 119 180
-1.9757 -39.3363 -3.4696 31 119 180
-1.9719 -33.2178 -3.478 31 119 180
-1.9694 -39.513 -3.4887 31 119 180
-1.9662 -38.8393 -3.4981 31 119 180
-1.9662 -39.1596 -3.4981 31 119 180
-1.9662 -39.4246 -3.4982 31 119 180
-1.963 -39.0381 -3.5076 31 119 180
-1.963 -39.2479 -3.5077 31 119 180
-1.9598 -38.6294 -3.5171 31 119 180
-1.9566 -38.519 -3.5265 31 119 180
-1.9404 -34.1897 -3.5733 31 119 180
-1.9341 -34.3001 -3.5923 31 119 180
-1.9309 -34.0903 -3.6018 31 119 180
-1.9313 -38.2981 -3.6026 31 119 180
-1.9314 -38.6846 -3.6027 31 119 180
-1.9187 -38.1876 -3.6406 31 119 180
-1.9151 -34.2338 -3.6494 31 119 180
-1.8997 -38.0993 -3.6977 31 119 180
-1.8931 -35.9125 -3.7163 38 38 38
-1.8934 -38.2539 -3.7167 31 119 180
-1.8836 -35.791 -3.7448 38 38 38
-1.8742 -36.023 -3.7734 38 38 38
-1.8615 -35.9236 -3.8114 38 38 38
-1.8426 -36.7077 -3.8686 38 38 38
-1.8237 -36.785 -3.9257 38 38 38
-1.7794 -36.7297 -4.0588 38 38 38
-1.7762 -36.5641 -4.0683 38 38 38
-1.7572 -36.6745 -4.1254 38 38 38
-1.7509 -36.5088 -4.1444 38 38 38
-1.7351 -36.288 -4.1919 38 38 38
-1.7288 -36.4315 -4.211 38 38 38
-1.7225 -36.553 -4.23 38 38 38
-1.7129 -36.3542 -4.2585 38 38 38
-1.7035 -36.2659 -4.287 38 38 38
-1.656 -36.1996 -4.4297 38 38 38
-1.6528 -36.0229 -4.4391 38 38 38
-1.6528 -36.1112 -4.4392 38 38 38
-1.6307 -35.9566 -4.5057 38 38 38
-1.6307 -36.2658 -4.5058 38 38 38
-1.6275 -36.056 -4.5152 38 38 38
-1.6276 -36.1554 -4.5153 38 38 38
-2.4442 -35.7265 -1.7663 255 187 120
-2.441 -35.8921 -1.7758 255 187 120
-2.4347 -36.0026 -1.7949 255 187 120
-2.4252 -36.853 -1.8236 255 187 120
-2.4063 -36.0357 -1.8805 255 187 120
-2.4063 -36.6763 -1.8806 255 187 120
-2.4063 -36.7757 -1.8806 255 187 120
-2.2292 -35.0527 -2.4129 255 187 120
-2.226 -34.9312 -2.4224 255 187 120
-2.2134 -35.141 -2.4605 255 187 120
-2.2007 -35.2183 -2.4986 255 187 120
-2.1849 -37.5376 -2.5465 255 187 120
-2.1786 -35.4613 -2.5652 255 187 120
-2.1723 -37.637 -2.5846 255 187 120
-2.1691 -37.383 -2.5941 255 187 120
-2.1596 -37.1289 -2.6225 255 187 120
-2.1565 -37.2283 -2.6321 255 187 120
-2.1438 -37.3388 -2.6701 255 187 120
-1.9161 -33.5505 -3.3542 31 119 180
-1.9003 -33.2744 -3.4018 31 119 180
-1.9003 -33.4621 -3.4018 31 119 180
-1.8908 -33.6278 -3.4304 31 119 180
-1.875 -38.9621 -3.4789 31 119 180
-1.875 -39.1278 -3.4789 31 119 180
-1.8656 -39.4812 -3.5075 31 119 180
-1.8592 -39.3376 -3.5265 31 119 180
-1.8561 -39.0615 -3.536 31 119 180
-1.8561 -39.2382 -3.536 31 119 180
-1.8497 -34.1468 -3.5541 31 119 180
-1.8308 -38.3657 -3.6119 31 119 180
-1.8276 -34.0916 -3.6207 31 119 180
-1.8276 -34.3014 -3.6207 31 119 180
-1.8244 -38.4651 -3.631 31 119 180
-1.8212 -34.191 -3.6397 31 119 180
-1.815 -38.2332 -3.6595 31 119 180
-1.8023 -38.1338 -3.6975 31 119 180
-1.7896 -35.9691 -3.7351 38 38 38
-1.7865 -35.8476 -3.7446 38 38 38
-1.7707 -35.7703 -3.7922 38 38 38
-1.7643 -35.9028 -3.8112 38 38 38
-1.7612 -36.0353 -3.8208 38 38 38
-1.7454 -36.7753 -3.8684 38 38 38
-1.7264 -36.698 -3.9255 38 38 38
-1.7264 -36.8416 -3.9255 38 38 38
-1.6821 -36.6648 -4.0587 38 38 38
-1.6663 -36.5212 -4.1062 38 38 38
-1.6663 -36.7532 -4.1062 38 38 38
-1.6537 -36.6317 -4.1442 38 38 38
-1.6379 -36.3666 -4.1918 38 38 38
-1.6379 -36.455 -4.1918 38 38 38
-1.6347 -36.5544 -4.2013 38 38 38
-1.6252 -36.2341 -4.2298 38 38 38
-1.6126 -36.4108 -4.2678 38 38 38
-1.6126 -36.4991 -4.2679 38 38 38
-1.6062 -36.3224 -4.2869 38 38 38
-1.5525 -36.1125 -4.4485 38 38 38
-1.5525 -36.2009 -4.4485 38 38 38
-1.5462 -36.0242 -4.4675 38 38 38
-1.5272 -35.9579 -4.5246 38 38 38
-1.524 -36.1125 -4.5341 38 38 38
-1.524 -36.2561 -4.5341 38 38 38
-2.3465 -35.8052 -1.7668 255 187 120
-2.3433 -35.6726 -1.7763 255 187 120
-2.3433 -35.9598 -1.7763 255 187 120
-2.3275 -36.8433 -1.824 255 187 120
-2.3243 -36.6997 -1.8335 255 187 120
-2.3054 -36.0481 -1.8905 255 187 120
-2.3022 -36.1917 -1.9 255 187 120
-2.3022 -36.2911 -1.9 255 187 120
-2.1346 -34.9878 -2.404 255 187 120
-2.1314 -35.0762 -2.4135 255 187 120
-2.1251 -34.8553 -2.4325 255 187 120
-2.1156 -35.1535 -2.461 255 187 120
-2.0998 -35.2308 -2.5086 255 187 120
-2.0903 -35.4185 -2.5372 255 187 120
-2.0903 -37.5059 -2.5374 255 187 120
-2.0745 -37.2077 -2.5849 255 187 120
-2.0745 -37.6053 -2.585 255 187 120
-2.065 -37.296 -2.6135 255 187 120
-2.065 -37.3844 -2.6135 255 187 120
-2.0619 -35.4517 -2.6228 255 187 120
-1.8468 -33.3753 -3.2693 31 119 180
-1.8215 -33.3421 -3.3454 31 119 180
-1.8089 -33.5188 -3.3834 31 119 180
-1.7899 -33.6735 -3.4405 31 119 180
-1.7804 -39.3391 -3.4697 31 119 180
-1.7772 -33.8612 -3.4786 31 119 180
-1.7741 -34.0048 -3.4881 31 119 180
-1.7741 -39.4275 -3.4887 31 119 180
-1.7741 -39.5379 -3.4887 31 119 180
-1.7677 -39.1514 -3.5077 31 119 180
-1.7551 -39.2949 -3.5458 31 119 180
-1.7519 -34.1263 -3.5547 31 119 180
-1.7488 -34.2257 -3.5642 31 119 180
-1.7393 -34.0379 -3.5927 31 119 180
-1.733 -38.3893 -3.6122 31 119 180
-1.733 -38.7096 -3.6123 31 119 180
-1.7266 -38.3009 -3.6313 31 119 180
-1.7235 -34.1483 -3.6403 31 119 180
-1.7203 -34.2919 -3.6498 31 119 180
-1.7108 -38.2015 -3.6788 31 119 180
-1.7108 -38.4445 -3.6788 31 119 180
-1.6918 -38.1021 -3.7359 31 119 180
-1.5242 -36.1914 -4.2397 38 38 38
-2.2517 -35.8723 -1.756 255 187 120
-2.2485 -35.7398 -1.7655 255 187 120
-2.2263 -36.546 -1.8322 255 187 120
-2.2263 -36.6785 -1.8322 255 187 120
-2.2262 -36.7779 -1.8322 255 187 120
-2.2231 -36.9215 -1.8417 255 187 120
-2.2169 -35.9827 -1.8607 255 187 120
-2.2137 -36.1042 -1.8702 255 187 120
-2.0431 -34.9224 -2.3837 255 187 120
-2.0336 -35.066 -2.4122 255 187 120
-2.0209 -34.9887 -2.4502 255 187 120
-2.0082 -35.2427 -2.4883 255 187 120
-1.9956 -35.32 -2.5264 255 187 120
-1.9826 -37.5178 -2.5646 255 187 120
-1.9797 -35.3973 -2.5739 255 187 120
-1.9795 -37.4294 -2.5741 255 187 120
-1.9794 -37.6393 -2.5741 255 187 120
-1.9668 -37.2527 -2.6121 255 187 120
-1.9668 -37.3521 -2.6122 255 187 120
-1.9352 -37.1754 -2.7072 255 187 120
-1.7586 -33.4092 -3.2395 31 119 180
-1.727 -33.4644 -3.3346 31 119 180
-1.727 -33.5528 -3.3346 31 119 180
-1.7143 -33.8399 -3.3727 31 119 180
-1.7112 -33.6301 -3.3822 31 119 180
-1.6985 -33.9614 -3.4203 31 119 180
-1.6953 -33.7626 -3.4298 31 119 180
-1.6882 -39.4725 -3.4493 31 119 180
-1.685 -39.3289 -3.4588 31 119 180
-1.6756 -39.119 -3.4873 31 119 180
-1.6724 -39.5498 -3.4969 31 119 180
-1.6692 -39.4062 -3.5064 31 119 180
-1.6597 -39.2626 -3.5349 31 119 180
-1.6415 -34.2706 -3.5915 31 119 180
-1.6257 -34.1933 -3.639 31 119 180
-1.6251 -38.2576 -3.6394 31 119 180
-1.6251 -38.368 -3.6394 31 119 180
-1.622 -38.1361 -3.6489 31 119 180
-1.5935 -38.1029 -3.7345 31 119 180
-1.4356 -36.2695 -4.2099 38 38 38
-1.4325 -36.3579 -4.2194 38 38 38
-1.4072 -36.1701 -4.2955 38 38 38
-1.4072 -36.3247 -4.2955 38 38 38
-1.404 -36.4352 -4.305 38 38 38
-2.1598 -35.9032 -1.7575 255 187 120
-2.1407 -36.7867 -1.8148 255 187 120
-2.1376 -36.6984 -1.8242 255 187 120
-2.1345 -35.7927 -1.8336 255 187 120
-2.1313 -35.9363 -1.8431 255 187 120
-2.1313 -36.599 -1.8433 255 187 120
-2.1281 -36.864 -1.8528 255 187 120
-2.125 -36.0357 -1.8622 255 187 120
-1.9512 -34.9864 -2.3851 255 187 120
-1.9164 -35.3177 -2.4898 255 187 120
-1.9133 -35.2183 -2.4993 255 187 120
-1.9101 -35.4171 -2.5088 255 187 120
-1.9004 -37.4934 -2.5377 255 187 120
-1.8975 -35.1189 -2.5468 255 187 120
-1.8877 -37.3829 -2.5758 255 187 120
-1.8846 -37.2062 -2.5852 255 187 120
-1.8814 -37.5817 -2.5948 255 187 120
-1.8785 -35.4281 -2.6039 255 187 120
-1.8719 -37.3056 -2.6233 255 187 120
-1.8719 -37.4713 -2.6233 255 187 120
-1.67 -33.3627 -3.2313 31 119 180
-1.6478 -33.6499 -3.298 31 119 180
-1.6289 -33.5725 -3.355 31 119 180
-1.6257 -33.7051 -3.3645 31 119 180
-1.6225 -33.8486 -3.3741 31 119 180
-1.6036 -33.7713 -3.4311 31 119 180
-1.5967 -39.4701 -3.4512 31 119 180
-1.5935 -39.3155 -3.4607 31 119 180
-1.5909 -33.8707 -3.4692 31 119 180
-1.5909 -33.9811 -3.4692 31 119 180
-1.5809 -38.9068 -3.4986 31 119 180
-1.5777 -39.0173 -3.5082 31 119 180
-1.5777 -39.1167 -3.5082 31 119 180
-1.5777 -39.3928 -3.5082 31 119 180
-1.5746 -38.6418 -3.5176 31 119 180
-1.5714 -39.5474 -3.5273 31 119 180
-1.5683 -38.7301 -3.5367 31 119 180
-1.5593 -34.191 -3.5644 31 119 180
-1.5466 -34.0916 -3.6024 31 119 180
-1.543 -38.4761 -3.6127 31 119 180
-1.5308 -34.2351 -3.65 31 119 180
-1.5308 -34.3566 -3.65 31 119 180
-1.5304 -38.2994 -3.6507 31 119 180
-1.5178 -38.0564 -3.6887 31 119 180
-1.5146 -38.1779 -3.6982 31 119 180
-1.5085 -35.8696 -3.7169 38 38 38
-1.5022 -35.969 -3.7359 38 38 38
-1.4864 -35.8034 -3.7834 38 38 38
-1.4832 -35.9028 -3.793 38 38 38
-1.442 -36.7421 -3.9167 38 38 38
-1.3851 -36.7752 -4.088 38 38 38
-1.3441 -36.2229 -4.2115 38 38 38
-1.3346 -36.3776 -4.2401 38 38 38
-1.3283 -36.0904 -4.259 38 38 38
-1.3188 -36.1898 -4.2876 38 38 38
-1.3188 -36.2782 -4.2876 38 38 38
-1.2998 -36.1235 -4.3446 38 38 38
-1.2998 -36.4217 -4.3447 38 38 38
-1.2967 -35.9579 -4.3541 38 38 38
-1.2809 -35.8805 -4.4017 38 38 38
-1.2808 -36.0462 -4.4017 38 38 38
-2.0643 -35.7913 -1.748 255 187 120
-2.0548 -36.3656 -1.7767 255 187 120
-2.0515 -36.8295 -1.7863 255 187 120
-2.0452 -36.7411 -1.8053 255 187 120
-2.0422 -35.7251 -1.8146 255 187 120
-2.0421 -36.222 -1.8147 255 187 120
-2.0358 -35.8134 -1.8336 255 187 120
-2.0327 -35.9128 -1.8431 255 187 120
-2.0326 -36.4208 -1.8433 255 187 120
-2.0295 -36.3104 -1.8528 255 187 120
-2.0294 -36.9289 -1.8529 255 187 120
-1.8557 -34.9518 -2.3755 255 187 120
-1.8462 -35.0512 -2.4041 255 187 120
-1.8209 -35.2831 -2.4802 255 187 120
-1.8111 -37.5361 -2.5094 255 187 120
-1.8082 -35.4598 -2.5183 255 187 120
-1.8051 -35.1284 -2.5277 255 187 120
-1.8016 -37.4477 -2.5379 255 187 120
-1.7953 -37.6134 -2.5569 255 187 120
-1.789 -37.3594 -2.5759 255 187 120
-1.7797 -35.4487 -2.6039 255 187 120
-1.7732 -37.4477 -2.6235 255 187 120
-1.7669 -37.2378 -2.6424 255 187 120
-1.7606 -37.3262 -2.6615 255 187 120
-1.7542 -37.1495 -2.6805 255 187 120
-1.5839 -33.4274 -3.193 31 119 180
-1.5681 -33.6152 -3.2406 31 119 180
-1.5586 -33.3832 -3.2691 31 119 180
-1.5523 -33.2949 -3.2881 31 119 180
-1.5491 -33.7366 -3.2977 31 119 180
-1.527 -33.6593 -3.3643 31 119 180
-1.5174 -33.8912 -3.3929 31 119 180
-1.5111 -33.7808 -3.4119 31 119 180
-1.4984 -34.0237 -3.45 31 119 180
-1.4884 -39.1924 -3.4799 31 119 180
-1.4852 -39.2918 -3.4895 31 119 180
-1.4852 -39.4133 -3.4895 31 119 180
-1.479 -38.585 -3.5083 31 119 180
-1.4663 -38.7727 -3.5464 31 119 180
-1.4662 -39.5237 -3.5466 31 119 180
-1.451 -34.1231 -3.5927 31 119 180
-1.4379 -38.1873 -3.6318 31 119 180
-1.432 -34.2225 -3.6498 31 119 180
-1.4255 -35.9233 -3.6693 38 38 38
-1.4225 -34.344 -3.6784 31 119 180
-1.4221 -38.099 -3.6794 31 119 180
-1.4192 -35.6472 -3.6882 38 38 38
-1.4192 -36.0558 -3.6883 38 38 38
-1.4189 -38.2536 -3.6889 31 119 180
-1.4129 -35.7576 -3.7073 38 38 38
-1.4002 -35.9785 -3.7454 38 38 38
-1.3971 -35.857 -3.7549 38 38 38
-1.3908 -35.5809 -3.7738 38 38 38
-1.3907 -35.6803 -3.7738 38 38 38
-1.3811 -36.7957 -3.8027 38 38 38
-1.3558 -36.7626 -3.8787 38 38 38
-1.2673 -36.8067 -4.1451 38 38 38
-1.2641 -36.6962 -4.1546 38 38 38
-1.2294 -36.641 -4.2592 38 38 38
-1.223 -36.7514 -4.2782 38 38 38
-1.2105 -36.0887 -4.3161 38 38 38
-1.1978 -36.0114 -4.3541 38 38 38
-1.1788 -36.0777 -4.4112 38 38 38
-1.1725 -35.9783 -4.4302 38 38 38
-1.9682 -35.7478 -1.7581 255 187 120
-1.9587 -36.3 -1.7868 255 187 120
-1.9524 -36.9295 -1.8059 255 187 120
-1.9492 -36.7196 -1.8154 255 187 120
-1.9397 -36.2337 -1.8438 255 187 120
-1.9334 -36.4435 -1.8629 255 187 120
-1.9334 -36.8522 -1.863 255 187 120
-1.7594 -35.0298 -2.3857 255 187 120
-1.7563 -34.9414 -2.3951 255 187 120
-1.7436 -35.1071 -2.4332 255 187 120
-1.731 -35.2396 -2.4713 255 187 120
-1.7152 -35.0849 -2.5188 255 187 120
-1.7152 -37.5257 -2.5194 255 187 120
-1.7026 -37.6141 -2.5575 255 187 120
-1.693 -35.4825 -2.5855 255 187 120
-1.6931 -37.2496 -2.5859 255 187 120
-1.6899 -37.3821 -2.5955 255 187 120
-1.6867 -37.1502 -2.6049 255 187 120
-1.6868 -37.4926 -2.605 255 187 120
-1.4874 -33.5055 -3.2032 31 119 180
-1.4779 -33.384 -3.2318 31 119 180
-1.4653 -33.6711 -3.2699 31 119 180
-1.4558 -33.5828 -3.2984 31 119 180
-1.4432 -33.3287 -3.3364 38 38 38
-1.4368 -33.8147 -3.3555 31 119 180
-1.4274 -33.7042 -3.384 31 119 180
-1.4147 -33.9361 -3.4221 31 119 180
-1.3957 -34.0576 -3.4792 31 119 180
-1.3959 -39.3036 -3.4805 31 119 180
-1.3895 -38.9281 -3.4994 31 119 180
-1.3895 -39.2042 -3.4995 31 119 180
-1.3864 -38.7293 -3.5089 31 119 180
-1.3864 -38.8397 -3.5089 31 119 180
-1.3864 -39.1048 -3.5089 31 119 180
-1.3832 -39.0164 -3.5184 31 119 180
-1.38 -38.5305 -3.5278 31 119 180
-1.3769 -39.4582 -3.5376 31 119 180
-1.3737 -39.5797 -3.5471 31 119 180
-1.3641 -34.0686 -3.5743 31 119 180
-1.3515 -34.2895 -3.6124 31 119 180
-1.3483 -34.168 -3.6219 31 119 180
-1.3421 -38.155 -3.6419 31 119 180
-1.3421 -38.4973 -3.642 38 38 38
-1.3389 -38.3096 -3.6514 31 119 180
-1.3325 -35.9682 -3.6699 38 38 38
-1.3294 -35.8688 -3.6794 38 38 38
-1.323 -34.3447 -3.698 31 119 180
-1.3231 -38.2212 -3.699 31 119 180
-1.3199 -35.6258 -3.7078 38 38 38
-1.3199 -35.7694 -3.7079 38 38 38
-1.3136 -38.0555 -3.7274 31 119 180
-1.3104 -36.0345 -3.7365 38 38 38
-1.3072 -35.9351 -3.746 38 38 38
-1.2977 -35.7142 -3.7744 38 38 38
-1.2978 -35.8246 -3.7745 38 38 38
-1.282 -36.7854 -3.8223 38 38 38
-1.1934 -36.7633 -4.0886 38 38 38
-1.165 -36.7301 -4.1742 38 38 38
-1.1397 -36.6639 -4.2502 38 38 38
-1.1207 -36.1669 -4.3072 38 38 38
-1.1175 -36.6086 -4.3168 38 38 38
-1.1144 -36.7301 -4.3263 38 38 38
-1.108 -36.0454 -4.3452 38 38 38
-1.0985 -35.957 -4.3737 38 38 38
-1.0922 -36.1227 -4.3928 38 38 38
-1.0732 -36.0122 -4.4498 38 38 38
-1.7647 -36.887 -1.7872 255 187 120
-1.7614 -36.2906 -1.7966 255 187 120
-1.7582 -35.7826 -1.806 255 187 120
-1.7583 -36.7324 -1.8062 255 187 120
-1.7519 -35.9814 -1.825 255 187 120
-1.7487 -35.893 -1.8345 255 187 120
-1.7392 -36.1801 -1.8631 255 187 120
-1.5746 -34.9762 -2.3574 255 187 120
-1.5588 -35.0646 -2.405 255 187 120
-1.5556 -34.8989 -2.4144 255 187 120
-1.5429 -34.9873 -2.4525 255 187 120
-1.5398 -35.2081 -2.4621 255 187 120
-1.5271 -35.0866 -2.5001 255 187 120
-1.5272 -35.3738 -2.5002 255 187 120
-1.5244 -37.6047 -2.5102 255 187 120
-1.5117 -37.4059 -2.5482 255 187 120
-1.5054 -37.5053 -2.5673 255 187 120
-1.499 -37.2071 -2.5862 255 187 120
-1.4924 -35.4511 -2.6048 38 38 38
-1.4927 -37.3286 -2.6053 255 187 120
-1.4674 -37.1408 -2.6813 255 187 120
-1.2612 -33.4409 -3.2986 31 119 180
-1.2549 -33.6066 -3.3177 31 119 180
-1.2454 -33.3084 -3.3461 31 119 180
-1.2391 -33.8274 -3.3653 31 119 180
-1.2202 -33.96 -3.4224 31 119 180
-1.2107 -34.0594 -3.4509 31 119 180
-1.1926 -39.4379 -3.5093 31 119 180
-1.1862 -38.9077 -3.5282 31 119 180
-1.1862 -39.1838 -3.5283 31 119 180
-1.1862 -39.2943 -3.5283 31 119 180
-1.1798 -38.7642 -3.5472 31 119 180
-1.1768 -39.5704 -3.5569 31 119 180
-1.1601 -34.1587 -3.6031 31 119 180
-1.1538 -34.2471 -3.6222 31 119 180
-1.1481 -38.223 -3.6422 31 119 180
-1.1383 -36.0473 -3.6702 38 38 38
-1.1386 -38.1125 -3.6707 31 119 180
-1.1351 -35.8485 -3.6796 38 38 38
-1.1256 -35.738 -3.7081 38 38 38
-1.1224 -35.6497 -3.7176 38 38 38
-1.1161 -35.9699 -3.7367 38 38 38
-1.1098 -35.8816 -3.7557 38 38 38
-1.1068 -36.8093 -3.7655 38 38 38
-1.1038 -38.1015 -3.7753 31 119 180
-1.1003 -35.7711 -3.7842 38 38 38
-1.0751 -36.8203 -3.8606 38 38 38
-1.0119 -36.8203 -4.0508 38 38 38
-1.0087 -36.7319 -4.0603 38 38 38
-0.9865 -36.6767 -4.1268 38 38 38
-0.9834 -36.7761 -4.1364 38 38 38
-0.9675 -36.3785 -4.1838 38 38 38
-0.9675 -36.5 -4.1839 38 38 38
-0.9581 -36.6656 -4.2124 38 38 38
-0.9391 -36.5 -4.2695 38 38 38
-0.9359 -36.5994 -4.279 38 38 38
-0.9359 -36.7429 -4.279 38 38 38
-1.6899 -35.8492 -1.7205 255 187 120
-1.6773 -35.7608 -1.7585 255 187 120
-1.6678 -36.0369 -1.7871 255 187 120
-1.6679 -36.7768 -1.7873 255 187 120
-1.6647 -36.6112 -1.7968 255 187 120
-1.6615 -36.1694 -1.8062 255 187 120
-1.6552 -35.9596 -1.8251 255 187 120
-1.6489 -36.6995 -1.8443 255 187 120
-1.6457 -36.0921 -1.8537 255 187 120
-1.6457 -36.2578 -1.8537 255 187 120
-1.4811 -34.8992 -2.348 255 187 120
-1.4622 -35.098 -2.4051 255 187 120
-1.4527 -34.9876 -2.4336 255 187 120
-1.4495 -35.2305 -2.4432 255 187 120
-1.4369 -35.352 -2.4812 255 187 120
-1.4276 -37.5498 -2.5103 255 187 120
-1.4242 -35.1642 -2.5192 255 187 120
-1.4181 -37.4393 -2.5388 255 187 120
-1.4084 -35.3741 -2.5668 255 187 120
-1.4023 -37.2405 -2.5863 255 187 120
-1.3833 -37.3841 -2.6434 255 187 120
-1.1679 -33.4301 -3.2892 31 119 180
-1.1584 -33.3418 -3.3177 31 119 180
-1.1521 -33.7725 -3.3368 31 119 180
-1.1363 -33.9161 -3.3844 31 119 180
-1.1331 -33.2313 -3.3938 31 119 180
-1.1331 -33.4412 -3.3938 31 119 180
-1.1268 -33.5626 -3.4129 31 119 180
-1.111 -33.8608 -3.4605 31 119 180
-1.111 -34.0375 -3.4605 31 119 180
-1.1084 -39.5154 -3.4714 31 119 180
-1.1015 -33.9492 -3.4891 31 119 180
-1.102 -39.2172 -3.4904 31 119 180
-1.102 -39.3387 -3.4904 31 119 180
-1.0989 -39.4271 -3.4999 31 119 180
-1.0925 -39.0737 -3.5189 31 119 180
-1.0893 -38.665 -3.5283 31 119 180
-1.0893 -38.7976 -3.5283 31 119 180
-1.0862 -38.9853 -3.5379 31 119 180
-1.0799 -39.5375 -3.557 31 119 180
-1.0731 -34.2473 -3.5747 31 119 180
-1.0604 -34.17 -3.6128 31 119 180
-1.0577 -38.2785 -3.6233 31 119 180
-1.0577 -38.3779 -3.6233 31 119 180
-1.0577 -39.0295 -3.6235 31 119 180
-1.0478 -34.3025 -3.6508 31 119 180
-1.0355 -38.2011 -3.6899 31 119 180
-1.0292 -38.0686 -3.7088 31 119 180
-0.8804 -36.445 -4.1555 38 38 38
-0.8551 -36.3125 -4.2315 38 38 38
-0.8551 -36.4008 -4.2315 38 38 38
-0.8551 -36.5223 -4.2316 38 38 38
-0.8108 -36.5444 -4.3647 38 38 38
-1.602 -35.752 -1.7005 255 187 120
-1.5925 -35.8956 -1.7291 255 187 120
-1.5831 -36.1827 -1.7577 255 187 120
-1.5767 -35.6416 -1.7766 255 187 120
-1.5768 -36.6355 -1.7768 255 187 120
-1.5735 -35.7851 -1.7862 255 187 120
-1.5736 -36.0281 -1.7862 255 187 120
-1.5736 -36.4588 -1.7863 255 187 120
-1.5736 -36.5472 -1.7863 255 187 120
-1.5736 -36.8233 -1.7864 255 187 120
-1.5704 -36.2821 -1.7958 255 187 120
-1.5705 -36.9116 -1.7959 255 187 120
-1.5672 -35.9397 -1.8052 255 187 120
-1.5609 -36.1164 -1.8243 255 187 120
-1.561 -36.7349 -1.8244 255 187 120
-1.5578 -36.3815 -1.8338 255 187 120
-1.5484 -36.9668 -1.8625 255 187 120
-1.39 -35.0119 -2.3376 255 187 120
-1.3711 -34.9015 -2.3947 255 187 120
-1.3584 -35.023 -2.4327 255 187 120
-1.3584 -35.1334 -2.4328 255 187 120
-1.349 -35.2549 -2.4613 255 187 120
-1.3426 -35.3432 -2.4804 255 187 120
-1.3331 -35.1776 -2.5089 255 187 120
-1.3268 -35.4205 -2.5279 255 187 120
-1.3271 -37.5852 -2.5284 255 187 120
-1.3112 -37.3422 -2.5759 255 187 120
-1.3081 -37.4968 -2.5855 255 187 120
-1.3017 -37.1655 -2.6044 255 187 120
-1.2954 -37.2649 -2.6235 255 187 120
-1.0737 -33.4324 -3.2884 31 119 180
-1.0578 -33.2778 -3.3359 31 119 180
-1.0579 -33.7306 -3.336 31 119 180
-1.0515 -33.6312 -3.355 31 119 180
-1.0484 -33.5097 -3.3645 31 119 180
-1.0452 -33.819 -3.3741 31 119 180
-1.0294 -33.576 -3.4216 31 119 180
-1.0073 -33.9846 -3.4883 31 119 180
-1.0073 -34.1171 -3.4883 31 119 180
-1.0078 -39.1312 -3.4894 31 119 180
-1.0047 -39.3963 -3.4989 31 119 180
-0.9984 -39.4957 -3.518 31 119 180
-0.9951 -38.5238 -3.5273 31 119 180
-0.9951 -38.6342 -3.5273 31 119 180
-0.9952 -39.2637 -3.5274 31 119 180
-0.9889 -39.0428 -3.5464 31 119 180
-0.9789 -34.2497 -3.5739 31 119 180
-0.9725 -34.1171 -3.5929 31 119 180
-0.9635 -38.7336 -3.6224 31 119 180
-0.9603 -38.2918 -3.6319 31 119 180
-0.9504 -34.2165 -3.6595 31 119 180
-0.9477 -38.1262 -3.6699 31 119 180
-0.9477 -38.2145 -3.6699 31 119 180
-0.9287 -38.0378 -3.7269 31 119 180
-1.5027 -35.6749 -1.7074 255 187 120
-1.4996 -35.8295 -1.717 255 187 120
-1.4996 -35.9731 -1.717 255 187 120
-1.4838 -36.5143 -1.7647 255 187 120
-1.4807 -36.702 -1.7742 255 187 120
-1.4775 -36.8456 -1.7837 255 187 120
-1.4616 -36.0614 -1.8312 255 187 120
-1.4585 -36.6136 -1.8408 255 187 120
-1.4585 -36.7683 -1.8408 255 187 120
-1.2939 -34.9459 -2.335 255 187 120
-1.2844 -35.0342 -2.3636 255 187 120
-1.2591 -35.2441 -2.4397 255 187 120
-1.253 -37.5633 -2.4591 255 187 120
-1.237 -35.1778 -2.5063 255 187 120
-1.2309 -37.4419 -2.5257 255 187 120
-1.2212 -35.4208 -2.5539 255 187 120
-1.2214 -37.3535 -2.5542 255 187 120
-1.2182 -37.5523 -2.5638 255 187 120
-1.2119 -37.2099 -2.5827 255 187 120
-1.1929 -37.3093 -2.6398 255 187 120
-1.1803 -37.1657 -2.6778 255 187 120
-0.9743 -33.3996 -3.2954 31 119 180
-0.9522 -33.3112 -3.3619 31 119 180
-0.9522 -33.7972 -3.362 31 119 180
-0.9459 -33.4658 -3.381 31 119 180
-0.9427 -33.5984 -3.3905 31 119 180
-0.9238 -33.7971 -3.4476 31 119 180
-0.9238 -33.9407 -3.4477 31 119 180
-0.9238 -34.0291 -3.4477 31 119 180
-0.8989 -38.524 -3.5245 31 119 180
-0.899 -39.2971 -3.5247 31 119 180
-0.8958 -39.4628 -3.5342 31 119 180
-0.8927 -39.5732 -3.5437 31 119 180
-0.8827 -34.2058 -3.5713 31 119 180
-0.8672 -38.2148 -3.6196 31 119 180
-0.8574 -34.1726 -3.6474 31 119 180
-0.8576 -36.028 -3.6477 44 160 44
-0.8544 -35.8845 -3.6572 44 160 44
-0.8514 -38.3252 -3.6672 31 119 180
-0.8451 -38.0712 -3.6861 31 119 180
-0.8386 -35.9618 -3.7048 44 160 44
-0.6552 -36.4697 -4.2565 38 38 38
-0.6489 -36.5581 -4.2756 38 38 38
-0.6425 -36.282 -4.2945 38 38 38
-0.6362 -36.0832 -4.3135 38 38 38
-0.6362 -36.3814 -4.3136 38 38 38
-0.6204 -36.536 -4.3612 38 38 38
-0.6077 -36.1273 -4.3991 38 38 38
-1.4105 -35.7632 -1.7005 255 187 120
-1.4073 -35.8847 -1.71 255 187 120
-1.3915 -36.6799 -1.7577 255 187 120
-1.3851 -35.6638 -1.7765 255 187 120
-1.3852 -36.1056 -1.7766 255 187 120
-1.3852 -36.7793 -1.7767 255 187 120
-1.3852 -36.8677 -1.7767 255 187 120
-1.382 -35.8185 -1.7861 255 187 120
-1.382 -35.962 -1.7861 255 187 120
-1.3726 -36.6136 -1.8147 255 187 120
-1.3663 -36.945 -1.8338 255 187 120
-1.1479 -35.1889 -2.4898 255 187 120
-1.1481 -37.5081 -2.4901 255 187 120
-1.1384 -35.3324 -2.5183 255 187 120
-1.1322 -37.3866 -2.5376 255 187 120
-1.1322 -37.6186 -2.5377 255 187 120
-1.1226 -35.4208 -2.5659 255 187 120
-1.1196 -37.2762 -2.5757 255 187 120
-1.1196 -37.475 -2.5757 255 187 120
-1.1101 -37.1768 -2.6042 255 187 120
-0.8947 -33.3444 -3.2504 31 119 180
-0.8662 -33.3996 -3.336 31 119 180
-0.8568 -33.7309 -3.3646 31 119 180
-0.8473 -33.2671 -3.3931 31 119 180
-0.841 -33.5211 -3.4121 31 119 180
-0.841 -33.8745 -3.4122 31 119 180
-0.8315 -33.6315 -3.4407 31 119 180
-0.8252 -34.0512 -3.4597 31 119 180
-0.8161 -39.4297 -3.489 31 119 180
-0.8129 -39.5402 -3.4985 31 119 180
-0.8097 -39.3082 -3.508 31 119 180
-0.8002 -38.9659 -3.5365 31 119 180
-0.8002 -39.1646 -3.5365 31 119 180
-0.797 -38.7008 -3.546 31 119 180
-0.7971 -38.8002 -3.546 31 119 180
-0.7908 -39.4628 -3.5651 31 119 180
-0.7841 -34.2058 -3.5834 31 119 180
-0.7685 -38.1928 -3.6315 31 119 180
-0.7686 -38.3915 -3.6315 31 119 180
-0.7619 -34.2831 -3.65 31 119 180
-0.7557 -36.0391 -3.6693 44 160 44
-0.7524 -34.1948 -3.6785 31 119 180
-0.7431 -35.9397 -3.7073 44 160 44
-0.7337 -38.1044 -3.7361 31 119 180
-0.566 -36.3704 -4.24 38 38 38
-0.5565 -36.5471 -4.2685 38 38 38
-0.5438 -36.0501 -4.3065 38 38 38
-0.5407 -36.2931 -4.316 38 38 38
-0.5344 -36.4477 -4.3351 38 38 38
-0.5249 -36.5692 -4.3636 38 38 38
-0.5217 -35.9617 -4.373 38 38 38
-0.509 -36.0832 -4.4111 38 38 38
-1.3127 -35.8071 -1.6988 255 187 120
-1.2906 -36.4587 -1.7654 255 187 120
-1.2906 -36.6243 -1.7654 255 187 120
-1.2906 -36.7348 -1.7654 255 187 120
-1.2874 -36.8894 -1.7749 255 187 120
-1.2842 -35.8844 -1.7844 255 187 120
-1.2811 -35.9948 -1.7939 255 187 120
-1.2779 -36.1053 -1.8034 255 187 120
-1.2716 -36.8121 -1.8225 255 187 120
-1.2653 -36.9446 -1.8415 255 187 120
-1.1038 -34.9677 -2.3264 255 187 120
-1.0975 -34.8794 -2.3455 255 187 120
-1.0785 -35.0119 -2.4025 255 187 120
-1.0754 -35.2438 -2.412 255 187 120
-1.0722 -35.1334 -2.4215 255 187 120
-1.0691 -35.3432 -2.4311 255 187 120
-1.0597 -37.5631 -2.4597 255 187 120
-1.0534 -37.4526 -2.4787 255 187 120
-1.0501 -35.4205 -2.4881 255 187 120
-1.0374 -35.3322 -2.5262 255 187 120
-1.0344 -37.5962 -2.5358 255 187 120
-1.0312 -37.3864 -2.5453 255 187 120
-1.0249 -37.298 -2.5643 255 187 120
-1.0186 -37.1544 -2.5833 255 187 120
-0.7969 -33.4104 -3.2489 31 119 180
-0.7621 -33.4104 -3.3535 31 119 180
-0.7558 -33.5651 -3.3725 31 119 180
-0.7558 -33.7197 -3.3726 31 119 180
-0.7558 -33.8191 -3.3726 31 119 180
-0.7431 -33.6424 -3.4106 31 119 180
-0.7431 -33.9295 -3.4106 31 119 180
-0.7242 -34.062 -3.4677 31 119 180
-0.7115 -33.9737 -3.5057 31 119 180
-0.7118 -38.6454 -3.5059 31 119 180
-0.7118 -38.8663 -3.506 31 119 180
-0.7118 -39.1534 -3.506 31 119 180
-0.7118 -39.2528 -3.506 31 119 180
-0.7086 -38.5349 -3.5155 31 119 180
-0.7087 -39.5289 -3.5155 31 119 180
-0.7023 -38.4355 -3.5345 31 119 180
-0.7024 -39.3522 -3.5345 31 119 180
-0.696 -38.3472 -3.5535 31 119 180
-0.696 -38.9877 -3.5535 31 119 180
-0.6831 -34.0731 -3.5913 31 119 180
-0.6737 -35.9616 -3.6199 44 160 44
-0.6707 -38.3803 -3.6296 31 119 180
-0.6672 -34.2167 -3.6389 31 119 180
-0.6612 -38.292 -3.6581 31 119 180
-0.6579 -36.0831 -3.6675 44 160 44
-0.658 -38.1815 -3.6676 31 119 180
-0.6485 -38.06 -3.6961 31 119 180
-0.6452 -35.8954 -3.7055 44 160 44
-0.6452 -36.0058 -3.7055 44 160 44
-0.4428 -36.5911 -4.3143 38 38 38
-0.4396 -36.1052 -4.3237 38 38 38
-0.4396 -36.2046 -4.3237 38 38 38
-0.4269 -36.0279 -4.3618 38 38 38
-0.4269 -36.304 -4.3618 38 38 38
-0.4143 -36.1494 -4.3998 38 38 38
-0.4016 -36.2488 -4.4379 38 38 38
-0.3795 -36.3482 -4.5045 38 38 38
-1.2051 -36.3033 -1.7365 255 187 120
-1.202 -35.6517 -1.746 255 187 120
-1.202 -35.8174 -1.746 255 187 120
-1.1988 -36.458 -1.7556 255 187 120
-1.1956 -36.8003 -1.7651 255 187 120
-1.1956 -36.8997 -1.7651 255 187 120
-1.1893 -36.6015 -1.7841 255 187 120
-1.1893 -36.712 -1.7841 255 187 120
-1.183 -35.9389 -1.8031 255 187 120
-1.1798 -36.2592 -1.8126 255 187 120
-1.1798 -36.3696 -1.8126 255 187 120
-1.1735 -36.9549 -1.8317 255 187 120
-1.0122 -34.9559 -2.3166 255 187 120
-0.9964 -35.0995 -2.3642 255 187 120
-0.9585 -35.2872 -2.4783 255 187 120
-0.9585 -37.5734 -2.4785 255 187 120
-0.9521 -37.474 -2.4975 255 187 120
-0.9458 -35.3866 -2.5164 255 187 120
-0.93 -37.1978 -2.5641 255 187 120
-0.9237 -37.3304 -2.5831 255 187 120
-0.7023 -33.3544 -3.2485 31 119 180
-0.6739 -33.763 -3.3342 31 119 180
-0.6549 -33.5863 -3.3912 31 119 180
-0.6517 -33.498 -3.4007 31 119 180
-0.6391 -33.9839 -3.4388 31 119 180
-0.6359 -33.8624 -3.4483 31 119 180
-0.6169 -34.0723 -3.5054 31 119 180
-0.6169 -38.5893 -3.5058 31 119 180
-0.6169 -38.8102 -3.5058 31 119 180
-0.6138 -38.4568 -3.5153 31 119 180
-0.6137 -39.2299 -3.5153 31 119 180
-0.6137 -39.3182 -3.5153 31 119 180
-0.6106 -39.0753 -3.5248 31 119 180
-0.6043 -38.9096 -3.5438 31 119 180
-0.6043 -39.517 -3.5439 31 119 180
-0.5885 -34.1606 -3.591 31 119 180
-0.5821 -35.8945 -3.6102 44 160 44
-0.5727 -35.762 -3.6387 44 160 44
-0.5726 -38.1034 -3.6389 31 119 180
-0.5695 -35.6184 -3.6482 44 160 44
-0.5569 -34.2269 -3.6861 31 119 180
-0.5568 -35.9718 -3.6863 44 160 44
-0.5537 -35.8504 -3.6958 44 160 44
-0.5505 -35.6957 -3.7053 44 160 44
-0.3481 -36.016 -4.314 38 38 38
-0.3355 -35.9387 -4.352 38 38 38
-1.1271 -35.7501 -1.6793 255 187 120
-1.1082 -35.6507 -1.7364 255 187 120
-1.1081 -35.8274 -1.7364 255 187 120
-1.1081 -35.9268 -1.7364 255 187 120
-1.0954 -36.7109 -1.7746 255 187 120
-1.0923 -36.8103 -1.7841 255 187 120
-1.0891 -36.9318 -1.7936 255 187 120
-1.0733 -36.6557 -1.8411 255 187 120
-0.8901 -34.9327 -2.3926 255 187 120
-0.8711 -35.0652 -2.4496 255 187 120
-0.8616 -35.3192 -2.4782 255 187 120
-0.8614 -37.506 -2.4785 255 187 120
-0.8551 -37.5943 -2.4975 255 187 120
-0.8426 -35.4076 -2.5353 255 187 120
-0.8298 -37.1857 -2.5736 255 187 120
-0.8266 -37.2851 -2.5831 255 187 120
-0.8235 -37.3845 -2.5926 255 187 120
-0.5771 -33.7287 -3.334 31 119 180
-0.574 -33.3422 -3.3435 31 119 180
-0.5708 -33.8502 -3.3531 31 119 180
-0.5614 -33.4305 -3.3815 31 119 180
-0.5519 -33.552 -3.4101 31 119 180
-0.5487 -33.9275 -3.4196 31 119 180
-0.5328 -34.0159 -3.4672 31 119 180
-0.523 -38.809 -3.4964 31 119 180
-0.5167 -38.4888 -3.5153 31 119 180
-0.5166 -38.9857 -3.5154 31 119 180
-0.5135 -38.3783 -3.5248 31 119 180
-0.5135 -39.1956 -3.525 31 119 180
-0.5072 -38.2789 -3.5439 31 119 180
-0.5071 -39.6042 -3.544 31 119 180
-0.504 -39.3612 -3.5535 31 119 180
-0.5008 -38.7317 -3.5629 31 119 180
-0.4917 -34.2257 -3.5909 31 119 180
-0.4884 -35.9375 -3.6006 44 160 44
-0.4853 -35.8381 -3.6101 44 160 44
-0.4788 -38.0912 -3.6294 31 119 180
-0.4758 -35.6946 -3.6386 44 160 44
-0.4726 -36.0259 -3.6482 44 160 44
-0.4633 -34.2146 -3.6765 31 119 180
-0.4632 -35.6062 -3.6767 44 160 44
-0.463 -38.1685 -3.677 31 119 180
-0.46 -35.9154 -3.6862 44 160 44
-0.4568 -35.805 -3.6957 44 160 44
-0.3018 -36.8541 -4.1619 38 38 38
-0.2923 -36.9425 -4.1905 38 38 38
-0.2829 -36.1473 -4.2189 38 38 38
-0.2797 -36.7326 -4.2285 38 38 38
-0.2766 -36.0037 -4.2379 38 38 38
-0.2702 -36.4013 -4.257 38 38 38
-0.2671 -36.2688 -4.2665 38 38 38
-0.2639 -36.567 -4.276 38 38 38
-0.2576 -35.9264 -4.2949 38 38 38
-0.2576 -36.1804 -4.295 38 38 38
-0.2576 -36.4786 -4.295 38 38 38
-0.2544 -36.092 -4.3045 38 38 38
-0.2481 -36.6774 -4.3236 38 38 38
-0.2449 -36.3461 -4.333 38 38 38
-0.2354 -36.5559 -4.3616 38 38 38
-0.2291 -36.4565 -4.3806 38 38 38
-1.0161 -35.8373 -1.7276 255 187 120
-0.8233 -34.9205 -2.3077 255 187 120
-0.7917 -34.9868 -2.4028 255 187 120
-0.7917 -35.2187 -2.4028 255 187 120
-0.7885 -35.1082 -2.4123 255 187 120
-0.7822 -35.3402 -2.4314 255 187 120
-0.7664 -35.4506 -2.479 255 187 120
-0.763 -37.4386 -2.4888 255 187 120
-0.763 -37.549 -2.4888 255 187 120
-0.7537 -35.3622 -2.517 255 187 120
-0.7346 -37.1183 -2.5743 255 187 120
-0.703 -37.0851 -2.6694 255 187 120
-0.4883 -33.3742 -3.3157 31 119 180
-0.4788 -33.2858 -3.3442 31 119 180
-0.4788 -33.4625 -3.3442 31 119 180
-0.4788 -33.5619 -3.3442 31 119 180
-0.463 -33.7828 -3.3918 31 119 180
-0.4503 -33.9043 -3.4299 31 119 180
-0.4377 -33.9816 -3.4679 31 119 180
-0.4246 -38.841 -3.5067 31 119 180
-0.4183 -38.5318 -3.5256 31 119 180
-0.4182 -39.3159 -3.5258 31 119 180
-0.4151 -38.9404 -3.5352 31 119 180
-0.4151 -39.4484 -3.5353 31 119 180
-0.412 -38.3219 -3.5446 31 119 180
-0.4056 -39.0398 -3.5638 31 119 180
-0.3932 -35.9032 -3.6014 44 160 44
-0.3902 -34.2466 -3.6106 31 119 180
-0.3869 -35.5829 -3.6203 44 160 44
-0.3869 -35.7707 -3.6204 44 160 44
-0.3806 -35.4946 -3.6394 44 160 44
-0.368 -35.6602 -3.6774 44 160 44
-0.3648 -35.859 -3.687 44 160 44
-0.3618 -34.1914 -3.6962 31 119 180
-0.2161 -36.9302 -4.1341 38 38 38
-0.2161 -37.0628 -4.1342 38 38 38
-0.213 -36.7646 -4.1436 38 38 38
-0.2066 -36.6762 -4.1626 38 38 38
-0.1908 -36.8861 -4.2102 38 38 38
-0.1908 -37.0186 -4.2102 38 38 38
-0.1877 -36.7977 -4.2197 38 38 38
-0.1782 -36.2565 -4.2482 38 38 38
-0.1782 -36.632 -4.2482 38 38 38
-0.1656 -36.0798 -4.2862 38 38 38
-0.1656 -36.1792 -4.2862 38 38 38
-0.1656 -36.4222 -4.2863 38 38 38
-0.1624 -36.5326 -4.2958 38 38 38
-0.1593 -35.9804 -4.3052 38 38 38
-0.1561 -36.3117 -4.3148 38 38 38
-0.1466 -36.632 -4.3434 38 38 38
-0.1403 -35.8589 -4.3623 38 38 38
-0.1403 -36.4663 -4.3623 38 38 38
-0.134 -36.0798 -4.3813 38 38 38
-0.1308 -35.9473 -4.3908 38 38 38
-0.6342 -34.9762 -2.3085 255 187 120
-0.6279 -34.8547 -2.3275 255 187 120
-0.6057 -35.2412 -2.3941 255 187 120
-0.5962 -35.418 -2.4227 255 187 120
-0.5741 -37.3507 -2.4895 255 187 120
-0.5709 -37.4832 -2.499 255 187 120
-0.5488 -36.9973 -2.5655 255 187 120
-0.5456 -37.2513 -2.5751 255 187 120
-0.533 -37.1077 -2.6131 255 187 120
-0.2991 -33.5072 -3.3165 31 119 180
-0.2928 -33.6066 -3.3356 31 119 180
-0.2896 -33.2532 -3.345 31 119 180
-0.2422 -33.717 -3.4878 31 119 180
-0.2421 -39.3054 -3.4884 31 119 180
-0.2326 -38.5875 -3.5169 31 119 180
-0.2262 -39.4379 -3.536 31 119 180
-0.2231 -38.2893 -3.5454 31 119 180
-0.2199 -39.1618 -3.555 31 119 180
-0.2168 -39.0293 -3.5645 31 119 180
-0.2106 -34.214 -3.5829 31 119 180
-0.1979 -34.1256 -3.621 31 119 180
-0.0366 -36.8204 -4.1064 38 38 38
-0.0335 -36.721 -4.1159 38 38 38
-0.0335 -36.9308 -4.1159 38 38 38
-0.0303 -37.0191 -4.1254 38 38 38
-0.0271 -36.6105 -4.1349 38 38 38
-0.0271 -37.1075 -4.1349 38 38 38
-0.0208 -36.5111 -4.1539 38 38 38
-0.0082 -36.6768 -4.192 38 38 38
-0.0019 -36.4448 -4.211 38 38 38
0.0108 -36.5221 -4.249 38 38 38
0.0203 -36.246 -4.2775 38 38 38
0.0234 -36.0804 -4.287 38 38 38
0.0234 -36.3786 -4.287 38 38 38
0.0487 -36.1135 -4.3631 38 38 38
0.055 -35.8705 -4.3821 38 38 38
0.0582 -35.9699 -4.3916 38 38 38
0.0614 -35.6828 -4.4011 38 38 38
0.0645 -35.7822 -4.4106 38 38 38
0.0772 -35.6055 -4.4486 38 38 38
-0.5804 -35.5947 -2.4703 255 187 120
-0.5614 -37.0967 -2.5275 255 187 120
-0.2801 -33.7833 -3.3736 31 119 180
-0.2738 -33.4409 -3.3926 31 119 180
-0.2548 -34.0263 -3.4498 31 119 180
-0.2517 -33.8937 -3.4593 31 119 180
-0.239 -33.6176 -3.4973 31 119 180
-0.2327 -34.1146 -3.5163 31 119 180
-0.1758 -34.225 -3.6876 31 119 180
-0.0366 -36.4228 -4.1063 38 38 38
-0.0271 -36.2681 -4.1348 38 38 38
-0.0082 -36.3565 -4.1919 38 38 38
-0.005 -36.7872 -4.2015 38 38 38
-0.0018 -36.8977 -4.211 38 38 38
-0.0018 -37.0191 -4.211 38 38 38
0.0013 -36.1356 -4.2204 38 38 38
0.0139 -35.992 -4.2585 38 38 38
0.0266 -35.8484 -4.2965 38 38 38
0.0329 -35.6938 -4.3155 38 38 38
0.1341 -35.5723 -4.6198 38 38 38
0.1467 -35.4839 -4.6579 38 38 38
-0.4535 -34.9196 -2.2714 255 187 120
-0.4282 -34.8533 -2.3475 255 187 120
-0.4123 -35.3613 -2.3952 255 187 120
-0.4091 -35.527 -2.4047 255 187 120
-0.3902 -35.4496 -2.4618 255 187 120
-0.3773 -37.3934 -2.5002 255 187 120
-0.3741 -37.6143 -2.5097 255 187 120
-0.371 -36.9295 -2.5191 255 187 120
-0.3679 -36.554 -2.5285 255 187 120
-0.3679 -36.8301 -2.5286 255 187 120
-0.3647 -37.1504 -2.5382 255 187 120
-0.3553 -35.8582 -2.5665 255 187 120
-0.1186 -33.4063 -3.2794 31 119 180
-0.1123 -33.3069 -3.2984 31 119 180
-0.0933 -33.4725 -3.3555 31 119 180
-0.0901 -33.6492 -3.365 31 119 180
-0.0869 -33.8038 -3.3746 31 119 180
-0.0743 -33.8922 -3.4126 31 119 180
-0.0584 -34.0026 -3.4602 31 119 180
-0.0547 -38.5086 -3.4705 31 119 180
-0.0546 -39.2265 -3.4707 31 119 180
-0.0515 -39.0829 -3.4801 31 119 180
-0.0452 -38.84 -3.4991 31 119 180
-0.0426 -34.102 -3.5078 31 119 180
-0.0421 -38.343 -3.5085 31 119 180
-0.042 -39.4363 -3.5087 31 119 180
-0.0357 -38.5859 -3.5276 31 119 180
-0.0357 -38.9283 -3.5277 31 119 180
-0.0325 -39.1492 -3.5372 31 119 180
-0.0294 -38.4534 -3.5466 31 119 180
-0.0231 -38.1773 -3.5656 31 119 180
-0.0231 -38.7185 -3.5657 38 38 38
-0.023 -39.0277 -3.5657 31 119 180
-0.0198 -39.3038 -3.5753 38 38 38
-0.0198 -39.5689 -3.5753 38 38 38
0.0053 -38.1221 -3.6512 31 119 180
0.1694 -36.2886 -4.1454 38 38 38
0.1789 -36.1561 -4.174 38 38 38
0.1789 -36.388 -4.174 38 38 38
0.1979 -36.2444 -4.231 38 38 38
0.2137 -36.0898 -4.2786 38 38 38
-0.2612 -34.9195 -2.2702 255 187 120
-0.2612 -35.0079 -2.2702 255 187 120
-0.2486 -35.1515 -2.3083 255 187 120
-0.2359 -35.273 -2.3464 255 187 120
-0.2328 -35.3834 -2.3559 255 187 120
-0.2296 -35.5049 -2.3654 255 187 120
-0.2265 -35.7258 -2.375 255 187 120
-0.2201 -35.5932 -2.394 255 187 120
-0.217 -36.0239 -2.4035 255 187 120
-0.2043 -36.8633 -2.4417 255 187 120
-0.1885 -36.4326 -2.4892 255 187 120
-0.1854 -37.3161 -2.4988 255 187 120
-0.1854 -37.4045 -2.4988 255 187 120
-0.1822 -36.289 -2.5082 255 187 120
-0.1822 -36.543 -2.5082 255 187 120
-0.1822 -36.7749 -2.5083 255 187 120
-0.179 -36.6535 -2.5177 255 187 120
-0.179 -36.9296 -2.5178 255 187 120
-0.179 -37.1725 -2.5178 255 187 120
0.0708 -33.4174 -3.2687 31 119 180
0.0866 -33.5168 -3.3163 31 119 180
0.0993 -33.4284 -3.3543 31 119 180
0.1056 -33.6383 -3.3734 31 119 180
0.1119 -33.8592 -3.3924 31 119 180
0.1182 -33.7377 -3.4114 31 119 180
0.1339 -39.1604 -3.4597 31 119 180
0.1372 -33.9806 -3.4685 31 119 180
0.1466 -38.6302 -3.4977 31 119 180
0.1498 -34.1021 -3.5066 31 119 180
0.1498 -38.3652 -3.5071 31 119 180
0.1498 -38.4535 -3.5072 31 119 180
0.1529 -39.0499 -3.5167 31 119 180
0.1561 -39.4696 -3.5263 31 119 180
0.1592 -39.2045 -3.5358 31 119 180
0.1592 -39.3702 -3.5358 31 119 180
0.1656 -38.5529 -3.5547 31 119 180
0.1656 -39.5579 -3.5549 31 119 180
0.1687 -38.9726 -3.5643 31 119 180
0.2004 -34.1463 -3.6588 31 119 180
0.2068 -34.2457 -3.6778 31 119 180
-0.1148 -36.1221 -2.434 255 187 120
-0.1116 -36.2325 -2.4435 255 187 120
-0.1053 -36.354 -2.4626 255 187 120
0.1791 -33.5818 -3.3181 31 119 180
0.2076 -33.6591 -3.4038 31 119 180
0.2328 -33.7474 -3.4799 31 119 180
0.236 -33.8357 -3.4894 31 119 180
0.2362 -38.3307 -3.4902 31 119 180
0.2393 -38.1319 -3.4997 31 119 180
0.2394 -38.9161 -3.4998 31 119 180
0.2457 -38.5958 -3.5188 31 119 180
0.2457 -39.0486 -3.5188 31 119 180
0.252 -38.6952 -3.5378 31 119 180
0.2583 -38.5185 -3.5568 31 119 180
0.2646 -38.7946 -3.5759 31 119 180
0.274 -34.2333 -3.6036 31 119 180
0.2867 -37.8779 -3.6423 31 119 180
0.2962 -37.7895 -3.6708 31 119 180
0.2992 -34.2002 -3.6797 31 119 180
0.3151 -34.6198 -3.7273 31 119 180
0.331 -37.6901 -3.7754 31 119 180
0.3656 -34.7082 -3.8795 38 38 38
0.3689 -37.6459 -3.8895 38 38 38
0.4036 -35.5917 -3.9938 31 119 180
0.4099 -35.4371 -4.0128 31 119 180
0.4194 -34.664 -4.0412 38 38 38
0.4226 -36.6298 -4.0511 38 38 38
0.4257 -35.1499 -4.0603 31 119 180
0.429 -37.4029 -4.0702 38 38 38
0.432 -35.2714 -4.0794 31 119 180
0.4321 -35.5917 -4.0794 31 119 180
0.4321 -37.0826 -4.0797 38 38 38
0.4353 -36.7955 -4.0891 38 38 38
0.4353 -37.182 -4.0892 38 38 38
0.4353 -37.2814 -4.0892 38 38 38
0.4384 -36.7071 -4.0986 38 38 38
0.4415 -35.68 -4.108 31 119 180
0.4416 -36.5304 -4.1081 38 38 38
0.4447 -35.3487 -4.1174 31 119 180
0.4478 -34.7192 -4.1268 38 38 38
0.4479 -36.9943 -4.1272 38 38 38
0.451 -35.2051 -4.1364 31 119 180
0.4574 -37.3366 -4.1558 38 38 38
0.4606 -37.2262 -4.1653 38 38 38
0.4637 -37.0716 -4.1748 38 38 38
0.4669 -36.8728 -4.1843 38 38 38
0.4795 -36.9942 -4.2223 38 38 38
0.1854 -33.3057 -3.3371 31 119 180
0.2044 -33.7695 -3.3943 31 119 180
0.2139 -33.902 -3.4228 31 119 180
0.2297 -34.0235 -3.4704 31 119 180
0.252 -38.0325 -3.5377 31 119 180
0.2994 -37.6901 -3.6803 31 119 180
0.3056 -34.5315 -3.6988 31 119 180
0.3215 -37.4692 -3.7468 31 119 180
0.331 -37.2925 -3.7753 31 119 180
0.3341 -37.1158 -3.7848 31 119 180
0.3373 -37.5686 -3.7944 31 119 180
0.3436 -36.9943 -3.8133 31 119 180
0.3468 -37.2152 -3.8229 31 119 180
0.3499 -36.8949 -3.8323 31 119 180
0.3499 -37.4582 -3.8324 31 119 180
0.3531 -37.3588 -3.8419 31 119 180
0.3625 -35.5917 -3.8702 31 119 180
0.3626 -37.0606 -3.8704 31 119 180
0.3688 -34.929 -3.8891 31 119 180
0.3688 -35.0174 -3.8891 31 119 180
0.3751 -34.8407 -3.9081 31 119 180
0.3752 -36.9501 -3.9084 31 119 180
0.3783 -35.2162 -3.9177 31 119 180
0.3815 -35.8457 -3.9273 38 38 38
0.3846 -35.5033 -3.9367 31 119 180
0.3846 -35.7353 -3.9368 38 38 38
0.3878 -35.3708 -3.9462 31 119 180
0.3941 -34.9622 -3.9652 31 119 180
0.3941 -35.1278 -3.9652 31 119 180
0.3942 -36.8618 -3.9655 31 119 180
0.4036 -35.2824 -3.9938 31 119 180
0.4068 -35.8126 -4.0034 38 38 38
0.4068 -35.912 -4.0034 38 38 38
0.4321 -35.8678 -4.0795 38 38 38
0.4669 -36.4752 -4.1842 38 38 38
0.4669 -36.7071 -4.1842 38 38 38
0.4795 -36.5635 -4.2223 38 38 38
0.489 -36.4199 -4.2508 38 38 38
0.4922 -36.6519 -4.2603 38 38 38
0.4953 -36.8838 -4.2699 38 38 38
0.5016 -36.7844 -4.2889 38 38 38
0.3684 -33.3754 -3.2974 31 119 180
0.3715 -33.5079 -3.3069 31 119 180
0.3936 -33.6846 -3.3735 31 119 180
0.3968 -33.5741 -3.383 31 119 180
0.3966 -36.2027 -3.3833 31 119 180
0.4158 -33.8171 -3.4401 31 119 180
0.4158 -33.9828 -3.4401 31 119 180
0.4284 -33.7288 -3.4782 31 119 180
0.4316 -33.9055 -3.4877 31 119 180
0.4379 -34.1153 -3.5067 31 119 180
0.4471 -38.4115 -3.5358 31 119 180
0.4471 -38.7759 -3.5358 31 119 180
0.4503 -38.1575 -3.5452 31 119 180
0.4534 -38.2789 -3.5548 31 119 180
0.4534 -38.9526 -3.5548 31 119 180
0.4566 -38.036 -3.5643 31 119 180
0.4727 -34.2589 -3.6114 31 119 180
0.4758 -34.4466 -3.6209 31 119 180
0.4788 -36.5119 -3.6307 38 38 38
0.4821 -34.1484 -3.6399 31 119 180
0.4819 -37.6273 -3.6403 31 119 180
0.4819 -37.9366 -3.6403 31 119 180
0.485 -39.3281 -3.65 31 119 180
0.4884 -36.1032 -3.6591 38 38 38
0.4882 -39.4828 -3.6595 31 119 180
0.4915 -37.0199 -3.6688 31 119 180
0.4945 -39.1846 -3.6785 31 119 180
0.4978 -36.9095 -3.6878 31 119 180
0.501 -36.799 -3.6973 31 119 180
0.5041 -37.1303 -3.7068 31 119 180
0.5169 -35.2749 -3.7447 31 119 180
0.5199 -37.2408 -3.7544 31 119 180
0.5231 -36.037 -3.7638 38 38 38
0.5231 -37.4837 -3.7639 31 119 180
0.5262 -37.3402 -3.7734 31 119 180
0.5326 -36.799 -3.7924 31 119 180
0.539 -35.54 -3.8113 31 119 180
0.5422 -34.6454 -3.8207 31 119 180
0.5454 -34.7448 -3.8302 31 119 180
0.5453 -35.6394 -3.8303 31 119 180
0.5485 -35.7498 -3.8398 31 119 180
0.5674 -35.8823 -3.8969 31 119 180
0.5707 -34.6896 -3.9063 31 119 180
0.5707 -34.8 -3.9063 31 119 180
0.577 -35.0651 -3.9253 31 119 180
0.5801 -34.9436 -3.9348 31 119 180
0.5864 -35.794 -3.954 31 119 180
0.6054 -34.7558 -4.0109 31 119 180
0.6054 -35.9044 -4.011 31 119 180
0.6149 -34.8883 -4.0395 38 38 38
0.6433 -36.567 -4.1252 38 38 38
0.6464 -36.6554 -4.1348 38 38 38
0.6559 -36.7769 -4.1633 38 38 38
0.6654 -36.5118 -4.1918 38 38 38
0.6717 -36.6112 -4.2108 38 38 38
0.6749 -36.8542 -4.2204 38 38 38
0.6812 -36.7217 -4.2394 38 38 38
0.4813 -33.4404 -3.3461 31 119 180
0.4908 -33.2637 -3.3746 31 119 180
0.4971 -33.5398 -3.3936 31 119 180
0.5002 -36.588 -3.4037 31 119 180
0.5066 -36.2456 -3.4227 31 119 180
0.5129 -36.3781 -3.4417 31 119 180
0.5192 -36.7647 -3.4608 31 119 180
0.5287 -33.9815 -3.4888 31 119 180
0.5351 -34.092 -3.5079 31 119 180
0.5382 -36.8309 -3.5179 31 119 180
0.5445 -36.2566 -3.5368 31 119 180
0.5476 -38.4102 -3.5467 31 119 180
0.5571 -38.1341 -3.5752 31 119 180
0.5667 -33.9152 -3.6029 31 119 180
0.573 -33.8269 -3.6219 31 119 180
0.573 -34.103 -3.622 31 119 180
0.573 -36.1903 -3.6224 31 119 180
0.5824 -36.9855 -3.6511 31 119 180
0.5824 -37.5267 -3.6512 31 119 180
0.5856 -34.346 -3.6601 31 119 180
0.5856 -39.349 -3.661 31 119 180
0.5888 -34.2355 -3.6696 31 119 180
0.5887 -39.0729 -3.6705 31 119 180
0.5951 -37.0739 -3.6891 31 119 180
0.5951 -37.7255 -3.6892 31 119 180
0.595 -39.2496 -3.6895 31 119 180
0.5982 -37.2506 -3.6987 31 119 180
0.5982 -39.5367 -3.6991 31 119 180
0.6014 -39.4373 -3.7086 31 119 180
0.6045 -39.1612 -3.718 31 119 180
0.6078 -35.1632 -3.7268 31 119 180
0.6077 -37.1622 -3.7272 31 119 180
0.6108 -39.7134 -3.7372 38 38 38
0.6173 -34.7988 -3.7553 31 119 180
0.6172 -37.5377 -3.7558 31 119 180
0.6204 -34.9423 -3.7648 31 119 180
0.6235 -37.2947 -3.7748 31 119 180
0.6299 -34.7104 -3.7933 31 119 180
0.6299 -35.0638 -3.7934 31 119 180
0.6299 -35.2626 -3.7934 31 119 180
0.6299 -35.6491 -3.7935 31 119 180
0.6331 -35.4062 -3.803 31 119 180
0.633 -35.8479 -3.803 31 119 180
0.633 -37.3831 -3.8033 31 119 180
0.6489 -35.7596 -3.8506 31 119 180
0.671 -35.8921 -3.9172 31 119 180
0.5779 -33.3409 -3.346 31 119 180
0.5873 -36.3117 -3.375 31 119 180
0.5937 -36.4111 -3.394 31 119 180
0.5969 -33.628 -3.4031 31 119 180
0.6032 -33.5176 -3.4221 31 119 180
0.6064 -33.4182 -3.4316 31 119 180
0.6063 -36.7314 -3.4321 31 119 180
0.6095 -36.5657 -3.4416 31 119 180
0.6126 -36.2123 -3.4511 31 119 180
0.619 -36.6541 -3.4701 31 119 180
0.6222 -33.6832 -3.4792 31 119 180
0.6284 -36.8087 -3.4987 31 119 180
0.6411 -37.0517 -3.5368 31 119 180
0.6665 -33.9041 -3.6124 31 119 180
0.6759 -34.0476 -3.6409 31 119 180
0.6758 -38.3107 -3.6416 31 119 180
0.6791 -33.1972 -3.6503 38 38 38
0.6791 -35.8478 -3.6507 31 119 180
0.679 -38.4211 -3.6512 31 119 180
0.6823 -34.3017 -3.66 31 119 180
0.6822 -37.5376 -3.6605 31 119 180
0.6854 -34.2133 -3.6695 31 119 180
0.6853 -38.7414 -3.6702 31 119 180
0.6853 -38.9292 -3.6703 31 119 180
0.6853 -39.3268 -3.6703 31 119 180
0.6885 -38.6089 -3.6797 31 119 180
0.6917 -34.8539 -3.6886 31 119 180
0.6948 -39.0506 -3.6988 31 119 180
0.6979 -39.5587 -3.7084 31 119 180
0.7012 -35.7926 -3.7173 31 119 180
0.7011 -39.1832 -3.7179 31 119 180
0.7011 -39.4261 -3.7179 31 119 180
0.7075 -34.7213 -3.7361 31 119 180
0.7139 -35.0416 -3.7552 31 119 180
0.7328 -35.406 -3.8123 31 119 180
0.7327 -39.7354 -3.8131 38 38 38
0.7392 -35.0858 -3.8313 31 119 180
0.7391 -35.2956 -3.8313 31 119 180
0.7455 -35.5165 -3.8504 31 119 180
0.6594 -33.4193 -3.3074 31 119 180
0.6752 -33.342 -3.355 31 119 180
0.6784 -33.5519 -3.3645 31 119 180
0.6879 -33.4414 -3.393 31 119 180
0.6878 -36.4012 -3.3936 31 119 180
0.6941 -36.2798 -3.4126 31 119 180
0.7067 -36.7215 -3.4507 31 119 180
0.7099 -36.6332 -3.4602 31 119 180
0.7131 -34.082 -3.4692 31 119 180
0.7162 -36.081 -3.4791 31 119 180
0.7195 -33.85 -3.4882 31 119 180
0.7226 -34.1814 -3.4978 31 119 180
0.7258 -34.4133 -3.5073 31 119 180
0.7289 -37.0087 -3.5173 31 119 180
0.732 -36.9203 -3.5268 31 119 180
0.7353 -34.5016 -3.5359 31 119 180
0.7352 -37.8149 -3.5365 31 119 180
0.7384 -35.9595 -3.5457 31 119 180
0.7447 -37.1412 -3.5649 31 119 180
0.7732 -34.6894 -3.6501 31 119 180
0.7731 -38.3229 -3.6507 31 119 180
0.7731 -38.4775 -3.6507 31 119 180
0.7794 -37.5277 -3.6696 31 119 180
0.7794 -38.7315 -3.6698 31 119 180
0.7794 -39.1733 -3.6699 31 119 180
0.7794 -39.4273 -3.6699 31 119 180
0.7826 -35.6612 -3.6788 31 119 180
0.7825 -38.9303 -3.6793 31 119 180
0.7858 -35.5287 -3.6883 31 119 180
0.7889 -38.6432 -3.6983 31 119 180
0.7889 -39.2616 -3.6984 31 119 180
0.7921 -35.1753 -3.7072 31 119 180
0.792 -39.5819 -3.708 31 119 180
0.7953 -35.0648 -3.7167 31 119 180
0.7953 -35.352 -3.7168 31 119 180
0.7983 -39.0187 -3.7269 31 119 180
0.8015 -38.853 -3.7364 31 119 180
0.8079 -35.7054 -3.7549 31 119 180
0.8078 -39.3721 -3.7555 31 119 180
0.7548 -33.4056 -3.3085 31 119 180
0.7675 -33.3173 -3.3465 31 119 180
0.7706 -33.505 -3.3561 31 119 180
0.7864 -33.4277 -3.4036 31 119 180
0.7896 -33.5713 -3.4131 31 119 180
0.8019 -36.0451 -3.4519 31 119 180
0.8018 -36.5642 -3.452 31 119 180
0.8054 -33.748 -3.4608 31 119 180
0.8114 -35.8574 -3.4803 31 119 180
0.8179 -34.2228 -3.4989 31 119 180
0.8179 -34.3222 -3.4989 31 119 180
0.8176 -36.6967 -3.4996 31 119 180
0.8176 -37.0722 -3.4997 31 119 180
0.824 -36.7851 -3.5186 31 119 180
0.8272 -35.7801 -3.5279 31 119 180
0.8304 -36.012 -3.5374 31 119 180
0.8334 -36.9839 -3.5472 31 119 180
0.8366 -37.2158 -3.5568 31 119 180
0.8365 -37.9668 -3.557 31 119 180
0.8364 -38.0883 -3.557 31 119 180
0.8397 -37.1275 -3.5663 31 119 180
0.8397 -37.3704 -3.5663 31 119 180
0.8559 -34.0461 -3.613 31 119 180
0.8591 -33.759 -3.6224 31 119 180
0.859 -34.6315 -3.6227 31 119 180
0.859 -35.0843 -3.6228 31 119 180
0.8654 -34.4768 -3.6417 31 119 180
0.865 -37.3152 -3.6424 31 119 180
0.8649 -38.0662 -3.6426 31 119 180
0.8718 -33.8473 -3.6605 31 119 180
0.8749 -33.9798 -3.6701 31 119 180
0.8747 -35.2278 -3.6704 31 119 180
0.8744 -38.4527 -3.6713 31 119 180
0.8779 -34.9628 -3.6798 31 119 180
0.8775 -38.5521 -3.6808 31 119 180
0.881 -35.6696 -3.6895 31 119 180
0.8807 -38.3533 -3.6902 31 119 180
0.8842 -35.1284 -3.6989 31 119 180
0.8875 -34.0571 -3.7081 31 119 180
0.887 -38.6405 -3.7093 31 119 180
0.887 -38.8614 -3.7094 31 119 180
0.8905 -35.5812 -3.718 31 119 180
0.8901 -38.762 -3.7189 31 119 180
0.8933 -38.9607 -3.7285 31 119 180
0.8932 -39.5792 -3.7286 31 119 180
0.8996 -39.2589 -3.7476 31 119 180
0.9064 -35.272 -3.7655 31 119 180
0.9095 -35.3603 -3.775 31 119 180
0.909 -39.7007 -3.7762 38 38 38
0.9122 -38.8945 -3.7855 31 119 180
0.9153 -39.4577 -3.7952 31 119 180
0.9186 -39.016 -3.8046 31 119 180
0.9286 -34.4547 -3.8319 38 38 38
0.9444 -34.543 -3.8795 38 38 38
0.9507 -34.3995 -3.8984 38 38 38
0.9634 -34.4768 -3.9365 38 38 38
0.8742 -33.3319 -3.3732 31 119 180
0.8773 -33.4865 -3.3828 31 119 180
0.8836 -33.608 -3.4018 31 119 180
0.8899 -34.0939 -3.421 31 119 180
0.8897 -36.2144 -3.4214 31 119 180
0.8931 -33.6963 -3.4304 31 119 180
0.8931 -33.9835 -3.4304 31 119 180
0.8995 -33.4092 -3.4493 31 119 180
0.8992 -36.0377 -3.4499 31 119 180
0.9026 -33.2767 -3.4588 31 119 180
0.9026 -33.5307 -3.4589 31 119 180
0.9023 -36.6009 -3.4595 31 119 180
0.9089 -34.2044 -3.478 31 119 180
0.9086 -36.8218 -3.4786 31 119 180
0.9121 -33.6301 -3.4874 31 119 180
0.912 -34.3038 -3.4876 31 119 180
0.912 -34.3921 -3.4876 31 119 180
0.915 -35.8278 -3.4974 31 119 180
0.9184 -33.7626 -3.5065 31 119 180
0.9184 -33.873 -3.5065 31 119 180
0.9181 -37.0869 -3.5072 31 119 180
0.9215 -34.116 -3.5161 31 119 180
0.9215 -34.856 -3.5162 38 38 38
0.9246 -34.6351 -3.5257 31 119 180
0.9276 -36.5126 -3.5356 31 119 180
0.9307 -36.9654 -3.5452 31 119 180
0.9371 -36.866 -3.5642 31 119 180
0.95 -33.7405 -3.6016 31 119 180
0.95 -33.8399 -3.6016 31 119 180
0.9657 -35.1652 -3.6494 31 119 180
0.9654 -38.1581 -3.6501 31 119 180
0.9689 -34.9774 -3.6589 31 119 180
0.9687 -37.4071 -3.6594 31 119 180
0.9686 -38.2907 -3.6596 31 119 180
0.972 -35.7395 -3.6686 31 119 180
0.9718 -37.2194 -3.6689 31 119 180
0.975 -37.3077 -3.6784 31 119 180
0.9749 -38.4342 -3.6786 31 119 180
0.9749 -38.5336 -3.6787 31 119 180
0.9783 -35.618 -3.6876 31 119 180
0.9875 -38.622 -3.7167 31 119 180
0.9906 -39.4613 -3.7264 31 119 180
0.9938 -38.8429 -3.7358 31 119 180
0.9969 -39.5718 -3.7455 31 119 180
1.0032 -39.7264 -3.7645 38 38 38
1.0096 -38.7655 -3.7833 31 119 180
1.0096 -38.9864 -3.7834 31 119 180
1.0159 -39.2294 -3.8025 31 119 180
1.0191 -39.5055 -3.812 31 119 180
1.0223 -38.887 -3.8214 31 119 180
1.0222 -39.384 -3.8215 31 119 180
1.0285 -39.6491 -3.8406 38 38 38
1.0317 -39.7706 -3.8501 38 38 38
1.0349 -39.2957 -3.8595 31 119 180
1.0381 -38.9975 -3.869 31 119 180
1.0444 -39.2073 -3.888 31 119 180
1.0539 -39.0969 -3.9166 31 119 180
1.0569 -33.4077 -3.3462 31 119 180
1.0632 -33.2973 -3.3652 31 119 180
1.0698 -36.2792 -3.3848 31 119 180
1.0759 -33.5734 -3.4033 31 119 180
1.0761 -36.1577 -3.4038 31 119 180
1.0856 -35.9921 -3.4323 31 119 180
1.0951 -36.7983 -3.461 31 119 180
1.0982 -35.8595 -3.4703 31 119 180
1.1043 -33.7169 -3.4889 31 119 180
1.1044 -33.971 -3.4889 31 119 180
1.1075 -34.2912 -3.4985 31 119 180
1.1076 -34.3796 -3.4985 31 119 180
1.1139 -34.5563 -3.5176 31 119 180
1.1171 -34.6557 -3.5271 31 119 180
1.1202 -34.4679 -3.5366 31 119 180
1.1203 -34.976 -3.5367 31 119 180
1.1203 -35.1527 -3.5367 31 119 180
1.1204 -36.4448 -3.537 31 119 180
1.1204 -36.9197 -3.5371 31 119 180
1.1205 -37.0744 -3.5371 31 119 180
1.1266 -35.5613 -3.5558 31 119 180
1.1299 -37.1627 -3.5657 31 119 180
1.1331 -37.3284 -3.5752 31 119 180
1.1519 -35.4398 -3.6319 31 119 180
1.1552 -37.2179 -3.6418 31 119 180
1.1585 -38.2781 -3.6515 31 119 180
1.1612 -33.6948 -3.6601 38 38 38
1.1648 -38.4107 -3.6705 31 119 180
1.168 -38.1787 -3.68 31 119 180
1.1897 -33.8273 -3.7457 38 38 38
1.1933 -38.6315 -3.7562 31 119 180
1.196 -33.7169 -3.7647 38 38 38
1.1966 -39.6145 -3.7659 31 119 180
1.2091 -38.7088 -3.8037 31 119 180
1.2091 -38.8193 -3.8038 31 119 180
1.2123 -39.2721 -3.8134 31 119 180
1.2124 -39.7028 -3.8134 31 119 180
1.2187 -39.493 -3.8324 31 119 180
1.225 -39.3936 -3.8514 31 119 180
1.2376 -38.9628 -3.8894 31 119 180
1.2376 -39.3162 -3.8895 31 119 180
1.2439 -39.0733 -3.9084 31 119 180
1.2503 -39.2279 -3.9275 31 119 180
1.2534 -38.8745 -3.9369 31 119 180
1.2692 -38.9959 -3.9845 31 119 180
1.2692 -39.1285 -3.9845 31 119 180
1.1734 -36.2367 -3.4121 31 119 180
1.1734 -36.6784 -3.4122 31 119 180
1.1765 -35.9274 -3.4215 31 119 180
1.1766 -36.3913 -3.4216 31 119 180
1.1797 -36.0268 -3.4311 31 119 180
1.1829 -36.1262 -3.4406 31 119 180
1.186 -35.7949 -3.4501 31 119 180
1.189 -33.1885 -3.459 31 119 180
1.189 -33.6634 -3.4591 31 119 180
1.1924 -36.4907 -3.4692 31 119 180
1.1954 -33.3873 -3.4781 31 119 180
1.1956 -37.0097 -3.4789 31 119 180
1.1986 -34.0609 -3.4877 31 119 180
1.1986 -34.1493 -3.4877 31 119 180
1.1986 -34.9003 -3.4879 31 119 180
1.1986 -35.066 -3.4879 38 38 38
1.1987 -36.822 -3.4883 31 119 180
1.2017 -33.564 -3.4971 31 119 180
1.2017 -34.6021 -3.4974 31 119 180
1.2018 -35.6955 -3.4976 31 119 180
1.2018 -35.8832 -3.4976 31 119 180
1.2049 -34.3039 -3.5068 31 119 180
1.2049 -34.4254 -3.5068 31 119 180
1.2049 -34.7015 -3.5069 31 119 180
1.2081 -34.5137 -3.5164 31 119 180
1.2081 -35.1985 -3.5165 31 119 180
1.2082 -36.9103 -3.5169 31 119 180
1.2082 -37.1423 -3.5169 31 119 180
1.2143 -33.9174 -3.5353 31 119 180
1.2177 -37.8159 -3.5456 31 119 180
1.2209 -37.0539 -3.555 31 119 180
1.2209 -37.2637 -3.555 31 119 180
1.2241 -37.5509 -3.5646 38 38 38
1.2241 -38.0147 -3.5647 31 119 180
1.2241 -38.1252 -3.5647 31 119 180
1.2428 -33.8732 -3.6208 31 119 180
1.2589 -38.4786 -3.6694 31 119 180
1.2589 -38.6332 -3.6694 31 119 180
1.2684 -38.3902 -3.6979 31 119 180
1.2905 -38.6553 -3.7646 31 119 180
1.2937 -38.7547 -3.7741 31 119 180
1.3126 -38.8319 -3.8312 31 119 180
1.3127 -39.5277 -3.8313 31 119 180
1.3127 -39.7486 -3.8314 31 119 180
1.3348 -39.5829 -3.8979 31 119 180
1.3379 -39.108 -3.9073 31 119 180
1.338 -39.4835 -3.9074 31 119 180
1.3443 -39.0197 -3.9263 31 119 180
1.3506 -38.9313 -3.9453 31 119 180
1.3506 -39.2074 -3.9454 31 119 180
1.3695 -39.0749 -4.0024 31 119 180
1.2636 -36.3139 -3.3909 38 38 38
1.2727 -33.3651 -3.419 31 119 180
1.2731 -36.5458 -3.4195 31 119 180
1.2762 -35.9826 -3.4289 31 119 180
1.2793 -35.8611 -3.4384 31 119 180
1.2825 -36.4354 -3.448 31 119 180
1.2826 -36.6784 -3.4481 31 119 180
1.2854 -33.2768 -3.457 31 119 180
1.2856 -35.7396 -3.4574 31 119 180
1.2886 -33.4866 -3.4666 31 119 180
1.298 -33.1663 -3.495 31 119 180
1.2981 -34.1934 -3.4952 31 119 180
1.2982 -34.8892 -3.4953 31 119 180
1.3012 -33.6854 -3.5046 31 119 180
1.3013 -34.0498 -3.5047 31 119 180
1.3013 -34.3259 -3.5047 31 119 180
1.3013 -34.4695 -3.5048 31 119 180
1.3014 -35.1763 -3.5049 31 119 180
1.3014 -35.2757 -3.5049 31 119 180
1.3016 -36.9103 -3.5052 31 119 180
1.3043 -33.3761 -3.5141 31 119 180
1.3044 -33.5749 -3.5141 31 119 180
1.3046 -35.3862 -3.5144 31 119 180
1.308 -37.9484 -3.5243 31 119 180
1.3111 -37.2416 -3.5337 31 119 180
1.3141 -35.6954 -3.543 31 119 180
1.3143 -37.3852 -3.5433 38 38 38
1.3143 -37.6061 -3.5433 38 38 38
1.3172 -35.0328 -3.5524 31 119 180
1.3174 -37.7386 -3.5528 38 38 38
1.3328 -33.6191 -3.5997 31 119 180
1.336 -33.851 -3.6093 31 119 180
1.3586 -38.3791 -3.6766 31 119 180
1.3586 -38.4785 -3.6766 31 119 180
1.3618 -38.2576 -3.6861 31 119 180
1.3649 -38.5669 -3.6957 31 119 180
1.3834 -33.7958 -3.752 38 38 38
1.3934 -38.6773 -3.7813 31 119 180
1.3966 -38.7877 -3.7908 31 119 180
1.4023 -33.5638 -3.809 38 38 38
1.4061 -38.8761 -3.8194 31 119 180
1.4087 -33.7295 -3.828 38 38 38
1.4093 -39.5829 -3.829 31 119 180
1.4156 -39.4614 -3.848 31 119 180
1.4181 -33.4644 -3.8565 38 38 38
1.4188 -39.7044 -3.8575 31 119 180
1.4213 -33.6411 -3.8661 38 38 38
1.425 -38.7546 -3.8764 31 119 180
1.425 -38.9644 -3.8764 31 119 180
1.4314 -39.2405 -3.8955 31 119 180
1.4346 -39.848 -3.9051 31 119 180
1.4377 -39.3289 -3.9145 31 119 180
1.4409 -39.605 -3.9241 31 119 180
1.444 -39.1632 -3.9335 31 119 180
1.4598 -39.0307 -3.9811 31 119 180
1.4598 -39.2516 -3.9811 31 119 180
1.4756 -39.1521 -4.0287 31 119 180
1.4883 -39.0638 -4.0667 31 119 180
1.3597 -36.5342 -3.4018 31 119 180
1.3629 -36.7109 -3.4114 31 119 180
1.3724 -35.9157 -3.4397 31 119 180
1.3724 -36.3685 -3.4398 31 119 180
1.3756 -36.1698 -3.4493 31 119 180
1.3755 -36.6115 -3.4494 31 119 180
1.3819 -36.2691 -3.4683 31 119 180
1.3853 -33.4308 -3.4769 31 119 180
1.3851 -36.0151 -3.4777 31 119 180
1.385 -36.5011 -3.4779 31 119 180
1.3885 -33.6075 -3.4865 31 119 180
1.3883 -35.0985 -3.487 31 119 180
1.3883 -35.1868 -3.487 31 119 180
1.3915 -34.8997 -3.4964 31 119 180
1.3914 -35.6728 -3.4967 31 119 180
1.3947 -34.1045 -3.5057 31 119 180
1.3947 -34.745 -3.5059 38 38 38
1.3946 -35.7832 -3.5062 31 119 180
1.3945 -36.733 -3.5065 31 119 180
1.3978 -35.2752 -3.5156 31 119 180
1.3978 -35.3966 -3.5156 31 119 180
1.3976 -36.8986 -3.5161 31 119 180
1.4011 -33.5191 -3.5245 31 119 180
1.4039 -37.5723 -3.5353 38 38 38
1.4071 -37.0643 -3.5447 31 119 180
1.407 -37.9368 -3.5449 31 119 180
1.4105 -34.977 -3.5535 31 119 180
1.4102 -37.3514 -3.5543 38 38 38
1.4102 -37.4508 -3.5543 38 38 38
1.4134 -36.9759 -3.5637 31 119 180
1.4133 -37.738 -3.5639 38 38 38
1.4327 -34.2811 -3.6199 31 119 180
1.4359 -33.1657 -3.629 38 38 38
1.439 -34.3916 -3.6389 31 119 180
1.4422 -33.6848 -3.6482 38 38 38
1.4421 -34.6677 -3.6485 31 119 180
1.4454 -33.0552 -3.6575 38 38 38
1.4453 -34.5793 -3.658 31 119 180
1.4485 -33.8946 -3.6673 38 38 38
1.4512 -38.1908 -3.6782 31 119 180
1.4575 -38.2902 -3.6972 31 119 180
1.4575 -38.4779 -3.6973 31 119 180
1.4676 -33.1767 -3.7241 38 38 38
1.467 -38.0914 -3.7257 31 119 180
1.4796 -38.5883 -3.7639 31 119 180
1.4834 -33.265 -3.7717 38 38 38
1.4928 -33.6737 -3.8004 38 38 38
1.5017 -38.7208 -3.8305 31 119 180
1.5017 -38.8313 -3.8306 31 119 180
1.5086 -33.8062 -3.848 38 38 38
1.5119 -32.9337 -3.8572 38 38 38
1.5181 -33.5301 -3.8764 38 38 38
1.5181 -33.6295 -3.8765 38 38 38
1.5207 -38.9528 -3.8877 31 119 180
1.5206 -39.4166 -3.8878 31 119 180
1.5238 -39.5712 -3.8974 31 119 180
1.527 -38.6656 -3.9066 31 119 180
1.5301 -39.3283 -3.9163 31 119 180
1.5333 -38.8534 -3.9257 31 119 180
1.5333 -39.2289 -3.9258 31 119 180
1.5365 -39.1074 -3.9353 31 119 180
1.5396 -39.8584 -3.945 31 119 180
1.5459 -39.5049 -3.9639 31 119 180
1.5523 -38.9527 -3.9828 31 119 180
1.5523 -39.4166 -3.9829 31 119 180
1.5554 -39.781 -3.9926 31 119 180
1.5586 -39.2951 -4.0019 31 119 180
1.5618 -39.1847 -4.0114 31 119 180
1.5649 -39.0521 -4.0209 31 119 180
1.5775 -39.8583 -4.0592 31 119 180
1.5838 -39.7479 -4.0782 31 119 180
1.5996 -40.0019 -4.1258 38 38 38
1.6154 -39.7699 -4.1733 31 119 180
1.4508 -36.3591 -3.3933 31 119 180
1.4508 -36.5358 -3.3934 31 119 180
1.454 -36.2376 -3.4028 31 119 180
1.4604 -36.105 -3.4218 31 119 180
1.4636 -35.9946 -3.4313 31 119 180
1.4634 -36.6904 -3.4315 31 119 180
1.4666 -36.8008 -3.441 31 119 180
1.4699 -35.8731 -3.4503 31 119 180
1.4761 -36.3259 -3.4694 31 119 180
1.4761 -36.4253 -3.4694 31 119 180
1.4796 -34.9564 -3.4786 31 119 180
1.4794 -35.7847 -3.4788 31 119 180
1.4824 -36.591 -3.4885 31 119 180
1.4858 -35.3761 -3.4977 31 119 180
1.4857 -36.0719 -3.4979 31 119 180
1.4889 -35.6412 -3.5073 31 119 180
1.492 -35.9614 -3.5169 31 119 180
1.4918 -36.9996 -3.5171 31 119 180
1.4954 -34.6472 -3.5261 38 38 38
1.4953 -35.4865 -3.5263 31 119 180
1.4987 -34.1392 -3.5355 31 119 180
1.4985 -35.0448 -3.5357 31 119 180
1.4985 -35.1552 -3.5357 31 119 180
1.4982 -36.7898 -3.5361 31 119 180
1.5017 -34.7908 -3.5452 31 119 180
1.5015 -35.851 -3.5454 31 119 180
1.5012 -37.6622 -3.5458 38 38 38
1.5047 -35.7516 -3.5549 31 119 180
1.5045 -36.9002 -3.5551 31 119 180
1.5075 -37.8169 -3.5649 31 119 180
1.5108 -37.11 -3.5742 31 119 180
1.5106 -37.9163 -3.5744 31 119 180
1.5269 -35.2104 -3.6214 31 119 180
1.5303 -34.1833 -3.6306 31 119 180
1.5302 -34.5809 -3.6307 31 119 180
1.5365 -34.8128 -3.6498 31 119 180
1.5392 -37.1763 -3.6598 31 119 180
1.539 -37.9604 -3.66 31 119 180
1.539 -38.3359 -3.6601 31 119 180
1.543 -33.9403 -3.6686 38 38 38
1.5429 -34.2717 -3.6687 31 119 180
1.5429 -34.36 -3.6687 31 119 180
1.5455 -37.2646 -3.6789 31 119 180
1.5492 -34.4484 -3.6878 31 119 180
1.5518 -37.3972 -3.6979 31 119 180
1.5516 -38.5347 -3.6982 31 119 180
1.5611 -38.4353 -3.7267 31 119 180
1.5684 -33.1231 -3.7445 38 38 38
1.5716 -33.2114 -3.7541 38 38 38
1.5747 -33.4212 -3.7636 38 38 38
1.5737 -38.6893 -3.7648 31 119 180
1.5779 -33.0016 -3.7731 38 38 38
1.5778 -33.5096 -3.7732 38 38 38
1.5832 -38.5347 -3.7933 31 119 180
1.5874 -33.2887 -3.8017 38 38 38
1.5905 -33.6863 -3.8113 38 38 38
1.5937 -33.0899 -3.8206 38 38 38
1.5969 -33.1783 -3.8302 38 38 38
1.5958 -38.623 -3.8314 31 119 180
1.6 -33.3881 -3.8397 38 38 38
1.6064 -32.9574 -3.8586 38 38 38
1.6063 -33.5206 -3.8588 38 38 38
1.6062 -33.8409 -3.8588 38 38 38
1.6053 -38.7445 -3.8599 31 119 180
1.6084 -38.8881 -3.8695 31 119 180
1.6126 -33.609 -3.8778 38 38 38
1.6114 -39.7164 -3.8792 31 119 180
1.6189 -33.7415 -3.8969 38 38 38
1.6209 -39.4624 -3.9076 31 119 180
1.6241 -39.6281 -3.9172 31 119 180
1.6303 -39.7827 -3.9362 31 119 180
1.64 -38.9102 -3.9646 31 119 180
1.6431 -39.2305 -3.9742 31 119 180
1.643 -39.5397 -3.9742 31 119 180
1.6463 -39.109 -3.9837 31 119 180
1.6557 -39.4403 -4.0123 31 119 180
1.659 -38.9985 -4.0217 31 119 180
1.6652 -39.1752 -4.0407 31 119 180
1.6652 -39.3519 -4.0408 31 119 180
1.6779 -39.2636 -4.0788 31 119 180
1.5451 -36.1709 -3.3719 31 119 180
1.5451 -36.4691 -3.372 31 119 180
1.5514 -36.5575 -3.391 31 119 180
1.5578 -36.0163 -3.41 31 119 180
1.5609 -36.6458 -3.4196 31 119 180
1.5641 -35.9169 -3.429 31 119 180
1.5641 -36.3035 -3.429 31 119 180
1.5675 -35.0334 -3.4383 31 119 180
1.5707 -34.8567 -3.4478 31 119 180
1.5704 -36.2151 -3.448 31 119 180
1.5704 -36.4029 -3.4481 31 119 180
1.5703 -36.8336 -3.4482 31 119 180
1.5736 -35.8175 -3.4575 31 119 180
1.5832 -35.7071 -3.486 31 119 180
1.5864 -35.3868 -3.4954 31 119 180
1.5863 -35.5856 -3.4955 31 119 180
1.5898 -33.7191 -3.5046 38 38 38
1.5898 -34.0946 -3.5047 31 119 180
1.5896 -34.934 -3.5048 31 119 180
1.5893 -36.69 -3.5052 31 119 180
1.593 -33.6087 -3.5141 38 38 38
1.5928 -34.7462 -3.5143 31 119 180
1.5925 -36.7784 -3.5147 31 119 180
1.5961 -34.2051 -3.5237 31 119 180
1.596 -34.3707 -3.5238 38 38 38
1.5959 -35.1217 -3.5239 31 119 180
1.5994 -33.5203 -3.5331 38 38 38
1.5991 -35.2322 -3.5334 31 119 180
1.6022 -35.4862 -3.543 31 119 180
1.6019 -36.8667 -3.5433 31 119 180
1.6054 -35.3205 -3.5525 31 119 180
1.6053 -35.6518 -3.5526 31 119 180
1.6114 -36.9661 -3.5718 31 119 180
1.6113 -37.7171 -3.572 31 119 180
1.6215 -33.443 -3.5997 38 38 38
1.6308 -34.5805 -3.6284 31 119 180
1.6342 -33.3436 -3.6377 38 38 38
1.6341 -33.9842 -3.6378 38 38 38
1.6398 -37.3637 -3.6575 31 119 180
1.6429 -37.4631 -3.6671 31 119 180
1.6492 -38.0484 -3.6862 31 119 180
1.6554 -38.6227 -3.7053 31 119 180
1.6595 -33.0785 -3.7137 38 38 38
1.6595 -33.2663 -3.7138 38 38 38
1.6586 -38.3356 -3.7148 31 119 180
1.6627 -32.9681 -3.7232 38 38 38
1.6618 -37.9048 -3.7242 38 38 38
1.6617 -38.5123 -3.7243 31 119 180
1.6712 -38.4239 -3.7528 31 119 180
1.6712 -38.7552 -3.7529 31 119 180
1.6807 -38.6558 -3.7814 31 119 180
1.6848 -33.1337 -3.7898 38 38 38
1.7038 -33.0675 -3.8469 38 38 38
1.7069 -33.1889 -3.8564 38 38 38
1.7059 -38.7994 -3.8575 31 119 180
1.7154 -38.954 -3.8861 31 119 180
1.7249 -39.0424 -3.9147 31 119 180
1.7291 -33.1337 -3.923 38 38 38
1.7311 -39.462 -3.9338 31 119 180
1.7375 -39.1859 -3.9527 31 119 180
1.7439 -38.9761 -3.9717 31 119 180
1.7501 -39.3405 -3.9908 31 119 180
1.7532 -39.5393 -4.0004 31 119 180
1.7565 -39.0644 -4.0098 31 119 180
1.7564 -39.4289 -4.0099 31 119 180
1.7596 -39.2522 -4.0193 31 119 180
1.7595 -39.6498 -4.0194 31 119 180
1.8006 -39.97 -4.1431 31 119 180
1.8164 -40.0805 -4.1907 38 38 38
1.8196 -39.9038 -4.2002 31 119 180
1.8417 -39.97 -4.2668 31 119 180
1.8481 -39.8596 -4.2858 31 119 180
1.6345 -36.2585 -3.3544 31 119 180
1.6409 -36.126 -3.3734 31 119 180
1.644 -36.3911 -3.3829 31 119 180
1.6504 -36.0377 -3.4019 31 119 180
1.6663 -34.9443 -3.4492 31 119 180
1.6662 -35.872 -3.4494 31 119 180
1.6694 -35.0878 -3.4587 31 119 180
1.6728 -33.1882 -3.4678 38 38 38
1.6728 -33.3318 -3.4678 38 38 38
1.6789 -35.2756 -3.4873 31 119 180
1.6789 -35.4302 -3.4873 31 119 180
1.6788 -35.7836 -3.4874 31 119 180
1.6787 -36.7224 -3.4876 31 119 180
1.6852 -35.1651 -3.5063 31 119 180
1.6883 -35.6732 -3.5159 31 119 180
1.6917 -33.5748 -3.5249 38 38 38
1.6916 -34.8117 -3.5252 31 119 180
1.6916 -34.9001 -3.5253 31 119 180
1.6916 -34.9995 -3.5253 31 119 180
1.6914 -36.8328 -3.5257 31 119 180
1.6948 -34.0718 -3.5346 31 119 180
1.698 -34.1822 -3.5441 31 119 180
1.6979 -35.0878 -3.5443 31 119 180
1.6979 -35.3418 -3.5444 31 119 180
1.6978 -35.5406 -3.5444 31 119 180
1.7071 -37.6722 -3.5735 31 119 180
1.7202 -33.7625 -3.6106 38 38 38
1.7201 -33.9503 -3.6106 38 38 38
1.7264 -34.4472 -3.6298 31 119 180
1.7324 -37.3187 -3.6495 31 119 180
1.7359 -34.0386 -3.6582 38 38 38
1.7356 -37.2083 -3.659 31 119 180
1.7423 -33.884 -3.6772 38 38 38
1.7418 -38.0697 -3.6782 31 119 180
1.7481 -38.5336 -3.6973 31 119 180
1.7513 -38.379 -3.7068 31 119 180
1.7545 -37.9814 -3.7162 31 119 180
1.7544 -38.2685 -3.7163 31 119 180
1.7639 -38.6109 -3.7449 31 119 180
1.7671 -38.4673 -3.7544 31 119 180
1.7734 -38.7324 -3.7735 31 119 180
1.7834 -33.4201 -3.8007 38 38 38
1.7866 -33.1109 -3.8102 38 38 38
1.7866 -33.3207 -3.8102 38 38 38
1.7898 -33.2103 -3.8197 38 38 38
1.8018 -38.7765 -3.8591 31 119 180
1.805 -38.8759 -3.8686 31 119 180
1.8119 -33.2765 -3.8863 38 38 38
1.8151 -33.155 -3.8958 38 38 38
1.8334 -39.0968 -3.9543 31 119 180
1.8366 -38.9974 -3.9638 31 119 180
1.8492 -39.1962 -4.0018 31 119 180
1.8555 -39.5164 -4.0209 31 119 180
1.8618 -39.2956 -4.0399 31 119 180
1.8681 -39.406 -4.059 31 119 180
1.8744 -39.5937 -4.078 31 119 180
1.8839 -39.9803 -4.1067 31 119 180
1.887 -39.8698 -4.1161 31 119 180
1.9123 -39.9913 -4.1923 31 119 180
1.9155 -39.7704 -4.2017 38 38 38
1.9187 -39.6379 -4.2112 38 38 38
1.9471 -40.1238 -4.2969 38 38 38
1.7304 -36.3241 -3.3547 31 119 180
1.7336 -36.2136 -3.3641 31 119 180
1.7367 -36.0811 -3.3736 31 119 180
1.7399 -36.4235 -3.3832 31 119 180
1.7654 -33.2759 -3.4585 38 38 38
1.7684 -35.2638 -3.4685 31 119 180
1.7684 -35.3632 -3.4686 31 119 180
1.7683 -36.8431 -3.4689 31 119 180
1.7716 -35.0098 -3.478 31 119 180
1.7716 -35.4626 -3.4781 31 119 180
1.7779 -34.8883 -3.497 31 119 180
1.7779 -35.1423 -3.497 31 119 180
1.7778 -36.6112 -3.4974 31 119 180
1.7778 -36.7548 -3.4974 31 119 180
1.781 -35.5841 -3.5067 31 119 180
1.781 -35.8602 -3.5067 31 119 180
1.7874 -34.7999 -3.5255 31 119 180
1.7906 -34.1925 -3.5348 31 119 180
1.7905 -35.9485 -3.5353 31 119 180
1.7969 -34.7116 -3.554 31 119 180
1.7968 -35.5068 -3.5542 31 119 180
1.7967 -36.8873 -3.5545 31 119 180
1.7967 -37.4616 -3.5547 31 119 180
1.7999 -37.1965 -3.5641 31 119 180
1.8062 -37.0088 -3.5831 31 119 180
1.8093 -38.1242 -3.5929 31 119 180
1.8191 -34.2035 -3.6205 31 119 180
1.8223 -33.8501 -3.6299 38 38 38
1.8317 -33.9385 -3.6584 38 38 38
1.8315 -37.2849 -3.6592 31 119 180
1.8409 -37.9033 -3.6879 31 119 180
1.8444 -33.7838 -3.6964 38 38 38
1.8508 -33.0991 -3.7153 38 38 38
1.8507 -33.8722 -3.7155 38 38 38
1.8539 -34.0158 -3.725 38 38 38
1.8536 -38.3451 -3.7261 31 119 180
1.8535 -38.5549 -3.7261 31 119 180
1.8599 -38.2015 -3.7451 38 38 38
1.8666 -32.9997 -3.7628 38 38 38
1.8761 -33.2095 -3.7914 38 38 38
1.8788 -38.6653 -3.8022 31 119 180
1.8824 -33.342 -3.8105 38 38 38
1.882 -38.7868 -3.8118 31 119 180
1.8856 -32.9113 -3.8199 38 38 38
1.8918 -33.4525 -3.839 38 38 38
1.9077 -33.2868 -3.8865 38 38 38
1.9077 -33.3752 -3.8866 38 38 38
1.9168 -38.842 -3.9164 31 119 180
1.9231 -39.1292 -3.9355 31 119 180
1.9357 -39.328 -3.9736 31 119 180
1.9357 -39.5267 -3.9737 31 119 180
1.9389 -38.9525 -3.983 31 119 180
1.942 -39.0518 -3.9926 31 119 180
1.9452 -39.7587 -4.0022 31 119 180
1.9547 -39.1954 -4.0306 31 119 180
1.9546 -39.6593 -4.0308 31 119 180
1.9578 -39.4605 -4.0402 31 119 180
1.9641 -39.5599 -4.0593 31 119 180
1.9704 -39.9243 -4.0784 31 119 180
1.8336 -36.3571 -3.3841 31 119 180
1.8399 -36.0699 -3.403 31 119 180
1.8399 -36.5559 -3.4032 31 119 180
1.8399 -36.6994 -3.4032 38 38 38
1.8463 -35.2968 -3.4219 31 119 180
1.8494 -35.9374 -3.4315 31 119 180
1.8494 -36.2356 -3.4316 31 119 180
1.8623 -33.2316 -3.4689 38 38 38
1.8621 -35.8269 -3.4696 31 119 180
1.862 -36.4012 -3.4697 31 119 180
1.8655 -33.3972 -3.4784 38 38 38
1.8653 -34.9544 -3.4789 31 119 180
1.8653 -35.5177 -3.479 31 119 180
1.8652 -35.6171 -3.479 31 119 180
1.8651 -36.832 -3.4793 31 119 180
1.8684 -35.3741 -3.4885 31 119 180
1.8684 -36.0257 -3.4886 31 119 180
1.8748 -35.2085 -3.5075 31 119 180
1.8813 -33.3199 -3.526 38 38 38
1.8811 -34.7556 -3.5264 31 119 180
1.884 -37.4394 -3.5366 31 119 180
1.8875 -34.1813 -3.5452 31 119 180
1.8875 -34.2807 -3.5453 31 119 180
1.8875 -34.6673 -3.5454 31 119 180
1.8875 -34.844 -3.5454 31 119 180
1.8906 -34.5679 -3.5548 31 119 180
1.8905 -35.7938 -3.5552 31 119 180
1.8904 -37.1522 -3.5555 31 119 180
1.8935 -37.34 -3.5651 31 119 180
1.8967 -36.9424 -3.5745 31 119 180
1.9029 -38.0468 -3.5938 31 119 180
1.9097 -33.8058 -3.6117 38 38 38
1.9128 -33.8942 -3.6212 38 38 38
1.9128 -34.2144 -3.6213 31 119 180
1.916 -34.115 -3.6308 31 119 180
1.9192 -33.4193 -3.6401 38 38 38
1.9255 -33.7064 -3.6592 38 38 38
1.9282 -38.367 -3.67 31 119 180
1.9319 -33.0217 -3.6781 38 38 38
1.9314 -37.7265 -3.6793 31 119 180
1.935 -33.8389 -3.6878 38 38 38
1.9346 -37.859 -3.6889 31 119 180
1.9382 -33.11 -3.6971 38 38 38
1.9381 -33.9273 -3.6973 38 38 38
1.9472 -38.2897 -3.727 31 119 180
1.9503 -38.4223 -3.7366 31 119 180
1.9535 -38.5216 -3.7461 31 119 180
1.9598 -38.61 -3.7652 31 119 180
1.9819 -38.7315 -3.8318 31 119 180
1.9945 -38.8198 -3.8698 31 119 180
2.0071 -39.1732 -3.908 31 119 180
2.0134 -39.3389 -3.927 31 119 180
2.0166 -39.0517 -3.9365 31 119 180
2.023 -38.8861 -3.9555 31 119 180
2.0293 -38.9744 -3.9745 31 119 180
2.0324 -39.5266 -3.9842 31 119 180
2.0356 -39.1511 -3.9936 31 119 180
2.0356 -39.2616 -3.9936 31 119 180
2.0387 -39.372 -4.0031 31 119 180
2.045 -39.615 -4.0222 31 119 180
2.0513 -39.7364 -4.0413 31 119 180
2.0576 -39.8579 -4.0603 31 119 180
2.0766 -39.6149 -4.1173 31 119 180
2.0798 -40.0125 -4.127 38 38 38
2.0829 -39.7696 -4.1364 31 119 180
2.0924 -39.9242 -4.165 38 38 38
1.9328 -36.0599 -3.4003 31 119 180
1.9392 -35.2978 -3.4191 31 119 180
1.9426 -33.343 -3.4282 38 38 38
1.9518 -35.7506 -3.4573 31 119 180
1.9517 -36.6783 -3.4575 31 119 180
1.9552 -33.4645 -3.4663 38 38 38
1.9581 -36.1703 -3.4764 31 119 180
1.9615 -33.2546 -3.4853 38 38 38
1.9677 -34.9334 -3.5047 31 119 180
1.971 -33.3651 -3.5138 38 38 38
1.9772 -34.2044 -3.533 31 119 180
1.9805 -33.5307 -3.5424 38 38 38
1.9804 -34.2928 -3.5426 31 119 180
1.9803 -34.7566 -3.5427 31 119 180
1.9896 -36.7556 -3.5716 31 119 180
1.9896 -36.8771 -3.5716 31 119 180
1.9895 -38.092 -3.5719 31 119 180
2.0057 -34.2596 -3.6186 31 119 180
2.0121 -33.851 -3.6376 38 38 38
2.012 -33.9394 -3.6376 38 38 38
2.0152 -33.6412 -3.6471 38 38 38
2.0152 -34.3922 -3.6472 31 119 180
2.018 -37.5618 -3.6574 31 119 180
2.018 -37.6612 -3.6574 31 119 180
2.0215 -33.7626 -3.6661 38 38 38
2.0211 -38.0367 -3.667 31 119 180
2.0211 -38.2245 -3.6671 31 119 180
2.0248 -33.111 -3.6755 38 38 38
2.0247 -34.0167 -3.6757 38 38 38
2.0274 -37.7496 -3.686 31 119 180
2.0274 -38.3128 -3.6861 31 119 180
2.0273 -38.5889 -3.6862 31 119 180
2.0305 -38.4012 -3.6956 31 119 180
2.0369 -37.86 -3.7145 31 119 180
2.0406 -32.9895 -3.723 38 38 38
2.0405 -33.9173 -3.7232 38 38 38
2.0431 -38.4895 -3.7337 31 119 180
2.0621 -38.6221 -3.7908 31 119 180
2.0716 -38.7656 -3.8194 31 119 180
2.0842 -38.854 -3.8574 31 119 180
2.1032 -38.7546 -3.9145 31 119 180
2.1063 -39.1853 -3.9241 31 119 180
2.1063 -39.3399 -3.9241 31 119 180
2.1095 -38.9313 -3.9335 31 119 180
2.1126 -39.0307 -3.9431 31 119 180
2.1189 -39.87 -3.9623 31 119 180
2.1221 -39.4614 -3.9717 31 119 180
2.122 -39.7485 -3.9717 31 119 180
2.1316 -39.2405 -4.0002 31 119 180
2.1316 -39.373 -4.0002 31 119 180
2.1347 -39.108 -4.0097 31 119 180
2.1442 -39.6712 -4.0383 31 119 180
2.1473 -39.5497 -4.0478 31 119 180
2.1473 -39.7927 -4.0478 31 119 180
2.1286 -36.2683 -3.3924 38 38 38
2.1286 -36.3898 -3.3924 38 38 38
2.1318 -36.1468 -3.4019 38 38 38
2.1381 -35.2964 -3.4207 38 38 38
2.1381 -36.5996 -3.421 38 38 38
2.1444 -33.3526 -3.4392 38 38 38
2.1444 -36.0032 -3.4399 38 38 38
2.1476 -36.4892 -3.4495 38 38 38
2.1476 -36.688 -3.4496 38 38 38
2.1507 -35.44 -3.4588 38 38 38
2.1539 -35.6498 -3.4684 38 38 38
2.1539 -35.7492 -3.4684 38 38 38
2.1539 -35.8596 -3.4684 38 38 38
2.1539 -36.2241 -3.4685 38 38 38
2.1539 -36.3235 -3.4685 38 38 38
2.157 -35.5283 -3.4778 38 38 38
2.1602 -34.192 -3.487 38 38 38
2.1602 -35.0976 -3.4872 38 38 38
2.1602 -36.0916 -3.4875 38 38 38
2.1602 -36.8536 -3.4877 38 38 38
2.1634 -34.2914 -3.4965 38 38 38
2.1665 -33.2532 -3.5058 38 38 38
2.1665 -35.2301 -3.5063 38 38 38
2.1665 -36.6106 -3.5066 38 38 38
2.1697 -36.953 -3.5162 38 38 38
2.1729 -34.6889 -3.5252 38 38 38
2.1729 -35.959 -3.5255 38 38 38
2.176 -34.1146 -3.5345 38 38 38
2.176 -34.965 -3.5348 38 38 38
2.176 -35.3626 -3.5349 38 38 38
2.176 -36.7211 -3.5352 38 38 38
2.176 -37.2181 -3.5353 38 38 38
2.176 -37.3175 -3.5354 38 38 38
2.1792 -33.3968 -3.5439 38 38 38
2.1792 -34.5454 -3.5442 38 38 38
2.1792 -34.7994 -3.5442 38 38 38
2.1792 -35.451 -3.5444 38 38 38
2.1792 -35.694 -3.5445 38 38 38
2.1823 -35.8044 -3.554 38 38 38
2.1824 -37.0634 -3.5543 38 38 38
2.1855 -35.5393 -3.5634 38 38 38
2.1887 -36.8757 -3.5733 38 38 38
2.2076 -33.1648 -3.6294 38 38 38
2.2076 -33.8827 -3.6296 38 38 38
2.2076 -34.5233 -3.6298 38 38 38
2.2108 -33.6728 -3.6391 38 38 38
2.2171 -33.0544 -3.6579 38 38 38
2.2171 -37.472 -3.659 38 38 38
2.2234 -33.2642 -3.677 38 38 38
2.2234 -33.5955 -3.6771 38 38 38
2.2266 -33.3636 -3.6865 38 38 38
2.2266 -33.8054 -3.6866 38 38 38
2.2298 -38.0353 -3.6972 38 38 38
2.2329 -33.4519 -3.7056 38 38 38
2.2329 -37.7481 -3.7067 38 38 38
2.2329 -38.1457 -3.7068 38 38 38
2.2361 -33.8937 -3.7152 38 38 38
2.2361 -37.9248 -3.7162 38 38 38
2.2361 -38.2341 -3.7163 38 38 38
2.2392 -33.9821 -3.7247 38 38 38
2.2424 -38.3887 -3.7354 38 38 38
2.2519 -33.5734 -3.7627 38 38 38
2.2519 -38.5433 -3.7639 38 38 38
2.2551 -33.3304 -3.7721 38 38 38
2.2582 -33.4188 -3.7817 38 38 38
2.2582 -38.6758 -3.783 38 38 38
2.2709 -38.7863 -3.8211 38 38 38
2.2867 -38.7089 -3.8686 38 38 38
2.2962 -39.0844 -3.8972 38 38 38
2.3057 -38.9188 -3.9257 38 38 38
2.3057 -39.3495 -3.9258 38 38 38
2.3088 -39.482 -3.9354 38 38 38
2.3152 -39.2169 -3.9543 38 38 38
2.3152 -39.6145 -3.9544 38 38 38
2.3183 -39.8023 -3.964 38 38 38
2.3215 -39.7029 -3.9735 38 38 38
2.3247 -39.1065 -3.9828 38 38 38
2.3247 -39.9127 -3.983 38 38 38
2.3278 -38.8304 -3.9923 38 38 38
2.331 -38.985 -4.0018 38 38 38
2.331 -39.4157 -4.0019 38 38 38
2.3341 -39.3053 -4.0114 38 38 38
2.3436 -39.5372 -4.04 38 38 38
2.35 -39.6918 -4.0591 38 38 38
2.35 -39.8023 -4.0591 38 38 38
2.2329 -36.1368 -3.4222 38 38 38
2.2329 -36.5454 -3.4223 38 38 38
2.236 -36.2362 -3.4318 38 38 38
2.2423 -35.3305 -3.4506 38 38 38
2.2423 -35.5514 -3.4507 38 38 38
2.2424 -36.7221 -3.4509 38 38 38
2.2455 -36.0042 -3.4603 38 38 38
2.2455 -36.3577 -3.4603 38 38 38
2.2486 -33.2653 -3.4692 38 38 38
2.2486 -33.442 -3.4693 38 38 38
2.2487 -35.8717 -3.4697 38 38 38
2.255 -35.2091 -3.4886 38 38 38
2.255 -36.4791 -3.4889 38 38 38
2.255 -36.6227 -3.4889 38 38 38
2.2581 -35.7613 -3.4983 38 38 38
2.2612 -33.1769 -3.5073 38 38 38
2.2613 -36.0926 -3.5078 38 38 38
2.2613 -36.943 -3.508 38 38 38
2.2676 -35.441 -3.5267 38 38 38
2.2707 -33.3315 -3.5358 38 38 38
2.2708 -35.2864 -3.5362 38 38 38
2.2708 -35.938 -3.5363 38 38 38
2.2708 -36.7111 -3.5365 38 38 38
2.2708 -37.3516 -3.5366 38 38 38
2.2739 -33.6849 -3.5454 38 38 38
2.274 -37.0866 -3.5461 38 38 38
2.274 -37.2191 -3.5461 38 38 38
2.2771 -35.0655 -3.5552 38 38 38
2.2771 -35.6398 -3.5553 38 38 38
2.2771 -35.8386 -3.5553 38 38 38
2.2771 -36.8104 -3.5555 38 38 38
2.3024 -34.5132 -3.6312 38 38 38
2.3055 -33.9279 -3.6406 38 38 38
2.3055 -34.1819 -3.6406 38 38 38
2.3055 -34.6458 -3.6407 38 38 38
2.3087 -33.6076 -3.65 38 38 38
2.3087 -33.7622 -3.6501 38 38 38
2.315 -34.7562 -3.6693 38 38 38
2.3151 -38.4781 -3.67 38 38 38
2.3214 -37.4841 -3.6888 38 38 38
2.3245 -34.4028 -3.6977 38 38 38
2.3246 -38.2683 -3.6985 38 38 38
2.3277 -33.8506 -3.7071 38 38 38
2.3277 -34.0494 -3.7072 38 38 38
2.3277 -37.6608 -3.7079 38 38 38
2.3308 -34.4911 -3.7168 38 38 38
2.3309 -37.9369 -3.7174 38 38 38
2.3309 -38.0253 -3.7175 38 38 38
2.3309 -38.1136 -3.7175 38 38 38
2.334 -34.1598 -3.7262 38 38 38
2.334 -34.5795 -3.7263 38 38 38
2.3341 -37.8154 -3.7269 38 38 38
2.3341 -38.3676 -3.727 38 38 38
2.3404 -38.5885 -3.7461 38 38 38
2.3466 -33.9831 -3.7642 38 38 38
2.3467 -38.456 -3.7651 38 38 38
2.353 -34.0935 -3.7833 38 38 38
2.3626 -38.6658 -3.8127 38 38 38
2.3657 -38.5554 -3.8222 38 38 38
2.3752 -38.7652 -3.8508 38 38 38
2.3784 -38.9309 -3.8603 38 38 38
2.3879 -39.1186 -3.8889 38 38 38
2.3973 -39.0303 -3.9174 38 38 38
2.4005 -38.7983 -3.9268 38 38 38
2.4068 -39.218 -3.9459 38 38 38
2.41 -38.8867 -3.9554 38 38 38
2.4132 -39.5162 -3.965 38 38 38
2.4163 -39.1296 -3.9745 38 38 38
2.4163 -39.715 -3.9746 38 38 38
2.4195 -39.3837 -3.984 38 38 38
2.4195 -39.8033 -3.9841 38 38 38
2.429 -39.8917 -4.0127 38 38 38
2.4321 -39.6156 -4.0221 38 38 38
2.4353 -39.2622 -4.0316 38 38 38
2.4479 -39.7702 -4.0697 38 38 38
2.4827 -39.991 -4.1744 38 38 38
2.42 -36.1125 -3.4152 255 152 150
2.42 -36.2561 -3.4152 255 152 150
2.42 -36.3445 -3.4153 255 152 150
2.4295 -36.0131 -3.4437 255 152 150
2.4358 -35.8806 -3.4627 255 152 150
2.439 -33.3073 -3.4715 38 38 38
2.439 -36.5322 -3.4724 255 152 150
2.4422 -35.5051 -3.4816 255 152 150
2.4422 -36.2009 -3.4818 255 152 150
2.4453 -35.2842 -3.4911 255 152 150
2.4453 -35.4057 -3.4911 255 152 150
2.4485 -35.6045 -3.5007 255 152 150
2.4485 -35.7812 -3.5007 255 152 150
2.4485 -36.0794 -3.5008 255 152 150
2.4485 -36.4328 -3.5009 255 152 150
2.4516 -33.1968 -3.5095 38 38 38
2.4516 -33.4509 -3.5096 38 38 38
2.4516 -35.6928 -3.5102 255 152 150
2.4516 -36.6316 -3.5105 255 152 150
2.4548 -35.1848 -3.5196 255 152 150
2.4548 -35.9689 -3.5198 255 152 150
2.4643 -33.6938 -3.5477 255 152 150
2.4643 -35.8585 -3.5483 255 152 150
2.4706 -35.4498 -3.5672 255 152 150
2.4706 -35.5382 -3.5672 255 152 150
2.4706 -36.5322 -3.5675 255 152 150
2.4738 -36.8635 -3.5771 255 152 150
2.4896 -33.4177 -3.6237 38 38 38
2.4959 -33.749 -3.6428 255 152 150
2.4959 -34.8534 -3.6431 255 152 150
2.4991 -36.8082 -3.6532 255 152 150
2.5022 -36.9076 -3.6627 255 152 150
2.5054 -37.8133 -3.6725 255 152 150
2.5054 -38.1225 -3.6726 255 152 150
2.5086 -33.495 -3.6808 38 38 38
2.5086 -33.6165 -3.6808 38 38 38
2.5086 -33.8374 -3.6809 255 152 150
2.5086 -33.9588 -3.6809 255 152 150
2.5086 -34.4227 -3.681 255 152 150
2.5086 -37.9458 -3.682 255 152 150
2.5117 -34.2902 -3.6905 255 152 150
2.5117 -34.754 -3.6907 255 152 150
2.5117 -37.25 -3.6913 255 152 150
2.5117 -37.3494 -3.6914 255 152 150
2.5117 -37.4488 -3.6914 255 152 150
2.5149 -34.9639 -3.7002 38 38 38
2.5149 -38.0341 -3.7011 255 152 150
2.5149 -38.509 -3.7012 255 152 150
2.518 -34.511 -3.7096 255 152 150
2.518 -34.6104 -3.7096 255 152 150
2.518 -37.1285 -3.7103 255 152 150
2.518 -37.5813 -3.7105 255 152 150
2.518 -37.6918 -3.7105 255 152 150
2.5212 -37.0181 -3.7198 255 152 150
2.5212 -38.3544 -3.7202 255 152 150
2.5244 -34.8313 -3.7287 255 152 150
2.5244 -38.255 -3.7297 255 152 150
2.5275 -34.0251 -3.738 255 152 150
2.5307 -34.1134 -3.7475 255 152 150
2.5307 -37.8685 -3.7486 255 152 150
2.5339 -34.6988 -3.7572 255 152 150
2.5339 -38.1004 -3.7582 255 152 150
2.537 -33.9367 -3.7665 255 152 150
2.537 -34.3785 -3.7666 255 152 150
2.537 -37.9679 -3.7676 255 152 150
2.537 -38.5863 -3.7678 255 152 150
2.537 -38.6857 -3.7678 255 152 150
2.5402 -34.2349 -3.7761 255 152 150
2.5497 -38.7741 -3.8059 255 152 150
2.5528 -38.8735 -3.8154 255 152 150
2.556 -34.1576 -3.8236 255 152 150
2.5592 -34.0582 -3.8331 255 152 150
2.5623 -38.9839 -3.844 255 152 150
2.5655 -38.6967 -3.8534 255 152 150
2.5781 -38.774 -3.8915 255 152 150
2.5813 -38.9066 -3.9011 255 152 150
2.5908 -39.3925 -3.9297 255 152 150
2.5971 -39.0391 -3.9486 255 152 150
2.5971 -39.1385 -3.9487 255 152 150
2.5971 -39.3041 -3.9487 255 152 150
2.6066 -39.525 -3.9773 255 152 150
2.6161 -39.6686 -4.0059 255 152 150
2.6192 -39.4367 -4.0153 255 152 150
2.6256 -39.1495 -4.0343 255 152 150
2.6256 -39.271 -4.0343 255 152 150
2.6382 -39.5581 -4.0724 255 152 150
2.6414 -39.8121 -4.082 255 152 150
2.6445 -39.7017 -4.0915 255 152 150
2.654 -40.0109 -4.1201 255 152 150
2.6667 -39.8453 -4.1581 255 152 150
2.6761 -39.9336 -4.1867 255 152 150
2.6793 -40.0882 -4.1962 255 152 150
2.5142 -36.2666 -3.4161 255 152 150
2.5205 -36.1782 -3.4351 255 152 150
2.5237 -36.0678 -3.4446 255 152 150
2.5269 -35.9463 -3.4541 255 152 150
2.5332 -33.2736 -3.4723 38 38 38
2.5332 -35.8027 -3.473 255 152 150
2.5395 -35.3168 -3.4919 255 152 150
2.5427 -33.3619 -3.5008 38 38 38
2.5427 -36.2445 -3.5017 255 152 150
2.5459 -33.4503 -3.5104 38 38 38
2.5458 -36.3549 -3.5112 255 152 150
2.5458 -36.4764 -3.5113 255 152 150
2.549 -35.88 -3.5206 255 152 150
2.549 -36.1451 -3.5207 255 152 150
2.5522 -35.7254 -3.5301 255 152 150
2.5522 -35.9904 -3.5302 255 152 150
2.5553 -35.4603 -3.5395 255 152 150
2.5585 -33.13 -3.5483 38 38 38
2.5585 -33.2404 -3.5484 38 38 38
2.5585 -35.14 -3.5489 255 152 150
2.5616 -36.6199 -3.5589 38 38 38
2.5648 -35.372 -3.568 255 152 150
2.568 -36.885 -3.578 255 152 150
2.5711 -36.7414 -3.5874 255 152 150
2.587 -34.3448 -3.6343 255 152 150
2.5901 -34.6209 -3.6439 255 152 150
2.5964 -33.9031 -3.6627 255 152 150
2.5964 -35.4934 -3.6632 255 152 150
2.5964 -36.6751 -3.6635 255 152 150
2.5996 -34.2123 -3.6723 255 152 150
2.5996 -35.6591 -3.6727 38 38 38
2.5996 -36.7856 -3.6731 255 152 150
2.5996 -36.9512 -3.6731 255 152 150
2.5996 -37.0948 -3.6732 255 152 150
2.5996 -37.8016 -3.6734 255 152 150
2.5996 -37.9121 -3.6734 255 152 150
2.6028 -33.5717 -3.6816 38 38 38
2.6028 -34.4442 -3.6819 255 152 150
2.6028 -34.7093 -3.682 255 152 150
2.6059 -34.8528 -3.6915 255 152 150
2.6059 -38.3097 -3.6925 255 152 150
2.6122 -37.4924 -3.7113 255 152 150
2.6154 -33.8257 -3.7197 255 152 150
2.6154 -37.636 -3.7209 255 152 150
2.6186 -34.3006 -3.7294 255 152 150
2.6185 -37.2163 -3.7303 255 152 150
2.6185 -37.3378 -3.7303 255 152 150
2.6185 -37.9894 -3.7305 255 152 150
2.6185 -38.4422 -3.7306 255 152 150
2.6217 -34.643 -3.739 255 152 150
2.6217 -37.0175 -3.7397 255 152 150
2.6217 -37.7354 -3.7399 255 152 150
2.6249 -33.9693 -3.7483 255 152 150
2.6249 -37.8568 -3.7495 255 152 150
2.6281 -34.7534 -3.7581 255 152 150
2.628 -38.2323 -3.7591 255 152 150
2.6312 -34.146 -3.7674 255 152 150
2.6312 -38.3428 -3.7686 255 152 150
2.6343 -38.0777 -3.7781 255 152 150
2.6343 -38.5637 -3.7782 255 152 150
2.6439 -33.903 -3.8054 255 152 150
2.647 -38.4753 -3.8162 255 152 150
2.647 -38.7072 -3.8163 255 152 150
2.6502 -34.0355 -3.8244 255 152 150
2.6501 -37.9893 -3.8256 255 152 150
2.6533 -38.8287 -3.8354 255 152 150
2.6596 -38.1329 -3.8542 255 152 150
2.6596 -38.6299 -3.8543 255 152 150
2.6628 -34.7865 -3.8627 255 152 150
2.6754 -38.7403 -3.9019 255 152 150
2.6754 -39.0385 -3.902 255 152 150
2.6818 -38.906 -3.921 255 152 150
2.6817 -39.4251 -3.9211 255 152 150
2.6912 -39.1158 -3.9496 255 152 150
2.6912 -39.2152 -3.9496 255 152 150
2.6912 -39.3257 -3.9496 255 152 150
2.7007 -39.0054 -3.9781 255 152 150
2.7039 -39.5686 -3.9878 255 152 150
2.7134 -39.4361 -4.0162 255 152 150
2.7197 -39.3146 -4.0352 255 152 150
2.7229 -39.2152 -4.0447 255 152 150
2.7228 -39.7232 -4.0449 255 152 150
2.7355 -39.6017 -4.0829 255 152 150
2.7355 -39.8005 -4.0829 255 152 150
2.7576 -39.8557 -4.1495 255 152 150
2.7639 -39.9441 -4.1686 255 152 150
2.7671 -40.0545 -4.1781 255 152 150
2.7861 -39.8888 -4.2351 255 152 150
2.7924 -39.9993 -4.2542 255 152 150
2.805 -40.1428 -4.2923 38 38 38
2.6181 -35.815 -3.4341 255 152 150
2.6213 -36.0138 -3.4437 255 152 150
2.6338 -35.2517 -3.4815 255 152 150
2.6339 -35.3953 -3.4816 255 152 150
2.6339 -35.7266 -3.4816 255 152 150
2.634 -36.1573 -3.4817 255 152 150
2.634 -36.3561 -3.4818 255 152 150
2.637 -35.5609 -3.4911 255 152 150
2.6403 -35.9254 -3.5007 255 152 150
2.6403 -36.2457 -3.5008 255 152 150
2.6435 -36.4445 -3.5103 255 152 150
2.6498 -36.08 -3.5293 255 152 150
2.6528 -35.0529 -3.5385 255 152 150
2.653 -36.5439 -3.5389 255 152 150
2.6593 -36.3119 -3.5579 255 152 150
2.6621 -34.3681 -3.5669 255 152 150
2.6623 -35.1633 -3.5671 255 152 150
2.6623 -35.2517 -3.5671 255 152 150
2.6623 -35.3511 -3.5672 255 152 150
2.6623 -35.4836 -3.5672 255 152 150
2.6623 -35.6272 -3.5672 255 152 150
2.6624 -35.7376 -3.5672 255 152 150
2.6624 -36.1794 -3.5674 255 152 150
2.6657 -36.6874 -3.577 255 152 150
2.6842 -33.7938 -3.6334 255 152 150
2.6843 -34.7436 -3.6336 255 152 150
2.6904 -33.2195 -3.6523 38 38 38
2.6906 -34.3902 -3.6525 255 152 150
2.6906 -34.6221 -3.6526 255 152 150
2.6937 -34.1362 -3.662 255 152 150
2.6938 -34.9314 -3.6622 255 152 150
2.6942 -37.0739 -3.6627 255 152 150
2.6973 -36.7426 -3.6721 255 152 150
2.6974 -37.5599 -3.6723 255 152 150
2.7063 -33.6944 -3.6999 255 152 150
2.7065 -34.8209 -3.7002 255 152 150
2.7068 -36.9856 -3.7007 255 152 150
2.7094 -33.341 -3.7094 255 152 150
2.7096 -34.5448 -3.7096 255 152 150
2.71 -36.8641 -3.7102 255 152 150
2.7101 -37.6703 -3.7104 255 152 150
2.7127 -34.2356 -3.7191 255 152 150
2.7157 -33.4293 -3.7284 255 152 150
2.7159 -34.6884 -3.7287 255 152 150
2.7163 -37.2285 -3.7293 255 152 150
2.719 -33.7938 -3.738 255 152 150
2.7195 -37.4052 -3.7389 255 152 150
2.7226 -37.0629 -3.7483 255 152 150
2.7227 -37.5046 -3.7484 255 152 150
2.7227 -37.593 -3.7484 255 152 150
2.7228 -37.9243 -3.7485 255 152 150
2.7228 -38.3882 -3.7486 255 152 150
2.7259 -37.7807 -3.758 255 152 150
2.7285 -33.8821 -3.7665 255 152 150
2.7291 -38.2777 -3.7676 255 152 150
2.7321 -36.9414 -3.7768 255 152 150
2.7323 -38.587 -3.7772 255 152 150
2.7354 -38.0348 -3.7866 255 152 150
2.7354 -38.1783 -3.7866 255 152 150
2.7379 -33.352 -3.795 255 152 150
2.7442 -33.4625 -3.814 255 152 150
2.7442 -33.5729 -3.814 255 152 150
2.7481 -38.344 -3.8247 255 152 150
2.7481 -38.4986 -3.8247 255 152 150
2.7513 -38.6532 -3.8343 255 152 150
2.7513 -38.7747 -3.8343 255 152 150
2.7607 -38.2335 -3.8627 255 152 150
2.7639 -38.1231 -3.8722 255 152 150
2.7664 -33.7827 -3.8807 38 38 38
2.7695 -33.4183 -3.8901 255 152 150
2.7727 -33.5287 -3.8996 255 152 150
2.779 -33.8821 -3.9187 38 38 38
2.783 -38.7747 -3.9294 255 152 150
2.7861 -38.8851 -3.9389 255 152 150
2.7862 -39.0508 -3.939 255 152 150
2.7893 -39.2164 -3.9485 255 152 150
2.7925 -39.4042 -3.9581 255 152 150
2.7989 -39.5146 -3.9771 255 152 150
2.8083 -38.9624 -4.0055 255 152 150
2.8115 -39.106 -4.0151 255 152 150
2.8146 -39.3158 -4.0247 255 152 150
2.8178 -39.5809 -4.0342 255 152 150
2.821 -39.2164 -4.0437 255 152 150
2.8241 -39.4373 -4.0532 255 152 150
2.8368 -39.7244 -4.0913 255 152 150
2.8463 -39.6029 -4.1198 255 152 150
2.8464 -39.9895 -4.1199 255 152 150
2.859 -39.8459 -4.1579 255 152 150
2.8653 -39.7354 -4.1769 255 152 150
2.8716 -39.9342 -4.196 255 152 150
2.8717 -40.0336 -4.196 255 152 150
2.7316 -35.3166 -3.4713 255 152 150
2.7348 -35.416 -3.4808 255 152 150
2.7348 -35.5265 -3.4809 255 152 150
2.738 -35.6259 -3.4904 255 152 150
2.741 -35.1068 -3.4998 255 152 150
2.7412 -36.4542 -3.5001 255 152 150
2.7444 -36.2333 -3.5096 255 152 150
2.7474 -35.2062 -3.5188 255 152 150
2.7475 -35.7142 -3.519 255 152 150
2.7506 -35.902 -3.5285 255 152 150
2.7538 -36.1118 -3.5381 255 152 150
2.7571 -36.6309 -3.5477 255 152 150
2.76 -35.3056 -3.5569 255 152 150
2.7601 -35.4712 -3.5569 255 152 150
2.7602 -36.0124 -3.5571 255 152 150
2.7631 -34.9632 -3.5663 255 152 150
2.7634 -36.3548 -3.5667 255 152 150
2.7664 -35.6148 -3.576 255 152 150
2.7697 -36.4983 -3.5857 255 152 150
2.7882 -33.1409 -3.642 255 152 150
2.7884 -34.4662 -3.6423 255 152 150
2.7884 -34.919 -3.6424 255 152 150
2.7914 -33.8477 -3.6517 255 152 150
2.7915 -34.2674 -3.6518 255 152 150
2.7945 -33.2955 -3.661 255 152 150
2.7947 -34.3668 -3.6613 255 152 150
2.7947 -34.6871 -3.6614 255 152 150
2.7947 -34.7754 -3.6614 255 152 150
2.795 -36.7192 -3.6619 255 152 150
2.8014 -37.0063 -3.681 255 152 150
2.8015 -37.2603 -3.681 255 152 150
2.8046 -37.3487 -3.6906 255 152 150
2.8073 -33.9471 -3.6992 255 152 150
2.8104 -33.7483 -3.7087 255 152 150
2.8104 -34.1238 -3.7088 255 152 150
2.811 -37.5033 -3.7096 255 152 150
2.811 -37.7573 -3.7097 255 152 150
2.8141 -37.1388 -3.719 255 152 150
2.8172 -36.8627 -3.7285 255 152 150
2.8199 -33.8698 -3.7373 255 152 150
2.8199 -34.2232 -3.7374 255 152 150
2.8235 -36.7302 -3.7475 255 152 150
2.8261 -33.2402 -3.7561 255 152 150
2.8299 -37.3928 -3.7667 255 152 150
2.83 -37.68 -3.7667 255 152 150
2.8326 -34.0244 -3.7754 255 152 150
2.833 -36.9732 -3.7761 255 152 150
2.8332 -37.9451 -3.7763 255 152 150
2.8332 -38.1328 -3.7763 255 152 150
2.8363 -37.5695 -3.7857 255 152 150
2.8363 -37.8125 -3.7858 255 152 150
2.8388 -33.3396 -3.7942 255 152 150
2.8396 -38.3095 -3.7954 255 152 150
2.8425 -36.8296 -3.8046 255 152 150
2.8522 -38.0444 -3.8334 255 152 150
2.8522 -38.4531 -3.8335 255 152 150
2.8585 -37.8898 -3.8524 255 152 150
2.8585 -38.2322 -3.8525 255 152 150
2.8609 -33.5384 -3.8608 255 152 150
2.8672 -33.3617 -3.8798 255 152 150
2.8681 -38.5525 -3.8811 255 152 150
2.8681 -38.685 -3.8811 255 152 150
2.8712 -38.3757 -3.8905 255 152 150
2.8744 -38.8285 -3.9002 255 152 150
2.8767 -33.45 -3.9084 255 152 150
2.8799 -33.6157 -3.9179 255 152 150
2.8808 -38.9279 -3.9192 255 152 150
2.8809 -39.3808 -3.9193 255 152 150
2.8872 -39.2924 -3.9383 255 152 150
2.8872 -39.4801 -3.9384 255 152 150
2.8902 -38.4751 -3.9476 255 152 150
2.8902 -38.6187 -3.9477 255 152 150
2.8997 -38.7844 -3.9762 255 152 150
2.9029 -39.0384 -3.9858 255 152 150
2.903 -39.204 -3.9858 255 152 150
2.9125 -39.3365 -4.0144 255 152 150
2.9156 -38.939 -4.0238 255 152 150
2.9188 -39.5243 -4.0335 255 152 150
2.9283 -39.1598 -4.0619 255 152 150
2.9314 -39.0604 -4.0714 255 152 150
2.9347 -39.701 -4.0811 255 152 150
2.9505 -40.0102 -4.1287 255 152 150
2.9537 -39.9219 -4.1382 255 152 150
2.9568 -39.6347 -4.1476 255 152 150
2.96 -39.7562 -4.1572 255 152 150
2.9758 -40.0985 -4.2048 255 152 150
2.979 -39.9991 -4.2143 255 152 150
2.9821 -39.8556 -4.2238 255 152 150
2.8247 -35.6833 -3.4695 255 152 150
2.8311 -35.2084 -3.4885 255 152 150
2.8311 -35.3078 -3.4885 255 152 150
2.8311 -35.5618 -3.4885 255 152 150
2.8342 -35.109 -3.498 255 152 150
2.8342 -36.2797 -3.4982 255 152 150
2.8342 -36.4122 -3.4982 255 152 150
2.8374 -35.4293 -3.5075 255 152 150
2.8374 -36.0919 -3.5077 255 152 150
2.8406 -34.5457 -3.5169 255 152 150
2.8405 -35.8269 -3.5171 255 152 150
2.8405 -36.0036 -3.5172 255 152 150
2.8405 -36.1913 -3.5172 255 152 150
2.8437 -34.6451 -3.5264 255 152 150
2.85 -36.5668 -3.5458 255 152 150
2.8532 -35.617 -3.5551 255 152 150
2.8564 -34.4463 -3.5644 255 152 150
2.8564 -35.0206 -3.5645 255 152 150
2.8564 -35.2526 -3.5646 255 152 150
2.8564 -35.363 -3.5646 255 152 150
2.8563 -35.7054 -3.5647 255 152 150
2.8563 -35.9152 -3.5647 255 152 150
2.8563 -36.3459 -3.5648 255 152 150
2.8595 -34.7887 -3.574 255 152 150
2.8595 -35.1532 -3.5741 255 152 150
2.8627 -36.125 -3.5838 255 152 150
2.8627 -36.2465 -3.5838 255 152 150
2.8785 -33.9052 -3.6309 255 152 150
2.8817 -33.121 -3.6402 255 152 150
2.8817 -34.9654 -3.6406 255 152 150
2.8848 -34.7335 -3.6501 255 152 150
2.8848 -34.866 -3.6501 255 152 150
2.888 -33.2094 -3.6593 255 152 150
2.8912 -33.8168 -3.6689 255 152 150
2.8912 -34.3911 -3.669 255 152 150
2.8944 -33.0437 -3.6782 255 152 150
2.8975 -33.7174 -3.6879 255 152 150
2.8974 -36.7656 -3.6885 255 152 150
2.8974 -36.9644 -3.6886 255 152 150
2.9007 -33.607 -3.6974 255 152 150
2.9007 -34.2806 -3.6975 255 152 150
2.9006 -37.3288 -3.6981 255 152 150
2.9038 -34.0708 -3.707 255 152 150
2.9037 -36.876 -3.7076 255 152 150
2.9037 -37.2073 -3.7076 255 152 150
2.9037 -37.4172 -3.7077 255 152 150
2.9069 -37.5055 -3.7172 255 152 150
2.9069 -37.7485 -3.7173 255 152 150
2.9102 -33.9162 -3.726 255 152 150
2.9133 -34.1812 -3.7355 255 152 150
2.9132 -36.6883 -3.7361 255 152 150
2.9132 -37.6602 -3.7363 255 152 150
2.9165 -33.132 -3.7448 255 152 150
2.9164 -37.0859 -3.7457 255 152 150
2.9164 -37.8589 -3.7458 255 152 150
2.9197 -33.2977 -3.7544 255 152 150
2.9228 -34.0045 -3.764 255 152 150
2.9259 -36.7987 -3.7741 255 152 150
2.929 -36.9202 -3.7837 255 152 150
2.929 -37.2957 -3.7837 255 152 150
2.9322 -37.4503 -3.7933 255 152 150
2.9353 -37.7375 -3.8029 255 152 150
2.9386 -33.2314 -3.8114 255 152 150
2.9385 -37.616 -3.8123 255 152 150
2.945 -33.3419 -3.8305 255 152 150
2.9448 -38.1903 -3.8315 255 152 150
2.9481 -33.4302 -3.84 255 152 150
2.948 -37.87 -3.8409 255 152 150
2.948 -37.9915 -3.841 255 152 150
2.9576 -33.5186 -3.8686 255 152 150
2.9574 -38.621 -3.8696 255 152 150
2.9606 -38.7645 -3.8792 255 152 150
2.9638 -38.3007 -3.8886 255 152 150
2.9669 -38.0908 -3.898 255 152 150
2.9733 -38.4884 -3.9171 255 152 150
2.9766 -33.3971 -3.9256 255 152 150
2.9764 -38.8639 -3.9267 255 152 150
2.9827 -38.6762 -3.9457 255 152 150
2.9827 -39.3167 -3.9458 255 152 150
2.9859 -38.3669 -3.9552 255 152 150
2.9859 -39.0848 -3.9553 255 152 150
2.9891 -38.5657 -3.9647 255 152 150
2.9891 -38.7645 -3.9648 255 152 150
2.989 -39.2173 -3.9649 255 152 150
2.9922 -38.9412 -3.9743 255 152 150
3.0017 -38.4663 -4.0027 255 152 150
3.0017 -39.88 -4.003 255 152 150
3.0049 -39.394 -4.0124 255 152 150
3.0048 -39.7585 -4.0125 255 152 150
3.0112 -39.0296 -4.0314 255 152 150
3.0112 -39.2836 -4.0314 255 152 150
3.0143 -39.9573 -4.0411 255 152 150
3.0207 -38.9412 -4.0599 255 152 150
3.0207 -39.1731 -4.06 255 152 150
3.027 -39.8137 -4.0791 255 152 150
3.0301 -39.7033 -4.0886 255 152 150
3.0365 -39.5486 -4.1076 255 152 150
3.0428 -39.9794 -4.1267 255 152 150
3.0586 -39.6259 -4.1742 255 152 150
3.0681 -39.5265 -4.2027 255 152 150
2.9017 -35.2961 -3.4224 255 152 150
2.9175 -35.5833 -3.4701 255 152 150
2.9207 -35.2188 -3.4795 255 152 150
2.9206 -35.9367 -3.4796 255 152 150
2.9238 -35.4066 -3.489 255 152 150
2.9238 -35.6716 -3.4891 255 152 150
2.9238 -35.8152 -3.4891 255 152 150
2.9238 -36.0913 -3.4892 255 152 150
2.9238 -36.3122 -3.4892 255 152 150
2.9269 -36.2017 -3.4987 255 152 150
2.9302 -35.0642 -3.508 255 152 150
2.9333 -35.5059 -3.5176 255 152 150
2.9365 -35.3071 -3.5271 255 152 150
2.9396 -36.4447 -3.5368 255 152 150
2.9428 -34.6555 -3.5459 255 152 150
2.9428 -34.7549 -3.546 255 152 150
2.946 -34.3794 -3.5554 255 152 150
2.946 -34.9206 -3.5555 255 152 150
2.946 -35.5943 -3.5557 255 152 150
2.9459 -35.76 -3.5557 255 152 150
2.9459 -36.014 -3.5558 255 152 150
2.9491 -35.1746 -3.5651 255 152 150
2.9491 -35.8704 -3.5652 255 152 150
2.9491 -36.1465 -3.5653 255 152 150
2.9491 -36.268 -3.5653 255 152 150
2.9554 -36.6435 -3.5844 255 152 150
2.9585 -36.5551 -3.5939 255 152 150
2.9714 -33.2419 -3.6312 255 152 150
2.9745 -34.3573 -3.641 255 152 150
2.9808 -33.9708 -3.6599 255 152 150
2.987 -36.6545 -3.6796 255 152 150
2.9904 -33.0762 -3.6883 255 152 150
2.9904 -33.3192 -3.6883 255 152 150
2.9903 -33.4186 -3.6883 255 152 150
2.9903 -33.7057 -3.6884 255 152 150
2.9901 -37.273 -3.6892 255 152 150
2.9935 -33.1866 -3.6978 255 152 150
2.9935 -33.8935 -3.698 255 152 150
2.9966 -34.1364 -3.7075 255 152 150
2.9965 -36.9417 -3.7082 255 152 150
2.9964 -37.7589 -3.7083 255 152 150
2.9998 -33.529 -3.7169 255 152 150
2.9998 -34.2358 -3.7171 255 152 150
2.9996 -36.7539 -3.7176 255 152 150
2.9996 -37.4276 -3.7178 255 152 150
2.9996 -37.5601 -3.7178 255 152 150
3.0061 -33.6173 -3.7359 255 152 150
3.0059 -36.8533 -3.7367 255 152 150
3.0059 -37.9025 -3.7369 255 152 150
3.0091 -37.0963 -3.7462 255 152 150
3.0124 -34.0039 -3.755 255 152 150
3.0122 -37.1957 -3.7558 255 152 150
3.0154 -37.6706 -3.7654 255 152 150
3.022 -33.4406 -3.7835 255 152 150
3.0217 -37.3503 -3.7843 255 152 150
3.0217 -37.8031 -3.7844 255 152 150
3.0251 -34.1254 -3.7931 255 152 150
3.028 -37.4938 -3.8034 255 152 150
3.028 -37.5822 -3.8034 255 152 150
3.0375 -37.9246 -3.832 255 152 150
3.0533 -38.5541 -3.8797 255 152 150
3.0565 -38.0239 -3.8891 255 152 150
3.0596 -38.1565 -3.8987 255 152 150
3.0596 -38.7087 -3.8988 255 152 150
3.0628 -38.4105 -3.9082 255 152 150
3.0723 -38.289 -3.9367 255 152 150
3.0722 -38.797 -3.9368 255 152 150
3.0722 -39.3603 -3.937 255 152 150
3.0786 -38.0902 -3.9557 255 152 150
3.0786 -38.6314 -3.9558 255 152 150
3.0785 -39.1946 -3.956 255 152 150
3.0817 -38.5099 -3.9653 255 152 150
3.0849 -38.9958 -3.9749 255 152 150
3.088 -38.7197 -3.9844 255 152 150
3.0911 -39.5259 -3.9941 255 152 150
3.0911 -39.7026 -3.9941 255 152 150
3.0911 -39.9235 -3.9942 255 152 150
3.0944 -38.4105 -4.0033 255 152 150
3.0943 -38.8854 -4.0034 255 152 150
3.0943 -39.8131 -4.0037 255 152 150
3.0975 -39.3161 -4.0131 255 152 150
3.0975 -39.6143 -4.0131 255 152 150
3.1038 -39.0952 -4.032 255 152 150
3.107 -39.2167 -4.0416 255 152 150
3.107 -39.4155 -4.0416 255 152 150
3.1133 -38.8191 -4.0605 255 152 150
3.1164 -39.9566 -4.0703 255 152 150
3.1196 -39.7578 -4.0797 255 152 150
3.1196 -39.8683 -4.0798 255 152 150
3.1228 -38.9295 -4.0891 255 152 150
3.1259 -39.6143 -4.0987 255 152 150
3.0124 -35.2498 -3.4621 255 152 150
3.0123 -35.4927 -3.4622 255 152 150
3.0187 -35.1283 -3.4811 255 152 150
3.0187 -35.5921 -3.4813 255 152 150
3.0186 -35.7136 -3.4813 255 152 150
3.0218 -35.824 -3.4908 255 152 150
3.025 -35.9566 -3.5004 255 152 150
3.0281 -36.1001 -3.51 255 152 150
3.0314 -34.5429 -3.519 255 152 150
3.0345 -34.8853 -3.5286 255 152 150
3.0345 -35.3602 -3.5287 255 152 150
3.0344 -36.3762 -3.5291 255 152 150
3.0378 -33.317 -3.5376 255 152 150
3.0377 -34.6423 -3.538 255 152 150
3.0377 -34.7748 -3.5381 255 152 150
3.0377 -35.2056 -3.5382 255 152 150
3.0376 -36.1995 -3.5385 255 152 150
3.0408 -35.5258 -3.5478 255 152 150
3.0441 -33.4716 -3.5567 255 152 150
3.0441 -34.4435 -3.557 255 152 150
3.044 -34.9736 -3.5572 255 152 150
3.044 -35.6363 -3.5574 255 152 150
3.0439 -35.7578 -3.5574 255 152 150
3.0471 -35.8792 -3.567 255 152 150
3.0503 -35.0951 -3.5762 255 152 150
3.0502 -36.0228 -3.5765 255 152 150
3.0534 -36.2879 -3.5861 255 152 150
3.0565 -36.575 -3.5957 255 152 150
3.0663 -33.4164 -3.6232 255 152 150
3.0695 -33.2728 -3.6327 255 152 150
3.0726 -33.8029 -3.6424 255 152 150
3.0725 -34.2889 -3.6425 255 152 150
3.0725 -34.3993 -3.6426 255 152 150
3.0725 -35.0178 -3.6428 255 152 150
3.0758 -33.7146 -3.6519 255 152 150
3.0821 -33.1844 -3.6707 255 152 150
3.0821 -33.4937 -3.6708 255 152 150
3.0818 -36.5087 -3.6718 255 152 150
3.0853 -33.0409 -3.6802 255 152 150
3.0852 -33.8913 -3.6804 255 152 150
3.085 -36.6192 -3.6813 255 152 150
3.0881 -36.829 -3.6909 255 152 150
3.0881 -37.315 -3.6911 255 152 150
3.0947 -33.582 -3.7089 255 152 150
3.0945 -36.7296 -3.7099 255 152 150
3.0944 -37.4696 -3.7101 255 152 150
3.0979 -33.7698 -3.7184 255 152 150
3.1011 -33.6814 -3.7279 255 152 150
3.101 -33.9686 -3.728 255 152 150
3.101 -34.2115 -3.7281 255 152 150
3.1008 -36.9063 -3.729 255 152 150
3.1008 -37.0941 -3.729 255 152 150
3.1007 -37.569 -3.7292 255 152 150
3.1042 -34.068 -3.7376 255 152 150
3.1039 -36.9947 -3.7385 255 152 150
3.1039 -37.2266 -3.7386 255 152 150
3.107 -37.7236 -3.7483 255 152 150
3.1134 -37.3812 -3.7672 255 152 150
3.1169 -33.8691 -3.7755 255 152 150
3.1229 -37.5027 -3.7957 255 152 150
3.1228 -37.8561 -3.7959 255 152 150
3.1292 -37.6131 -3.8148 255 152 150
3.1327 -33.9796 -3.8231 255 152 150
3.1386 -37.9444 -3.8434 255 152 150
3.1418 -37.7898 -3.8529 255 152 150
3.1545 -37.8671 -3.891 255 152 150
3.1576 -38.1542 -3.9006 255 152 150
3.1576 -38.4745 -3.9007 255 152 150
3.1608 -38.2426 -3.9101 255 152 150
3.1639 -38.342 -3.9197 255 152 150
3.1671 -38.0659 -3.9291 255 152 150
3.1703 -37.9665 -3.9386 255 152 150
3.1702 -38.7396 -3.9388 255 152 150
3.1765 -38.596 -3.9578 255 152 150
3.1828 -39.2366 -3.977 255 152 150
3.1861 -38.1874 -3.9862 255 152 150
3.1892 -38.9825 -3.9959 255 152 150
3.1891 -39.0819 -3.996 255 152 150
3.1924 -38.4082 -4.0053 255 152 150
3.1923 -38.6733 -4.0054 255 152 150
3.1923 -38.8721 -4.0054 255 152 150
3.1955 -39.347 -4.0151 255 152 150
3.205 -38.7616 -4.0434 255 152 150
3.2081 -39.1482 -4.0531 255 152 150
3.2145 -39.0377 -4.0721 255 152 150
3.2144 -39.5679 -4.0722 255 152 150
3.2144 -39.7998 -4.0723 255 152 150
3.2208 -38.9162 -4.091 255 152 150
3.2207 -39.6893 -4.0913 255 152 150
3.2239 -39.4684 -4.1007 255 152 150
3.2365 -39.9986 -4.1389 255 152 150
3.2429 -39.612 -4.1578 255 152 150
3.2524 -39.4463 -4.1863 255 152 150
3.2587 -39.8771 -4.2055 255 152 150
3.265 -39.9764 -4.2245 255 152 150
3.265 -40.0869 -4.2246 255 152 150
3.0954 -35.1877 -3.423 255 152 150
3.0985 -35.3313 -3.4326 255 152 150
3.108 -35.4969 -3.4611 255 152 150
3.1111 -35.6295 -3.4707 255 152 150
3.1111 -35.8614 -3.4707 255 152 150
3.1175 -34.9558 -3.4896 255 152 150
3.1207 -35.0773 -3.4991 255 152 150
3.1239 -34.757 -3.5086 255 152 150
3.1239 -34.8564 -3.5086 255 152 150
3.1238 -35.7289 -3.5087 255 152 150
3.1271 -34.5692 -3.518 255 152 150
3.1271 -34.6686 -3.5181 255 152 150
3.127 -35.2429 -3.5182 255 152 150
3.1269 -36.0712 -3.5183 255 152 150
3.1301 -35.4307 -3.5277 255 152 150
3.13 -36.3252 -3.5279 255 152 150
3.1335 -33.3985 -3.5368 255 152 150
3.1333 -35.1546 -3.5372 255 152 150
3.1332 -35.9387 -3.5373 255 152 150
3.1365 -35.5411 -3.5468 255 152 150
3.1364 -35.8283 -3.5468 255 152 150
3.1364 -36.1706 -3.5469 255 152 150
3.1428 -35.011 -3.5657 255 152 150
3.146 -34.4919 -3.5751 255 152 150
3.146 -34.9116 -3.5752 255 152 150
3.1522 -36.513 -3.5945 255 152 150
3.1746 -33.509 -3.6605 255 152 150
3.1746 -33.8292 -3.6606 255 152 150
3.1775 -36.4688 -3.6706 255 152 150
3.1775 -36.5572 -3.6706 255 152 150
3.1774 -37.1867 -3.6707 255 152 150
3.1774 -37.4076 -3.6708 255 152 150
3.1806 -36.6786 -3.6801 255 152 150
3.1841 -33.7298 -3.6891 255 152 150
3.184 -34.271 -3.6892 255 152 150
3.1838 -36.7891 -3.6897 255 152 150
3.1873 -33.0893 -3.6985 255 152 150
3.1869 -36.8774 -3.6992 255 152 150
3.1936 -33.6304 -3.7176 255 152 150
3.1935 -33.9397 -3.7176 255 152 150
3.1996 -37.032 -3.7373 255 152 150
3.1995 -37.1314 -3.7373 255 152 150
3.1995 -37.5401 -3.7374 255 152 150
3.2027 -37.2308 -3.7468 255 152 150
3.2058 -37.3413 -3.7563 255 152 150
3.2058 -37.4517 -3.7564 255 152 150
3.2093 -34.0391 -3.7652 255 152 150
3.2093 -34.1937 -3.7652 255 152 150
3.2121 -37.7057 -3.7754 255 152 150
3.222 -33.9507 -3.8032 255 152 150
3.228 -37.6174 -3.823 255 152 150
3.2441 -34.017 -3.8698 255 152 150
3.2469 -37.7609 -3.8801 255 152 150
3.2469 -37.8714 -3.8801 255 152 150
3.2469 -38.0481 -3.8801 255 152 150
3.2504 -34.1384 -3.8889 38 38 38
3.2564 -38.1364 -3.9087 255 152 150
3.269 -37.9929 -3.9467 255 152 150
3.269 -38.28 -3.9467 255 152 150
3.269 -38.6665 -3.9468 255 152 150
3.2721 -38.4678 -3.9563 255 152 150
3.2721 -38.5671 -3.9563 255 152 150
3.2721 -38.788 -3.9564 255 152 150
3.2753 -38.3684 -3.9658 255 152 150
3.288 -38.1916 -4.0038 255 152 150
3.2879 -39.02 -4.004 255 152 150
3.291 -39.6716 -4.0136 255 152 150
3.2943 -38.6224 -4.0229 255 152 150
3.2943 -38.7218 -4.0229 255 152 150
3.2942 -38.8874 -4.0229 255 152 150
3.2942 -39.1635 -4.023 255 152 150
3.2941 -39.8372 -4.0231 255 152 150
3.3006 -38.4125 -4.0419 255 152 150
3.3006 -38.523 -4.0419 255 152 150
3.3036 -39.9366 -4.0517 255 152 150
3.3069 -39.0862 -4.061 255 152 150
3.3068 -39.5942 -4.0611 255 152 150
3.3132 -38.9758 -4.08 255 152 150
3.3132 -39.296 -4.0801 255 152 150
3.3195 -39.7709 -4.0992 255 152 150
3.3227 -39.1856 -4.1086 255 152 150
3.3226 -39.6715 -4.1087 255 152 150
3.3258 -39.8703 -4.1182 255 152 150
3.329 -39.528 -4.1277 255 152 150
3.3352 -40.0029 -4.1468 255 152 150
3.3416 -39.3954 -4.1657 255 152 150
3.1939 -35.1867 -3.4234 255 152 150
3.2003 -35.4187 -3.4425 255 152 150
3.2034 -35.0542 -3.4519 255 152 150
3.2034 -35.5512 -3.452 255 152 150
3.2066 -35.75 -3.4615 255 152 150
3.2098 -35.3082 -3.471 255 152 150
3.2129 -35.8825 -3.4806 255 152 150
3.2161 -36.0261 -3.4901 255 152 150
3.2161 -36.1365 -3.4901 255 152 150
3.2192 -34.5351 -3.4994 255 152 150
3.2224 -35.6727 -3.5091 255 152 150
3.2256 -34.9879 -3.5185 255 152 150
3.2256 -35.2088 -3.5185 255 152 150
3.2256 -35.4739 -3.5186 255 152 150
3.2287 -34.6345 -3.5279 255 152 150
3.2287 -35.5843 -3.5281 255 152 150
3.2287 -36.3243 -3.5282 255 152 150
3.2319 -35.0984 -3.5375 255 152 150
3.2319 -35.7831 -3.5376 255 152 150
3.2382 -35.9708 -3.5567 255 152 150
3.2414 -33.8062 -3.5659 255 152 150
3.2414 -36.0702 -3.5662 255 152 150
3.2414 -36.4568 -3.5663 255 152 150
3.2477 -36.1807 -3.5853 255 152 150
3.2509 -36.5562 -3.5948 255 152 150
3.2509 -36.8433 -3.5949 38 38 38
3.2635 -33.265 -3.6323 38 38 38
3.2635 -33.4196 -3.6324 38 38 38
3.2667 -33.762 -3.6419 255 152 150
3.2761 -34.6676 -3.6706 38 38 38
3.2762 -36.512 -3.6709 255 152 150
3.2793 -33.1877 -3.6799 38 38 38
3.2793 -33.3423 -3.6799 38 38 38
3.2793 -33.5632 -3.6799 255 152 150
3.2793 -34.8443 -3.6802 38 38 38
3.2793 -36.7329 -3.6805 255 152 150
3.2825 -33.9939 -3.6895 255 152 150
3.2825 -34.2921 -3.6896 255 152 150
3.2825 -37.1526 -3.69 255 152 150
3.2825 -37.3845 -3.6901 255 152 150
3.2888 -33.8945 -3.7085 255 152 150
3.2888 -34.3915 -3.7086 255 152 150
3.292 -36.8764 -3.7185 255 152 150
3.292 -37.4728 -3.7186 255 152 150
3.2983 -37.0421 -3.7376 255 152 150
3.3015 -37.6274 -3.7472 255 152 150
3.3078 -37.2519 -3.7661 255 152 150
3.3109 -34.2479 -3.7752 255 152 150
3.3141 -33.9939 -3.7846 255 152 150
3.3141 -37.1525 -3.7851 255 152 150
3.3173 -37.517 -3.7947 255 152 150
3.3204 -37.3403 -3.8042 255 152 150
3.3268 -37.7158 -3.8233 255 152 150
3.3363 -37.2188 -3.8517 255 152 150
3.3394 -37.8262 -3.8613 255 152 150
3.3426 -38.0361 -3.8709 255 152 150
3.3457 -33.9276 -3.8797 38 38 38
3.3583 -34.0049 -3.9178 38 38 38
3.3647 -37.9256 -3.9375 255 152 150
3.3679 -37.782 -3.9469 255 152 150
3.3679 -38.1465 -3.947 255 152 150
3.3679 -38.7318 -3.9471 255 152 150
3.371 -34.0933 -3.9559 38 38 38
3.371 -38.025 -3.9565 255 152 150
3.3711 -38.2348 -3.9565 255 152 150
3.3774 -38.8312 -3.9756 255 152 150
3.3805 -33.9497 -3.9844 38 38 38
3.3837 -38.6103 -3.9946 255 152 150
3.3932 -38.3453 -4.0231 255 152 150
3.3964 -38.6987 -4.0327 255 152 150
3.3995 -38.2238 -4.0421 255 152 150
3.3995 -38.9306 -4.0422 255 152 150
3.409 -38.4999 -4.0707 255 152 150
3.409 -38.8423 -4.0708 255 152 150
3.409 -39.8362 -4.0709 255 152 150
3.409 -39.9356 -4.0709 255 152 150
3.4185 -40.024 -4.0995 255 152 150
3.4248 -39.0631 -4.1184 255 152 150
3.4248 -39.2288 -4.1184 255 152 150
3.4248 -39.3171 -4.1184 255 152 150
3.4248 -39.7368 -4.1185 255 152 150
3.428 -38.5882 -4.1278 255 152 150
3.4311 -38.9527 -4.1374 255 152 150
3.4343 -38.4226 -4.1468 255 152 150
3.4375 -39.3944 -4.1564 255 152 150
3.4375 -39.6374 -4.1565 255 152 150
3.4375 -39.9135 -4.1565 255 152 150
3.4406 -39.4828 -4.166 255 152 150
3.4406 -39.8141 -4.166 255 152 150
3.4501 -39.1404 -4.1945 255 152 150
3.4533 -39.3171 -4.204 255 152 150
3.4596 -39.7258 -4.2231 255 152 150
3.4691 -39.4276 -4.2516 255 152 150
3.4691 -39.5932 -4.2516 255 152 150
3.3755 -35.3633 -3.3944 148 103 189
3.3819 -35.4959 -3.4135 148 103 189
3.385 -35.2639 -3.423 148 103 189
3.3882 -35.6063 -3.4326 148 103 189
3.3914 -35.1314 -3.4419 148 103 189
3.3913 -35.7167 -3.4421 148 103 189
3.3945 -34.8995 -3.4514 148 103 189
3.4008 -34.8111 -3.4704 148 103 189
3.4008 -35.4075 -3.4705 148 103 189
3.4008 -36.0812 -3.4707 148 103 189
3.404 -35.8934 -3.4802 148 103 189
3.4072 -35.3191 -3.4895 148 103 189
3.4071 -35.54 -3.4896 148 103 189
3.4103 -34.7007 -3.4989 148 103 189
3.4103 -35.0541 -3.499 148 103 189
3.4135 -34.5019 -3.5084 148 103 189
3.4166 -36.28 -3.5183 148 103 189
3.4198 -34.9436 -3.5275 148 103 189
3.4198 -35.1645 -3.5275 148 103 189
3.423 -34.3472 -3.5369 148 103 189
3.423 -35.7057 -3.5372 148 103 189
3.4261 -35.8161 -3.5467 148 103 189
3.4293 -35.9818 -3.5563 148 103 189
3.4293 -36.0922 -3.5563 148 103 189
3.4325 -33.6846 -3.5652 38 38 38
3.4325 -33.7729 -3.5652 38 38 38
3.4325 -34.0269 -3.5653 38 38 38
3.4325 -34.7669 -3.5655 148 103 189
3.4324 -36.1806 -3.5659 148 103 189
3.4324 -36.8101 -3.566 148 103 189
3.4356 -34.6012 -3.575 148 103 189
3.4356 -36.4456 -3.5754 148 103 189
3.4356 -36.6996 -3.5755 148 103 189
3.4387 -36.5892 -3.585 148 103 189
3.4578 -33.3532 -3.6412 38 38 38
3.4578 -33.6293 -3.6413 38 38 38
3.4578 -34.292 -3.6415 148 103 189
3.461 -33.7619 -3.6508 38 38 38
3.4609 -34.0932 -3.6509 38 38 38
3.4673 -33.5299 -3.6698 38 38 38
3.4673 -33.9717 -3.6699 38 38 38
3.4735 -36.9315 -3.6897 148 103 189
3.4799 -33.287 -3.7078 38 38 38
3.483 -37.4175 -3.7184 148 103 189
3.4863 -33.1875 -3.7268 38 38 38
3.4861 -37.296 -3.7278 148 103 189
3.4893 -37.0199 -3.7373 148 103 189
3.4893 -37.1966 -3.7373 148 103 189
3.4958 -33.0881 -3.7553 38 38 38
3.4956 -37.5942 -3.7564 148 103 189
3.5114 -37.3843 -3.8039 148 103 189
3.5147 -32.9887 -3.8123 38 38 38
3.5146 -37.4837 -3.8135 148 103 189
3.5178 -37.2407 -3.8229 148 103 189
3.5241 -37.7488 -3.8421 148 103 189
3.5274 -33.0771 -3.8504 38 38 38
3.5272 -37.6383 -3.8516 148 103 189
3.5272 -37.9144 -3.8516 148 103 189
3.54 -32.9114 -3.8884 38 38 38
3.5399 -38.058 -3.8897 148 103 189
3.5494 -37.7046 -3.9182 148 103 189
3.5494 -37.8261 -3.9182 148 103 189
3.5493 -38.6985 -3.9184 38 38 38
3.5557 -37.9696 -3.9373 148 103 189
3.5588 -38.1795 -3.9468 148 103 189
3.5652 -38.2899 -3.9659 148 103 189
3.5651 -38.4887 -3.9659 148 103 189
3.5715 -38.069 -3.9848 148 103 189
3.5778 -38.6102 -4.004 38 38 38
3.581 -38.6985 -4.0135 38 38 38
3.5809 -38.7869 -4.0136 38 38 38
3.5873 -38.2015 -4.0324 148 103 189
3.5873 -38.3893 -4.0325 148 103 189
3.5936 -38.4776 -4.0515 148 103 189
3.5968 -38.3009 -4.061 148 103 189
3.6157 -39.8802 -4.1185 148 103 189
3.6189 -39.9796 -4.128 148 103 189
3.622 -39.2286 -4.1373 148 103 189
3.6252 -39.571 -4.1469 148 103 189
3.6252 -39.6593 -4.1469 148 103 189
3.6252 -39.7587 -4.147 148 103 189
3.6284 -39.4384 -4.1564 148 103 189
3.6347 -39.0188 -4.1753 148 103 189
3.6378 -40.09 -4.1851 148 103 189
3.6442 -38.8752 -4.2038 148 103 189
3.6473 -39.8471 -4.2136 148 103 189
3.6473 -39.9575 -4.2136 148 103 189
3.6505 -39.1402 -4.2229 148 103 189
3.6537 -39.2617 -4.2324 148 103 189
3.6536 -39.5047 -4.2325 148 103 189
3.6536 -39.6704 -4.2325 148 103 189
3.6631 -39.3722 -4.261 148 103 189
3.6663 -38.9967 -4.2704 148 103 189
3.4823 -35.0102 -3.4226 148 103 189
3.4855 -35.1317 -3.4322 148 103 189
3.4886 -34.8666 -3.4416 148 103 189
3.4918 -35.2532 -3.4512 148 103 189
3.4918 -35.3526 -3.4512 148 103 189
3.4918 -35.6618 -3.4513 148 103 189
3.4949 -35.4961 -3.4608 148 103 189
3.4981 -35.8275 -3.4703 148 103 189
3.5012 -35.9489 -3.4799 148 103 189
3.5076 -35.0654 -3.4987 148 103 189
3.5108 -34.955 -3.5082 148 103 189
3.5107 -36.1367 -3.5084 148 103 189
3.5139 -35.1869 -3.5178 148 103 189
3.5139 -35.7391 -3.5179 148 103 189
3.5171 -34.6678 -3.5272 148 103 189
3.5171 -35.4299 -3.5273 148 103 189
3.517 -36.3244 -3.5275 148 103 189
3.5203 -34.5132 -3.5367 148 103 189
3.5203 -34.8003 -3.5367 148 103 189
3.5202 -35.2863 -3.5368 148 103 189
3.5202 -35.6507 -3.5369 148 103 189
3.5234 -34.4138 -3.5462 148 103 189
3.5234 -35.5513 -3.5464 148 103 189
3.5234 -35.8716 -3.5464 148 103 189
3.5266 -33.7732 -3.5556 38 38 38
3.5266 -33.9168 -3.5556 38 38 38
3.5266 -34.3033 -3.5557 148 103 189
3.5297 -36.0483 -3.5655 148 103 189
3.5328 -36.5564 -3.5751 148 103 189
3.5392 -36.1367 -3.594 148 103 189
3.5423 -36.4017 -3.6036 148 103 189
3.5423 -36.6889 -3.6036 148 103 189
3.5551 -33.9278 -3.6412 38 38 38
3.5551 -34.2923 -3.6413 148 103 189
3.5646 -34.0824 -3.6698 38 38 38
3.5645 -36.5232 -3.6702 148 103 189
3.5677 -34.215 -3.6793 148 103 189
3.5741 -33.2983 -3.6982 38 38 38
3.5739 -36.8214 -3.6988 148 103 189
3.5804 -33.1989 -3.7172 38 38 38
3.5803 -36.9097 -3.7178 148 103 189
3.5834 -37.1638 -3.7274 148 103 189
3.5897 -37.0754 -3.7464 148 103 189
3.5961 -37.4619 -3.7655 148 103 189
3.5992 -37.5834 -3.775 148 103 189
3.6025 -33.3535 -3.7838 38 38 38
3.6024 -37.3625 -3.7845 148 103 189
3.612 -32.9228 -3.8122 38 38 38
3.6184 -33.0443 -3.8313 38 38 38
3.6182 -37.7049 -3.8321 148 103 189
3.6214 -37.2852 -3.8415 148 103 189
3.6213 -37.8153 -3.8416 148 103 189
3.6247 -33.2541 -3.8503 38 38 38
3.6245 -37.1637 -3.851 148 103 189
3.6245 -37.5172 -3.8511 148 103 189
3.6308 -37.3846 -3.8701 148 103 189
3.6373 -33.3535 -3.8884 38 38 38
3.6371 -38.0362 -3.8892 148 103 189
3.6435 -37.6607 -3.9082 148 103 189
3.6435 -37.9147 -3.9082 148 103 189
3.6468 -33.0332 -3.9169 38 38 38
3.6467 -37.2189 -3.9176 148 103 189
3.6498 -37.7932 -3.9272 148 103 189
3.6563 -33.2872 -3.9454 38 38 38
3.6624 -38.1025 -3.9653 148 103 189
3.6687 -38.4007 -3.9844 148 103 189
3.6719 -38.3013 -3.9939 148 103 189
3.6784 -33.3424 -4.012 38 38 38
3.6814 -38.1798 -4.0224 148 103 189
3.6846 -38.5442 -4.032 148 103 189
3.6972 -38.4227 -4.07 148 103 189
3.7004 -38.2902 -4.0795 148 103 189
3.7193 -38.6657 -4.1366 148 103 189
3.7193 -39.98 -4.1368 148 103 189
3.7225 -38.5663 -4.1461 148 103 189
3.7288 -38.7651 -4.1651 148 103 189
3.7288 -38.8534 -4.1652 148 103 189
3.7288 -39.494 -4.1653 148 103 189
3.7288 -39.5934 -4.1653 148 103 189
3.732 -39.0633 -4.1747 148 103 189
3.732 -39.1958 -4.1747 148 103 189
3.7319 -40.0573 -4.1749 148 103 189
3.7383 -38.9418 -4.1937 148 103 189
3.7383 -39.8585 -4.1939 148 103 189
3.7414 -39.3283 -4.2033 148 103 189
3.7478 -38.6878 -4.2222 148 103 189
3.7478 -39.7038 -4.2224 148 103 189
3.7541 -39.1295 -4.2413 148 103 189
3.7573 -38.8093 -4.2508 148 103 189
3.7572 -39.5934 -4.2509 148 103 189
3.7604 -39.0191 -4.2603 148 103 189
3.7604 -39.4388 -4.2604 148 103 189
3.7604 -40.0793 -4.2605 148 103 189
3.7636 -39.24 -4.2698 148 103 189
3.7699 -39.3504 -4.2889 148 103 189
3.7731 -39.7701 -4.2985 148 103 189
3.5654 -35.0993 -3.4024 148 103 189
3.5686 -35.2318 -3.412 148 103 189
3.5718 -35.4638 -3.4215 148 103 189
3.5844 -34.9005 -3.4595 148 103 189
3.5844 -35.6846 -3.4596 148 103 189
3.5844 -35.784 -3.4596 148 103 189
3.5844 -35.9166 -3.4596 148 103 189
3.5907 -34.9999 -3.4785 148 103 189
3.5907 -35.1435 -3.4785 148 103 189
3.5907 -35.2981 -3.4786 148 103 189
3.5907 -35.3975 -3.4786 148 103 189
3.5907 -35.5852 -3.4786 148 103 189
3.5939 -36.038 -3.4882 148 103 189
3.6002 -34.4256 -3.507 148 103 189
3.6097 -35.7288 -3.5357 148 103 189
3.6129 -35.8834 -3.5452 148 103 189
3.6129 -35.9718 -3.5453 148 103 189
3.6129 -36.2368 -3.5453 148 103 189
3.6129 -36.3252 -3.5453 148 103 189
3.6191 -33.785 -3.5639 38 38 38
3.6192 -34.6465 -3.5641 148 103 189
3.6223 -34.2599 -3.5735 148 103 189
3.6223 -34.3593 -3.5735 148 103 189
3.6223 -34.536 -3.5736 148 103 189
3.6255 -36.0822 -3.5833 148 103 189
3.6287 -36.5019 -3.5929 148 103 189
3.6476 -33.8071 -3.6495 38 38 38
3.6476 -34.779 -3.6497 148 103 189
3.6508 -33.542 -3.659 38 38 38
3.6508 -34.6906 -3.6592 148 103 189
3.654 -36.535 -3.669 148 103 189
3.6572 -36.9768 -3.6786 148 103 189
3.6603 -33.9838 -3.6876 38 38 38
3.6603 -34.1274 -3.6876 38 38 38
3.6792 -33.1444 -3.7445 38 38 38
3.6792 -33.4426 -3.7446 38 38 38
3.6792 -33.542 -3.7446 38 38 38
3.6793 -37.0651 -3.7452 148 103 189
3.6856 -36.9105 -3.7642 148 103 189
3.6888 -37.3191 -3.7737 148 103 189
3.6918 -32.9898 -3.7826 38 38 38
3.6919 -33.299 -3.7826 38 38 38
3.692 -37.4406 -3.7833 148 103 189
3.6951 -37.1866 -3.7927 148 103 189
3.6983 -37.6063 -3.8023 148 103 189
3.7077 -33.0892 -3.8301 38 38 38
3.7077 -33.3763 -3.8302 38 38 38
3.7078 -37.7277 -3.8309 148 103 189
3.7078 -37.8492 -3.8309 148 103 189
3.7236 -37.551 -3.8784 148 103 189
3.7299 -37.6725 -3.8974 148 103 189
3.7299 -38.0701 -3.8975 148 103 189
3.7363 -37.8823 -3.9165 148 103 189
3.7426 -37.9707 -3.9355 148 103 189
3.7426 -38.1584 -3.9356 148 103 189
3.7616 -38.3572 -3.9927 148 103 189
3.7805 -38.2136 -4.0497 148 103 189
3.79 -38.3462 -4.0783 148 103 189
3.79 -38.5339 -4.0783 148 103 189
3.7932 -38.4345 -4.0878 148 103 189
3.809 -38.6664 -4.1354 148 103 189
3.809 -39.7598 -4.1356 148 103 189
3.8153 -38.8652 -4.1544 148 103 189
3.8154 -39.6383 -4.1546 148 103 189
3.8185 -38.9867 -4.164 148 103 189
3.8248 -38.5891 -4.1829 148 103 189
3.8248 -39.3622 -4.1831 148 103 189
3.828 -39.1966 -4.1925 148 103 189
3.8312 -39.5168 -4.2021 148 103 189
3.8343 -39.815 -4.2117 148 103 189
3.8375 -38.7106 -4.221 148 103 189
3.8375 -39.9586 -4.2212 148 103 189
3.8407 -39.6825 -4.2307 148 103 189
3.8438 -38.8763 -4.24 148 103 189
3.847 -39.1192 -4.2496 148 103 189
3.8501 -38.9757 -4.2591 148 103 189
3.8533 -39.2407 -4.2686 148 103 189
3.8533 -39.3401 -4.2687 148 103 189
3.8533 -40.058 -4.2688 148 103 189
3.8628 -40.1795 -4.2973 148 103 189
3.866 -39.9696 -4.3068 148 103 189
3.6319 -35.1594 -3.4013 148 103 189
3.6382 -35.049 -3.4203 148 103 189
3.6508 -35.4907 -3.4584 148 103 189
3.654 -34.6182 -3.4678 148 103 189
3.6603 -35.2367 -3.4869 148 103 189
3.6635 -34.4967 -3.4963 148 103 189
3.6635 -34.8391 -3.4964 148 103 189
3.6666 -34.9606 -3.5059 148 103 189
3.6698 -35.3692 -3.5154 148 103 189
3.6698 -36.1534 -3.5155 148 103 189
3.6761 -34.7618 -3.5344 148 103 189
3.6761 -35.6122 -3.5345 148 103 189
3.6793 -35.7889 -3.544 148 103 189
3.6888 -34.1544 -3.5724 148 103 189
3.6888 -35.9435 -3.5725 148 103 189
3.6888 -36.4074 -3.5726 148 103 189
3.6982 -36.2748 -3.6011 148 103 189
3.7204 -34.2206 -3.6675 38 38 38
3.7235 -37.1142 -3.6773 148 103 189
3.7267 -36.4847 -3.6867 148 103 189
3.7267 -36.5841 -3.6867 148 103 189
3.733 -33.7236 -3.7055 38 38 38
3.733 -34.3311 -3.7056 38 38 38
3.7362 -36.6835 -3.7153 148 103 189
3.7362 -37.2136 -3.7153 148 103 189
3.7393 -36.7939 -3.7248 148 103 189
3.7457 -33.6353 -3.7435 38 38 38
3.752 -33.8782 -3.7626 38 38 38
3.7551 -36.9927 -3.7724 148 103 189
3.7615 -33.7457 -3.7911 38 38 38
3.7678 -33.2045 -3.8101 38 38 38
3.771 -33.5469 -3.8196 38 38 38
3.7741 -37.2909 -3.8295 148 103 189
3.7741 -37.6443 -3.8295 148 103 189
3.7773 -33.4365 -3.8386 38 38 38
3.7772 -37.4013 -3.839 148 103 189
3.7805 -32.9284 -3.8481 38 38 38
3.7804 -37.4897 -3.8485 148 103 189
3.7804 -37.9204 -3.8485 148 103 189
3.7899 -33.0278 -3.8767 38 38 38
3.7899 -37.832 -3.8771 148 103 189
3.7899 -38.0088 -3.8771 148 103 189
3.7994 -33.1272 -3.9052 38 38 38
3.7994 -37.5891 -3.9056 148 103 189
3.7994 -37.7437 -3.9056 148 103 189
3.8057 -32.8953 -3.9242 38 38 38
3.8057 -37.3903 -3.9246 148 103 189
3.8152 -32.9836 -3.9527 38 38 38
3.8183 -38.2849 -3.9627 148 103 189
3.8215 -33.072 -3.9718 38 38 38
3.8215 -38.064 -3.9722 148 103 189
3.8215 -38.1855 -3.9722 148 103 189
3.8278 -38.4174 -3.9913 148 103 189
3.8784 -39.8642 -4.1436 148 103 189
3.8847 -39.0579 -4.1625 148 103 189
3.8879 -38.9254 -4.172 148 103 189
3.891 -38.815 -4.1815 148 103 189
3.891 -39.4224 -4.1816 148 103 189
3.8942 -39.2678 -4.1911 148 103 189
3.9037 -39.5991 -4.2196 148 103 189
3.9068 -39.7537 -4.2292 148 103 189
3.9132 -39.5107 -4.2482 148 103 189
3.9195 -38.8039 -4.2671 148 103 189
3.9195 -39.6764 -4.2672 148 103 189
3.9226 -38.6382 -4.2766 38 38 38
3.9226 -39.4113 -4.2767 148 103 189
3.9353 -40.0408 -4.3148 148 103 189
3.9448 -38.6935 -4.3432 38 38 38
3.9448 -40.1402 -4.3433 148 103 189
3.6886 -34.6946 -3.4191 148 103 189
3.6886 -34.794 -3.4191 148 103 189
3.6886 -35.302 -3.4191 148 103 189
3.6949 -34.8934 -3.4381 148 103 189
3.7044 -34.2087 -3.4666 148 103 189
3.7076 -35.7438 -3.4763 148 103 189
3.7107 -34.0651 -3.4856 148 103 189
3.7108 -36.0862 -3.4858 148 103 189
3.7139 -35.9978 -3.4953 148 103 189
3.717 -34.308 -3.5046 148 103 189
3.7171 -35.8542 -3.5048 148 103 189
3.7297 -33.9546 -3.5426 38 38 38
3.7297 -34.5621 -3.5427 148 103 189
3.7423 -34.4295 -3.5807 148 103 189
3.7739 -33.2367 -3.6757 38 38 38
3.7802 -33.1373 -3.6947 38 38 38
3.7992 -33.4576 -3.7518 38 38 38
3.8025 -37.0911 -3.7618 148 103 189
3.8087 -33.314 -3.7803 38 38 38
3.8118 -33.0269 -3.7898 38 38 38
3.8499 -38.1293 -3.9046 148 103 189
3.8594 -37.9084 -3.9331 148 103 189
3.8879 -38.5821 -4.0188 148 103 189
3.8942 -38.2397 -4.0378 148 103 189
3.9037 -38.4827 -4.0663 148 103 189
3.91 -38.7588 -4.0854 148 103 189
3.9258 -38.6594 -4.1329 148 103 189
3.9512 -39.8411 -4.2092 148 103 189
3.9606 -39.1784 -4.2376 148 103 189
3.9638 -39.2668 -4.2472 148 103 189
3.967 -39.9294 -4.2568 148 103 189
3.9765 -39.576 -4.2853 148 103 189
4.0334 -40.1834 -4.4565 148 103 189
4.0524 -40.2718 -4.5136 148 103 189
4.0587 -40.1171 -4.5326 148 103 189
3.7176 -34.5268 -3.4193 148 103 189
3.7271 -34.9796 -3.4479 148 103 189
3.7271 -35.0679 -3.4479 148 103 189
3.7271 -35.1784 -3.4479 148 103 189
3.7271 -35.5649 -3.448 148 103 189
3.7271 -35.6533 -3.448 148 103 189
3.7334 -34.4053 -3.4668 148 103 189
3.7335 -35.4213 -3.467 148 103 189
3.7397 -34.7918 -3.4859 148 103 189
3.746 -34.6703 -3.5049 148 103 189
3.7492 -34.4826 -3.5144 148 103 189
3.7492 -34.8802 -3.5145 148 103 189
3.7524 -35.2336 -3.5241 148 103 189
3.7524 -35.333 -3.5241 148 103 189
3.7524 -35.5207 -3.5241 148 103 189
3.7525 -36.2165 -3.5243 148 103 189
3.7556 -35.0237 -3.5335 148 103 189
3.7556 -35.1231 -3.5335 148 103 189
3.7556 -35.6753 -3.5337 148 103 189
3.7586 -34.1071 -3.5428 148 103 189
3.7619 -35.7637 -3.5527 148 103 189
3.7649 -33.1793 -3.5617 38 38 38
3.7649 -33.334 -3.5617 38 38 38
3.7683 -35.9956 -3.5718 148 103 189
3.7683 -36.3601 -3.5718 148 103 189
3.7714 -36.084 -3.5813 148 103 189
3.7778 -35.9072 -3.6003 148 103 189
3.7934 -33.4775 -3.6473 38 38 38
3.7934 -33.6874 -3.6474 38 38 38
3.7934 -33.9082 -3.6474 38 38 38
3.7997 -33.7867 -3.6664 38 38 38
3.8092 -33.3891 -3.6949 38 38 38
3.8155 -33.5438 -3.7139 38 38 38
3.8157 -36.5699 -3.7146 148 103 189
3.8189 -36.7576 -3.7241 148 103 189
3.8221 -36.857 -3.7337 148 103 189
3.8221 -37.2436 -3.7337 148 103 189
3.8253 -36.9454 -3.7432 148 103 189
3.8285 -37.4534 -3.7528 148 103 189
3.8316 -37.7184 -3.7624 148 103 189
3.8348 -37.5859 -3.7719 148 103 189
3.8443 -37.851 -3.8004 148 103 189
3.8506 -37.354 -3.8194 148 103 189
3.8537 -37.2325 -3.8288 148 103 189
3.8569 -37.7626 -3.8385 148 103 189
3.8601 -37.6632 -3.848 148 103 189
3.8633 -37.9504 -3.8575 148 103 189
3.8664 -38.0497 -3.8671 148 103 189
3.8692 -32.87 -3.8755 38 38 38
3.8854 -38.2264 -3.9242 148 103 189
3.8917 -37.9945 -3.9431 148 103 189
3.8918 -38.5025 -3.9433 148 103 189
3.8981 -38.3258 -3.9622 148 103 189
3.9012 -38.1491 -3.9717 148 103 189
3.9234 -38.3589 -4.0383 148 103 189
3.9266 -38.6792 -4.0479 148 103 189
3.9392 -38.8449 -4.086 148 103 189
3.9487 -38.9774 -4.1146 148 103 189
3.9519 -39.132 -4.1241 148 103 189
3.9613 -38.7565 -4.1526 148 103 189
3.9614 -39.2204 -4.1527 148 103 189
3.9708 -38.889 -4.1811 148 103 189
3.974 -39.3308 -4.1907 148 103 189
3.9803 -39.0326 -4.2097 148 103 189
3.9993 -39.4744 -4.2669 148 103 189
4.0056 -39.3308 -4.2858 148 103 189
4.0057 -39.6842 -4.2859 148 103 189
4.0057 -39.8278 -4.286 148 103 189
4.0278 -40.2032 -4.3526 148 103 189
4.031 -40.1149 -4.3621 148 103 189
4.0341 -39.5737 -4.3715 148 103 189
4.05 -40.0486 -4.4192 148 103 189
4.0784 -40.0155 -4.5048 148 103 189
-8.5888 -38.4552 -3.3564 38 38 38
-8.566 -38.2736 -3.2782 38 38 38
-8.5629 -38.1715 -3.2598 38 38 38
-8.5922 -38.344 -3.3547 38 38 38
-8.5928 -38.2131 -3.3433 38 38 38
-8.5584 -37.9527 -3.2267 38 38 38
-8.5733 -38.0269 -3.2734 38 38 38
-8.5915 -38.0965 -3.3285 38 38 38
-8.56 -37.8559 -3.2215 38 38 38
-8.5602 -37.7492 -3.2114 38 38 38
-8.6019 -37.952 -3.3421 38 38 38
-8.5636 -37.6379 -3.2097 38 38 38
-8.5867 -37.7953 -3.2866 38 38 38
-8.5612 -37.4873 -3.1888 38 38 38
-8.5916 -37.6939 -3.2897 38 38 38
-8.5761 -37.2656 -3.2067 38 38 38
-8.5785 -37.1203 -3.1989 38 38 38
-8.565 -36.8667 -3.1382 38 38 38
-8.597 -36.9765 -3.2339 38 38 38
-8.5953 -36.8841 -3.2204 38 38 38
-8.5682 -36.673 -3.1278 38 38 38
-8.5935 -36.7918 -3.2069 38 38 38
-8.5905 -36.5829 -3.1785 38 38 38
-8.6065 -36.6911 -3.2314 38 38 38
-8.5936 -36.4959 -3.1781 38 38 38
-8.5879 -36.3498 -3.1488 38 38 38
-8.6212 -36.5761 -3.2594 38 38 38
-8.5794 -36.1841 -3.11 38 38 38
-8.6261 -36.4747 -3.2624 38 38 38
-8.6041 -36.2446 -3.1816 38 38 38
-8.6277 -36.3778 -3.2572 38 38 38
-8.5774 -36.0093 -3.0877 38 38 38
-8.5652 -35.8723 -3.0418 38 38 38
-8.608 -36.1092 -3.1786 38 38 38
-8.5998 -35.9192 -3.1384 38 38 38
-8.6033 -35.808 -3.1367 38 38 38
-8.5984 -35.6135 -3.1049 197 176 213
-8.626 -35.6937 -3.1861 197 176 213
-8.6284 -35.5484 -3.1783 197 176 213
-8.6187 -35.4553 -3.1434 197 176 213
-8.6619 -35.372 -3.25 197 176 213
-8.6727 -35.2033 -3.2623 197 176 213
-8.6857 -35.2918 -3.3056 197 176 213
-8.6878 -35.064 -3.289 197 176 213
-8.6336 -34.6417 -3.1038 38 38 38
-8.7055 -34.9686 -3.3266 197 176 213
-8.7229 -35.0867 -3.3843 197 176 213
-8.6958 -34.8756 -3.2917 197 176 213
-8.6773 -34.7234 -3.2279 197 176 213
-8.6633 -34.6009 -3.1785 38 38 38
-8.7153 -34.7658 -3.3328 197 176 213
-8.7055 -34.3768 -3.2691 38 38 38
-8.6931 -34.1574 -3.2145 38 38 38
-8.7425 -34.2784 -3.3578 38 38 38
-8.7347 -34.171 -3.3264 38 38 38
-8.716 -33.9364 -3.2539 38 38 38
-8.7209 -33.835 -3.257 38 38 38
-8.7272 -33.7434 -3.2649 38 38 38
-8.6879 -33.3953 -3.1264 38 38 38
-8.7255 -33.651 -3.2513 38 38 38
-8.7027 -33.4694 -3.1731 38 38 38
-8.7585 -33.7948 -3.3531 38 38 38
-8.7012 -33.2704 -3.1496 38 38 38
-8.733 -33.4868 -3.2553 38 38 38
-8.7208 -33.3498 -3.2094 38 38 38
-8.7054 -33.1107 -3.1452 38 38 38
-8.7269 -33.1758 -3.2086 38 38 38
-8.7717 -33.4807 -3.3576 38 38 38
-8.7012 -32.9745 -3.1208 38 38 38
-8.6079 -32.2866 -2.8058 38 38 38
-8.6438 -32.45 -2.9172 38 38 38
-8.7017 -32.8436 -3.1095 38 38 38
-8.5994 -32.1209 -2.7669 38 38 38
-8.7294 -32.9238 -3.1907 38 38 38
-8.6458 -32.329 -2.9107 38 38 38
-8.6766 -32.5113 -3.0103 38 38 38
-8.6929 -32.5953 -3.0619 38 38 38
-8.7508 -32.9888 -3.2541 38 38 38
-8.5024 -31.1658 -2.4162 38 38 38
-8.5593 -31.5253 -2.6023 38 38 38
-8.7257 -32.6566 -3.155 38 38 38
-8.5315 -31.2559 -2.5022 38 38 38
-8.6603 -32.1314 -2.93 38 38 38
-8.5459 -31.165 -2.5316 38 38 38
-8.5665 -31.2786 -2.5975 38 38 38
-8.7083 -32.0535 -3.0498 38 38 38
-8.6003 -31.1847 -2.678 38 38 38
-8.6546 -38.4088 -3.5802 140 86 75
-8.6529 -38.3165 -3.5666 140 86 75
-8.6349 -38.1402 -3.5015 140 86 75
-8.6512 -38.2242 -3.5531 140 86 75
-8.6852 -38.402 -3.661 140 86 75
-8.667 -38.1432 -3.5872 140 86 75
-8.6833 -38.2272 -3.6388 140 86 75
-8.6638 -38.041 -3.5689 140 86 75
-8.622 -37.649 -3.4195 140 86 75
-8.6687 -37.9396 -3.572 140 86 75
-8.6575 -37.8367 -3.5322 140 86 75
-8.624 -37.5279 -3.4129 140 86 75
-8.622 -37.3531 -3.3907 140 86 75
-8.6524 -37.5597 -3.4916 140 86 75
-8.6529 -37.4288 -3.4803 140 86 75
-8.6349 -37.2525 -3.4152 140 86 75
-8.6563 -37.3175 -3.4785 140 86 75
-8.666 -37.2214 -3.4947 140 86 75
-8.6386 -36.9278 -3.3934 140 86 75
-8.6495 -36.6523 -3.3956 38 38 38
-8.6515 -36.5312 -3.3891 197 176 213
-8.6788 -36.6357 -3.4717 38 38 38
-8.6826 -36.5002 -3.4686 197 176 213
-8.6672 -36.261 -3.4044 197 176 213
-8.643 -36.0696 -3.3214 197 176 213
-8.6593 -36.1536 -3.373 197 176 213
-8.6373 -35.9235 -3.2922 197 176 213
-8.6967 -36.3269 -3.4892 197 176 213
-8.635 -35.7729 -3.2712 197 176 213
-8.6711 -36.0189 -3.3914 197 176 213
-8.6648 -35.8145 -3.3547 197 176 213
-8.6439 -35.6185 -3.28 197 176 213
-8.6602 -35.7025 -3.3315 197 176 213
-8.6739 -35.5534 -3.3534 197 176 213
-8.6755 -35.4566 -3.3482 197 176 213
-8.6869 -35.1569 -3.3491 197 176 213
-8.7091 -34.8776 -3.3811 197 176 213
-8.7069 -34.6203 -3.3501 38 38 38
-8.7173 -34.4757 -3.3637 38 38 38
-8.7528 -34.3675 -3.4477 38 38 38
-8.7559 -34.2805 -3.4472 38 38 38
-8.7273 -34.0595 -3.3498 38 38 38
-8.7574 -34.1836 -3.442 38 38 38
-8.7377 -33.9149 -3.3634 38 38 38
-8.7433 -33.5759 -3.3451 38 38 38
-8.7373 -33.3474 -3.3071 38 38 38
-8.7276 -33.2543 -3.2721 38 38 38
-8.7395 -33.1196 -3.2905 38 38 38
-8.6688 -32.4241 -3.0349 38 38 38
-8.6921 -32.4748 -3.1018 38 38 38
-8.6846 -32.3431 -3.0691 38 38 38
-8.7628 -32.8743 -3.3286 38 38 38
-8.6261 -31.8913 -2.8694 38 38 38
-8.6434 -32.0094 -2.9271 38 38 38
-8.7216 -32.5406 -3.1866 38 38 38
-8.7611 -32.782 -3.3151 38 38 38
-8.6823 -32.1925 -3.0481 38 38 38
-8.7265 -32.4392 -3.1897 38 38 38
-8.7674 -32.6904 -3.323 38 38 38
-8.6578 -31.9186 -2.9564 38 38 38
-8.6224 -31.6242 -2.8336 38 38 38
-8.6112 -31.5213 -2.7938 38 38 38
-8.7545 -32.4952 -3.2697 38 38 38
-8.557 -31.099 -2.6086 38 38 38
-8.5831 -31.2761 -2.6951 38 38 38
-8.7148 -32.1713 -3.1325 38 38 38
-8.6519 -31.69 -2.9184 38 38 38
-8.7792 -32.5557 -3.3414 38 38 38
-8.5452 -30.9378 -2.5614 38 38 38
-8.7362 -32.2364 -3.1959 38 38 38
-8.5633 -31.0074 -2.6165 38 38 38
-8.5435 -30.8455 -2.5479 38 38 38
-8.6115 -31.3079 -2.7738 38 38 38
-8.6289 -31.4259 -2.8314 38 38 38
-8.6477 -31.5538 -2.8939 38 38 38
-8.5914 -31.0634 -2.6964 38 38 38
-8.6131 -31.211 -2.7685 38 38 38
-8.671 -31.6045 -2.9608 38 38 38
-8.6898 -31.7324 -3.0233 38 38 38
-8.5824 -30.9219 -2.6589 38 38 38
-8.6506 -31.2776 -2.8747 38 38 38
-8.816 -32.3748 -3.4214 38 38 38
-8.8454 -32.4407 -3.5062 38 38 38
-8.5586 -38.3984 -3.5693 140 86 75
-8.553 -38.2523 -3.54 140 86 75
-8.5834 -38.4589 -3.641 140 86 75
-8.5868 -38.3476 -3.6392 140 86 75
-8.5815 -38.1773 -3.6086 140 86 75
-8.5573 -37.9859 -3.5256 140 86 75
-8.5751 -38.0797 -3.582 140 86 75
-8.5749 -37.8905 -3.5632 140 86 75
-8.5744 -37.7256 -3.5457 140 86 75
-8.5735 -37.5848 -3.5296 140 86 75
-8.5871 -37.1398 -3.5226 140 86 75
-8.5542 -36.8893 -3.4107 140 86 75
-8.5821 -37.052 -3.5007 140 86 75
-8.5808 -36.9355 -3.4859 140 86 75
-8.5828 -36.8144 -3.4793 140 86 75
-8.6051 -36.7243 -3.5301 140 86 75
-8.5957 -36.4178 -3.475 197 176 213
-8.612 -36.5018 -3.5266 197 176 213
-8.5585 -36.0311 -3.3387 197 176 213
-8.5554 -35.929 -3.3203 197 176 213
-8.6199 -36.3134 -3.5292 197 176 213
-8.612 -36.2059 -3.4978 197 176 213
-8.5856 -35.9463 -3.4025 197 176 213
-8.5614 -35.7549 -3.3194 197 176 213
-8.5744 -35.8434 -3.3627 197 176 213
-8.5671 -35.6051 -3.3199 197 176 213
-8.5925 -35.7238 -3.399 197 176 213
-8.5719 -35.5036 -3.323 197 176 213
-8.5801 -35.3977 -3.3343 197 176 213
-8.5802 -35.291 -3.3243 197 176 213
-8.603 -35.1767 -3.3737 197 176 213
-8.6089 -34.8134 -3.3541 197 176 213
-8.6099 -34.5516 -3.3313 38 38 38
-8.6243 -34.4607 -3.3606 38 38 38
-8.6211 -34.3586 -3.3423 38 38 38
-8.6278 -34.2428 -3.3489 38 38 38
-8.6697 -34.0429 -3.4407 38 38 38
-8.6793 -33.9468 -3.4568 38 38 38
-8.6526 -33.6048 -3.3528 38 38 38
-8.6828 -33.7289 -3.4451 38 38 38
-8.709 -33.7992 -3.5216 38 38 38
-8.6862 -33.6176 -3.4433 38 38 38
-8.7356 -33.2536 -3.5391 38 38 38
-8.6697 -32.7526 -3.3153 38 38 38
-8.5807 -32.0943 -3.0146 38 38 38
-8.5956 -32.1685 -3.0614 38 38 38
-8.5095 -31.5298 -2.7703 38 38 38
-8.7286 -32.991 -3.495 38 38 38
-8.6801 -32.6081 -3.3289 38 38 38
-8.7207 -32.8835 -3.4635 38 38 38
-8.7554 -33.1196 -3.5789 38 38 38
-8.4705 -31.1575 -2.6305 38 38 38
-8.594 -31.9694 -3.0378 38 38 38
-8.6317 -32.2252 -3.1628 38 38 38
-8.6089 -32.0436 -3.0846 38 38 38
-8.6252 -32.1276 -3.1361 38 38 38
-8.4634 -31.0016 -2.5964 38 38 38
-8.5025 -31.2672 -2.7262 38 38 38
-8.5575 -31.641 -2.9089 38 38 38
-8.4507 -30.8889 -2.5518 38 38 38
-8.5275 -31.4102 -2.8066 38 38 38
-8.5391 -31.4889 -2.8451 38 38 38
-8.6564 -32.2857 -3.2345 38 38 38
-8.7702 -33.0045 -3.6069 38 38 38
-8.5026 -31.1605 -2.7161 38 38 38
-8.5624 -31.5396 -2.9119 38 38 38
-8.4951 -31.0288 -2.6834 38 38 38
-8.6678 -32.1752 -3.2542 38 38 38
-8.4886 -30.9312 -2.6567 38 38 38
-8.4807 -30.8238 -2.6252 38 38 38
-8.5579 -31.3209 -2.8787 38 38 38
-8.6955 -32.2554 -3.3355 38 38 38
-8.6032 -31.6016 -3.0265 38 38 38
-8.5514 -31.2233 -2.8521 38 38 38
-8.7457 -32.4347 -3.4863 38 38 38
-8.6175 -31.5108 -3.0558 38 38 38
-8.6557 -31.6356 -3.1694 38 38 38
-8.6768 -31.7249 -3.2341 38 38 38
-8.4907 -38.4327 -3.6037 140 86 75
-8.4876 -38.3305 -3.5853 140 86 75
-8.479 -38.1648 -3.5464 140 86 75
-8.4858 -38.049 -3.553 140 86 75
-8.5176 -38.2654 -3.6588 140 86 75
-8.5087 -38.1239 -3.6212 140 86 75
-8.4849 -37.9082 -3.5369 140 86 75
-8.4832 -37.8159 -3.5233 140 86 75
-8.4738 -37.6986 -3.4871 140 86 75
-8.5147 -37.9498 -3.6204 140 86 75
-8.4787 -37.5972 -3.4902 140 86 75
-8.5071 -37.629 -3.5688 140 86 75
-8.5048 -37.4784 -3.5479 38 38 38
-8.4987 -37.3565 -3.5199 140 86 75
-8.5073 -37.2264 -3.53 140 86 75
-8.5193 -36.9849 -3.5384 140 86 75
-8.5195 -36.8782 -3.5283 140 86 75
-8.5175 -36.7034 -3.5061 140 86 75
-8.5481 -36.8033 -3.597 140 86 75
-8.5381 -36.6277 -3.5533 140 86 75
-8.5496 -36.7064 -3.5917 140 86 75
-8.5295 -36.462 -3.5144 197 176 213
-8.5406 -36.3757 -3.5354 197 176 213
-8.5455 -36.2743 -3.5385 197 176 213
-8.5084 -35.8876 -3.4022 197 176 213
-8.5319 -36.0208 -3.4778 197 176 213
-8.5071 -35.771 -3.3873 197 176 213
-8.5391 -35.8808 -3.483 197 176 213
-8.5076 -35.6401 -3.376 197 176 213
-8.5392 -35.774 -3.473 197 176 213
-8.5172 -35.544 -3.3922 197 176 213
-8.5046 -35.4312 -3.3476 197 176 213
-8.4996 -35.3435 -3.3258 197 176 213
-8.5049 -35.2178 -3.3276 197 176 213
-8.505 -35.1111 -3.3175 197 176 213
-8.5343 -35.0945 -3.3936 197 176 213
-8.5326 -35.0021 -3.3801 197 176 213
-8.5284 -34.8659 -3.3556 197 176 213
-8.5233 -34.5889 -3.315 38 38 38
-8.5429 -34.6684 -3.3749 38 38 38
-8.5347 -34.4784 -3.3347 38 38 38
-8.5493 -34.2809 -3.354 38 38 38
-8.5432 -34.1591 -3.326 38 38 38
-8.5726 -33.7398 -3.3632 38 38 38
-8.5614 -33.6369 -3.3235 38 38 38
-8.5503 -33.5339 -3.2837 38 38 38
-8.6021 -33.8056 -3.448 38 38 38
-8.557 -33.4181 -3.2903 38 38 38
-8.5838 -33.5468 -3.3742 38 38 38
-8.5594 -33.2728 -3.2825 38 38 38
-8.5903 -33.3485 -3.3721 38 38 38
-8.5884 -33.1737 -3.3498 38 38 38
-8.5739 -32.7794 -3.2729 38 38 38
-8.5693 -32.6674 -3.2498 38 38 38
-8.6447 -33.0722 -3.4897 38 38 38
-8.6321 -32.9595 -3.4451 38 38 38
-8.575 -32.5176 -3.2503 38 38 38
-8.6011 -32.6946 -3.3368 38 38 38
-8.5932 -32.5872 -3.3053 38 38 38
-8.5813 -32.426 -3.2581 38 38 38
-8.4634 -31.5709 -2.8614 38 38 38
-8.4179 -31.2076 -2.705 38 38 38
-8.6079 -32.4721 -3.3333 38 38 38
-8.5971 -32.345 -3.2923 38 38 38
-8.3812 -30.7967 -2.5674 38 38 38
-8.4232 -31.082 -2.7068 38 38 38
-8.4004 -30.9004 -2.6286 38 38 38
-8.4134 -30.9889 -2.6718 38 38 38
-8.4511 -31.2447 -2.7968 38 38 38
-8.4627 -31.3234 -2.8352 38 38 38
-8.5104 -31.648 -2.9938 38 38 38
-8.4862 -31.4566 -2.9108 38 38 38
-8.6053 -32.239 -3.3036 38 38 38
-8.4541 -31.1577 -2.7964 38 38 38
-8.5403 -31.6896 -3.0773 38 38 38
-8.5982 -32.0831 -3.2696 38 38 38
-8.4557 -31.0608 -2.7911 38 38 38
-8.4474 -30.9775 -2.761 38 38 38
-8.4894 -31.2628 -2.9004 38 38 38
-8.5039 -31.3612 -2.9484 38 38 38
-8.5561 -31.6087 -3.1114 38 38 38
-8.5768 -31.7222 -3.1774 38 38 38
-8.622 -31.8137 -3.3063 38 38 38
-8.6064 -31.6813 -3.2522 38 38 38
-8.6669 -31.8228 -3.4265 38 38 38
-8.3925 -38.3791 -3.6043 140 86 75
-8.4088 -38.4631 -3.6559 140 86 75
-8.3864 -38.2572 -3.5764 140 86 75
-8.3907 -38.0976 -3.572 140 86 75
-8.4211 -38.3041 -3.673 140 86 75
-8.415 -38.1823 -3.645 140 86 75
-8.3891 -37.8985 -3.5484 140 86 75
-8.3867 -37.7479 -3.5274 140 86 75
-8.4215 -37.984 -3.6428 140 86 75
-8.3869 -37.6412 -3.5174 140 86 75
-8.4187 -37.8576 -3.6231 140 86 75
-8.3852 -37.5489 -3.5038 140 86 75
-8.4203 -37.7608 -3.6179 140 86 75
-8.4153 -37.673 -3.596 140 86 75
-8.3868 -37.452 -3.4986 140 86 75
-8.4155 -37.5663 -3.586 140 86 75
-8.3916 -37.3506 -3.5017 140 86 75
-8.3934 -37.147 -3.4864 140 86 75
-8.4122 -37.2749 -3.5489 140 86 75
-8.4218 -37.1788 -3.565 140 86 75
-8.4187 -37.0766 -3.5467 140 86 75
-8.4123 -36.8723 -3.51 140 86 75
-8.4254 -36.9608 -3.5532 140 86 75
-8.4118 -36.7073 -3.4925 140 86 75
-8.443 -36.8655 -3.5908 140 86 75
-8.4413 -36.7731 -3.5773 140 86 75
-8.4251 -36.5824 -3.5157 197 176 213
-8.4158 -36.4652 -3.4794 197 176 213
-8.4457 -36.5068 -3.5629 197 176 213
-8.4444 -36.3902 -3.548 197 176 213
-8.4265 -36.1072 -3.4729 197 176 213
-8.4453 -36.2351 -3.5354 197 176 213
-8.4549 -36.1389 -3.5515 197 176 213
-8.4551 -36.0322 -3.5415 197 176 213
-8.4139 -35.6985 -3.3994 197 176 213
-8.4476 -35.9006 -3.5087 197 176 213
-8.4089 -35.6108 -3.3776 197 176 213
-8.4419 -35.7545 -3.4794 197 176 213
-8.4174 -35.4806 -3.3876 197 176 213
-8.4095 -35.3731 -3.3562 197 176 213
-8.4016 -35.2657 -3.3247 197 176 213
-8.4098 -35.1597 -3.3361 197 176 213
-8.4067 -35.0575 -3.3177 197 176 213
-8.4097 -34.9705 -3.3173 197 176 213
-8.4164 -34.8547 -3.3239 197 176 213
-8.4264 -34.7344 -3.3387 38 38 38
-8.4295 -34.6474 -3.3383 38 38 38
-8.4453 -34.5664 -3.3724 38 38 38
-8.4396 -34.4203 -3.3431 38 38 38
-8.4412 -34.3234 -3.3379 38 38 38
-8.4417 -34.1925 -3.3265 38 38 38
-8.4367 -34.1047 -3.3047 38 38 38
-8.4632 -33.9617 -3.361 38 38 38
-8.4463 -33.5235 -3.2732 38 38 38
-8.4579 -33.6022 -3.3117 38 38 38
-8.4723 -33.7006 -3.3597 38 38 38
-8.4974 -33.8436 -3.4402 38 38 38
-8.4515 -33.3979 -3.275 38 38 38
-8.5041 -33.7278 -3.4467 38 38 38
-8.4498 -33.3056 -3.2614 38 38 38
-8.4759 -33.4826 -3.348 38 38 38
-8.4529 -33.2185 -3.261 38 38 38
-8.4834 -33.3184 -3.3519 38 38 38
-8.492 -33.1882 -3.3619 38 38 38
-8.4822 -33.0951 -3.327 38 38 38
-8.4784 -32.9347 -3.3012 38 38 38
-8.4771 -32.8182 -3.2863 38 38 38
-8.3984 -32.122 -3.0093 38 38 38
-8.4228 -32.2067 -3.0823 38 38 38
-8.5047 -32.7092 -3.3489 38 38 38
-8.419 -32.0463 -3.0565 38 38 38
-8.4961 -32.5434 -3.31 38 38 38
-8.3444 -31.4864 -2.8039 38 38 38
-8.3593 -31.5605 -2.8506 38 38 38
-8.4419 -32.1212 -3.1247 38 38 38
-8.4592 -32.2392 -3.1823 38 38 38
-8.3446 -31.3796 -2.7938 38 38 38
-8.4923 -32.383 -3.2842 38 38 38
-8.316 -31.1587 -2.6963 38 38 38
-8.3841 -31.621 -2.9223 38 38 38
-8.4703 -32.153 -3.2033 38 38 38
-8.5171 -32.4435 -3.3559 38 38 38
-8.3799 -31.4848 -2.8978 38 38 38
-8.347 -31.2343 -2.7859 38 38 38
-8.4136 -31.6868 -3.0071 38 38 38
-8.3749 -31.397 -2.876 38 38 38
-8.3105 -30.9059 -2.657 38 38 38
-8.3264 -31.0141 -2.7099 38 38 38
-8.3699 -31.3092 -2.8541 38 38 38
-8.4123 -31.5703 -2.9922 38 38 38
-8.453 -31.739 -3.1168 38 38 38
-8.3611 -31.061 -2.8065 38 38 38
-8.4436 -31.6217 -3.0805 38 38 38
-8.3412 -30.8991 -2.7379 38 38 38
-8.495 -31.7284 -3.2274 38 38 38
-8.4966 -31.6315 -3.2221 38 38 38
-8.529 -31.717 -3.3166 38 38 38
-8.6185 -31.6526 -3.5482 38 38 38
-8.1927 -38.3765 -3.6053 31 119 180
-8.2075 -38.4506 -3.6521 31 119 180
-8.1899 -38.2501 -3.5857 31 119 180
-8.2194 -38.3159 -3.6705 31 119 180
-8.1916 -38.0465 -3.5704 31 119 180
-8.2094 -38.1404 -3.6268 31 119 180
-8.1954 -37.9111 -3.5673 31 119 180
-8.1984 -37.824 -3.5669 31 119 180
-8.2202 -37.9716 -3.639 31 119 180
-8.225 -37.8702 -3.642 31 119 180
-8.1921 -37.6197 -3.5301 31 119 180
-8.1857 -37.5221 -3.5035 31 119 180
-8.2212 -37.7097 -3.6162 31 119 180
-8.1858 -37.4154 -3.4934 31 119 180
-8.2141 -37.5538 -3.5821 31 119 180
-8.2142 -37.4471 -3.5721 31 119 180
-8.2063 -37.3397 -3.5406 31 119 180
-8.2044 -37.1649 -3.5183 31 119 180
-8.2225 -37.2345 -3.5734 31 119 180
-8.2107 -37.0733 -3.5262 31 119 180
-8.2009 -36.9802 -3.4912 31 119 180
-8.2138 -36.8796 -3.5157 31 119 180
-8.2349 -36.9688 -3.5804 31 119 180
-8.2249 -36.7933 -3.5366 31 119 180
-8.2265 -36.6964 -3.5314 31 119 180
-8.2533 -36.825 -3.6153 31 119 180
-8.2314 -36.595 -3.5344 31 119 180
-8.2549 -36.7282 -3.6101 31 119 180
-8.2315 -36.4883 -3.5244 31 119 180
-8.2174 -36.3657 -3.475 31 119 180
-8.2628 -36.5397 -3.6127 31 119 180
-8.2495 -36.3687 -3.5607 31 119 180
-8.2475 -36.1939 -3.5384 31 119 180
-8.251 -36.0826 -3.5366 31 119 180
-8.2138 -35.696 -3.4002 31 119 180
-8.2501 -35.9419 -3.5204 31 119 180
-8.2597 -35.8457 -3.5366 31 119 180
-8.2464 -35.6747 -3.4846 31 119 180
-8.2241 -35.3622 -3.395 31 119 180
-8.2547 -35.4621 -3.4859 38 38 38
-8.2283 -35.2025 -3.3906 38 38 38
-8.2144 -34.9732 -3.3311 31 119 180
-8.226 -35.0519 -3.3696 31 119 180
-8.2061 -34.89 -3.301 31 119 180
-8.2157 -34.7939 -3.3171 31 119 180
-8.2059 -34.7008 -3.2821 31 119 180
-8.2396 -34.9028 -3.3914 31 119 180
-8.2225 -34.5714 -3.3136 31 119 180
-8.2389 -34.6554 -3.3652 31 119 180
-8.2307 -34.4654 -3.325 31 119 180
-8.2518 -34.5547 -3.3897 31 119 180
-8.2393 -34.3352 -3.335 31 119 180
-8.2416 -34.1899 -3.3271 31 119 180
-8.2366 -34.1022 -3.3053 31 119 180
-8.2598 -34.2595 -3.3822 31 119 180
-8.2452 -33.972 -3.3153 31 119 180
-8.2633 -34.0416 -3.3704 31 119 180
-8.2581 -33.8713 -3.3398 31 119 180
-8.2362 -33.5346 -3.2489 31 119 180
-8.2594 -33.692 -3.3258 31 119 180
-8.271 -33.7707 -3.3643 31 119 180
-8.2506 -33.4438 -3.2782 31 119 180
-8.2752 -33.611 -3.3599 31 119 180
-8.2669 -33.5277 -3.3297 31 119 180
-8.282 -33.3885 -3.3564 31 119 180
-8.2756 -33.2909 -3.3297 31 119 180
-8.2809 -33.1652 -3.3315 38 38 38
-8.2876 -33.0494 -3.338 38 38 38
-8.2749 -32.9367 -3.2934 31 119 180
-8.2674 -32.805 -3.2606 31 119 180
-8.2566 -32.6779 -3.2196 31 119 180
-8.302 -32.8519 -3.3573 31 119 180
-8.2884 -32.7051 -3.3065 31 119 180
-8.2757 -32.5923 -3.2619 31 119 180
-8.274 -32.5 -3.2484 31 119 180
-8.2708 -32.3979 -3.23 31 119 180
-8.2691 -32.3055 -3.2165 31 119 180
-8.1363 -31.3764 -2.7728 31 119 180
-8.1211 -31.2198 -2.7172 31 119 180
-8.3007 -32.4395 -3.3135 31 119 180
-8.1592 -31.4513 -2.841 31 119 180
-8.0919 -30.9405 -2.6123 31 119 180
-8.1079 -31.0487 -2.6652 31 119 180
-8.299 -32.3471 -3.3 31 119 180
-8.1897 -31.5511 -2.9319 31 119 180
-8.1293 -31.1138 -2.7286 31 119 180
-8.1539 -31.281 -2.8103 31 119 180
-8.2119 -31.6745 -3.0027 31 119 180
-8.2952 -32.1867 -3.2742 38 38 38
-8.1961 -31.4596 -2.9397 31 119 180
-8.1081 -30.8353 -2.6451 31 119 180
-8.2515 -31.8091 -3.1212 31 119 180
-8.1244 -30.9193 -2.6967 31 119 180
-8.1393 -30.9935 -2.7435 31 119 180
-8.2483 -31.707 -3.1028 31 119 180
-8.2313 -31.5647 -3.0438 31 119 180
-8.2844 -31.7637 -3.2042 31 119 180
-8.3319 -32.0058 -3.3542 38 38 38
-8.2893 -31.6623 -3.2073 31 119 180
-8.3633 -32.0572 -3.4425 38 38 38
-8.3239 -31.7091 -3.3039 31 119 180
-8.3771 -31.8014 -3.4542 31 119 180
-8.4061 -31.7022 -3.5216 38 38 38
-8.4043 -31.6099 -3.508 38 38 38
-8.0971 -38.3148 -3.6049 31 119 180
-8.0991 -38.1937 -3.5984 31 119 180
-8.1266 -38.3806 -3.6897 31 119 180
-8.0974 -38.1014 -3.5848 31 119 180
-8.1257 -38.2398 -3.6735 31 119 180
-8.1747 -38.4918 -3.8283 38 38 38
-8.1026 -37.9757 -3.5865 31 119 180
-8.1309 -38.1142 -3.6753 31 119 180
-8.1292 -38.0219 -3.6617 31 119 180
-8.1112 -37.8455 -3.5966 31 119 180
-8.1175 -37.754 -3.6045 31 119 180
-8.1396 -37.8773 -3.6753 31 119 180
-8.1224 -37.6526 -3.6075 31 119 180
-8.1068 -37.5201 -3.5533 31 119 180
-8.1471 -37.7131 -3.6792 31 119 180
-8.1001 -37.34 -3.5179 31 119 180
-8.1535 -37.6215 -3.6871 31 119 180
-8.1437 -37.5284 -3.6521 31 119 180
-8.1282 -37.396 -3.5979 31 119 180
-8.1178 -37.2447 -3.5555 31 119 180
-8.1187 -37.0895 -3.5428 31 119 180
-8.1517 -37.2333 -3.6447 31 119 180
-8.1486 -37.1311 -3.6263 31 119 180
-8.1287 -36.9692 -3.5577 31 119 180
-8.1501 -37.0342 -3.6211 31 119 180
-8.1457 -36.8155 -3.5879 31 119 180
-8.1653 -36.895 -3.6477 31 119 180
-8.1472 -36.7187 -3.5826 31 119 180
-8.1238 -36.4788 -3.4969 31 119 180
-8.1368 -36.5673 -3.5402 31 119 180
-8.1771 -36.7603 -3.6661 31 119 180
-8.1711 -36.6384 -3.6381 31 119 180
-8.1549 -36.4477 -3.5765 31 119 180
-8.1426 -36.3108 -3.5306 31 119 180
-8.1432 -36.1798 -3.5192 31 119 180
-8.1385 -36.0678 -3.4961 31 119 180
-8.158 -35.9581 -3.5372 31 119 180
-8.1147 -35.5563 -3.3829 31 119 180
-8.1567 -35.8415 -3.5223 31 119 180
-8.151 -35.6955 -3.493 31 119 180
-8.1468 -35.5593 -3.4685 31 119 180
-8.1223 -35.2854 -3.3767 31 119 180
-8.1584 -35.3421 -3.4782 31 119 180
-8.1183 -35.0424 -3.3422 31 119 180
-8.1313 -35.131 -3.3855 31 119 180
-8.1184 -34.9357 -3.3322 31 119 180
-8.1061 -34.7988 -3.2863 31 119 180
-8.1393 -34.8358 -3.3781 31 119 180
-8.1209 -34.6837 -3.3142 31 119 180
-8.1488 -34.5505 -3.3754 31 119 180
-8.1304 -34.3984 -3.3116 31 119 180
-8.1426 -34.2395 -3.3287 31 119 180
-8.1604 -34.3333 -3.3851 31 119 180
-8.149 -34.0412 -3.3265 31 119 180
-8.1635 -34.1395 -3.3746 31 119 180
-8.159 -33.9208 -3.3413 31 119 180
-8.1592 -33.8141 -3.3313 31 119 180
-8.1525 -33.634 -3.2959 31 119 180
-8.1384 -33.5114 -3.2465 31 119 180
-8.1801 -33.7142 -3.3772 31 119 180
-8.1542 -33.4304 -3.2806 31 119 180
-8.1686 -33.5288 -3.3287 31 119 180
-8.1842 -33.3653 -3.354 31 119 180
-8.1744 -33.2723 -3.3191 31 119 180
-8.1556 -32.8485 -3.2277 31 119 180
-8.1715 -32.9567 -3.2806 31 119 180
-8.1892 -32.8613 -3.3182 31 119 180
-8.1678 -32.6895 -3.2447 31 119 180
-8.1842 -32.7735 -3.2963 31 119 180
-8.1727 -32.5881 -3.2478 31 119 180
-8.2011 -32.6199 -3.3265 31 119 180
-8.1856 -32.4875 -3.2723 31 119 180
-8.03 -31.3767 -2.7504 31 119 180
-8.0159 -31.2541 -2.701 31 119 180
-7.9823 -30.9454 -2.5816 31 119 180
-8.1938 -32.3815 -3.2836 31 119 180
-8.0179 -31.133 -2.6944 31 119 180
-8.0067 -31.0301 -2.6546 31 119 180
-8.0632 -31.4137 -2.8422 31 119 180
-7.9795 -30.819 -2.562 31 119 180
-8.0509 -31.2768 -2.7963 31 119 180
-8.0445 -31.1792 -2.7696 31 119 180
-8.1379 -31.7603 -3.0747 31 119 180
-8.1021 -31.4901 -2.9532 31 119 180
-8.0127 -30.856 -2.6538 31 119 180
-8.0272 -30.9544 -2.7018 31 119 180
-8.1228 -31.6036 -3.0192 31 119 180
-8.0464 -31.0581 -2.763 31 119 180
-8.1008 -31.3736 -2.9383 31 119 180
-8.1508 -31.6596 -3.0992 31 119 180
-8.1375 -31.4886 -3.0472 31 119 180
-8.188 -31.7504 -3.2067 31 119 180
-8.2678 -32.1847 -3.4611 38 38 38
-8.2339 -31.7934 -3.333 31 119 180
-8.2774 -32.0885 -3.4773 38 38 38
-8.2213 -31.6807 -3.2885 31 119 180
-8.2713 -31.9667 -3.4493 38 38 38
-8.2697 -31.7677 -3.4257 31 119 180
-8.0099 -38.3813 -3.645 31 119 180
-8.002 -38.2738 -3.6135 31 119 180
-8.0026 -38.1429 -3.6022 31 119 180
-8.0445 -38.4282 -3.7416 31 119 180
-8.0337 -38.301 -3.7005 31 119 180
-8.0306 -38.1989 -3.6821 31 119 180
-8.0082 -37.9931 -3.6026 31 119 180
-8.0861 -38.4417 -3.8535 38 38 38
-8.0348 -38.0392 -3.6778 31 119 180
-8.0179 -37.8969 -3.6188 31 119 180
-8.0194 -37.8001 -3.6135 31 119 180
-8.0444 -37.9431 -3.694 31 119 180
-8.0258 -37.7085 -3.6214 31 119 180
-8.0505 -37.769 -3.6931 31 119 180
-8.0372 -37.598 -3.6411 31 119 180
-8.0601 -37.6729 -3.7093 31 119 180
-8.033 -37.4618 -3.6166 31 119 180
-8.0354 -37.3165 -3.6087 31 119 180
-8.0615 -37.4935 -3.6953 31 119 180
-8.0536 -37.3861 -3.6638 31 119 180
-8.0306 -37.122 -3.5768 31 119 180
-8.065 -37.2756 -3.6835 31 119 180
-8.0619 -37.1734 -3.6651 31 119 180
-8.0391 -36.9918 -3.5869 31 119 180
-8.0653 -37.0622 -3.6634 31 119 180
-8.0488 -36.8957 -3.603 31 119 180
-8.0735 -36.9562 -3.6747 31 119 180
-8.0505 -36.6921 -3.5877 31 119 180
-8.074 -36.8253 -3.6634 31 119 180
-8.0473 -36.5899 -3.5694 31 119 180
-8.0318 -36.4575 -3.5152 31 119 180
-8.0822 -36.7193 -3.6747 31 119 180
-8.0758 -36.6217 -3.6481 31 119 180
-8.0679 -36.5142 -3.6166 31 119 180
-8.0509 -36.372 -3.5576 31 119 180
-8.0463 -36.26 -3.5344 31 119 180
-8.0516 -36.1344 -3.5361 31 119 180
-8.0521 -36.0034 -3.5248 31 119 180
-8.0541 -35.8824 -3.5182 31 119 180
-8.0645 -35.7378 -3.5318 31 119 180
-8.0632 -35.6213 -3.5169 31 119 180
-8.0279 -35.3269 -3.3941 31 119 180
-8.0526 -35.3874 -3.4658 31 119 180
-8.0187 -35.1029 -3.3477 31 119 180
-8.0303 -35.1816 -3.3862 31 119 180
-8.0203 -35.006 -3.3425 31 119 180
-8.0703 -35.292 -3.5034 31 119 180
-8.019 -34.8895 -3.3276 31 119 180
-8.0624 -35.1846 -3.4719 31 119 180
-8.0131 -34.661 -3.2896 31 119 180
-8.0246 -34.7396 -3.3281 31 119 180
-8.0428 -34.8093 -3.3832 31 119 180
-8.0241 -34.5747 -3.3106 31 119 180
-8.0437 -34.6541 -3.3705 31 119 180
-8.0313 -34.4347 -3.3158 31 119 180
-8.0301 -34.2114 -3.2909 31 119 180
-8.0613 -34.3695 -3.3893 31 119 180
-8.0548 -34.2719 -3.3626 31 119 180
-8.0506 -34.1357 -3.3381 31 119 180
-8.0522 -34.0388 -3.3329 31 119 180
-8.0586 -33.9473 -3.3408 31 119 180
-8.0525 -33.8254 -3.3128 31 119 180
-8.0411 -33.64 -3.2643 31 119 180
-8.0673 -33.7104 -3.3408 31 119 180
-8.0602 -33.5545 -3.3067 31 119 180
-8.0508 -33.4372 -3.2704 31 119 180
-8.0793 -33.469 -3.3491 31 119 180
-8.0649 -33.2639 -3.2909 31 119 180
-8.0827 -33.3577 -3.3473 31 119 180
-8.0702 -33.1383 -3.2927 31 119 180
-8.0964 -33.2086 -3.3692 31 119 180
-8.0744 -32.9786 -3.2883 31 119 180
-8.0662 -32.8953 -3.2581 31 119 180
-8.0521 -32.7728 -3.2087 31 119 180
-8.1031 -33.0928 -3.3757 31 119 180
-8.0588 -32.657 -3.2153 31 119 180
-8.0828 -32.7659 -3.2896 31 119 180
-8.0943 -32.8446 -3.3281 31 119 180
-8.0623 -32.5457 -3.2135 31 119 180
-8.0686 -32.4541 -3.2214 31 119 180
-8.0907 -32.5775 -3.2922 31 119 180
-7.9135 -31.3191 -2.6982 31 119 180
-7.9122 -31.2026 -2.6833 31 119 180
-7.943 -31.3849 -2.783 31 119 180
-7.9076 -31.0906 -2.6601 31 119 180
-8.0957 -32.3693 -3.2852 31 119 180
-7.9688 -31.4795 -2.8608 31 119 180
-7.9493 -31.2934 -2.7908 31 119 180
-8.0026 -31.5748 -2.96 31 119 180
-8.0431 -31.8502 -3.0946 31 119 180
-7.9755 -31.3637 -2.8673 31 119 180
-8.0334 -31.7572 -3.0597 31 119 180
-8.0236 -31.6641 -3.0247 31 119 180
-7.9029 -30.7894 -2.6182 31 119 180
-7.9221 -30.893 -2.6794 31 119 180
-8.006 -31.4636 -2.9583 31 119 180
-7.9457 -31.0262 -2.755 31 119 180
-8.0347 -31.5778 -3.0457 31 119 180
-7.9398 -30.7977 -2.717 31 119 180
-7.959 -30.9013 -2.7782 31 119 180
-8.0912 -31.6655 -3.2044 31 119 180
-8.1333 -31.8441 -3.3338 31 119 180
-8.1316 -31.7518 -3.3202 31 119 180
-8.1251 -31.6542 -3.2935 31 119 180
-8.1859 -32.0673 -3.4955 38 38 38
-8.1955 -31.9712 -3.5117 38 38 38
-7.9246 -38.4445 -3.6877 31 119 180
-7.9186 -38.3227 -3.6598 31 119 180
-7.9125 -38.2009 -3.6318 31 119 180
-7.9511 -38.3015 -3.7441 31 119 180
-7.9139 -38.0215 -3.6178 31 119 180
-7.9428 -38.2182 -3.714 31 119 180
-7.987 -38.4649 -3.8556 38 38 38
-7.9397 -38.1161 -3.6956 31 119 180
-7.9286 -37.9064 -3.6458 31 119 180
-7.9501 -37.9715 -3.7091 31 119 180
-7.9357 -37.7664 -3.651 31 119 180
-7.9601 -37.8512 -3.724 31 119 180
-7.9406 -37.665 -3.6541 31 119 180
-7.9687 -37.721 -3.7341 31 119 180
-7.9459 -37.5394 -3.6558 31 119 180
-7.9446 -37.4228 -3.6409 31 119 180
-7.9754 -37.6052 -3.7406 31 119 180
-7.9726 -37.4788 -3.7209 31 119 180
-7.9542 -37.3267 -3.6571 31 119 180
-7.9558 -37.2299 -3.6519 31 119 180
-7.9808 -37.3729 -3.7323 31 119 180
-7.945 -37.1027 -3.6108 31 119 180
-7.9466 -37.0059 -3.6055 31 119 180
-7.9857 -37.2715 -3.7354 31 119 180
-7.9786 -37.1156 -3.7013 31 119 180
-7.9769 -37.0232 -3.6877 31 119 180
-7.9593 -36.8227 -3.6213 31 119 180
-7.9737 -36.9211 -3.6694 31 119 180
-7.9489 -36.6714 -3.5789 31 119 180
-7.9509 -36.5503 -3.5723 31 119 180
-7.9769 -36.7273 -3.6589 31 119 180
-7.9471 -36.3898 -3.5465 31 119 180
-7.9822 -36.6017 -3.6606 31 119 180
-7.9685 -36.4549 -3.6099 31 119 180
-7.952 -36.2884 -3.5496 31 119 180
-7.9455 -36.1908 -3.5229 31 119 180
-7.9584 -36.0901 -3.5474 31 119 180
-7.9394 -35.8798 -3.4761 31 119 180
-7.9712 -35.8003 -3.5531 31 119 180
-7.9601 -35.6974 -3.5133 31 119 180
-7.9631 -35.6103 -3.5128 31 119 180
-7.9611 -35.4355 -3.4905 31 119 180
-7.9742 -35.5241 -3.5338 31 119 180
-7.9708 -35.3394 -3.5067 31 119 180
-7.9333 -34.6811 -3.3428 31 119 180
-7.9391 -34.4245 -3.3332 31 119 180
-7.9316 -34.2928 -3.3004 31 119 180
-7.9347 -34.2058 -3.2999 31 119 180
-7.9615 -34.3344 -3.3839 31 119 180
-7.9631 -34.2376 -3.3786 31 119 180
-7.9461 -34.0953 -3.3196 31 119 180
-7.9543 -33.9893 -3.331 31 119 180
-7.9458 -33.8236 -3.2921 31 119 180
-7.9408 -33.7358 -3.2702 31 119 180
-7.9343 -33.6382 -3.2435 31 119 180
-7.9752 -33.8894 -3.3769 31 119 180
-7.9739 -33.7729 -3.362 31 119 180
-7.9675 -33.6753 -3.3353 31 119 180
-7.9437 -33.4596 -3.251 31 119 180
-7.9582 -33.558 -3.299 31 119 180
-7.9533 -33.3635 -3.2671 31 119 180
-7.9528 -33.1985 -3.2496 31 119 180
-7.9832 -33.4051 -3.3506 31 119 180
-7.9786 -33.2931 -3.3275 31 119 180
-7.9618 -33.0441 -3.2584 31 119 180
-7.9849 -33.2015 -3.3353 31 119 180
-7.9865 -33.1046 -3.3301 31 119 180
-7.965 -32.8504 -3.2479 31 119 180
-7.9494 -32.718 -3.1937 31 119 180
-7.994 -32.9404 -3.334 31 119 180
-7.9609 -32.6075 -3.2134 31 119 180
-7.9841 -32.7648 -3.2903 31 119 180
-7.9956 -32.8435 -3.3288 31 119 180
-7.9753 -32.5166 -3.2426 31 119 180
-7.8217 -31.3915 -2.7242 31 119 180
-7.8094 -31.2545 -2.6783 31 119 180
-7.9773 -32.3955 -3.2361 31 119 180
-7.8044 -31.1667 -2.6564 31 119 180
-7.866 -31.5314 -2.8558 31 119 180
-8.0063 -32.4856 -3.3222 31 119 180
-7.8393 -31.2961 -2.7618 31 119 180
-7.8676 -31.4346 -2.8505 31 119 180
-8.0079 -32.3887 -3.3169 31 119 180
-7.8101 -31.0169 -2.6568 31 119 180
-8.0029 -32.3009 -3.2951 31 119 180
-7.8355 -31.1357 -2.736 31 119 180
-7.8963 -31.5488 -2.9379 31 119 180
-7.8092 -30.8761 -2.6407 31 119 180
-7.9011 -31.4474 -2.941 31 119 180
-7.8437 -31.0297 -2.7473 31 119 180
-7.8079 -30.7596 -2.6258 31 119 180
-7.8405 -30.9275 -2.729 31 119 180
-7.8392 -30.811 -2.7141 31 119 180
-8.0046 -31.6122 -3.2321 31 119 180
-8.0242 -31.6917 -3.292 31 119 180
-7.9653 -31.2642 -3.0936 38 38 38
-8.0313 -31.5517 -3.2973 31 119 180
-8.0947 -31.902 -3.5001 38 38 38
-8.0083 -31.2876 -3.2103 38 38 38
-8.1242 -31.9678 -3.5849 38 38 38
-8.1062 -31.7915 -3.5198 38 38 38
-8.1243 -31.8611 -3.5749 38 38 38
-8.1484 -31.5674 -3.6103 38 38 38
-7.8328 -38.4615 -3.7069 31 119 180
-7.8231 -38.3684 -3.6719 31 119 180
-7.8284 -38.2428 -3.6736 31 119 180
-7.8531 -38.3033 -3.7453 31 119 180
-7.8322 -38.1073 -3.6706 31 119 180
-7.8627 -38.2072 -3.7615 31 119 180
-7.8641 -38.0279 -3.7475 31 119 180
-7.8529 -37.9249 -3.7077 31 119 180
-7.8421 -37.7978 -3.6667 31 119 180
-7.8484 -37.7062 -3.6745 31 119 180
-7.8761 -37.7864 -3.7558 31 119 180
-7.8548 -37.6147 -3.6824 31 119 180
-7.8781 -37.6653 -3.7493 31 119 180
-7.8586 -37.4792 -3.6793 31 119 180
-7.8569 -37.3869 -3.6658 31 119 180
-7.8815 -37.5541 -3.7475 31 119 180
-7.8655 -37.2567 -3.6759 31 119 180
-7.8884 -37.3316 -3.744 31 119 180
-7.8685 -37.1697 -3.6754 31 119 180
-7.8603 -37.0864 -3.6453 31 119 180
-7.897 -37.2014 -3.7541 31 119 180
-7.8602 -36.8972 -3.6265 31 119 180
-7.8938 -37.0993 -3.7357 31 119 180
-7.8841 -37.0062 -3.7008 31 119 180
-7.8603 -36.7905 -3.6164 31 119 180
-7.8682 -36.6021 -3.619 31 119 180
-7.8893 -36.6914 -3.6837 31 119 180
-7.8564 -36.4409 -3.5718 31 119 180
-7.8431 -36.2699 -3.5198 31 119 180
-7.8811 -36.5014 -3.6435 31 119 180
-7.8759 -36.3311 -3.6129 31 119 180
-7.8742 -36.2388 -3.5994 31 119 180
-7.8659 -36.1556 -3.5692 31 119 180
-7.8609 -36.0678 -3.5474 31 119 180
-7.8656 -35.8839 -3.5417 31 119 180
-7.8742 -35.7537 -3.5518 31 119 180
-7.859 -35.5971 -3.4962 31 119 180
-7.8629 -35.4616 -3.4932 31 119 180
-7.8862 -35.5123 -3.5601 31 119 180
-7.8634 -35.3307 -3.4818 31 119 180
-7.8702 -35.2149 -3.4884 31 119 180
-7.8962 -35.392 -3.5749 31 119 180
-7.8656 -35.1029 -3.4652 31 119 180
-7.8766 -35.0166 -3.4862 31 119 180
-7.8365 -34.717 -3.3503 31 119 180
-7.8751 -34.8176 -3.4626 31 119 180
-7.8542 -34.6216 -3.3879 31 119 180
-7.8781 -34.7305 -3.4622 31 119 180
-7.9035 -34.8493 -3.5413 31 119 180
-7.8522 -34.4468 -3.3656 31 119 180
-7.8361 -34.2561 -3.3039 31 119 180
-7.8341 -34.0813 -3.2817 31 119 180
-7.8647 -34.1811 -3.3726 31 119 180
-7.8656 -34.026 -3.3599 31 119 180
-7.8563 -33.9087 -3.3236 31 119 180
-7.8517 -33.7967 -3.3005 31 119 180
-7.8438 -33.6893 -3.269 31 119 180
-7.8388 -33.6015 -3.2471 31 119 180
-7.8419 -33.5144 -3.2467 31 119 180
-7.877 -33.7263 -3.3608 31 119 180
-7.8691 -33.6188 -3.3293 31 119 180
-7.8603 -33.3706 -3.2817 31 119 180
-7.8762 -33.4788 -3.3346 31 119 180
-7.8495 -33.2435 -3.2406 31 119 180
-7.8478 -33.1512 -3.227 31 119 180
-7.8939 -33.3835 -3.3722 31 119 180
-7.8812 -33.2707 -3.3276 31 119 180
-7.8593 -33.0407 -3.2467 31 119 180
-7.8771 -33.1345 -3.3031 31 119 180
-7.8165 -32.6146 -3.0911 31 119 180
-7.8627 -32.9294 -3.245 31 119 180
-7.84 -32.7478 -3.1667 31 119 180
-7.8629 -32.8227 -3.2349 31 119 180
-7.8529 -32.6472 -3.1912 31 119 180
-7.8725 -32.7266 -3.2511 31 119 180
-7.8975 -32.8696 -3.3315 31 119 180
-7.8787 -32.4458 -3.2402 31 119 180
-7.8589 -32.2839 -3.1716 31 119 180
-7.7531 -31.4833 -2.8118 31 119 180
-7.7499 -31.3812 -2.7935 31 119 180
-7.8902 -32.3353 -3.2599 31 119 180
-7.7342 -31.1662 -2.7305 31 119 180
-7.7472 -31.2548 -2.7738 31 119 180
-7.886 -32.1991 -3.2354 31 119 180
-7.7259 -31.083 -2.7004 31 119 180
-7.8029 -31.5801 -2.9539 31 119 180
-7.7184 -30.9513 -2.6676 31 119 180
-7.7998 -31.478 -2.9355 31 119 180
-7.7047 -30.8045 -2.6169 31 119 180
-7.7785 -31.3062 -2.8621 31 119 180
-7.758 -31.086 -2.786 31 119 180
-7.7696 -31.1647 -2.8245 31 119 180
-7.753 -30.9982 -2.7642 31 119 180
-7.7133 -30.6744 -2.6269 31 119 180
-7.7474 -30.8522 -2.7349 31 119 180
-7.738 -30.7349 -2.6986 31 119 180
-7.9223 -31.8532 -3.2979 31 119 180
-7.897 -31.6277 -3.2087 31 119 180
-7.921 -31.7367 -3.283 31 119 180
-7.8727 -31.2471 -3.1069 38 38 38
-7.9205 -31.5717 -3.2656 31 119 180
-7.9386 -31.6413 -3.3206 31 119 180
-7.8975 -31.3076 -3.1786 38 38 38
-7.7274 -38.4071 -3.6683 31 119 180
-7.7624 -38.4297 -3.7636 31 119 180
-7.7567 -38.2837 -3.7343 31 119 180
-7.7488 -38.1762 -3.7029 31 119 180
-7.8032 -38.4917 -3.8781 31 119 180
-7.7456 -37.8849 -3.6657 31 119 180
-7.7788 -38.1111 -3.7763 31 119 180
-7.7662 -37.9983 -3.7317 31 119 180
-7.7556 -37.7645 -3.6806 31 119 180
-7.7817 -37.8349 -3.7571 31 119 180
-7.7666 -37.6782 -3.7016 31 119 180
-7.7899 -37.7289 -3.7685 31 119 180
-7.7715 -37.5768 -3.7046 31 119 180
-7.7962 -37.6373 -3.7763 31 119 180
-7.7652 -37.3725 -3.6679 31 119 180
-7.7946 -37.4383 -3.7527 31 119 180
-7.7719 -37.2567 -3.6745 31 119 180
-7.7962 -37.3414 -3.7475 31 119 180
-7.7928 -37.1568 -3.7204 31 119 180
-7.8058 -37.2453 -3.7637 31 119 180
-7.7675 -36.9313 -3.6312 31 119 180
-7.7944 -37.0599 -3.7152 31 119 180
-7.7691 -36.8344 -3.626 31 119 180
-7.796 -36.963 -3.7099 31 119 180
-7.7975 -36.8662 -3.7047 31 119 180
-7.7617 -36.596 -3.5832 31 119 180
-7.7799 -36.6656 -3.6382 31 119 180
-7.7977 -36.7595 -3.6946 31 119 180
-7.7648 -36.509 -3.5827 31 119 180
-7.7424 -36.3032 -3.5032 31 119 180
-7.7928 -36.565 -3.6627 31 119 180
-7.7495 -36.1632 -3.5084 31 119 180
-7.7799 -36.3697 -3.6094 31 119 180
-7.7768 -36.2676 -3.5911 31 119 180
-7.7531 -35.9452 -3.4967 31 119 180
-7.769 -36.0534 -3.5495 31 119 180
-7.7682 -35.8059 -3.5233 31 119 180
-7.7698 -35.7091 -3.5181 31 119 180
-7.7808 -35.6228 -3.5391 31 119 180
-7.8047 -35.5426 -3.5946 31 119 180
-7.7471 -35.1249 -3.401 31 119 180
-7.792 -35.4298 -3.55 31 119 180
-7.7766 -35.1907 -3.4858 31 119 180
-7.8064 -35.339 -3.5793 31 119 180
-7.8241 -35.4328 -3.6357 31 119 180
-7.755 -34.9364 -3.4036 31 119 180
-7.7779 -35.0113 -3.4718 31 119 180
-7.7565 -34.6504 -3.3796 31 119 180
-7.7854 -34.8471 -3.4757 31 119 180
-7.7566 -34.5436 -3.3695 31 119 180
-7.752 -34.4316 -3.3464 31 119 180
-7.7683 -34.2197 -3.3691 31 119 180
-7.7693 -34.0646 -3.3564 31 119 180
-7.7651 -33.9284 -3.332 31 119 180
-7.7666 -33.8315 -3.3267 31 119 180
-7.7537 -33.6363 -3.2734 31 119 180
-7.7653 -33.715 -3.3119 31 119 180
-7.7491 -33.5243 -3.2502 31 119 180
-7.7873 -33.6491 -3.3639 31 119 180
-7.779 -33.5659 -3.3337 31 119 180
-7.7415 -33.2034 -3.1987 31 119 180
-7.7578 -33.2874 -3.2502 31 119 180
-7.7727 -33.3615 -3.297 31 119 180
-7.8022 -33.4273 -3.3818 31 119 180
-7.757 -33.0399 -3.224 31 119 180
-7.7932 -33.2858 -3.3442 31 119 180
-7.7748 -33.1337 -3.2804 31 119 180
-7.7711 -32.8666 -3.2446 31 119 180
-7.7856 -32.965 -3.2927 31 119 180
-7.7665 -32.7546 -3.2214 31 119 180
-7.7982 -32.7818 -3.3084 31 119 180
-7.787 -32.6789 -3.2686 31 119 180
-7.7699 -32.3474 -3.1908 31 119 180
-7.7616 -32.2642 -3.1607 31 119 180
-7.6567 -31.4977 -2.8071 31 119 180
-7.8044 -32.501 -3.2975 31 119 180
-7.6941 -31.671 -2.9234 31 119 180
-7.7727 -32.1779 -3.1817 31 119 180
-7.7923 -32.2574 -3.2416 31 119 180
-7.6899 -31.5347 -2.8989 31 119 180
-7.7247 -31.7708 -3.0143 31 119 180
-7.8159 -32.3905 -3.3172 31 119 180
-7.7132 -31.5854 -2.9658 31 119 180
-7.7347 -31.6505 -3.0291 31 119 180
-7.7607 -31.8275 -3.1157 31 119 180
-7.7955 -32.0636 -3.2311 31 119 180
-7.7528 -31.7201 -3.0842 31 119 180
-7.8169 -32.1287 -3.2945 31 119 180
-7.6367 -30.8507 -2.6908 31 119 180
-7.8003 -31.9622 -3.2341 31 119 180
-7.6288 -30.7432 -2.6594 31 119 180
-7.6633 -30.8968 -2.766 31 119 180
-7.8114 -31.8759 -3.2551 31 119 180
-7.8288 -31.994 -3.3128 31 119 180
-7.6664 -30.8098 -2.7656 31 119 180
-7.6929 -30.8559 -2.8408 31 119 180
-7.7353 -31.117 -2.9789 38 38 38
-7.811 -31.6042 -3.2276 31 119 180
-7.7634 -31.1729 -3.0589 38 38 38
-7.8376 -31.6504 -3.3028 31 119 180
-7.7497 -31.0261 -3.0082 38 38 38
-7.833 -31.5384 -3.2796 31 119 180
-7.625 -38.3354 -3.6421 31 119 180
-7.6424 -38.4534 -3.6998 31 119 180
-7.6534 -38.3671 -3.7208 31 119 180
-7.6916 -38.492 -3.8344 31 119 180
-7.6471 -38.1628 -3.6841 31 119 180
-7.6634 -38.2468 -3.7356 31 119 180
-7.6561 -38.0084 -3.6928 31 119 180
-7.6544 -37.9161 -3.6793 31 119 180
-7.679 -38.0833 -3.761 31 119 180
-7.6582 -37.7806 -3.6763 31 119 180
-7.685 -37.9093 -3.7602 31 119 180
-7.6733 -37.6414 -3.703 31 119 180
-7.6911 -37.7352 -3.7593 31 119 180
-7.7073 -37.63 -3.7921 31 119 180
-7.695 -37.493 -3.7463 31 119 180
-7.6749 -37.2486 -3.6689 31 119 180
-7.6985 -37.3818 -3.7445 31 119 180
-7.7249 -37.5346 -3.8297 31 119 180
-7.6765 -37.1517 -3.6637 31 119 180
-7.7033 -37.2804 -3.7476 31 119 180
-7.6669 -36.9519 -3.6187 31 119 180
-7.6941 -37.0564 -3.7013 31 119 180
-7.6781 -36.7589 -3.6297 31 119 180
-7.6973 -36.8626 -3.6908 31 119 180
-7.6768 -36.6424 -3.6148 31 119 180
-7.6649 -36.4812 -3.5676 31 119 180
-7.6508 -36.3586 -3.5183 31 119 180
-7.7001 -36.6931 -3.6817 31 119 180
-7.6897 -36.5417 -3.6393 31 119 180
-7.6793 -36.3904 -3.5969 31 119 180
-7.6577 -36.1361 -3.5148 31 119 180
-7.6707 -36.2247 -3.5581 31 119 180
-7.6662 -36.0059 -3.5249 31 119 180
-7.6707 -35.6328 -3.5005 31 119 180
-7.683 -35.4739 -3.5175 31 119 180
-7.6946 -35.5526 -3.556 31 119 180
-7.6748 -35.284 -3.4773 31 119 180
-7.714 -35.4429 -3.5971 31 119 180
-7.6782 -35.1727 -3.4756 31 119 180
-7.7029 -35.3399 -3.5573 31 119 180
-7.6563 -34.9427 -3.3948 31 119 180
-7.703 -35.2332 -3.5473 31 119 180
-7.7021 -35.0925 -3.5311 31 119 180
-7.6631 -34.7202 -3.3913 31 119 180
-7.6893 -34.7905 -3.4678 31 119 180
-7.6964 -34.6505 -3.4731 31 119 180
-7.7072 -34.4817 -3.4853 31 119 180
-7.6798 -34.1881 -3.384 31 119 180
-7.7121 -34.3803 -3.4884 31 119 180
-7.6775 -34.0375 -3.363 31 119 180
-7.7079 -34.2441 -3.464 31 119 180
-7.6737 -33.8771 -3.3372 31 119 180
-7.6537 -33.526 -3.2499 31 119 180
-7.6809 -33.6304 -3.3325 31 119 180
-7.6862 -33.5047 -3.3342 31 119 180
-7.6878 -33.4079 -3.329 31 119 180
-7.6854 -33.2573 -3.3081 31 119 180
-7.6732 -33.1203 -3.2622 31 119 180
-7.6682 -33.0325 -3.2403 31 119 180
-7.6697 -32.9356 -3.2351 31 119 180
-7.7082 -33.143 -3.3575 31 119 180
-7.6732 -32.8244 -3.2334 31 119 180
-7.6978 -32.9916 -3.3151 31 119 180
-7.7026 -32.8902 -3.3182 31 119 180
-7.6836 -32.6798 -3.2469 31 119 180
-7.7116 -32.7358 -3.3269 31 119 180
-7.6904 -32.4573 -3.2435 31 119 180
-7.7049 -32.5557 -3.2916 31 119 180
-7.6792 -32.3544 -3.2037 31 119 180
-7.6695 -32.2613 -3.1688 31 119 180
-7.7296 -32.6162 -3.3632 31 119 180
-7.5784 -31.5349 -2.8559 31 119 180
-7.5966 -31.6045 -2.911 31 119 180
-7.7254 -32.48 -3.3388 31 119 180
-7.7113 -32.3574 -3.2894 31 119 180
-7.703 -32.2742 -3.2593 31 119 180
-7.5088 -30.8735 -2.6064 31 119 180
-7.629 -31.69 -3.0054 31 119 180
-7.5298 -30.9628 -2.6711 31 119 180
-7.6066 -31.4842 -2.9258 31 119 180
-7.6591 -31.8141 -3.0976 31 119 180
-7.6736 -31.9125 -3.1457 31 119 180
-7.6276 -31.5735 -2.9905 31 119 180
-7.6899 -31.9965 -3.1972 31 119 180
-7.7116 -32.144 -3.2693 31 119 180
-7.5202 -30.763 -2.6261 31 119 180
-7.664 -31.7127 -3.1007 31 119 180
-7.545 -30.8235 -2.6978 31 119 180
-7.726 -32.0532 -3.2986 31 119 180
-7.7003 -31.8519 -3.2108 31 119 180
-7.5689 -30.9325 -2.7721 31 119 180
-7.5867 -31.0263 -2.8284 31 119 180
-7.5364 -30.6578 -2.6589 31 119 180
-7.5657 -30.6411 -2.735 31 119 180
-7.7044 -30.9112 -3.1301 38 38 38
-7.5412 -38.398 -3.6847 31 119 180
-7.5314 -38.3049 -3.6497 31 119 180
-7.5425 -38.2186 -3.6707 31 119 180
-7.5639 -38.2837 -3.7341 31 119 180
-7.5609 -38.0748 -3.7057 31 119 180
-7.5768 -38.183 -3.7586 31 119 180
-7.5713 -37.9302 -3.7193 31 119 180
-7.5909 -38.0097 -3.7791 31 119 180
-7.5682 -37.8281 -3.7009 31 119 180
-7.6017 -37.8409 -3.7914 31 119 180
-7.5924 -37.7236 -3.7551 31 119 180
-7.5939 -37.6267 -3.7499 31 119 180
-7.6205 -37.6729 -3.8251 31 119 180
-7.5978 -37.4913 -3.7469 31 119 180
-7.5837 -37.3687 -3.6975 31 119 180
-7.5772 -37.2711 -3.6708 31 119 180
-7.6269 -37.5813 -3.833 31 119 180
-7.6216 -37.411 -3.8024 31 119 180
-7.6332 -37.4897 -3.8408 31 119 180
-7.6075 -37.2884 -3.753 31 119 180
-7.6011 -37.1908 -3.7263 31 119 180
-7.5783 -37.0092 -3.6481 31 119 180
-7.5733 -36.9214 -3.6263 31 119 180
-7.5979 -37.0887 -3.708 31 119 180
-7.5782 -36.82 -3.6293 31 119 180
-7.6054 -36.9244 -3.7119 31 119 180
-7.5729 -36.6497 -3.5988 31 119 180
-7.6028 -36.6913 -3.6822 31 119 180
-7.5597 -36.372 -3.5367 31 119 180
-7.5858 -36.5491 -3.6233 31 119 180
-7.5863 -36.4182 -3.6119 31 119 180
-7.5708 -36.2857 -3.5577 31 119 180
-7.5622 -36.12 -3.5188 31 119 180
-7.5787 -35.8014 -3.5315 31 119 180
-7.5837 -35.5933 -3.5246 31 119 180
-7.5755 -35.4033 -3.4844 31 119 180
-7.5786 -35.3163 -3.4839 31 119 180
-7.6062 -35.3965 -3.5652 31 119 180
-7.6009 -35.2262 -3.5347 31 119 180
-7.5978 -35.124 -3.5163 31 119 180
-7.5965 -35.0075 -3.5015 31 119 180
-7.6167 -34.8493 -3.54 31 119 180
-7.614 -34.7229 -3.5203 31 119 180
-7.5779 -34.3703 -3.3901 31 119 180
-7.6084 -34.4702 -3.481 31 119 180
-7.587 -34.1092 -3.3888 31 119 180
-7.6226 -34.1901 -3.4915 31 119 180
-7.5675 -33.6271 -3.2901 31 119 180
-7.6001 -33.7951 -3.3932 31 119 180
-7.5904 -33.702 -3.3582 31 119 180
-7.5724 -33.5257 -3.2931 31 119 180
-7.623 -33.87 -3.4614 31 119 180
-7.582 -33.4296 -3.3093 31 119 180
-7.6276 -33.6861 -3.4557 31 119 180
-7.6067 -33.4901 -3.381 31 119 180
-7.5868 -33.3282 -3.3124 31 119 180
-7.5841 -33.2018 -3.2927 31 119 180
-7.6134 -33.3743 -3.3876 31 119 180
-7.5799 -33.0656 -3.2683 31 119 180
-7.6121 -33.2578 -3.3727 31 119 180
-7.5734 -32.968 -3.2416 31 119 180
-7.5797 -32.8764 -3.2495 31 119 180
-7.613 -33.1027 -3.3601 31 119 180
-7.57 -32.7833 -3.2145 31 119 180
-7.608 -33.0149 -3.3382 31 119 180
-7.5614 -32.6176 -3.1756 31 119 180
-7.6063 -32.9225 -3.3247 31 119 180
-7.5862 -32.6781 -3.2473 31 119 180
-7.6065 -32.8158 -3.3146 31 119 180
-7.592 -32.4216 -3.2377 31 119 180
-7.6126 -32.5351 -3.3037 31 119 180
-7.4856 -31.6452 -2.8794 31 119 180
-7.5855 -32.3239 -3.2111 31 119 180
-7.5238 -31.77 -2.993 31 119 180
-7.5904 -32.2225 -3.2142 31 119 180
-7.5174 -31.6724 -2.9664 31 119 180
-7.5591 -31.8752 -3.097 31 119 180
-7.6184 -32.2785 -3.2941 31 119 180
-7.587 -32.0379 -3.1871 31 119 180
-7.6171 -32.162 -3.2793 31 119 180
-7.5625 -31.7639 -3.0953 31 119 180
-7.6003 -31.913 -3.2103 31 119 180
-7.6205 -32.0507 -3.2776 31 119 180
-7.4434 -30.6856 -2.6736 31 119 180
-7.4762 -30.7469 -2.7667 31 119 180
-7.495 -30.8748 -2.8292 31 119 180
-7.4643 -30.5857 -2.7195 31 119 180
-7.5267 -30.902 -2.9162 31 119 180
-7.5412 -31.0004 -2.9643 31 119 180
-7.5542 -31.0889 -3.0075 31 119 180
-7.5268 -30.7953 -2.9061 31 119 180
-7.5592 -30.8808 -3.0006 31 119 180
-7.5722 -30.9693 -3.0438 31 119 180
-7.5838 -31.048 -3.0823 31 119 180
-7.4406 -38.447 -3.6864 31 119 180
-7.436 -38.335 -3.6632 31 119 180
-7.4644 -38.3667 -3.7419 31 119 180
-7.4588 -38.2207 -3.7126 31 119 180
-7.5011 -38.4817 -3.8507 38 38 38
-7.4571 -38.1284 -3.6991 31 119 180
-7.4689 -37.9936 -3.7174 31 119 180
-7.491 -38.117 -3.7882 31 119 180
-7.4793 -37.8491 -3.731 31 119 180
-7.5033 -37.958 -3.8053 31 119 180
-7.4821 -37.6796 -3.7218 31 119 180
-7.5079 -37.7741 -3.7996 31 119 180
-7.5016 -37.5698 -3.763 31 119 180
-7.5179 -37.6538 -3.8145 31 119 180
-7.4937 -37.4624 -3.7315 31 119 180
-7.4876 -37.3405 -3.7035 31 119 180
-7.4896 -37.2194 -3.697 31 119 180
-7.5301 -37.4949 -3.8316 31 119 180
-7.5223 -37.3874 -3.8001 31 119 180
-7.4898 -37.1127 -3.6869 31 119 180
-7.5191 -37.2852 -3.7818 31 119 180
-7.5163 -37.1589 -3.7621 31 119 180
-7.4882 -36.9137 -3.6634 31 119 180
-7.4818 -36.8161 -3.6367 31 119 180
-7.5121 -37.0226 -3.7377 31 119 180
-7.4668 -36.5527 -3.5712 31 119 180
-7.4976 -36.7351 -3.6708 31 119 180
-7.512 -36.8335 -3.7189 31 119 180
-7.4528 -36.3234 -3.5117 31 119 180
-7.4981 -36.6042 -3.6595 31 119 180
-7.4753 -36.4225 -3.5812 31 119 180
-7.4607 -36.135 -3.5144 31 119 180
-7.4799 -36.2386 -3.5756 31 119 180
-7.4868 -35.7202 -3.5433 31 119 180
-7.4778 -35.3895 -3.4869 31 119 180
-7.4959 -35.4591 -3.542 31 119 180
-7.4962 -35.2457 -3.5219 31 119 180
-7.5092 -35.3343 -3.5652 31 119 180
-7.4883 -35.1383 -3.4904 31 119 180
-7.4994 -35.052 -3.5114 31 119 180
-7.5104 -34.9657 -3.5324 31 119 180
-7.5095 -34.8249 -3.5163 31 119 180
-7.4955 -34.7024 -3.4669 31 119 180
-7.5258 -34.1279 -3.4914 31 119 180
-7.5362 -33.9834 -3.505 38 38 38
-7.5353 -33.8426 -3.4888 31 119 180
-7.5013 -33.5581 -3.3708 31 119 180
-7.4916 -33.465 -3.3359 31 119 180
-7.4866 -33.3772 -3.314 31 119 180
-7.5434 -33.7367 -3.5002 31 119 180
-7.4834 -33.2751 -3.2957 31 119 180
-7.5403 -33.6345 -3.4819 31 119 180
-7.4949 -33.1646 -3.3154 31 119 180
-7.5145 -33.244 -3.3752 31 119 180
-7.4979 -33.0775 -3.3149 31 119 180
-7.4896 -32.9943 -3.2848 31 119 180
-7.4726 -32.6628 -3.207 31 119 180
-7.5015 -32.8596 -3.3031 31 119 180
-7.5232 -33.0071 -3.3753 31 119 180
-7.4709 -32.5705 -3.1935 31 119 180
-7.4987 -32.7332 -3.2835 31 119 180
-7.4772 -32.4789 -3.2013 31 119 180
-7.4773 -32.3722 -3.1913 31 119 180
-7.4134 -31.8569 -2.971 31 119 180
-7.4344 -31.9462 -3.0357 31 119 180
-7.514 -32.4872 -3.3001 31 119 180
-7.4102 -31.7547 -2.9527 31 119 180
-7.4917 -32.2814 -3.2206 31 119 180
-7.4697 -32.0514 -3.1397 31 119 180
-7.49 -32.1891 -3.2071 31 119 180
-7.515 -32.3321 -3.2875 31 119 180
-7.4473 -31.8455 -3.0602 31 119 180
-7.4359 -31.6601 -3.0117 31 119 180
-7.4764 -31.9356 -3.1463 31 119 180
-7.5198 -32.2307 -3.2905 31 119 180
-7.3596 -31.1145 -2.7556 38 38 38
-7.4979 -32.0006 -3.2097 31 119 180
-7.3492 -30.9632 -2.7132 31 119 180
-7.516 -32.0702 -3.2648 31 119 180
-7.3475 -30.8709 -2.6997 31 119 180
-7.3776 -30.995 -2.7919 31 119 180
-7.3993 -31.1425 -2.864 38 38 38
-7.3792 -30.8981 -2.7867 31 119 180
-7.3566 -30.6098 -2.6984 31 119 180
-7.3883 -30.637 -2.7854 31 119 180
-7.379 -30.5197 -2.7491 31 119 180
-7.3564 -38.397 -3.7124 31 119 180
-7.3895 -38.4341 -3.8042 31 119 180
-7.374 -38.3017 -3.75 31 119 180
-7.3622 -38.1405 -3.7029 31 119 180
-7.3869 -38.201 -3.7745 31 119 180
-7.3814 -37.9482 -3.7353 31 119 180
-7.3992 -38.0421 -3.7916 31 119 180
-7.3926 -37.7553 -3.7462 31 119 180
-7.4158 -37.9127 -3.8231 31 119 180
-7.4173 -37.8158 -3.8179 31 119 180
-7.4135 -37.6554 -3.7922 31 119 180
-7.4024 -37.5524 -3.7524 31 119 180
-7.3912 -37.4495 -3.7127 31 119 180
-7.3833 -37.342 -3.6812 31 119 180
-7.4345 -37.5554 -3.8381 31 119 180
-7.3871 -37.2066 -3.6782 31 119 180
-7.4194 -37.3988 -3.7826 31 119 180
-7.4166 -37.2724 -3.763 31 119 180
-7.3899 -37.0371 -3.669 31 119 180
-7.4194 -37.1029 -3.7538 31 119 180
-7.3995 -36.9409 -3.6852 31 119 180
-7.3935 -36.8191 -3.6573 31 119 180
-7.3889 -36.7071 -3.6342 31 119 180
-7.4279 -36.9727 -3.7639 31 119 180
-7.4215 -36.8751 -3.7373 31 119 180
-7.3687 -36.4627 -3.5568 31 119 180
-7.3956 -36.5913 -3.6407 31 119 180
-7.3649 -36.3022 -3.5311 31 119 180
-7.4236 -36.6473 -3.7207 31 119 180
-7.3915 -36.3484 -3.6063 31 119 180
-7.4132 -36.4959 -3.6784 31 119 180
-7.3338 -35.8482 -3.404 38 38 38
-7.3877 -36.1879 -3.5805 31 119 180
-7.3765 -36.085 -3.5408 31 119 180
-7.3339 -35.7414 -3.394 38 38 38
-7.369 -35.9533 -3.508 31 119 180
-7.3808 -35.6294 -3.5077 31 119 180
-7.3875 -35.5136 -3.5142 31 119 180
-7.3938 -35.4221 -3.5221 31 119 180
-7.3875 -35.2177 -3.4855 31 119 180
-7.402 -35.3161 -3.5335 31 119 180
-7.4243 -35.0368 -3.5655 31 119 180
-7.4087 -34.9044 -3.5113 38 38 38
-7.4014 -34.666 -3.4685 31 119 180
-7.4159 -34.7644 -3.5166 31 119 180
-7.378 -34.4261 -3.3829 31 119 180
-7.4143 -34.5653 -3.4931 31 119 180
-7.3808 -34.2566 -3.3738 38 38 38
-7.413 -34.4488 -3.4782 31 119 180
-7.4325 -34.0432 -3.4906 38 38 38
-7.4345 -33.9221 -3.484 38 38 38
-7.4362 -33.7185 -3.4688 31 119 180
-7.4056 -33.4294 -3.3591 31 119 180
-7.3991 -33.3318 -3.3325 31 119 180
-7.4458 -33.6224 -3.485 31 119 180
-7.3854 -33.185 -3.2818 31 119 180
-7.4745 -33.7366 -3.5724 31 119 180
-7.4431 -33.496 -3.4653 38 38 38
-7.2992 -32.4638 -2.9821 31 119 180
-7.386 -33.054 -3.2705 31 119 180
-7.296 -32.3616 -2.9638 31 119 180
-7.4176 -33.188 -3.3675 31 119 180
-7.3239 -32.5243 -3.0538 31 119 180
-7.3956 -32.9579 -3.2867 31 119 180
-7.4162 -33.0714 -3.3527 31 119 180
-7.3472 -32.575 -3.1207 31 119 180
-7.335 -32.438 -3.0748 31 119 180
-7.3914 -32.8217 -3.2622 31 119 180
-7.3788 -32.7089 -3.2177 31 119 180
-7.4161 -32.8822 -3.3339 31 119 180
-7.3782 -32.544 -3.2002 31 119 180
-7.4109 -32.712 -3.3034 31 119 180
-7.3997 -32.609 -3.2636 31 119 180
-7.3324 -31.909 -3.0164 31 119 180
-7.3582 -32.0036 -3.0941 31 119 180
-7.2356 -31.1432 -2.6843 38 38 38
-7.2519 -31.2272 -2.7359 38 38 38
-7.3434 -31.8227 -3.0374 31 119 180
-7.3692 -31.9173 -3.1151 31 119 180
-7.2499 -31.0524 -2.7136 38 38 38
-7.2966 -31.343 -2.8661 38 38 38
-7.3224 -31.4375 -2.9439 38 38 38
-7.2953 -31.2264 -2.8513 38 38 38
-7.3186 -31.2771 -2.9182 38 38 38
-7.3335 -31.3513 -2.9649 38 38 38
-7.3564 -31.4262 -3.0331 38 38 38
-7.2802 -30.7739 -2.767 31 119 180
-7.2965 -30.8579 -2.8186 31 119 180
-7.392 -31.5071 -3.1358 38 38 38
-7.2688 -30.5884 -2.7186 31 119 180
-7.2865 -30.6823 -2.7749 31 119 180
-7.2784 -30.4923 -2.7347 31 119 180
-7.3145 -30.7383 -2.8549 31 119 180
-7.3103 -30.602 -2.8305 31 119 180
-7.1744 -38.4197 -3.7345 31 119 180
-7.1759 -38.3228 -3.7292 31 119 180
-7.2044 -38.3546 -3.8079 31 119 180
-7.2232 -38.4825 -3.8704 38 38 38
-7.2027 -38.2622 -3.7944 31 119 180
-7.1886 -38.1397 -3.745 31 119 180
-7.1774 -38.0367 -3.7052 31 119 180
-7.187 -37.9406 -3.7214 31 119 180
-7.2114 -38.0254 -3.7944 31 119 180
-7.2163 -37.9239 -3.7975 31 119 180
-7.2113 -37.8362 -3.7756 31 119 180
-7.2019 -37.7189 -3.7394 31 119 180
-7.2304 -37.7506 -3.8181 31 119 180
-7.2105 -37.5887 -3.7494 31 119 180
-7.2016 -37.4472 -3.7119 31 119 180
-7.2352 -37.6492 -3.8211 31 119 180
-7.2372 -37.5281 -3.8146 31 119 180
-7.2297 -37.3965 -3.7818 31 119 180
-7.22 -37.3034 -3.7469 31 119 180
-7.2082 -37.1422 -3.6997 31 119 180
-7.2017 -37.0446 -3.673 31 119 180
-7.2263 -37.2118 -3.7547 31 119 180
-7.2004 -36.928 -3.6582 31 119 180
-7.2318 -36.9795 -3.7465 31 119 180
-7.2333 -36.8826 -3.7412 31 119 180
-7.1947 -36.5928 -3.6101 31 119 180
-7.2106 -36.701 -3.663 31 119 180
-7.2255 -36.7751 -3.7098 31 119 180
-7.1829 -36.4316 -3.563 31 119 180
-7.2076 -36.4921 -3.6346 31 119 180
-7.2264 -36.62 -3.6971 31 119 180
-7.1976 -36.3165 -3.591 31 119 180
-7.1428 -35.836 -3.3982 31 119 180
-7.1981 -36.1856 -3.5796 31 119 180
-7.1429 -35.7293 -3.3882 31 119 180
-7.1921 -36.0638 -3.5517 31 119 180
-7.1622 -35.5371 -3.4206 31 119 180
-7.2122 -35.2313 -3.5238 31 119 180
-7.2105 -35.139 -3.5103 31 119 180
-7.2242 -34.9899 -3.5321 31 119 180
-7.2243 -34.8832 -3.5221 31 119 180
-7.2249 -34.7522 -3.5108 31 119 180
-7.2211 -34.5918 -3.485 31 119 180
-7.1897 -34.3512 -3.3779 31 119 180
-7.211 -33.9311 -3.3937 38 38 38
-7.2436 -34.0991 -3.4969 31 119 180
-7.2427 -33.9584 -3.4807 38 38 38
-7.2185 -33.7669 -3.3977 38 38 38
-7.2063 -33.6299 -3.3518 38 38 38
-7.2396 -33.8562 -3.4624 38 38 38
-7.2044 -33.4551 -3.3295 38 38 38
-7.2478 -33.7502 -3.4738 38 38 38
-7.2059 -33.3582 -3.3243 38 38 38
-7.1981 -33.2508 -3.2929 38 38 38
-7.1972 -33.11 -3.2767 196 156 148
-7.2327 -33.2977 -3.3895 38 38 38
-7.194 -33.0079 -3.2584 196 156 148
-7.1206 -32.4819 -3.0119 196 156 148
-7.2277 -33.2099 -3.3676 38 38 38
-7.1369 -32.5659 -3.0635 196 156 148
-7.1855 -32.8421 -3.2195 196 156 148
-7.1704 -32.6855 -3.164 196 156 148
-7.1288 -32.376 -3.0233 196 156 148
-7.2272 -33.0449 -3.3502 196 156 148
-7.2193 -32.9375 -3.3187 196 156 148
-7.1651 -32.5152 -3.1334 196 156 148
-7.18 -32.5894 -3.1802 196 156 148
-7.2025 -32.6885 -3.2497 196 156 148
-7.1116 -31.8553 -2.9267 227 119 194
-7.1227 -31.769 -2.9477 227 119 194
-7.1487 -31.9461 -3.0343 227 119 194
-7.0439 -31.1795 -2.6807 227 119 194
-7.0375 -31.0819 -2.6541 227 119 194
-7.1489 -31.8394 -3.0242 227 119 194
-7.1811 -32.0316 -3.1287 227 119 194
-7.0701 -31.2499 -2.7572 227 119 194
-7.2087 -32.1118 -3.21 227 119 194
-7.1845 -31.9204 -3.1269 227 119 194
-7.0696 -31.0849 -2.7398 227 119 194
-7.0584 -30.982 -2.7 227 119 194
-7.1148 -31.3657 -2.8875 227 119 194
-7.138 -31.5231 -2.9644 227 119 194
-7.215 -32.0202 -3.2179 227 119 194
-7.1073 -31.234 -2.8547 227 119 194
-7.1461 -31.4171 -2.9758 227 119 194
-7.1354 -31.29 -2.9347 227 119 194
-7.1759 -31.5654 -3.0693 227 119 194
-7.1742 -31.4731 -3.0558 227 119 194
-7.0803 -30.727 -2.7333 38 38 38
-7.0691 -30.624 -2.6935 38 38 38
-7.2077 -31.4859 -3.1462 227 119 194
-7.1178 -30.7935 -2.8395 38 38 38
-7.1056 -30.6566 -2.7936 38 38 38
-7.0872 -30.5045 -2.7298 38 38 38
-7.0761 -38.4285 -3.7144 31 119 180
-7.0729 -38.3264 -3.6961 31 119 180
-7.1122 -38.4853 -3.8158 31 119 180
-7.1043 -38.3778 -3.7844 31 119 180
-7.0801 -38.1864 -3.7014 31 119 180
-7.1044 -38.2711 -3.7743 31 119 180
-7.0814 -38.007 -3.6874 31 119 180
-7.1043 -38.0819 -3.7556 31 119 180
-7.0895 -37.901 -3.6988 31 119 180
-7.1028 -37.7762 -3.722 31 119 180
-7.1221 -37.8798 -3.7832 31 119 180
-7.1092 -37.6846 -3.7299 31 119 180
-7.1192 -37.5643 -3.7448 31 119 180
-7.1413 -37.6876 -3.8156 31 119 180
-7.1154 -37.4038 -3.719 31 119 180
-7.1383 -37.4787 -3.7872 31 119 180
-7.096 -37.111 -3.6391 31 119 180
-7.1167 -37.2245 -3.705 31 119 180
-7.1297 -37.313 -3.7483 31 119 180
-7.1512 -37.3781 -3.8117 31 119 180
-7.1122 -37.0057 -3.6719 31 119 180
-7.1372 -37.1488 -3.7523 31 119 180
-7.1583 -37.2381 -3.817 31 119 180
-7.1102 -36.8309 -3.6496 31 119 180
-7.1416 -36.8824 -3.7379 31 119 180
-7.1047 -36.5782 -3.6103 31 119 180
-7.125 -36.7159 -3.6776 31 119 180
-7.1399 -36.79 -3.7244 31 119 180
-7.0997 -36.4904 -3.5885 31 119 180
-7.0846 -36.3337 -3.533 31 119 180
-7.1346 -36.6198 -3.6938 31 119 180
-7.1281 -36.5221 -3.6672 31 119 180
-7.1188 -36.4049 -3.6309 31 119 180
-7.1041 -36.224 -3.5741 31 119 180
-7.1157 -36.3027 -3.6126 31 119 180
-7.0846 -36.0378 -3.5042 31 119 180
-7.0554 -35.7586 -3.3993 31 119 180
-7.0829 -35.9455 -3.4907 31 119 180
-7.1089 -36.1226 -3.5772 31 119 180
-7.1128 -35.9871 -3.5742 31 119 180
-7.0586 -35.5648 -3.3889 31 119 180
-7.0595 -35.4097 -3.3762 31 119 180
-7.117 -35.2356 -3.5122 31 119 180
-7.0806 -34.9072 -3.3833 31 119 180
-7.1186 -35.1387 -3.507 31 119 180
-7.1008 -34.4531 -3.393 31 119 180
-7.0944 -34.3555 -3.3664 31 119 180
-7.0927 -34.2631 -3.3529 31 119 180
-7.113 -34.105 -3.3914 31 119 180
-7.1455 -34.0838 -3.4757 31 119 180
-7.1213 -33.5964 -3.3639 38 38 38
-7.1539 -33.7644 -3.4671 38 38 38
-7.1196 -33.5041 -3.3504 38 38 38
-7.1786 -33.8249 -3.5387 38 38 38
-7.1176 -33.3292 -3.3281 38 38 38
-7.1079 -33.2362 -3.2932 38 38 38
-7.1806 -33.7038 -3.5322 38 38 38
-7.1069 -33.0954 -3.277 196 156 148
-7.0918 -32.9388 -3.2215 196 156 148
-7.1393 -33.1809 -3.3714 38 38 38
-7.0981 -32.8472 -3.2294 196 156 148
-7.1308 -33.0152 -3.3326 196 156 148
-7.1229 -32.9077 -3.3011 196 156 148
-7.0784 -32.5785 -3.1508 196 156 148
-7.1016 -32.7359 -3.2277 196 156 148
-7.0672 -32.4756 -3.111 196 156 148
-7.1277 -32.8063 -3.3042 196 156 148
-7.1066 -32.5278 -3.2208 196 156 148
-7.1196 -32.6163 -3.264 196 156 148
-7.088 -31.8906 -3.1094 227 119 194
-7.1095 -31.9557 -3.1728 227 119 194
-7.1211 -32.0344 -3.2112 227 119 194
-7.0187 -31.3117 -2.8687 227 119 194
-7.1512 -32.1585 -3.3034 227 119 194
-7.1071 -31.8051 -3.1518 227 119 194
-7.1507 -31.9935 -3.286 227 119 194
-7.0483 -31.2708 -2.9434 227 119 194
-7.0679 -31.3503 -3.0033 227 119 194
-7.1765 -32.0881 -3.3638 227 119 194
-7.0857 -31.4441 -3.0597 227 119 194
-6.9808 -30.6775 -2.7062 38 38 38
-7.0117 -30.7532 -2.7958 38 38 38
-6.9923 -30.567 -2.7259 38 38 38
-7.0346 -30.8281 -2.864 38 38 38
-7.1175 -31.3646 -3.1366 227 119 194
-7.0137 -30.6321 -2.7892 38 38 38
-7.0645 -30.8697 -2.9474 38 38 38
-7.0585 -30.7479 -2.9195 38 38 38
-6.9869 -38.3862 -3.7257 31 119 180
-7.0018 -38.4603 -3.7724 31 119 180
-6.9875 -38.2552 -3.7143 31 119 180
-7.018 -38.3551 -3.8052 31 119 180
-6.987 -38.0903 -3.6969 31 119 180
-7.0214 -38.2439 -3.8035 31 119 180
-7.0562 -38.48 -3.9189 31 119 180
-6.9861 -37.9495 -3.6807 31 119 180
-7.015 -38.1462 -3.7768 31 119 180
-7.0122 -38.0199 -3.7572 31 119 180
-6.9961 -37.8292 -3.6956 31 119 180
-7.0274 -37.8806 -3.7839 31 119 180
-7.0436 -37.7754 -3.8167 31 119 180
-7.0198 -37.5597 -3.7324 31 119 180
-7.0371 -37.6778 -3.79 31 119 180
-7.0515 -37.587 -3.8193 31 119 180
-7.0186 -37.3365 -3.7075 31 119 180
-7.0093 -37.2192 -3.6712 31 119 180
-7.044 -37.4553 -3.7866 31 119 180
-7.041 -37.2464 -3.7582 31 119 180
-7.0157 -37.0209 -3.6691 31 119 180
-7.0287 -37.1094 -3.7123 31 119 180
-7.0243 -36.8907 -3.6791 31 119 180
-7.0168 -36.759 -3.6464 31 119 180
-7.013 -36.5986 -3.6206 31 119 180
-7.0434 -36.8052 -3.7215 31 119 180
-7.0135 -36.4677 -3.6093 31 119 180
-7.0071 -36.3701 -3.5826 31 119 180
-7.0461 -36.6357 -3.7124 31 119 180
-7.0397 -36.5381 -3.6857 31 119 180
-6.9981 -36.2285 -3.545 31 119 180
-7.0313 -36.2656 -3.6368 31 119 180
-6.9955 -35.9955 -3.5154 31 119 180
-6.9616 -35.7109 -3.3974 31 119 180
-7.0281 -36.1634 -3.6185 31 119 180
-7.025 -36.0613 -3.6001 31 119 180
-7.016 -35.9198 -3.5626 31 119 180
-6.9647 -35.5172 -3.3869 31 119 180
-6.962 -35.3908 -3.3673 31 119 180
-6.9829 -34.995 -3.3844 31 119 180
-7.0275 -35.2175 -3.5247 31 119 180
-6.9831 -34.8883 -3.3743 31 119 180
-7.0299 -35.0722 -3.5168 31 119 180
-6.996 -34.7876 -3.3988 31 119 180
-7.0041 -34.6817 -3.4102 31 119 180
-7.0356 -34.6264 -3.4885 31 119 180
-7.0042 -34.3858 -3.3814 31 119 180
-7.0061 -34.2647 -3.3749 31 119 180
-7.0125 -34.1731 -3.3828 31 119 180
-7.0235 -34.0868 -3.4038 31 119 180
-7.0542 -34.08 -3.4846 31 119 180
-7.0605 -33.9884 -3.4925 31 119 180
-7.0639 -33.8772 -3.4908 31 119 180
-7.0355 -33.5495 -3.3833 38 38 38
-7.0762 -33.7182 -3.5079 38 38 38
-7.0393 -33.414 -3.3803 38 38 38
-7.0701 -33.5964 -3.4799 38 38 38
-7.0275 -33.2528 -3.3331 38 38 38
-7.0057 -32.9161 -3.2422 196 156 148
-6.996 -32.823 -3.2073 196 156 148
-7.0336 -33.0788 -3.3322 196 156 148
-6.9885 -32.6913 -3.1745 196 156 148
-7.029 -32.9668 -3.3091 196 156 148
-6.9748 -32.5445 -3.1238 196 156 148
-7.031 -32.8457 -3.3025 196 156 148
-7.0556 -33.0129 -3.3843 196 156 148
-6.9801 -32.4189 -3.1256 196 156 148
-7.022 -32.7042 -3.265 196 156 148
-7.0137 -32.6209 -3.2348 196 156 148
-7.012 -32.5286 -3.2213 196 156 148
-6.9286 -31.8271 -2.9311 227 119 194
-6.962 -31.9467 -3.0317 227 119 194
-6.9669 -31.8452 -3.0347 227 119 194
-6.9475 -31.6591 -2.9648 227 119 194
-6.9063 -31.3254 -2.8228 227 119 194
-7.0163 -32.073 -3.1881 227 119 194
-7.0022 -31.9504 -3.1388 227 119 194
-6.935 -31.4396 -2.9102 227 119 194
-6.9798 -31.7446 -3.0592 227 119 194
-6.9531 -31.5092 -2.9653 227 119 194
-7.0476 -32.1244 -3.2764 227 119 194
-6.98 -31.6379 -3.0492 227 119 194
-6.9508 -31.3586 -2.9443 227 119 194
-7.0448 -31.9981 -3.2568 227 119 194
-6.9848 -31.5365 -3.0523 227 119 194
-7.0807 -32.1615 -3.3682 227 119 194
-6.977 -31.429 -3.0208 227 119 194
-7.0696 -32.0586 -3.3285 227 119 194
-6.8971 -30.5095 -2.7189 38 38 38
-6.9101 -30.5981 -2.7622 38 38 38
-6.9412 -30.567 -2.8417 38 38 38
-6.9298 -30.3816 -2.7932 38 38 38
-6.8998 -38.4303 -3.7582 31 119 180
-6.903 -38.2365 -3.7478 31 119 180
-6.916 -38.3251 -3.791 31 119 180
-6.9309 -38.3992 -3.8378 31 119 180
-6.9425 -38.4779 -3.8763 31 119 180
-6.8908 -38.0996 -3.7019 31 119 180
-6.8891 -38.0072 -3.6884 31 119 180
-6.9221 -38.151 -3.7902 31 119 180
-6.9189 -38.0488 -3.7719 31 119 180
-6.9205 -37.952 -3.7666 31 119 180
-6.9065 -37.8294 -3.7173 31 119 180
-6.9227 -37.7242 -3.7501 31 119 180
-6.9257 -37.6371 -3.7496 31 119 180
-6.9459 -37.7749 -3.8169 31 119 180
-6.9277 -37.5161 -3.7431 31 119 180
-6.9098 -37.233 -3.668 31 119 180
-6.9276 -37.3269 -3.7243 31 119 180
-6.9424 -37.401 -3.7711 31 119 180
-6.9067 -37.1309 -3.6496 31 119 180
-6.9434 -37.2459 -3.7584 31 119 180
-6.9351 -37.1626 -3.7283 31 119 180
-6.9117 -36.9227 -3.6427 31 119 180
-6.9232 -37.0014 -3.6811 31 119 180
-6.9042 -36.7911 -3.6099 31 119 180
-6.9322 -36.847 -3.6899 31 119 180
-6.903 -36.5678 -3.585 31 119 180
-6.9262 -36.7252 -3.6619 31 119 180
-6.9292 -36.6382 -3.6615 31 119 180
-6.9359 -36.5224 -3.6681 31 119 180
-6.9369 -36.3672 -3.6554 31 119 180
-6.9221 -36.1864 -3.5986 31 119 180
-6.9352 -36.2749 -3.6419 31 119 180
-6.9318 -36.0903 -3.6148 31 119 180
-6.8656 -35.6135 -3.3924 31 119 180
-6.9333 -35.9934 -3.6096 31 119 180
-6.9236 -35.9003 -3.5746 31 119 180
-6.9186 -35.8125 -3.5528 31 119 180
-6.9017 -35.6703 -3.4938 31 119 180
-6.8731 -35.4493 -3.3964 31 119 180
-6.8846 -35.3388 -3.4161 31 119 180
-6.8862 -34.946 -3.382 31 119 180
-6.9345 -35.1397 -3.5293 31 119 180
-6.8944 -34.8401 -3.3934 31 119 180
-6.896 -34.7432 -3.3882 31 119 180
-6.9041 -34.6372 -3.3996 31 119 180
-6.9122 -34.3421 -3.3922 31 119 180
-6.9211 -34.1877 -3.401 31 119 180
-6.9573 -34.1377 -3.4923 31 119 180
-6.9659 -34.0075 -3.5024 31 119 180
-6.9748 -33.664 -3.4924 38 38 38
-6.9878 -33.7525 -3.5357 38 38 38
-6.9796 -33.5625 -3.4955 38 38 38
-6.9897 -33.4422 -3.5104 196 156 148
-6.9495 -33.1425 -3.3745 196 156 148
-6.9359 -32.9957 -3.3238 196 156 148
-6.9247 -32.8928 -3.284 196 156 148
-6.9883 -33.3257 -3.4955 196 156 148
-6.9201 -32.7808 -3.2609 196 156 148
-6.9025 -32.5803 -3.1945 196 156 148
-6.9155 -32.6688 -3.2377 196 156 148
-6.9893 -33.1705 -3.4829 196 156 148
-6.9611 -32.9253 -3.3841 196 156 148
-6.9514 -32.8323 -3.3492 196 156 148
-6.9012 -32.4637 -3.1796 196 156 148
-6.9454 -32.7104 -3.3212 196 156 148
-6.9277 -32.5099 -3.2548 196 156 148
-6.9422 -32.6083 -3.3029 196 156 148
-6.9326 -32.4085 -3.2579 196 156 148
-6.8005 -31.3483 -2.803 227 119 194
-6.8135 -31.4368 -2.8463 227 119 194
-6.8035 -31.2612 -2.8026 227 119 194
-6.9052 -31.9256 -3.1378 227 119 194
-6.8958 -31.8083 -3.1015 227 119 194
-6.9392 -32.1035 -3.2457 227 119 194
-6.8311 -31.3414 -2.8839 227 119 194
-6.8861 -31.7153 -3.0665 227 119 194
-6.8739 -31.5783 -3.0207 227 119 194
-6.8645 -31.461 -2.9844 227 119 194
-6.9412 -31.9824 -3.2392 227 119 194
-6.9337 -31.8507 -3.2064 227 119 194
-6.9873 -32.2147 -3.3843 227 119 194
-6.9761 -32.1118 -3.3445 227 119 194
-6.8058 -30.9267 -2.776 227 119 194
-6.8944 -31.5026 -3.0679 227 119 194
-6.919 -31.6698 -3.1496 227 119 194
-6.8012 -30.8147 -2.7528 227 119 194
-6.9126 -31.5722 -3.123 227 119 194
-6.8377 -31.0365 -2.8717 227 119 194
-6.8277 -30.8609 -2.828 227 119 194
-6.8492 -30.926 -2.8914 227 119 194
-6.8842 -30.9486 -2.9867 227 119 194
-6.7943 -38.3734 -3.7264 31 119 180
-6.8315 -38.4642 -3.8339 31 119 180
-6.8015 -38.2334 -3.7317 31 119 180
-6.7864 -38.0768 -3.6762 31 119 180
-6.8262 -38.2939 -3.8034 31 119 180
-6.7917 -37.9511 -3.678 31 119 180
-6.8239 -38.1433 -3.7824 31 119 180
-6.8178 -38.0215 -3.7545 31 119 180
-6.813 -37.827 -3.7226 31 119 180
-6.8312 -37.8966 -3.7777 31 119 180
-6.8045 -37.6613 -3.6838 31 119 180
-6.8321 -37.7415 -3.765 31 119 180
-6.8102 -37.5114 -3.6842 31 119 180
-6.825 -37.5856 -3.731 31 119 180
-6.8059 -37.186 -3.641 31 119 180
-6.8305 -37.3532 -3.7227 31 119 180
-6.8325 -37.2322 -3.7162 31 119 180
-6.8188 -37.0853 -3.6655 31 119 180
-6.8237 -36.9839 -3.6686 31 119 180
-6.8112 -36.7645 -3.614 31 119 180
-6.8271 -36.8727 -3.6669 31 119 180
-6.8097 -36.5654 -3.5905 31 119 180
-6.8303 -36.6789 -3.6565 31 119 180
-6.8092 -36.4004 -3.573 31 119 180
-6.8411 -36.5102 -3.6687 31 119 180
-6.8417 -36.3792 -3.6574 31 119 180
-6.8189 -36.1976 -3.5792 31 119 180
-6.8385 -36.2771 -3.6391 31 119 180
-6.8104 -36.0319 -3.5403 31 119 180
-6.8384 -36.0879 -3.6203 31 119 180
-6.8361 -35.9373 -3.5994 31 119 180
-6.7786 -35.5195 -3.4058 31 119 180
-6.8206 -35.8048 -3.5452 31 119 180
-6.7675 -35.4166 -3.3661 31 119 180
-6.8174 -35.7027 -3.5269 31 119 180
-6.7826 -35.2774 -3.3928 31 119 180
-6.7965 -35.0216 -3.4046 31 119 180
-6.7869 -34.8218 -3.3597 31 119 180
-6.7922 -34.6961 -3.3614 31 119 180
-6.8125 -34.538 -3.4 31 119 180
-6.8124 -34.3488 -3.3812 31 119 180
-6.8302 -34.1467 -3.4088 31 119 180
-6.8613 -34.1157 -3.4884 31 119 180
-6.8365 -33.8659 -3.3979 31 119 180
-6.863 -33.9121 -3.4731 31 119 180
-6.8272 -33.1568 -3.3041 196 156 148
-6.8938 -33.6093 -3.5252 38 38 38
-6.8146 -33.044 -3.2596 196 156 148
-6.8551 -33.3195 -3.3941 196 156 148
-6.7052 -32.1654 -2.883 38 38 38
-6.817 -32.8987 -3.2517 196 156 148
-6.7263 -32.2547 -2.9477 38 38 38
-6.8868 -33.3467 -3.4811 196 156 148
-6.8511 -33.0766 -3.3597 196 156 148
-6.8469 -32.9404 -3.3352 196 156 148
-6.8224 -32.6664 -3.2435 196 156 148
-6.8489 -32.8193 -3.3287 196 156 148
-6.8146 -32.5589 -3.212 196 156 148
-6.8406 -32.736 -3.2985 196 156 148
-6.7995 -32.4023 -3.1566 196 156 148
-6.8176 -32.4719 -3.2116 196 156 148
-6.8492 -32.6058 -3.3086 196 156 148
-6.8076 -32.2963 -3.168 196 156 148
-6.8442 -32.5181 -3.2868 196 156 148
-6.8673 -32.6755 -3.3637 196 156 148
-6.8334 -32.3909 -3.2457 196 156 148
-6.7518 -31.7817 -2.9692 227 119 194
-6.7849 -31.8188 -3.061 227 119 194
-6.811 -31.9959 -3.1475 227 119 194
-6.8111 -31.8892 -3.1375 227 119 194
-6.846 -32.0186 -3.2428 227 119 194
-6.6809 -30.8146 -2.6862 227 119 194
-6.7633 -31.3753 -2.9601 227 119 194
-6.7908 -31.5622 -3.0514 227 119 194
-6.8071 -31.6462 -3.103 227 119 194
-6.8722 -32.0889 -3.3193 227 119 194
-6.6715 -30.6973 -2.6499 227 119 194
-6.707 -30.8849 -2.7626 227 119 194
-6.7671 -31.2399 -2.9571 38 38 38
-6.7029 -30.7487 -2.7382 227 119 194
-6.8041 -31.4374 -3.0746 227 119 194
-6.7958 -31.3541 -3.0445 227 119 194
-6.8219 -31.5312 -3.131 227 119 194
-6.7433 -30.835 -2.854 227 119 194
-6.6949 -38.4339 -3.7267 31 119 180
-6.6983 -38.3226 -3.725 31 119 180
-6.7266 -38.4611 -3.8137 31 119 180
-6.7249 -38.3688 -3.8002 31 119 180
-6.6957 -38.0895 -3.6953 31 119 180
-6.7102 -38.1879 -3.7434 31 119 180
-6.6887 -37.9336 -3.6613 31 119 180
-6.7382 -38.2439 -3.8234 31 119 180
-6.7134 -37.9942 -3.733 31 119 180
-6.7293 -38.1024 -3.7858 31 119 180
-6.7052 -37.8042 -3.6928 31 119 180
-6.7249 -37.8837 -3.7527 31 119 180
-6.7054 -37.6975 -3.6828 31 119 180
-6.732 -37.7437 -3.7579 31 119 180
-6.7133 -37.5091 -3.6854 31 119 180
-6.7296 -37.5931 -3.737 31 119 180
-6.7277 -37.4182 -3.7147 31 119 180
-6.7167 -36.9127 -3.6361 31 119 180
-6.7314 -36.7977 -3.6641 31 119 180
-6.7316 -36.691 -3.6541 31 119 180
-6.7154 -36.5002 -3.5925 31 119 180
-6.727 -36.5789 -3.631 31 119 180
-6.7215 -36.3262 -3.5917 31 119 180
-6.7421 -36.4397 -3.6577 31 119 180
-6.7224 -36.171 -3.579 31 119 180
-6.7467 -36.2558 -3.652 31 119 180
-6.7347 -36.0121 -3.5961 31 119 180
-6.7477 -36.1006 -3.6394 31 119 180
-6.7134 -35.8403 -3.5227 31 119 180
-6.678 -35.5459 -3.3999 31 119 180
-6.7381 -35.9009 -3.5944 31 119 180
-6.6893 -35.2463 -3.4009 31 119 180
-6.6975 -35.1403 -3.4123 31 119 180
-6.6977 -35.0336 -3.4022 31 119 180
-6.6931 -34.9216 -3.3791 31 119 180
-6.7072 -34.7483 -3.3997 31 119 180
-6.6989 -34.665 -3.3695 31 119 180
-6.7122 -34.5402 -3.3927 31 119 180
-6.7138 -34.4433 -3.3875 31 119 180
-6.7154 -34.3464 -3.3823 31 119 180
-6.7188 -34.2352 -3.3805 31 119 180
-6.7288 -34.1148 -3.3954 31 119 180
-6.729 -34.0081 -3.3854 31 119 180
-6.7408 -33.8734 -3.4038 31 119 180
-6.7674 -33.9196 -3.479 31 119 180
-6.742 -33.5048 -3.3711 196 156 148
-6.7502 -33.3989 -3.3825 196 156 148
-6.7297 -33.1787 -3.3064 196 156 148
-6.7963 -33.6312 -3.5275 38 38 38
-6.7218 -33.0712 -3.275 196 156 148
-6.7526 -33.2536 -3.3746 196 156 148
-6.6996 -32.7587 -3.1855 196 156 148
-6.7835 -33.3292 -3.4642 196 156 148
-6.7203 -32.8722 -3.2514 196 156 148
-6.755 -33.1083 -3.3668 196 156 148
-6.6954 -32.6224 -3.161 196 156 148
-6.6832 -32.4855 -3.1151 196 156 148
-6.7635 -32.9781 -3.3769 196 156 148
-6.7234 -32.6784 -3.241 196 156 148
-6.7538 -32.885 -3.3419 196 156 148
-6.7441 -32.7919 -3.307 196 156 148
-6.7211 -32.5278 -3.22 196 156 148
-6.7041 -32.3856 -3.161 196 156 148
-6.7018 -32.235 -3.1401 196 156 148
-6.6935 -32.1517 -3.11 196 156 148
-6.6918 -32.0594 -3.0964 196 156 148
-6.7389 -32.3258 -3.2476 196 156 148
-6.7357 -32.2236 -3.2293 196 156 148
-6.7217 -32.101 -3.1799 196 156 148
-6.6776 -31.7476 -3.0283 227 119 194
-6.5971 -31.0658 -2.7478 227 119 194
-6.6796 -31.6265 -3.0218 227 119 194
-6.5675 -30.8107 -2.6442 227 119 194
-6.5878 -30.9485 -2.7115 227 119 194
-6.6219 -31.1263 -2.8195 227 119 194
-6.5601 -30.6791 -2.6115 227 119 194
-6.72 -31.7128 -3.1376 227 119 194
-6.6239 -31.0052 -2.8129 227 119 194
-6.5866 -30.7252 -2.6867 227 119 194
-6.7115 -31.547 -3.0987 227 119 194
-6.7509 -31.7884 -3.2272 38 38 38
-6.6153 -30.8395 -2.7741 227 119 194
-6.705 -31.4494 -3.0721 227 119 194
-6.6552 -31.0567 -2.9012 227 119 194
-6.769 -31.6688 -3.2635 38 38 38
-6.7288 -31.3692 -3.1276 227 119 194
-6.7257 -31.267 -3.1093 227 119 194
-6.6021 -38.3221 -3.7266 31 119 180
-6.6198 -38.4159 -3.783 31 119 180
-6.6158 -38.173 -3.7485 31 119 180
-6.6331 -38.291 -3.8062 31 119 180
-6.5967 -37.9626 -3.6773 31 119 180
-6.6097 -38.0511 -3.7206 31 119 180
-6.6086 -37.8279 -3.6957 31 119 180
-6.6296 -37.9172 -3.7604 31 119 180
-6.6149 -37.7363 -3.7036 31 119 180
-6.5644 -37.2853 -3.5253 31 119 180
-6.6169 -37.6152 -3.697 31 119 180
-6.6429 -37.7923 -3.7835 31 119 180
-6.6028 -37.4926 -3.6476 31 119 180
-6.6402 -37.6659 -3.7639 31 119 180
-6.5824 -37.1657 -3.5616 31 119 180
-6.6374 -37.5395 -3.7442 31 119 180
-6.6037 -36.8524 -3.5874 31 119 180
-6.6233 -36.9318 -3.6473 31 119 180
-6.6138 -36.6253 -3.5923 31 119 180
-6.6378 -36.7343 -3.6666 31 119 180
-6.6478 -36.614 -3.6814 31 119 180
-6.6385 -36.4967 -3.6452 31 119 180
-6.6452 -36.3809 -3.6518 31 119 180
-6.6276 -36.1803 -3.5853 31 119 180
-6.6324 -36.0789 -3.5884 31 119 180
-6.6657 -36.3052 -3.699 31 119 180
-6.6574 -36.2219 -3.6688 31 119 180
-6.5747 -35.5787 -3.3861 31 119 180
-6.6642 -36.1061 -3.6754 31 119 180
-6.6317 -35.8315 -3.5622 31 119 180
-6.6577 -36.0085 -3.6488 31 119 180
-6.622 -35.7384 -3.5273 31 119 180
-6.648 -35.9154 -3.6138 31 119 180
-6.5932 -35.139 -3.3923 31 119 180
-6.5981 -35.0376 -3.3954 31 119 180
-6.6077 -34.9415 -3.4116 31 119 180
-6.6029 -34.747 -3.3797 31 119 180
-6.6178 -34.5252 -3.3976 31 119 180
-6.6095 -34.442 -3.3675 31 119 180
-6.6205 -34.3557 -3.3885 31 119 180
-6.6249 -34.0893 -3.3741 31 119 180
-6.6571 -34.2815 -3.4786 38 38 38
-6.6335 -33.9591 -3.3842 31 119 180
-6.6369 -33.8479 -3.3825 31 119 180
-6.6501 -33.5338 -3.3869 196 156 148
-6.6459 -33.3976 -3.3624 196 156 148
-6.7006 -33.6889 -3.5364 38 38 38
-6.6403 -33.2515 -3.3332 196 156 148
-6.6946 -33.5671 -3.5084 38 38 38
-6.6394 -33.1108 -3.317 196 156 148
-6.6641 -33.1713 -3.3887 196 156 148
-6.6428 -32.9995 -3.3153 196 156 148
-6.5959 -32.6265 -3.154 196 156 148
-6.5836 -32.4895 -3.1082 196 156 148
-6.6708 -33.0555 -3.3953 196 156 148
-6.5776 -32.3677 -3.0802 196 156 148
-6.6239 -32.6824 -3.234 196 156 148
-6.6154 -32.5167 -3.1951 196 156 148
-6.6269 -32.5954 -3.2336 196 156 148
-6.581 -32.2564 -3.0785 196 156 148
-6.6736 -32.886 -3.3861 196 156 148
-6.6089 -32.4191 -3.1685 196 156 148
-6.5859 -32.155 -3.0815 196 156 148
-6.6553 -32.6272 -3.3123 196 156 148
-6.6109 -32.298 -3.162 196 156 148
-6.5842 -32.0627 -3.068 196 156 148
-6.6092 -32.2057 -3.1484 196 156 148
-6.5517 -31.788 -2.9548 196 156 148
-6.5585 -31.6722 -2.9614 196 156 148
-6.5849 -31.825 -3.0466 196 156 148
-6.5994 -31.9234 -3.0947 196 156 148
-6.6138 -32.0218 -3.1428 196 156 148
-6.6329 -31.9362 -3.1852 196 156 148
-6.6217 -31.8333 -3.1454 196 156 148
-6.514 -31.0471 -2.7823 227 119 194
-6.4725 -30.7376 -2.6416 227 119 194
-6.5058 -30.9638 -2.7521 227 119 194
-6.5008 -30.8761 -2.7303 227 119 194
-6.5818 -31.427 -2.9995 227 119 194
-6.5834 -31.3301 -2.9942 227 119 194
-6.5476 -31.0599 -2.8728 227 119 194
-6.6098 -31.4829 -3.0795 227 119 194
-6.5108 -30.7557 -2.7452 227 119 194
-6.5368 -30.9328 -2.8317 227 119 194
-6.5318 -30.845 -2.8099 227 119 194
-6.5714 -30.9797 -2.9283 227 119 194
-6.5874 -31.0879 -2.9812 227 119 194
-6.6088 -31.153 -3.0445 227 119 194
-6.529 -30.5294 -2.7714 38 38 38
-6.6354 -31.1991 -3.1197 227 119 194
-6.6279 -31.0675 -3.087 227 119 194
-6.5098 -38.4603 -3.748 31 119 180
-6.499 -38.3331 -3.707 31 119 180
-6.5419 -38.4633 -3.8337 31 119 180
-6.512 -38.2325 -3.7315 31 119 180
-6.5022 -38.1394 -3.6965 31 119 180
-6.5301 -38.3021 -3.7865 31 119 180
-6.5024 -38.0327 -3.6865 31 119 180
-6.5372 -38.1621 -3.7918 31 119 180
-6.5323 -38.0743 -3.77 31 119 180
-6.5175 -37.8934 -3.7132 31 119 180
-6.5291 -37.9721 -3.7517 31 119 180
-6.5023 -37.5476 -3.639 31 119 180
-6.5428 -37.823 -3.7736 31 119 180
-6.4703 -37.2486 -3.5246 31 119 180
-6.5411 -37.7307 -3.7601 31 119 180
-6.5328 -37.6475 -3.7299 31 119 180
-6.4884 -37.3183 -3.5797 31 119 180
-6.5142 -37.4129 -3.6574 31 119 180
-6.5359 -37.5604 -3.7295 31 119 180
-6.5054 -37.1646 -3.6099 31 119 180
-6.5004 -37.0768 -3.588 31 119 180
-6.4921 -36.9936 -3.5579 31 119 180
-6.5059 -36.8445 -3.5798 31 119 180
-6.5232 -36.9626 -3.6375 31 119 180
-6.5402 -36.8089 -3.6677 31 119 180
-6.5309 -36.6916 -3.6314 31 119 180
-6.531 -36.5849 -3.6214 31 119 180
-6.5501 -36.4994 -3.6639 31 119 180
-6.565 -36.5736 -3.7106 31 119 180
-6.5598 -36.4033 -3.6801 31 119 180
-6.5552 -36.2913 -3.6569 31 119 180
-6.5812 -36.4684 -3.7434 31 119 180
-6.5491 -36.1694 -3.629 31 119 180
-6.5879 -36.3526 -3.75 31 119 180
-6.5276 -35.9151 -3.5469 31 119 180
-6.5772 -36.2254 -3.709 31 119 180
-6.5581 -36.015 -3.6378 31 119 180
-6.5347 -35.7751 -3.5522 31 119 180
-6.4948 -35.0728 -3.3776 31 119 180
-6.4968 -34.9517 -3.371 31 119 180
-6.5363 -35.1931 -3.4995 31 119 180
-6.5039 -34.8117 -3.3763 31 119 180
-6.518 -34.6384 -3.3969 31 119 180
-6.5211 -34.5514 -3.3965 31 119 180
-6.5151 -34.4295 -3.3686 31 119 180
-6.5259 -34.2608 -3.3809 31 119 180
-6.5355 -34.1647 -3.3971 31 119 180
-6.5418 -34.0731 -3.405 31 119 180
-6.542 -33.9664 -3.395 31 119 180
-6.568 -34.1435 -3.4815 31 119 180
-6.57 -34.0224 -3.4749 31 119 180
-6.5489 -33.7439 -3.3915 38 38 38
-6.5508 -33.6228 -3.385 38 38 38
-6.5528 -33.5017 -3.3785 196 156 148
-6.548 -33.3072 -3.3467 196 156 148
-6.5658 -33.401 -3.403 196 156 148
-6.5438 -33.171 -3.3222 196 156 148
-6.5671 -33.2217 -3.3891 196 156 148
-6.4923 -32.6859 -3.1379 196 156 148
-6.5491 -33.0453 -3.324 196 156 148
-6.4592 -32.3529 -3.0174 196 156 148
-6.5185 -32.7562 -3.2144 196 156 148
-6.4986 -32.5943 -3.1458 196 156 148
-6.5449 -32.9091 -3.2996 196 156 148
-6.4773 -32.4225 -3.0724 196 156 148
-6.5399 -32.8213 -3.2777 196 156 148
-6.463 -32.2174 -3.0144 196 156 148
-6.5729 -32.9651 -3.3796 196 156 148
-6.5347 -32.651 -3.2472 196 156 148
-6.509 -32.4497 -3.1594 196 156 148
-6.4964 -32.337 -3.1149 196 156 148
-6.5286 -32.5292 -3.2193 196 156 148
-6.5605 -32.7456 -3.325 196 156 148
-6.4759 -32.1168 -3.0389 196 156 148
-6.4185 -31.699 -2.8453 196 156 148
-6.4387 -31.8367 -2.9126 196 156 148
-6.4604 -31.9843 -2.9847 196 156 148
-6.5095 -32.1296 -3.1293 196 156 148
-6.4578 -31.7512 -2.9551 196 156 148
-6.4969 -32.0169 -3.0848 196 156 148
-6.4336 -31.5598 -2.8721 196 156 148
-6.4514 -31.6536 -2.9284 196 156 148
-6.4832 -31.87 -3.0341 196 156 148
-6.3938 -31.0466 -2.7162 227 119 194
-6.4459 -31.4008 -2.8892 38 38 38
-6.4159 -31.17 -2.7869 227 119 194
-6.4432 -31.2744 -2.8695 227 119 194
-6.475 -31.4909 -2.9752 38 38 38
-6.3851 -30.7984 -2.6686 227 119 194
-6.3728 -30.6614 -2.6227 227 119 194
-6.4513 -31.1685 -2.8809 227 119 194
-6.4815 -31.2926 -2.9731 227 119 194
-6.3994 -30.7076 -2.6979 227 119 194
-6.4205 -30.7969 -2.7626 227 119 194
-6.4434 -30.8718 -2.8308 227 119 194
-6.4106 -38.2091 -3.7084 31 119 180
-6.4031 -38.0774 -3.6757 31 119 180
-6.4452 -38.256 -3.805 31 119 180
-6.4345 -38.1289 -3.764 31 119 180
-6.4735 -38.3945 -3.8937 31 119 180
-6.4949 -38.4596 -3.9571 31 119 180
-6.4751 -38.2976 -3.8885 31 119 180
-6.4321 -37.9783 -3.743 31 119 180
-6.417 -37.8216 -3.6875 31 119 180
-6.4436 -37.8678 -3.7627 31 119 180
-6.5275 -38.4384 -4.0414 31 119 180
-6.4318 -37.7066 -3.7155 31 119 180
-6.4084 -37.4667 -3.6299 31 119 180
-6.4272 -37.5946 -3.6924 31 119 180
-6.4009 -37.335 -3.5972 31 119 180
-6.4085 -37.1708 -3.6012 31 119 180
-6.4142 -37.0209 -3.6016 31 119 180
-6.411 -36.9188 -3.5833 31 119 180
-6.4141 -36.8317 -3.5829 31 119 180
-6.4425 -36.8635 -3.6616 31 119 180
-6.4393 -36.7614 -3.6432 31 119 180
-6.445 -36.6115 -3.6437 31 119 180
-6.4594 -36.5207 -3.673 31 119 180
-6.4657 -36.4291 -3.6809 31 119 180
-6.4228 -36.1098 -3.5355 31 119 180
-6.4401 -36.2278 -3.5931 31 119 180
-6.4546 -36.3262 -3.6412 31 119 180
-6.3894 -35.6943 -3.4062 38 38 38
-6.4545 -36.137 -3.6224 31 119 180
-6.455 -36.0061 -3.6111 31 119 180
-6.4366 -35.854 -3.5473 31 119 180
-6.394 -35.3212 -3.3818 38 38 38
-6.3977 -34.9965 -3.36 31 119 180
-6.442 -35.1365 -3.4916 31 119 180
-6.4125 -34.8815 -3.388 31 119 180
-6.4154 -34.6052 -3.3689 31 119 180
-6.4602 -34.721 -3.4991 31 119 180
-6.4377 -34.326 -3.4009 31 119 180
-6.4836 -34.1799 -3.5084 31 119 180
-6.4542 -33.8182 -3.3949 38 38 38
-6.4932 -34.0838 -3.5246 31 119 180
-6.4919 -33.9672 -3.5098 31 119 180
-6.4561 -33.5079 -3.3696 196 156 148
-6.4475 -33.3421 -3.3308 196 156 148
-6.4704 -33.4171 -3.3989 196 156 148
-6.4524 -33.2407 -3.3338 196 156 148
-6.3921 -32.8033 -3.1307 196 156 148
-6.3774 -32.6224 -3.0739 196 156 148
-6.389 -32.7011 -3.1124 196 156 148
-6.4179 -32.8979 -3.2085 196 156 148
-6.4556 -33.047 -3.3234 196 156 148
-6.4242 -32.8063 -3.2164 196 156 148
-6.4492 -32.9494 -3.2968 196 156 148
-6.2949 -31.8725 -2.7813 196 156 148
-6.4211 -32.7042 -3.198 196 156 148
-6.4818 -33.1174 -3.3999 196 156 148
-6.3911 -32.4733 -3.0958 196 156 148
-6.4074 -32.5573 -3.1474 196 156 148
-6.3316 -31.9875 -2.8901 196 156 148
-6.4849 -33.0303 -3.3995 196 156 148
-6.3946 -32.3621 -3.0941 196 156 148
-6.3317 -31.8808 -2.88 196 156 148
-6.3896 -32.2743 -3.0723 196 156 148
-6.3705 -32.0639 -3.0011 38 38 38
-6.4211 -32.4082 -3.1693 196 156 148
-6.3323 -31.7499 -2.8687 196 156 148
-6.3168 -31.6174 -2.8145 196 156 148
-6.3631 -31.9322 -2.9683 196 156 148
-6.4213 -32.3015 -3.1593 196 156 148
-6.4101 -32.1986 -3.1195 196 156 148
-6.3467 -31.659 -2.898 196 156 148
-6.4136 -32.0874 -3.1178 196 156 148
-6.3349 -31.4978 -2.8509 196 156 148
-6.2807 -31.0756 -2.6656 227 119 194
-6.3021 -31.1406 -2.729 227 119 194
-6.2838 -30.9885 -2.6652 227 119 194
-6.3287 -31.1868 -2.8042 227 119 194
-6.3303 -31.0899 -2.799 227 119 194
-6.3718 -31.2102 -2.9209 227 119 194
-6.3639 -31.1028 -2.8894 227 119 194
-6.3184 -30.7395 -2.733 227 119 194
-6.3923 -31.1346 -2.9681 227 119 194
-6.4086 -31.2186 -3.0197 227 119 194
-6.3266 -30.6336 -2.7444 227 119 194
-6.3553 -30.7478 -2.8318 227 119 194
-6.4242 -31.0551 -3.0451 227 119 194
-6.4545 -31.0725 -3.1272 227 119 194
-6.2006 -38.3024 -3.6724 31 119 180
-6.2231 -38.4015 -3.7419 31 119 180
-6.2024 -38.0988 -3.6572 31 119 180
-6.253 -38.4431 -3.8254 31 119 180
-6.2205 -38.1684 -3.7122 31 119 180
-6.2436 -38.3258 -3.7891 31 119 180
-6.232 -38.0579 -3.7319 31 119 180
-6.222 -37.8823 -3.6882 31 119 180
-6.2383 -37.9663 -3.7398 31 119 180
-6.3077 -38.4385 -3.9705 38 38 38
-6.2353 -37.7575 -3.7114 31 119 180
-6.2227 -37.6447 -3.6669 31 119 180
-6.2214 -37.5282 -3.652 31 119 180
-6.2103 -37.4252 -3.6123 31 119 180
-6.2075 -37.2988 -3.5926 31 119 180
-6.211 -37.1876 -3.5909 31 119 180
-6.2173 -37.096 -3.5988 31 119 180
-6.2317 -37.0052 -3.6281 31 119 180
-6.2271 -36.8932 -3.6049 31 119 180
-6.2598 -36.7653 -3.6792 31 119 180
-6.2636 -36.6298 -3.6762 31 119 180
-6.2609 -36.5034 -3.6566 31 119 180
-6.239 -36.2734 -3.5757 31 119 180
-6.2592 -36.4111 -3.643 31 119 180
-6.2656 -36.3195 -3.6509 31 119 180
-6.2486 -36.1773 -3.5919 31 119 180
-6.1862 -35.6718 -3.3765 31 119 180
-6.2179 -35.2139 -3.4159 31 119 180
-6.2468 -35.4106 -3.512 38 38 38
-6.2314 -34.9823 -3.4291 38 38 38
-6.2469 -34.3337 -3.4069 31 119 180
-6.2613 -33.4619 -3.3598 31 119 180
-6.3005 -33.6208 -3.4795 31 119 180
-6.2677 -33.3703 -3.3677 31 119 180
-6.1865 -32.7369 -3.0898 31 119 180
-6.1786 -32.6295 -3.0583 31 119 180
-6.274 -33.2787 -3.3756 31 119 180
-6.1773 -32.5129 -3.0435 31 119 180
-6.2294 -32.8671 -3.2165 31 119 180
-6.2793 -33.1531 -3.3773 31 119 180
-6.2161 -32.696 -3.1645 31 119 180
-6.2729 -33.0555 -3.3507 31 119 180
-6.2111 -32.6083 -3.1427 31 119 180
-6.2375 -32.7611 -3.2279 31 119 180
-6.1126 -31.8568 -2.8071 38 38 38
-6.2702 -32.9291 -3.331 31 119 180
-6.1987 -32.3888 -3.0881 38 38 38
-6.1355 -31.9317 -2.8753 38 38 38
-6.2285 -32.4304 -3.1716 38 38 38
-6.1325 -31.7229 -2.8469 38 38 38
-6.1686 -31.9688 -2.967 38 38 38
-6.1608 -31.8613 -2.9356 38 38 38
-6.207 -32.1761 -3.0894 38 38 38
-6.2229 -32.2843 -3.1423 38 38 38
-6.1411 -31.5927 -2.857 38 38 38
-6.2098 -32.0066 -3.0803 38 38 38
-6.1625 -31.6578 -2.9203 38 38 38
-6.1972 -31.8939 -3.0357 38 38 38
-6.2294 -32.0861 -3.1401 38 38 38
-6.0867 -31.0879 -2.6629 38 38 38
-6.0803 -30.9903 -2.6363 38 38 38
-6.1285 -31.184 -2.7836 38 38 38
-6.1087 -31.0221 -2.715 38 38 38
-6.1236 -31.0962 -2.7617 38 38 38
-6.1551 -31.2302 -2.8588 38 38 38
-6.0923 -30.7489 -2.6446 38 38 38
-6.1039 -30.8276 -2.6831 38 38 38
-6.0873 -30.6611 -2.6228 38 38 38
-6.1856 -31.3301 -2.9497 38 38 38
-6.1586 -31.1189 -2.857 38 38 38
-6.1337 -30.8692 -2.7666 38 38 38
-6.1938 -31.2241 -2.961 38 38 38
-6.1248 -30.7277 -2.729 38 38 38
-6.2303 -31.2566 -3.0611 38 38 38
-6.0868 -38.1229 -3.6159 31 119 180
-6.1392 -38.4528 -3.7876 31 119 180
-6.1332 -38.331 -3.7597 31 119 180
-6.1206 -38.2182 -3.7151 31 119 180
-6.115 -38.0722 -3.6858 31 119 180
-6.1598 -38.3771 -3.8348 31 119 180
-6.1851 -38.496 -3.9139 38 38 38
-6.1025 -37.8527 -3.6313 31 119 180
-6.1207 -37.9223 -3.6863 31 119 180
-6.1177 -37.7134 -3.658 31 119 180
-6.1084 -37.5961 -3.6217 31 119 180
-6.1038 -37.4841 -3.5986 31 119 180
-6.1062 -37.3388 -3.5907 31 119 180
-6.0969 -37.2215 -3.5545 31 119 180
-6.123 -37.1027 -3.6122 31 119 180
-6.1151 -36.9952 -3.5808 31 119 180
-6.1558 -36.8681 -3.6765 31 119 180
-6.1574 -36.7712 -3.6713 31 119 180
-6.1543 -36.6691 -3.653 31 119 180
-6.133 -36.4973 -3.5796 31 119 180
-6.1657 -36.5586 -3.6727 31 119 180
-6.1644 -36.442 -3.6578 31 119 180
-6.1526 -36.2808 -3.6107 31 119 180
-6.1623 -36.1847 -3.6269 31 119 180
-6.1494 -35.9895 -3.5736 31 119 180
-6.1609 -35.879 -3.5933 31 119 180
-6.1483 -35.7662 -3.5487 31 119 180
-6.1441 -35.63 -3.5243 31 119 180
-6.1219 -35.3174 -3.4347 31 119 180
-6.1262 -34.3767 -3.3541 31 119 180
-6.184 -34.7702 -3.5463 38 38 38
-6.1671 -34.628 -3.4874 31 119 180
-6.1846 -34.1542 -3.4875 38 38 38
-6.146 -33.8644 -3.3564 31 119 180
-6.1681 -33.6918 -3.3984 31 119 180
-6.2055 -33.5692 -3.4859 31 119 180
-6.1764 -33.29 -3.381 31 119 180
-6.1429 -32.9812 -3.2617 31 119 180
-6.1332 -32.8881 -3.2268 31 119 180
-6.109 -32.6966 -3.1438 31 119 180
-6.0978 -32.5937 -3.104 31 119 180
-6.1315 -32.7958 -3.2133 31 119 180
-6.1676 -33.0417 -3.3334 31 119 180
-6.1901 -33.1409 -3.4029 31 119 180
-6.1682 -32.9108 -3.3221 31 119 180
-6.1458 -32.705 -3.2426 31 119 180
-6.1617 -32.8132 -3.2955 31 119 180
-6.1433 -32.176 -3.1841 38 38 38
-6.1615 -32.2456 -3.2392 38 38 38
-6.0939 -31.759 -3.012 38 38 38
-6.0879 -31.6371 -2.9841 38 38 38
-6.1544 -32.0897 -3.2051 38 38 38
-6.148 -31.9921 -3.1785 38 38 38
-6.1758 -32.1548 -3.2685 38 38 38
-6.143 -31.9043 -3.1567 38 38 38
-6.1432 -31.7976 -3.1466 38 38 38
-6.1762 -31.9413 -3.2485 38 38 38
-6.1423 -31.6568 -3.1305 38 38 38
-6.173 -31.8392 -3.2301 38 38 38
-6.0101 -30.7033 -2.6857 38 38 38
-6.033 -30.7782 -2.7539 38 38 38
-6.1717 -31.7226 -3.2153 38 38 38
-6.0117 -30.6064 -2.6805 38 38 38
-6.0412 -30.6722 -2.7653 38 38 38
-6.068 -30.8009 -2.8492 38 38 38
-6.0729 -30.6995 -2.8523 38 38 38
-6.2659 -31.9595 -3.4889 38 38 38
-6.2789 -32.048 -3.5321 38 38 38
-6.11 -30.7903 -2.9598 38 38 38
-6.1281 -30.8599 -3.0148 38 38 38
-6.1463 -30.9295 -3.0699 38 38 38
-6.1728 -30.9757 -3.1451 38 38 38
-6.1505 -30.7698 -3.0656 38 38 38
-6.1792 -30.8841 -3.153 38 38 38
-6.1644 -30.514 -3.0774 38 38 38
-5.8896 -38.2778 -3.608 31 119 180
-5.9271 -38.3444 -3.7142 31 119 180
-5.8885 -38.0545 -3.5832 31 119 180
-5.9164 -38.2172 -3.6732 31 119 180
-5.8777 -37.9274 -3.5421 31 119 180
-5.9558 -38.4586 -3.8017 31 119 180
-5.8841 -37.8358 -3.55 31 119 180
-5.9607 -38.3572 -3.8047 31 119 180
-5.9171 -37.9796 -3.6518 31 119 180
-6.0036 -38.4874 -3.9315 38 38 38
-5.884 -37.6466 -3.5312 31 119 180
-5.9032 -37.7503 -3.5924 31 119 180
-5.9173 -37.577 -3.613 31 119 180
-5.9161 -37.4605 -3.5981 31 119 180
-5.9195 -37.3492 -3.5964 31 119 180
-5.9079 -37.0813 -3.5392 31 119 180
-5.931 -37.2387 -3.6161 31 119 180
-5.9404 -37.0601 -3.6235 31 119 180
-5.9319 -36.8944 -3.5847 31 119 180
-5.9435 -36.9731 -3.6231 31 119 180
-5.96 -36.6545 -3.6358 31 119 180
-5.9431 -36.5122 -3.5769 31 119 180
-5.9664 -36.5629 -3.6437 31 119 180
-5.9465 -36.4009 -3.5751 31 119 180
-5.9481 -36.1149 -3.5511 31 119 180
-5.9779 -36.1565 -3.6346 31 119 180
-5.9734 -36.0445 -3.6115 31 119 180
-5.9535 -35.8825 -3.5429 31 119 180
-5.975 -35.9476 -3.6062 31 119 180
-5.9539 -35.6691 -3.5228 31 119 180
-5.9741 -35.8068 -3.5901 31 119 180
-5.9507 -35.5669 -3.5045 31 119 180
-5.9348 -34.9736 -3.404 31 119 180
-5.9379 -34.8866 -3.4036 31 119 180
-5.9514 -34.655 -3.4167 31 119 180
-5.952 -34.5241 -3.4054 31 119 180
-5.9889 -34.7216 -3.523 38 38 38
-5.9599 -34.3356 -3.4081 31 119 180
-5.9528 -33.9906 -3.3552 31 119 180
-5.9447 -33.8006 -3.315 31 119 180
-5.9709 -33.871 -3.3915 31 119 180
-5.9784 -33.7067 -3.3955 31 119 180
-6.0113 -33.6613 -3.4785 31 119 180
-5.9501 -32.894 -3.2404 38 38 38
-5.9631 -32.9825 -3.2837 38 38 38
-5.9531 -32.8069 -3.24 38 38 38
-6.0012 -33.1074 -3.3973 38 38 38
-5.987 -32.9023 -3.3392 38 38 38
-6.0047 -32.9961 -3.3956 38 38 38
-5.9784 -32.7365 -3.3004 38 38 38
-6.0323 -33.0763 -3.4769 38 38 38
-5.9295 -32.2953 -3.1269 38 38 38
-5.9263 -32.1932 -3.1085 38 38 38
-5.9542 -32.3559 -3.1986 38 38 38
-5.851 -31.5991 -2.8499 38 38 38
-5.8742 -31.6498 -2.9167 38 38 38
-5.814 -31.2124 -2.7136 38 38 38
-5.9878 -32.3687 -3.289 38 38 38
-5.8668 -31.5181 -2.884 38 38 38
-5.9861 -32.2764 -3.2755 38 38 38
-5.9099 -31.7308 -3.0195 38 38 38
-5.8977 -31.5938 -2.9736 38 38 38
-5.8527 -31.2064 -2.8158 38 38 38
-5.928 -31.6112 -3.0558 38 38 38
-5.9443 -31.6952 -3.1073 38 38 38
-5.9605 -31.59 -3.1401 38 38 38
-5.9852 -31.6505 -3.2118 38 38 38
-5.9811 -31.5143 -3.1873 38 38 38
-5.8471 -30.5752 -2.739 38 38 38
-6.0704 -32.0418 -3.4766 38 38 38
-5.8425 -30.4632 -2.7159 38 38 38
-6.0275 -31.7224 -3.3311 38 38 38
-6.11 -32.1765 -3.5951 38 38 38
-5.8691 -30.5093 -2.791 38 38 38
-6.0309 -31.6112 -3.3294 38 38 38
-5.8872 -30.579 -2.8461 38 38 38
-6.0939 -31.9858 -3.5335 38 38 38
-5.905 -30.6728 -2.9025 38 38 38
-6.112 -32.0554 -3.5885 38 38 38
-5.9259 -30.5729 -2.9484 38 38 38
-5.9437 -30.6667 -3.0048 38 38 38
-5.9613 -30.5714 -3.0424 38 38 38
-6.0302 -30.6894 -3.2369 38 38 38
-6.0237 -30.5918 -3.2102 38 38 38
-5.8108 -38.3342 -3.6603 31 119 180
-5.8019 -38.1927 -3.6227 31 119 180
-5.8384 -38.4144 -3.7416 31 119 180
-5.8299 -38.2487 -3.7027 31 119 180
-5.8415 -38.3274 -3.7411 31 119 180
-5.865 -38.4605 -3.8167 31 119 180
-5.7989 -37.9838 -3.5943 31 119 180
-5.8301 -38.142 -3.6926 31 119 180
-5.8251 -38.0542 -3.6708 31 119 180
-5.8975 -38.4393 -3.9011 31 119 180
-5.8087 -37.781 -3.6004 31 119 180
-5.8004 -37.6978 -3.5703 31 119 180
-5.8115 -37.6115 -3.5913 31 119 180
-5.8087 -37.4851 -3.5716 31 119 180
-5.7976 -37.3822 -3.5318 31 119 180
-5.8404 -37.5123 -3.6586 31 119 180
-5.8326 -37.4049 -3.6271 31 119 180
-5.8247 -37.2974 -3.5956 31 119 180
-5.8238 -37.1566 -3.5795 31 119 180
-5.8239 -37.0499 -3.5694 31 119 180
-5.8241 -36.9432 -3.5594 31 119 180
-5.8505 -37.0961 -3.6446 31 119 180
-5.8554 -36.9947 -3.6477 31 119 180
-5.8386 -36.7457 -3.5786 31 119 180
-5.8597 -36.835 -3.6433 31 119 180
-5.8305 -36.5557 -3.5384 31 119 180
-5.8589 -36.5875 -3.6171 31 119 180
-5.8481 -36.4604 -3.576 31 119 180
-5.8742 -36.3415 -3.6337 31 119 180
-5.8632 -36.1319 -3.5839 31 119 180
-5.8795 -36.2159 -3.6355 31 119 180
-5.8732 -36.0116 -3.5988 31 119 180
-5.8571 -35.8209 -3.5372 31 119 180
-5.8976 -36.0963 -3.6718 31 119 180
-5.8851 -35.8769 -3.6172 31 119 180
-5.8653 -35.7149 -3.5486 31 119 180
-5.9 -35.951 -3.6639 31 119 180
-5.8281 -35.4349 -3.4222 31 119 180
-5.8728 -35.5507 -3.5525 31 119 180
-5.8313 -35.2412 -3.4118 31 119 180
-5.845 -35.0921 -3.4336 31 119 180
-5.84 -35.0043 -3.4118 31 119 180
-5.8697 -35.1526 -3.5053 31 119 180
-5.8325 -34.8727 -3.379 31 119 180
-5.8717 -35.0315 -3.4988 31 119 180
-5.8549 -34.7826 -3.4297 31 119 180
-5.8472 -34.5684 -3.3882 31 119 180
-5.8459 -34.4519 -3.3734 31 119 180
-5.8559 -34.3315 -3.3882 31 119 180
-5.8725 -34.2021 -3.4197 31 119 180
-5.8386 -33.9176 -3.3017 31 119 180
-5.8731 -34.0712 -3.4084 31 119 180
-5.8414 -33.7481 -3.2925 31 119 180
-5.8577 -33.8321 -3.3441 31 119 180
-5.8755 -33.9259 -3.4005 31 119 180
-5.8464 -33.0548 -3.238 38 38 38
-5.8266 -32.8929 -3.1693 38 38 38
-5.8499 -32.9436 -3.2362 38 38 38
-5.8821 -33.1358 -3.3407 38 38 38
-5.841 -32.8021 -3.1986 38 38 38
-5.9469 -33.496 -3.5483 31 119 180
-5.8855 -33.0245 -3.3389 38 38 38
-5.9405 -33.3984 -3.5216 31 119 180
-5.9297 -33.2712 -3.4805 31 119 180
-5.8728 -32.7226 -3.2756 38 38 38
-5.7562 -31.7949 -2.8748 38 38 38
-5.881 -32.6166 -3.2869 38 38 38
-5.7521 -31.6586 -2.8503 38 38 38
-5.7824 -31.8652 -2.9513 38 38 38
-5.7398 -31.5217 -2.8044 38 38 38
-5.783 -31.7343 -2.9399 38 38 38
-5.8611 -32.2655 -3.1995 38 38 38
-5.8166 -31.9363 -3.0492 38 38 38
-5.7697 -31.5633 -2.8879 38 38 38
-5.8873 -32.3359 -3.276 38 38 38
-5.8701 -32.1111 -3.2083 38 38 38
-5.8314 -31.8213 -3.0772 38 38 38
-5.8954 -32.2299 -3.2874 38 38 38
-5.8496 -31.8909 -3.1323 38 38 38
-5.9231 -32.3101 -3.3687 38 38 38
-5.8856 -31.9476 -3.2337 38 38 38
-5.9085 -32.0225 -3.3018 38 38 38
-5.7525 -30.5575 -2.7437 38 38 38
-5.7688 -30.6415 -2.7953 38 38 38
-5.7946 -30.7361 -2.8731 38 38 38
-5.809 -30.6453 -2.9024 38 38 38
-6.0158 -32.052 -3.5899 38 38 38
-6.0174 -31.9551 -3.5847 38 38 38
-5.8399 -30.7209 -2.992 38 38 38
-6.056 -32.0557 -3.697 38 38 38
-5.8544 -30.5234 -3.0113 38 38 38
-5.8736 -30.6271 -3.0725 38 38 38
-5.9022 -30.5521 -3.1411 38 38 38
-5.921 -30.68 -3.2036 38 38 38
-5.9463 -30.6096 -3.2639 38 38 38
-5.9626 -30.6936 -3.3155 38 38 38
-5.6987 -38.3348 -3.6183 31 119 180
-5.7193 -38.4483 -3.6843 31 119 180
-5.7308 -38.3378 -3.704 31 119 180
-5.6929 -37.9995 -3.5703 31 119 180
-5.7291 -38.2454 -3.6904 31 119 180
-5.6865 -37.9019 -3.5436 31 119 180
-5.723 -38.1236 -3.6625 31 119 180
-5.777 -38.4634 -3.839 31 119 180
-5.6888 -37.7566 -3.5358 31 119 180
-5.7054 -37.6272 -3.5672 31 119 180
-5.7105 -37.419 -3.5603 31 119 180
-5.7264 -37.5272 -3.6132 31 119 180
-5.7124 -37.2979 -3.5537 31 119 180
-5.7319 -37.1882 -3.5949 31 119 180
-5.735 -37.1012 -3.5944 31 119 180
-5.7509 -36.9135 -3.6185 31 119 180
-5.7445 -36.8158 -3.5919 31 119 180
-5.7357 -36.5676 -3.5442 31 119 180
-5.7553 -36.6471 -3.6041 31 119 180
-5.7504 -36.4526 -3.5722 31 119 180
-5.7932 -36.3935 -3.6802 31 119 180
-5.7901 -36.2914 -3.6619 31 119 180
-5.8215 -36.2361 -3.7401 31 119 180
-5.7756 -35.8971 -3.585 31 119 180
-5.7824 -35.7813 -3.5916 31 119 180
-5.8092 -35.9099 -3.6755 31 119 180
-5.8697 -36.2406 -3.8686 38 38 38
-5.8585 -36.1377 -3.8289 38 38 38
-5.7765 -35.5527 -3.5536 31 119 180
-5.8501 -35.8653 -3.78 38 38 38
-5.8661 -35.9735 -3.8328 38 38 38
-5.8896 -36.1066 -3.9084 38 38 38
-5.7428 -35.0548 -3.4155 31 119 180
-5.8926 -36.0196 -3.908 38 38 38
-5.888 -35.9076 -3.8849 38 38 38
-5.8798 -35.8244 -3.8547 38 38 38
-5.7555 -34.8716 -3.4313 31 119 180
-5.74 -34.7392 -3.3771 31 119 180
-5.7509 -34.4637 -3.3793 31 119 180
-5.7532 -34.1292 -3.3527 31 119 180
-5.741 -33.9923 -3.3068 31 119 180
-5.7713 -34.1989 -3.4078 31 119 180
-5.7785 -34.0588 -3.413 31 119 180
-5.7762 -33.8015 -3.382 31 119 180
-5.7684 -33.6941 -3.3506 31 119 180
-5.7916 -33.2597 -3.3699 38 38 38
-5.7833 -33.1764 -3.3397 38 38 38
-5.7461 -32.8964 -3.2134 38 38 38
-5.7591 -32.985 -3.2567 38 38 38
-5.7096 -32.568 -3.0845 38 38 38
-5.7834 -33.0697 -3.3297 38 38 38
-5.726 -32.652 -3.1361 38 38 38
-5.6426 -31.9505 -2.846 38 38 38
-5.7902 -32.9539 -3.3363 38 38 38
-5.7302 -32.4923 -3.1318 38 38 38
-5.7577 -32.6792 -3.2231 38 38 38
-5.6655 -32.0254 -2.9141 38 38 38
-5.6326 -31.7749 -2.8023 38 38 38
-5.6489 -31.8589 -2.8538 38 38 38
-5.7911 -32.7988 -3.3236 38 38 38
-5.6294 -31.6728 -2.7839 38 38 38
-5.7861 -32.711 -3.3018 38 38 38
-5.6213 -31.4828 -2.7437 38 38 38
-5.7009 -32.0239 -3.0081 38 38 38
-5.6612 -31.7 -2.8709 38 38 38
-5.7484 -32.266 -3.158 38 38 38
-5.6185 -31.3564 -2.7241 38 38 38
-5.658 -31.5978 -2.8526 38 38 38
-5.6168 -31.2641 -2.7106 38 38 38
-5.7142 -31.899 -3.0313 38 38 38
-5.6451 -31.4026 -2.7993 38 38 38
-5.7565 -32.1601 -3.1694 38 38 38
-5.6126 -31.1279 -2.6861 38 38 38
-5.758 -31.874 -3.1454 38 38 38
-5.8063 -32.0677 -3.2927 38 38 38
-5.8072 -31.9126 -3.28 38 38 38
-5.6338 -30.6254 -2.6932 38 38 38
-5.6661 -30.7109 -2.7876 38 38 38
-5.6981 -30.8206 -2.8833 38 38 38
-5.6997 -30.7237 -2.8781 38 38 38
-5.6833 -30.4505 -2.8077 38 38 38
-5.6955 -38.2326 -3.5999 31 119 180
-5.4864 -36.5685 -2.8815 255 187 120
-5.468 -36.4164 -2.8178 255 187 120
-5.4663 -36.3241 -2.8042 255 187 120
-5.4927 -36.477 -2.8894 255 187 120
-5.7279 -38.0222 -3.6655 31 119 180
-5.4683 -36.203 -2.7977 255 187 120
-5.4961 -36.3657 -2.8877 255 187 120
-5.727 -37.8814 -3.6494 31 119 180
-5.4944 -36.2734 -2.8742 255 187 120
-5.7206 -37.7838 -3.6227 31 119 180
-5.491 -36.0887 -2.8471 38 38 38
-5.7368 -37.6786 -3.6555 31 119 180
-5.7511 -37.5878 -3.6848 31 119 180
-5.7502 -37.447 -3.6687 31 119 180
-5.7551 -37.3456 -3.6718 31 119 180
-5.7552 -37.2389 -3.6617 31 119 180
-5.7574 -37.0111 -3.6452 31 119 180
-5.7849 -36.9021 -3.7077 31 119 180
-5.7854 -36.7712 -3.6963 31 119 180
-5.777 -36.4987 -3.6474 31 119 180
-5.8498 -36.3746 -3.8288 38 38 38
-5.7953 -35.6806 -3.6161 31 119 180
-5.7766 -35.446 -3.5435 31 119 180
-5.7808 -35.2864 -3.5392 31 119 180
-5.7957 -35.3605 -3.5859 31 119 180
-5.7493 -34.5606 -3.3846 31 119 180
-5.7416 -33.7546 -3.2854 31 119 180
-5.744 -33.6093 -3.2776 31 119 180
-5.74 -32.7746 -3.1855 38 38 38
-5.85 -33.2263 -3.522 31 119 180
-5.5918 -31.417 -2.659 38 38 38
-5.6197 -31.5797 -2.749 38 38 38
-5.7601 -32.5339 -3.2153 38 38 38
-5.7445 -32.4015 -3.1611 38 38 38
-5.6784 -31.9248 -2.9386 38 38 38
-5.6756 -31.7984 -2.919 38 38 38
-5.7892 -32.3281 -3.2725 38 38 38
-5.7404 -31.9694 -3.1078 38 38 38
-5.7633 -32.0443 -3.176 38 38 38
-5.6494 -31.2429 -2.7949 38 38 38
-5.7897 -32.1971 -3.2612 38 38 38
-5.6208 -31.0219 -2.6975 38 38 38
-5.6224 -30.9251 -2.6922 38 38 38
-5.6575 -31.137 -2.8063 38 38 38
-5.7762 -31.9436 -3.2005 38 38 38
-5.6164 -30.8032 -2.6643 38 38 38
-5.6525 -31.0492 -2.7845 38 38 38
-5.6508 -30.9568 -2.7709 38 38 38
-5.6227 -30.7117 -2.6722 38 38 38
-5.6561 -30.8312 -2.7727 38 38 38
-5.6493 -30.4619 -2.7185 38 38 38
-5.6784 -30.5519 -2.8046 38 38 38
-5.495 -38.4126 -3.5916 31 119 180
-5.517 -38.3467 -3.6436 31 119 180
-5.5347 -38.4406 -3.7 31 119 180
-5.2744 -36.5631 -2.8248 255 187 120
-5.5136 -38.1621 -3.6166 31 119 180
-5.2969 -36.6622 -2.8943 38 38 38
-5.5365 -38.237 -3.6847 31 119 180
-5.2787 -36.4034 -2.8204 255 187 120
-5.512 -37.963 -3.593 31 119 180
-5.277 -36.3111 -2.8069 255 187 120
-5.5432 -38.1212 -3.6913 31 119 180
-5.3067 -36.4594 -2.9004 255 187 120
-5.5382 -38.0334 -3.6695 31 119 180
-5.5224 -37.8185 -3.6066 31 119 180
-5.2903 -36.1862 -2.8301 255 187 120
-5.2748 -36.0538 -2.7759 255 187 120
-5.308 -36.2801 -2.8864 255 187 120
-5.5472 -37.879 -3.6782 31 119 180
-5.2687 -35.932 -2.7479 255 187 120
-5.5252 -37.649 -3.5974 31 119 180
-5.3079 -36.0909 -2.8677 255 187 120
-5.5496 -37.7337 -3.6704 31 119 180
-5.2986 -35.9736 -2.8314 255 187 120
-5.5319 -37.5332 -3.604 31 119 180
-5.2878 -35.8464 -2.7904 255 187 120
-5.56 -37.5892 -3.684 31 119 180
-5.5467 -37.4181 -3.632 31 119 180
-5.5663 -37.4976 -3.6919 31 119 180
-5.5436 -37.316 -3.6136 31 119 180
-5.5488 -37.1903 -3.6154 31 119 180
-5.5782 -37.3629 -3.7102 31 119 180
-5.575 -37.2607 -3.6919 31 119 180
-5.5636 -37.0753 -3.6434 31 119 180
-5.5832 -37.1548 -3.7033 31 119 180
-5.5722 -36.9451 -3.6535 31 119 180
-5.5969 -37.0057 -3.7252 31 119 180
-5.5731 -36.79 -3.6408 31 119 180
-5.6036 -36.8899 -3.7317 31 119 180
-5.6085 -36.7885 -3.7348 31 119 180
-5.5934 -36.6318 -3.6793 31 119 180
-5.5935 -36.5251 -3.6693 31 119 180
-5.5771 -35.4709 -3.5226 31 119 180
-5.5805 -35.3596 -3.5209 31 119 180
-5.5916 -35.2734 -3.5419 31 119 180
-5.5845 -35.1175 -3.5078 31 119 180
-5.5406 -34.6574 -3.3461 31 119 180
-5.5631 -34.7565 -3.4156 31 119 180
-5.5891 -34.9336 -3.5021 31 119 180
-5.5532 -34.4742 -3.3619 31 119 180
-5.5435 -34.3811 -3.327 31 119 180
-5.5379 -33.9392 -3.2689 31 119 180
-5.5662 -34.0776 -3.3576 31 119 180
-5.5807 -34.176 -3.4057 31 119 180
-5.5465 -33.809 -3.279 31 119 180
-5.5748 -33.9475 -3.3677 31 119 180
-5.5558 -33.6304 -3.2864 31 119 180
-5.5786 -33.5161 -3.3358 31 119 180
-5.5622 -32.947 -3.2367 31 119 180
-5.6008 -33.0476 -3.349 31 119 180
-5.646 -33.3284 -3.4967 38 38 38
-5.5712 -32.7926 -3.2455 31 119 180
-5.589 -32.8864 -3.3019 31 119 180
-5.6237 -33.1225 -3.4172 31 119 180
-5.5135 -32.2924 -3.0432 31 119 180
-5.617 -32.9424 -3.3818 31 119 180
-5.5494 -32.4559 -3.1546 31 119 180
-5.5783 -32.6526 -3.2508 31 119 180
-5.654 -33.1399 -3.4994 31 119 180
-5.4315 -31.6007 -2.7579 31 119 180
-5.5097 -32.132 -3.0174 31 119 180
-5.6012 -32.7275 -3.3189 31 119 180
-5.551 -32.359 -3.1494 31 119 180
-5.5832 -32.5512 -3.2538 31 119 180
-5.423 -31.435 -2.719 31 119 180
-5.542 -32.2175 -3.1118 31 119 180
-5.469 -31.6673 -2.8641 31 119 180
-5.5848 -32.4543 -3.2486 31 119 180
-5.6156 -32.6367 -3.3482 31 119 180
-5.451 -31.491 -2.799 31 119 180
-5.4641 -31.5795 -2.8422 31 119 180
-5.4341 -31.3487 -2.74 31 119 180
-5.4919 -31.7422 -2.9322 31 119 180
-5.526 -31.9201 -3.0402 31 119 180
-5.6157 -32.53 -3.3382 31 119 180
-5.5313 -31.7944 -3.042 31 119 180
-5.5172 -31.6718 -2.9926 31 119 180
-5.5635 -31.9866 -3.1464 31 119 180
-5.5528 -31.8595 -3.1053 31 119 180
-5.4545 -31.0838 -2.7684 31 119 180
-5.4627 -30.9779 -2.7798 31 119 180
-5.4829 -31.1156 -2.8471 31 119 180
-5.4926 -31.0195 -2.8633 31 119 180
-5.5122 -31.0989 -2.9232 31 119 180
-5.4723 -30.5859 -2.7672 38 38 38
-5.4626 -30.4928 -2.7323 38 38 38
-5.4817 -30.4073 -2.7747 38 38 38
-5.4947 -30.4958 -2.8179 38 38 38
-5.5197 -30.6388 -2.8983 38 38 38
-5.5246 -30.5374 -2.9014 38 38 38
-5.5547 -30.6615 -2.9936 38 38 38
-5.1483 -36.871 -2.7858 255 187 120
-5.1659 -36.7756 -2.8234 255 187 120
-5.1804 -36.874 -2.8715 255 187 120
-5.4166 -38.4533 -3.6537 31 119 180
-5.4087 -38.3458 -3.6222 31 119 180
-5.1788 -36.675 -2.8479 255 187 120
-5.4107 -38.2248 -3.6157 31 119 180
-5.1765 -36.5244 -2.827 255 187 120
-5.415 -38.0651 -3.6113 31 119 180
-5.4439 -38.2618 -3.7075 31 119 180
-5.4728 -38.4586 -3.8036 38 38 38
-5.1795 -36.4373 -2.8266 255 187 120
-5.4411 -38.1354 -3.6878 31 119 180
-5.1801 -36.3064 -2.8152 255 187 120
-5.4316 -37.9356 -3.6428 31 119 180
-5.1715 -36.1407 -2.7764 255 187 120
-5.2062 -36.3768 -2.8917 255 187 120
-5.4218 -37.8426 -3.6079 31 119 180
-5.2039 -36.2262 -2.8708 255 187 120
-5.4275 -37.6927 -3.6084 31 119 180
-5.1906 -36.0551 -2.8188 255 187 120
-5.45 -37.7918 -3.6778 31 119 180
-5.1911 -35.9242 -2.8074 255 187 120
-5.4426 -37.5535 -3.635 31 119 180
-5.184 -35.7683 -2.7734 255 187 120
-5.4622 -37.6329 -3.6949 31 119 180
-5.4483 -37.4036 -3.6355 31 119 180
-5.44 -37.3204 -3.6054 31 119 180
-5.4784 -37.5277 -3.7277 31 119 180
-5.4383 -37.228 -3.5918 31 119 180
-5.4786 -37.421 -3.7177 31 119 180
-5.4736 -37.3332 -3.6959 31 119 180
-5.4686 -37.2454 -3.674 31 119 180
-5.4782 -37.1493 -3.6902 31 119 180
-5.4656 -37.0366 -3.6456 31 119 180
-5.494 -37.0683 -3.7243 31 119 180
-5.4865 -36.9367 -3.6916 31 119 180
-5.486 -36.7717 -3.6741 31 119 180
-5.5194 -36.8912 -3.7746 31 119 180
-5.5144 -36.8034 -3.7528 31 119 180
-5.5084 -36.6816 -3.7248 31 119 180
-5.5084 -35.3088 -3.5909 31 119 180
-5.5085 -35.2021 -3.5809 31 119 180
-5.4858 -35.0205 -3.5027 31 119 180
-5.4355 -34.6519 -3.3331 31 119 180
-5.5087 -35.0954 -3.5708 31 119 180
-5.4438 -34.4393 -3.3345 31 119 180
-5.4749 -34.4082 -3.414 31 119 180
-5.4369 -33.8807 -3.2616 31 119 180
-5.4832 -34.1955 -3.4154 31 119 180
-5.4834 -34.0888 -3.4054 31 119 180
-5.4622 -33.8104 -3.3219 31 119 180
-5.4976 -33.8088 -3.4159 31 119 180
-5.4926 -33.721 -3.3941 31 119 180
-5.4756 -33.5788 -3.3351 31 119 180
-5.479 -32.9824 -3.2858 31 119 180
-5.4707 -32.8992 -3.2556 31 119 180
-5.4986 -33.0619 -3.3457 31 119 180
-5.4698 -32.7584 -3.2395 31 119 180
-5.5233 -33.1224 -3.4173 31 119 180
-5.4189 -32.3316 -3.0625 31 119 180
-5.5129 -32.971 -3.375 31 119 180
-5.4381 -32.4353 -3.1237 31 119 180
-5.4993 -32.8242 -3.3243 31 119 180
-5.4046 -32.1265 -3.0044 31 119 180
-5.461 -32.5102 -3.1919 31 119 180
-5.3301 -31.5665 -2.7519 31 119 180
-5.4868 -32.6048 -3.2697 31 119 180
-5.4307 -32.1969 -3.0809 31 119 180
-5.4525 -32.3444 -3.153 31 119 180
-5.506 -32.7084 -3.3309 31 119 180
-5.3574 -31.671 -2.8345 31 119 180
-5.4721 -32.4239 -3.2129 31 119 180
-5.3416 -31.456 -2.7716 31 119 180
-5.4255 -32.0266 -3.0504 31 119 180
-5.4964 -32.5086 -3.2859 31 119 180
-5.363 -31.5211 -2.835 31 119 180
-5.5207 -32.5934 -3.3589 31 119 180
-5.3578 -31.3508 -2.8044 31 119 180
-5.4099 -31.705 -2.9774 31 119 180
-5.3987 -31.6021 -2.9377 31 119 180
-5.4363 -31.8578 -3.0626 31 119 180
-5.3484 -31.2335 -2.7681 31 119 180
-5.4574 -31.9471 -3.1273 31 119 180
-5.3844 -31.397 -2.8796 31 119 180
-5.4426 -31.7663 -3.0705 31 119 180
-5.3548 -31.142 -2.776 31 119 180
-5.4366 -31.6444 -3.0426 31 119 180
-5.3878 -31.2857 -2.8778 31 119 180
-5.3795 -31.2025 -2.8477 31 119 180
-5.3596 -31.0405 -2.7791 31 119 180
-5.4743 -31.7935 -3.1575 31 119 180
-5.4632 -31.6906 -3.1177 31 119 180
-5.3829 -31.0912 -2.846 31 119 180
-5.3349 -30.6841 -2.6786 38 38 38
-5.3878 -30.9898 -2.849 31 119 180
-5.3593 -30.7689 -2.7516 38 38 38
-5.3646 -30.6432 -2.7534 38 38 38
-5.3943 -30.7915 -2.8469 38 38 38
-5.3527 -30.482 -2.7062 38 38 38
-5.3911 -30.6894 -2.8286 38 38 38
-5.3808 -30.538 -2.7862 38 38 38
-5.048 -36.8722 -2.7629 255 187 120
-5.0855 -36.9387 -2.8691 255 187 120
-5.0627 -36.7571 -2.7909 255 187 120
-5.3015 -38.3803 -3.5839 31 119 180
-5.079 -36.8411 -2.8425 255 187 120
-5.3211 -38.4598 -3.6438 31 119 180
-5.0942 -36.7018 -2.8692 255 187 120
-5.0758 -36.5497 -2.8054 255 187 120
-5.3305 -38.2812 -3.6513 31 119 180
-5.3212 -38.1639 -3.615 31 119 180
-5.3129 -38.0806 -3.5849 31 119 180
-5.1005 -36.6103 -2.877 255 187 120
-5.3112 -37.9883 -3.5713 31 119 180
-5.1014 -36.4551 -2.8644 255 187 120
-5.345 -38.0836 -3.6706 31 119 180
-5.3321 -37.8884 -3.6173 31 119 180
-5.1071 -36.3053 -2.8649 255 187 120
-5.3242 -37.7809 -3.5858 31 119 180
-5.0779 -36.026 -2.76 255 187 120
-5.1095 -36.16 -2.857 255 187 120
-5.1045 -36.0722 -2.8352 255 187 120
-5.0644 -35.7725 -2.6993 255 187 120
-5.3365 -37.622 -3.6029 31 119 180
-5.0821 -35.8664 -2.7557 255 187 120
-5.1032 -35.9556 -2.8204 255 187 120
-5.3674 -37.6977 -3.6925 31 119 180
-5.0725 -35.6666 -2.7107 255 187 120
-5.094 -35.7316 -2.7741 255 187 120
-5.3564 -37.488 -3.6427 31 119 180
-5.3708 -37.5864 -3.6908 31 119 180
-5.369 -37.3049 -3.6585 31 119 180
-5.3872 -37.3745 -3.7135 31 119 180
-5.3706 -37.208 -3.6532 31 119 180
-5.3821 -37.0975 -3.6729 31 119 180
-5.4002 -37.1671 -3.728 31 119 180
-5.391 -36.9431 -3.6817 31 119 180
-5.4154 -37.0279 -3.7547 31 119 180
-5.3992 -36.8372 -3.6931 31 119 180
-5.4207 -36.9022 -3.7565 31 119 180
-5.4216 -36.7471 -3.7438 31 119 180
-5.4039 -35.1737 -3.5435 31 119 180
-5.4088 -35.0723 -3.5466 31 119 180
-5.3622 -34.675 -3.3841 31 119 180
-5.4057 -34.9701 -3.5283 31 119 180
-5.3721 -34.3655 -3.3802 31 119 180
-5.3695 -34.1324 -3.3505 31 119 180
-5.3873 -34.2262 -3.4069 31 119 180
-5.3763 -34.0166 -3.3571 31 119 180
-5.3688 -33.8849 -3.3243 31 119 180
-5.3944 -33.7903 -3.3834 31 119 180
-5.3898 -33.6783 -3.3602 31 119 180
-5.4009 -33.592 -3.3812 31 119 180
-5.412 -33.5057 -3.4022 31 119 180
-5.3982 -33.1697 -3.3328 31 119 180
-5.4031 -33.0683 -3.3359 31 119 180
-5.3731 -32.8375 -3.2336 31 119 180
-5.3933 -32.9752 -3.3009 31 119 180
-5.4278 -33.1289 -3.4075 31 119 180
-5.3736 -32.7066 -3.2223 31 119 180
-5.4139 -32.8996 -3.3481 31 119 180
-5.4298 -33.0078 -3.401 31 119 180
-5.4012 -32.7868 -3.3036 31 119 180
-5.3047 -32.1035 -2.9803 31 119 180
-5.3249 -32.2412 -3.0475 31 119 180
-5.3398 -32.3153 -3.0943 31 119 180
-5.3514 -32.394 -3.1327 31 119 180
-5.231 -31.495 -2.7251 31 119 180
-5.2545 -31.6282 -2.8007 31 119 180
-5.3924 -32.5386 -3.256 31 119 180
-5.4116 -32.6422 -3.3172 31 119 180
-5.3426 -32.1458 -3.0852 31 119 180
-5.3556 -32.2344 -3.1284 31 119 180
-5.3705 -32.3085 -3.1752 31 119 180
-5.3864 -32.4167 -3.228 31 119 180
-5.2399 -31.3406 -2.7339 31 119 180
-5.266 -31.5177 -2.8204 31 119 180
-5.3034 -31.691 -2.9366 31 119 180
-5.2922 -31.5881 -2.8969 31 119 180
-5.2463 -31.2491 -2.7418 31 119 180
-5.276 -31.3974 -2.8353 31 119 180
-5.3542 -31.9286 -3.0948 31 119 180
-5.2747 -31.2808 -2.8204 31 119 180
-5.3355 -31.694 -3.0223 31 119 180
-5.261 -31.134 -2.7698 31 119 180
-5.3537 -31.7636 -3.0774 31 119 180
-5.256 -31.0462 -2.7479 31 119 180
-5.3842 -31.8635 -3.1683 31 119 180
-5.3513 -31.613 -3.0564 31 119 180
-5.2591 -30.9592 -2.7475 31 119 180
-5.2909 -31.1756 -2.8532 31 119 180
-5.3728 -31.6781 -3.1198 31 119 180
-5.3858 -31.7666 -3.163 31 119 180
-5.2867 -31.0394 -2.8288 31 119 180
-5.2828 -30.6898 -2.7843 38 38 38
-5.2987 -30.798 -2.8371 38 38 38
-5.2839 -30.4279 -2.7616 38 38 38
-5.3148 -30.5036 -2.8512 38 38 38
-5.3197 -30.4022 -2.8543 38 38 38
-5.3502 -30.5021 -2.9452 38 38 38
-4.8569 -36.9576 -2.7633 255 187 120
-4.8784 -37.0227 -2.8267 255 187 120
-4.887 -36.8925 -2.8367 255 187 120
-5.1208 -38.4279 -3.6081 31 119 180
-4.8784 -36.7268 -2.7978 255 187 120
-5.1143 -38.3302 -3.5814 31 119 180
-4.905 -36.7729 -2.873 255 187 120
-5.1239 -38.2341 -3.5976 31 119 180
-5.1543 -38.4407 -3.6985 31 119 180
-4.907 -36.6518 -2.8665 255 187 120
-5.127 -38.1471 -3.5972 31 119 180
-5.1487 -38.2946 -3.6693 31 119 180
-4.909 -36.5307 -2.8599 255 187 120
-5.1536 -38.1932 -3.6723 31 119 180
-5.1178 -37.9231 -3.5509 31 119 180
-5.1508 -38.0668 -3.6527 31 119 180
-4.8926 -36.2575 -2.7896 255 187 120
-4.9157 -36.4149 -2.8665 255 187 120
-5.1369 -37.8376 -3.5933 31 119 180
-4.9173 -36.3181 -2.8613 255 187 120
-4.9236 -36.2265 -2.8692 255 187 120
-5.144 -37.6975 -3.5985 31 119 180
-4.9186 -36.1387 -2.8473 255 187 120
-4.8959 -35.9571 -2.7691 255 187 120
-4.8851 -35.83 -2.728 255 187 120
-4.9155 -36.0366 -2.829 255 187 120
-4.8765 -35.6642 -2.6891 255 187 120
-4.9197 -35.8769 -2.8246 255 187 120
-5.1672 -37.559 -3.6466 31 119 180
-4.9147 -35.7891 -2.8028 255 187 120
-4.905 -35.696 -2.7678 255 187 120
-5.1655 -37.4667 -3.6331 31 119 180
-4.8923 -35.5833 -2.7232 255 187 120
-5.198 -37.4455 -3.7175 31 119 180
-5.2 -37.3244 -3.7109 31 119 180
-5.195 -37.2366 -3.6891 31 119 180
-5.217 -37.1708 -3.7411 31 119 180
-5.2076 -37.0535 -3.7048 31 119 180
-5.2063 -36.9369 -3.69 31 119 180
-5.2391 -36.9982 -3.7831 31 119 180
-5.2229 -36.8075 -3.7215 31 119 180
-5.2407 -36.9013 -3.7779 31 119 180
-5.1553 -34.6522 -3.3314 31 119 180
-5.2252 -35.1002 -3.5608 31 119 180
-5.2253 -34.9935 -3.5508 31 119 180
-5.1603 -34.4441 -3.3244 31 119 180
-5.1891 -34.2624 -3.383 31 119 180
-5.1845 -34.1504 -3.3599 31 119 180
-5.1646 -33.9885 -3.2913 31 119 180
-5.1949 -34.0059 -3.3734 31 119 180
-5.1841 -33.8788 -3.3324 31 119 180
-5.1871 -33.7917 -3.3319 31 119 180
-5.1821 -33.7039 -3.3101 31 119 180
-5.2174 -33.8091 -3.4141 31 119 180
-5.2093 -33.6192 -3.3739 31 119 180
-5.2077 -33.4201 -3.3503 31 119 180
-5.2193 -33.4988 -3.3888 31 119 180
-5.208 -33.2067 -3.3303 31 119 180
-5.2377 -33.355 -3.4238 31 119 180
-5.2038 -33.0705 -3.3058 31 119 180
-5.2361 -33.156 -3.4002 31 119 180
-5.1801 -32.7481 -3.2114 31 119 180
-5.1931 -32.8367 -3.2547 31 119 180
-5.2171 -32.9456 -3.329 31 119 180
-5.2348 -33.0394 -3.3854 31 119 180
-5.1 -32.0421 -2.9296 31 119 180
-5.1434 -32.3372 -3.0738 31 119 180
-5.1891 -32.5937 -3.2202 31 119 180
-5.2151 -32.7708 -3.3067 31 119 180
-5.1016 -31.9452 -2.9243 31 119 180
-5.145 -32.2403 -3.0686 31 119 180
-5.2101 -32.683 -3.2849 31 119 180
-5.2362 -32.8601 -3.3714 31 119 180
-5.047 -31.5472 -2.7404 31 119 180
-5.1324 -32.1276 -3.024 31 119 180
-5.1816 -32.4621 -3.1874 31 119 180
-5.0387 -31.464 -2.7102 31 119 180
-5.0651 -31.6168 -2.7954 31 119 180
-5.1311 -32.011 -3.0091 31 119 180
-5.1803 -32.3455 -3.1726 31 119 180
-5.088 -31.6917 -2.8636 31 119 180
-5.1011 -31.7802 -2.9069 31 119 180
-5.1688 -32.1601 -3.1241 31 119 180
-5.2224 -32.5241 -3.3019 31 119 180
-5.0766 -31.5063 -2.8151 31 119 180
-5.1273 -31.8506 -2.9834 31 119 180
-5.2126 -32.431 -3.267 31 119 180
-5.0673 -31.389 -2.7788 31 119 180
-5.0991 -31.6054 -2.8846 31 119 180
-5.0608 -31.2914 -2.7522 31 119 180
-5.1202 -31.6947 -2.9493 31 119 180
-5.0568 -30.7526 -2.6889 247 182 210
-5.0859 -30.8426 -2.775 247 182 210
-5.0621 -30.6269 -2.6906 247 182 210
-5.1146 -30.9568 -2.8624 247 182 210
-5.0908 -30.7412 -2.7781 247 182 210
-5.1227 -30.8509 -2.8738 247 182 210
-5.0989 -30.6352 -2.7894 247 182 210
-5.0958 -30.5331 -2.7711 247 182 210
-5.1508 -30.9069 -2.9538 247 182 210
-5.0941 -30.4407 -2.7575 247 182 210
-4.7537 -37.0041 -2.7521 255 187 120
-4.7832 -37.07 -2.8369 255 187 120
-4.7885 -36.9443 -2.8387 255 187 120
-5.0163 -38.358 -3.5818 31 119 180
-5.0308 -38.4563 -3.6298 31 119 180
-4.8051 -36.8149 -2.8702 255 187 120
-4.8081 -36.7279 -2.8698 255 187 120
-5.0615 -38.4495 -3.7107 31 119 180
-5.0329 -38.2285 -3.6133 31 119 180
-4.7952 -36.5326 -2.8165 255 187 120
-4.8111 -36.6408 -2.8694 255 187 120
-4.7844 -36.4055 -2.7755 255 187 120
-5.0595 -38.2747 -3.6885 31 119 180
-5.0183 -37.941 -3.5465 31 119 180
-5.0473 -38.1377 -3.6426 31 119 180
-5.0365 -38.0106 -3.6016 31 119 180
-4.8128 -36.4373 -2.8541 255 187 120
-4.7996 -36.2662 -2.8022 255 187 120
-4.8144 -36.3404 -2.8489 255 187 120
-5.0316 -37.8161 -3.5697 31 119 180
-4.8059 -36.1747 -2.8101 255 187 120
-4.8217 -36.0937 -2.8442 255 187 120
-5.0678 -37.7661 -3.6611 31 119 180
-4.8167 -36.0059 -2.8224 255 187 120
-5.0599 -37.6587 -3.6297 31 119 180
-4.7802 -35.6774 -2.6935 255 187 120
-4.7998 -35.7569 -2.7534 255 187 120
-4.8158 -35.8651 -2.8062 255 187 120
-4.7836 -35.5662 -2.6918 255 187 120
-5.0747 -37.5436 -3.6577 31 119 180
-5.0939 -37.6473 -3.7188 31 119 180
-4.8098 -35.6366 -2.7683 255 187 120
-5.0884 -37.3945 -3.6796 31 119 180
-5.1072 -37.5224 -3.742 31 119 180
-5.1151 -37.334 -3.7447 31 119 180
-5.1134 -37.2417 -3.7312 31 119 180
-5.1154 -37.1206 -3.7247 31 119 180
-5.1104 -37.0328 -3.7028 31 119 180
-5.1262 -36.9518 -3.737 31 119 180
-5.1425 -37.0358 -3.7885 31 119 180
-5.0597 -34.6171 -3.3333 31 119 180
-5.0829 -34.7745 -3.4102 31 119 180
-5.1213 -34.9818 -3.5326 31 119 180
-5.0812 -34.6822 -3.3967 31 119 180
-5.072 -34.4582 -3.3504 31 119 180
-5.0813 -34.2795 -3.3579 31 119 180
-5.072 -34.1622 -3.3217 31 119 180
-5.0678 -34.026 -3.2972 31 119 180
-5.0887 -33.9261 -3.3432 31 119 180
-5.075 -33.7793 -3.2925 31 119 180
-5.084 -33.6249 -3.3013 31 119 180
-5.112 -33.6809 -3.3813 31 119 180
-5.1032 -33.4327 -3.3337 31 119 180
-5.1177 -33.5311 -3.3818 31 119 180
-5.1118 -33.3025 -3.3438 31 119 180
-5.1376 -33.3971 -3.4216 31 119 180
-5.1228 -33.2162 -3.3648 31 119 180
-5.1244 -33.1194 -3.3596 31 119 180
-5.126 -33.0225 -3.3544 31 119 180
-5.0916 -32.7622 -3.2377 31 119 180
-5.1061 -32.8605 -3.2858 31 119 180
-5.0215 -32.2317 -2.9997 31 119 180
-5.0823 -32.6449 -3.2015 31 119 180
-5.0392 -32.3255 -3.056 31 119 180
-5.1276 -32.9256 -3.3492 31 119 180
-5.0042 -32.0069 -2.932 31 119 180
-5.0654 -32.3959 -3.1325 31 119 180
-5.1238 -32.7652 -3.3234 31 119 180
-4.9938 -31.8555 -2.8896 31 119 180
-5.03 -32.1015 -3.0098 31 119 180
-4.9537 -31.5559 -2.7538 31 119 180
-4.9454 -31.4726 -2.7236 31 119 180
-4.9729 -31.6595 -2.8149 31 119 180
-5.1467 -32.8401 -3.3916 31 119 180
-5.092 -32.442 -3.2077 31 119 180
-5.0606 -32.2014 -3.1007 31 119 180
-5.0751 -32.2998 -3.1487 31 119 180
-5.1084 -32.526 -3.2592 31 119 180
-4.9973 -31.7443 -2.8879 31 119 180
-5.0237 -31.8971 -2.9731 31 119 180
-5.0382 -31.9955 -3.0212 31 119 180
-5.1298 -32.5911 -3.3226 31 119 180
-4.9536 -31.3667 -2.735 31 119 180
-4.9873 -31.5687 -2.8443 31 119 180
-4.9761 -31.4658 -2.8045 31 119 180
-5.1078 -32.361 -3.2418 31 119 180
-5.0087 -31.6338 -2.9076 31 119 180
-5.029 -31.7715 -2.9749 31 119 180
-5.1307 -32.436 -3.31 31 119 180
-4.9745 -30.6749 -2.7234 247 182 210
-4.9648 -30.5818 -2.6885 247 182 210
-5.0141 -30.8096 -2.8419 247 182 210
-5.0077 -30.712 -2.8152 247 182 210
-5.0366 -30.9088 -2.9113 247 182 210
-4.9955 -30.575 -2.7694 247 182 210
-5.068 -30.9602 -2.9996 247 182 210
-5.0496 -30.8081 -2.9358 247 182 210
-4.6653 -37.0631 -2.778 255 187 120
-4.6933 -37.119 -2.8579 255 187 120
-4.6953 -36.998 -2.8514 255 187 120
-4.6832 -36.7543 -2.7956 255 187 120
-4.9307 -38.4366 -3.6173 31 119 180
-4.7068 -36.8875 -2.8711 255 187 120
-4.7131 -36.7959 -2.879 255 187 120
-4.9498 -38.3511 -3.6597 31 119 180
-4.9642 -38.4494 -3.7077 31 119 180
-4.9187 -38.0862 -3.5514 31 119 180
-4.701 -36.5522 -2.8231 255 187 120
-4.714 -36.6407 -2.8664 255 187 120
-4.9441 -38.205 -3.6304 31 119 180
-4.7092 -36.4462 -2.8345 255 187 120
-4.7009 -36.363 -2.8044 255 187 120
-4.9498 -38.0552 -3.6309 31 119 180
-4.9401 -37.9621 -3.596 31 119 180
-4.6938 -36.2071 -2.7704 255 187 120
-4.9417 -37.8652 -3.5908 31 119 180
-4.7167 -36.282 -2.8385 255 187 120
-4.9612 -37.7555 -3.6319 31 119 180
-4.7246 -36.0936 -2.8412 255 187 120
-4.7227 -35.9188 -2.819 255 187 120
-4.6902 -35.644 -2.7058 255 187 120
-4.9897 -37.6805 -3.7005 31 119 180
-4.7261 -35.8075 -2.8173 255 187 120
-4.9866 -37.5784 -3.6822 31 119 180
-4.7182 -35.7 -2.7858 255 187 120
-4.6992 -35.4897 -2.7146 255 187 120
-4.7107 -35.5684 -2.7531 255 187 120
-4.9857 -37.4376 -3.6661 31 119 180
-4.9979 -37.2787 -3.6832 31 119 180
-5.0241 -37.349 -3.7597 31 119 180
-5.0076 -37.1826 -3.6994 31 119 180
-5.0234 -37.1016 -3.7335 31 119 180
-5.0382 -37.1757 -3.7802 31 119 180
-5.0344 -37.0153 -3.7545 31 119 180
-5.0541 -37.0948 -3.8144 31 119 180
-5.074 -36.9608 -3.8542 38 38 38
-4.9717 -34.5693 -3.3492 31 119 180
-5.0296 -34.9629 -3.5414 31 119 180
-4.9898 -34.6389 -3.4042 31 119 180
-4.966 -34.4233 -3.3199 31 119 180
-4.9684 -34.278 -3.3121 31 119 180
-4.9605 -34.1705 -3.2806 31 119 180
-4.9588 -34.0782 -3.2671 31 119 180
-4.9571 -33.9858 -3.2536 31 119 180
-4.989 -34.2023 -3.3593 31 119 180
-4.9891 -34.0956 -3.3493 31 119 180
-4.9882 -33.9548 -3.3332 31 119 180
-4.9768 -33.7694 -3.2847 31 119 180
-4.9973 -33.6937 -3.3319 31 119 180
-5.0155 -33.7633 -3.387 31 119 180
-5.0102 -33.593 -3.3564 31 119 180
-5.0096 -33.2389 -3.3203 31 119 180
-5.0401 -33.3388 -3.4112 31 119 180
-4.9781 -32.809 -3.1945 31 119 180
-4.964 -32.6864 -3.1451 31 119 180
-5.0396 -33.1738 -3.3937 31 119 180
-5.0043 -32.8794 -3.271 31 119 180
-5.0297 -32.9982 -3.3501 31 119 180
-5.0445 -33.0724 -3.3968 31 119 180
-4.9364 -32.3103 -3.0351 31 119 180
-4.9711 -32.5464 -3.1504 31 119 180
-4.9965 -32.6652 -3.2295 31 119 180
-4.9669 -32.4102 -3.126 31 119 180
-4.9026 -31.919 -2.9071 31 119 180
-5.0328 -32.8045 -3.3396 31 119 180
-5.0502 -32.9225 -3.3973 31 119 180
-4.8523 -31.5505 -2.7377 31 119 180
-4.8668 -31.6489 -2.7857 31 119 180
-4.8914 -31.8161 -2.8674 31 119 180
-5.0061 -32.5691 -3.2457 31 119 180
-4.8387 -31.4037 -2.687 31 119 180
-4.885 -31.7185 -2.8408 31 119 180
-4.9588 -32.2202 -3.0858 31 119 180
-4.9968 -32.4518 -3.2095 31 119 180
-4.9437 -32.0636 -3.0304 31 119 180
-4.9784 -32.2997 -3.1457 31 119 180
-4.9217 -31.8335 -2.9496 31 119 180
-4.8468 -31.2977 -2.6984 31 119 180
-4.8859 -31.5633 -2.8281 31 119 180
-4.938 -31.9175 -3.0011 31 119 180
-4.8747 -31.4604 -2.7884 31 119 180
-4.9008 -31.6375 -2.8749 31 119 180
-4.9171 -31.7215 -2.9264 31 119 180
-4.9764 -32.1249 -3.1235 31 119 180
-4.8697 -31.3726 -2.7666 31 119 180
-4.9689 -31.9932 -3.0907 31 119 180
-4.8773 -31.2084 -2.7705 31 119 180
-4.9136 -31.0517 -2.8519 38 38 38
-4.9053 -30.9685 -2.8218 38 38 38
-4.8747 -30.6794 -2.7121 247 182 210
-4.9038 -30.7694 -2.7982 247 182 210
-4.9087 -30.668 -2.8013 247 182 210
-4.9034 -30.4978 -2.7708 247 182 210
-4.915 -30.5765 -2.8092 247 182 210
-4.9524 -30.7498 -2.9254 247 182 210
-4.9684 -30.2662 -2.9208 38 38 38
-4.5593 -37.1324 -2.7655 255 187 120
-4.5958 -37.1649 -2.8656 255 187 120
-4.5745 -36.9931 -2.7922 255 187 120
-4.5908 -37.0771 -2.8438 255 187 120
-4.603 -36.9182 -2.8609 255 187 120
-4.831 -38.4142 -3.6129 31 119 180
-4.6021 -36.7774 -2.8447 255 187 120
-4.5946 -36.6457 -2.8119 255 187 120
-4.8443 -38.2894 -3.6361 31 119 180
-4.8292 -38.1327 -3.5806 31 119 180
-4.6116 -36.4921 -2.8421 255 187 120
-4.859 -38.1743 -3.6641 31 119 180
-4.8472 -38.0131 -3.6169 31 119 180
-4.5919 -36.2234 -2.7635 255 187 120
-4.6148 -36.2984 -2.8317 255 187 120
-4.5904 -36.0244 -2.7399 255 187 120
-4.8588 -37.7959 -3.6265 31 119 180
-4.6186 -35.9737 -2.8099 255 187 120
-4.8845 -37.7013 -3.6856 31 119 180
-4.5912 -35.6801 -2.7085 255 187 120
-4.8694 -37.5447 -3.6301 31 119 180
-4.5885 -35.5537 -2.6889 255 187 120
-4.8941 -37.6052 -3.7017 31 119 180
-4.6225 -35.7315 -2.7968 255 187 120
-4.6341 -35.8102 -2.8353 255 187 120
-4.8885 -37.4591 -3.6725 31 119 180
-4.6184 -35.5953 -2.7724 255 187 120
-4.5999 -35.4432 -2.7086 255 187 120
-4.8975 -37.3048 -3.6813 31 119 180
-4.9123 -37.3789 -3.728 31 119 180
-4.9141 -37.1753 -3.7128 31 119 180
-4.9257 -37.254 -3.7512 31 119 180
-4.9361 -37.1095 -3.7648 31 119 180
-4.9585 -37.0194 -3.8155 31 119 180
-4.8572 -34.4729 -3.2975 31 119 180
-4.8956 -34.6802 -3.4199 31 119 180
-4.8771 -34.3389 -3.3373 31 119 180
-4.8747 -34.1883 -3.3164 31 119 180
-4.8582 -34.0218 -3.2561 31 119 180
-4.9013 -34.2344 -3.3916 31 119 180
-4.8844 -34.0922 -3.3326 31 119 180
-4.8634 -33.8962 -3.2579 31 119 180
-4.8801 -33.7668 -3.2894 31 119 180
-4.9014 -33.6426 -3.334 31 119 180
-4.9188 -33.7607 -3.3917 31 119 180
-4.9298 -33.6744 -3.4127 31 119 180
-4.897 -33.4239 -3.3008 31 119 180
-4.9223 -33.5427 -3.3799 31 119 180
-4.9132 -33.3187 -3.3336 31 119 180
-4.9159 -33.1492 -3.3245 31 119 180
-4.9453 -33.3217 -3.4193 31 119 180
-4.9388 -33.2241 -3.3926 31 119 180
-4.9146 -33.0326 -3.3096 31 119 180
-4.8902 -32.7587 -3.2179 31 119 180
-4.946 -33.0841 -3.3979 31 119 180
-4.9182 -32.8147 -3.2978 31 119 180
-4.9341 -32.9229 -3.3507 31 119 180
-4.7928 -31.9346 -2.8784 31 119 180
-4.8423 -32.2449 -3.0405 31 119 180
-4.9031 -32.658 -3.2424 31 119 180
-4.7805 -31.7976 -2.8325 31 119 180
-4.8702 -32.4076 -3.1305 31 119 180
-4.8218 -32.0246 -2.9645 31 119 180
-4.8363 -32.123 -3.0125 31 119 180
-4.9047 -32.5612 -3.2371 31 119 180
-4.8038 -31.8483 -2.8994 31 119 180
-4.8722 -32.2865 -3.124 31 119 180
-4.8983 -32.4636 -3.2105 31 119 180
-4.9334 -32.6754 -3.3245 31 119 180
-4.7428 -31.3527 -2.6888 31 119 180
-4.762 -31.4563 -2.7499 31 119 180
-4.8315 -31.9285 -2.9807 31 119 180
-4.8666 -32.1404 -3.0947 31 119 180
-4.7845 -31.5555 -2.8194 31 119 180
-4.799 -31.6538 -2.8675 31 119 180
-4.854 -32.0277 -3.0501 31 119 180
-4.9364 -32.5884 -3.3241 31 119 180
-4.9079 -32.3674 -3.2267 31 119 180
-4.9351 -32.4719 -3.3093 31 119 180
-4.7594 -31.2232 -2.7203 31 119 180
-4.7797 -31.361 -2.7876 31 119 180
-4.7457 -31.0764 -2.6696 31 119 180
-4.8007 -31.4503 -2.8522 31 119 180
-4.8369 -31.6962 -2.9724 31 119 180
-4.8156 -31.5244 -2.899 31 119 180
-4.8272 -31.6031 -2.9374 31 119 180
-4.7705 -31.137 -2.7413 31 119 180
-4.8131 -30.6995 -2.8117 247 182 210
-4.8016 -30.5141 -2.7632 247 182 210
-4.8147 -30.6026 -2.8065 247 182 210
-4.8429 -30.7411 -2.8952 247 182 210
-4.8117 -30.3938 -2.7781 247 182 210
-4.8371 -30.5126 -2.8572 247 182 210
-4.8434 -30.421 -2.8651 247 182 210
-4.8532 -30.2182 -2.8713 247 182 210
-4.4753 -37.1479 -2.8032 255 187 120
-4.4968 -37.213 -2.8666 255 187 120
-4.4796 -36.9882 -2.7988 255 187 120
-4.501 -37.0533 -2.8622 255 187 120
-4.4954 -36.9072 -2.833 255 187 120
-4.7342 -38.4237 -3.616 31 119 180
-4.5116 -36.802 -2.8658 255 187 120
-4.7372 -38.3367 -3.6156 31 119 180
-4.7608 -38.4699 -3.6912 31 119 180
-4.4922 -36.6159 -2.7958 255 187 120
-4.5103 -36.6855 -2.8509 255 187 120
-4.7415 -38.177 -3.6112 31 119 180
-4.5113 -36.5303 -2.8383 255 187 120
-4.7377 -38.0166 -3.5855 31 119 180
-4.7746 -38.2141 -3.703 31 119 180
-4.5068 -36.3116 -2.8051 255 187 120
-4.7715 -38.1119 -3.6847 31 119 180
-4.7419 -37.8569 -3.5811 31 119 180
-4.4958 -36.102 -2.7553 255 187 120
-4.7667 -37.9174 -3.6528 31 119 180
-4.5202 -36.1867 -2.8283 255 187 120
-4.7516 -37.7608 -3.5973 31 119 180
-4.773 -37.8258 -3.6607 31 119 180
-4.5226 -36.0414 -2.8204 255 187 120
-4.7645 -37.6601 -3.6218 31 119 180
-4.7859 -37.7252 -3.6852 31 119 180
-4.7735 -37.5057 -3.6306 31 119 180
-4.5323 -35.8386 -2.8266 255 187 120
-4.7941 -37.6192 -3.6966 31 119 180
-4.4945 -35.5003 -2.6929 255 187 120
-4.5242 -35.6487 -2.7864 255 187 120
-4.5277 -35.5374 -2.7847 255 187 120
-4.8086 -37.4217 -3.7158 31 119 180
-4.5206 -35.3815 -2.7506 255 187 120
-4.804 -37.3097 -3.6927 31 119 180
-4.8155 -37.1992 -3.7124 31 119 180
-4.8365 -37.0993 -3.7583 31 119 180
-4.8612 -37.1598 -3.83 31 119 180
-4.8632 -37.0387 -3.8234 31 119 180
-4.7821 -34.5474 -3.364 31 119 180
-4.8368 -34.8387 -3.538 38 38 38
-4.775 -34.3915 -3.33 31 119 180
-4.7792 -34.2318 -3.3256 31 119 180
-4.7721 -34.0759 -3.2915 31 119 180
-4.8087 -34.2976 -3.4104 31 119 180
-4.7789 -33.9601 -3.2981 31 119 180
-4.8078 -34.1569 -3.3943 31 119 180
-4.7685 -33.8088 -3.2558 31 119 180
-4.8003 -34.0252 -3.3615 31 119 180
-4.7643 -33.6726 -3.2313 31 119 180
-4.7984 -33.8504 -3.3392 31 119 180
-4.7962 -33.5931 -3.3082 31 119 180
-4.7982 -33.472 -3.3017 31 119 180
-4.8215 -33.5227 -3.3686 31 119 180
-4.8086 -33.3274 -3.3153 31 119 180
-4.8348 -33.3978 -3.3918 31 119 180
-4.8108 -33.0996 -3.2987 31 119 180
-4.8376 -33.2283 -3.3826 31 119 180
-4.8392 -33.1314 -3.3774 31 119 180
-4.7948 -32.8022 -3.2271 31 119 180
-4.8096 -32.8764 -3.2738 31 119 180
-4.8307 -32.9657 -3.3385 31 119 180
-4.8536 -33.0406 -3.4067 31 119 180
-4.8139 -32.7167 -3.2695 31 119 180
-4.8254 -32.7954 -3.3079 31 119 180
-4.8469 -32.8605 -3.3713 31 119 180
-4.6377 -31.3031 -2.663 31 119 180
-4.7693 -32.1983 -3.1004 31 119 180
-4.7947 -32.3171 -3.1795 31 119 180
-4.8139 -32.4208 -3.2407 31 119 180
-4.84 -32.5979 -3.3272 31 119 180
-4.6408 -31.2161 -2.6626 31 119 180
-4.6701 -31.3886 -2.7574 31 119 180
-4.693 -31.4635 -2.8256 31 119 180
-4.6717 -31.2917 -2.7522 31 119 180
-4.808 -32.1923 -3.2027 31 119 180
-4.8456 -32.448 -3.3277 31 119 180
-4.794 -32.0697 -3.1533 31 119 180
-4.7322 -31.6224 -2.9453 31 119 180
-4.8439 -32.3557 -3.3141 31 119 180
-4.7547 -31.7216 -3.0148 31 119 180
-4.6726 -31.1366 -2.7395 31 119 180
-4.7059 -31.3629 -2.8501 31 119 180
-4.8766 -32.5237 -3.4173 31 119 180
-4.7313 -31.4817 -2.9292 31 119 180
-4.7852 -31.8214 -3.1057 31 119 180
-4.7629 -31.6156 -3.0262 31 119 180
-4.8786 -32.4026 -3.4107 31 119 180
-4.8128 -31.9016 -3.187 31 119 180
-4.7872 -31.7004 -3.0992 31 119 180
-4.8353 -32.0008 -3.2565 31 119 180
-4.8105 -31.751 -3.1661 31 119 180
-4.8352 -31.8116 -3.2377 31 119 180
-4.8482 -31.9001 -3.281 31 119 180
-4.7304 -30.5599 -2.8367 247 182 210
-4.7192 -30.457 -2.7969 247 182 210
-4.7572 -30.6885 -2.9206 247 182 210
-4.7307 -30.3465 -2.8166 247 182 210
-4.7669 -30.5924 -2.9368 247 182 210
-4.7557 -30.4895 -2.897 247 182 210
-4.7356 -30.2451 -2.8197 247 182 210
-4.7639 -30.3835 -2.9084 247 182 210
-4.7673 -30.2723 -2.9067 247 182 210
-4.3876 -37.2559 -2.8338 255 187 120
-4.398 -37.1113 -2.8474 255 187 120
-4.4096 -37.19 -2.8858 255 187 120
-4.3987 -36.8737 -2.826 255 187 120
-4.4131 -36.9721 -2.8741 255 187 120
-4.6291 -38.4137 -3.5889 31 119 180
-4.6344 -38.2881 -3.5907 31 119 180
-4.4109 -36.7148 -2.8431 255 187 120
-4.6641 -38.4364 -3.6842 31 119 180
-4.6591 -38.3486 -3.6624 31 119 180
-4.644 -38.1919 -3.6069 31 119 180
-4.4115 -36.5839 -2.8318 255 187 120
-4.6702 -38.2623 -3.6834 31 119 180
-4.4164 -36.4824 -2.8348 255 187 120
-4.6511 -38.0519 -3.6122 31 119 180
-4.6777 -38.0981 -3.6873 31 119 180
-4.6564 -37.9263 -3.6139 31 119 180
-4.434 -36.3871 -2.8725 255 187 120
-4.4243 -36.294 -2.8375 255 187 120
-4.4179 -36.1964 -2.8109 255 187 120
-4.6812 -37.9868 -3.6856 31 119 180
-4.657 -37.7954 -3.6026 31 119 180
-4.4194 -36.0995 -2.8056 255 187 120
-4.6901 -37.8325 -3.6944 31 119 180
-4.6884 -37.7401 -3.6809 31 119 180
-4.6787 -37.647 -3.6459 31 119 180
-4.4263 -35.877 -2.8022 255 187 120
-4.4137 -35.7642 -2.7576 255 187 120
-4.6836 -37.5456 -3.649 31 119 180
-4.3969 -35.5153 -2.6886 255 187 120
-4.4219 -35.6583 -2.769 255 187 120
-4.7138 -37.563 -3.7312 31 119 180
-4.3974 -35.3843 -2.6773 255 187 120
-4.7027 -37.4601 -3.6914 31 119 180
-4.4279 -35.4842 -2.7682 255 187 120
-4.4045 -35.2443 -2.6826 255 187 120
-4.7236 -37.3602 -3.7373 31 119 180
-4.7128 -37.2331 -3.6963 31 119 180
-4.7538 -37.1884 -3.8007 31 119 180
-4.8005 -37.1831 -3.9245 31 119 180
-4.6851 -34.5139 -3.3572 31 119 180
-4.6715 -34.3671 -3.3065 31 119 180
-4.7089 -34.2445 -3.394 31 119 180
-4.7028 -34.1226 -3.366 31 119 180
-4.678 -33.8729 -3.2756 31 119 180
-4.7048 -34.0015 -3.3595 31 119 180
-4.7083 -33.8903 -3.3578 31 119 180
-4.6917 -33.7238 -3.2975 31 119 180
-4.7087 -33.5702 -3.3277 31 119 180
-4.6946 -33.4476 -3.2783 31 119 180
-4.7353 -33.6163 -3.4029 31 119 180
-4.7307 -33.5043 -3.3797 31 119 180
-4.7246 -33.3825 -3.3518 31 119 180
-4.712 -33.2697 -3.3072 31 119 180
-4.7012 -33.1426 -3.2662 31 119 180
-4.6915 -33.0495 -3.2312 31 119 180
-4.7015 -32.9292 -3.2461 31 119 180
-4.6918 -32.8361 -3.2112 31 119 180
-4.741 -33.1706 -3.3746 31 119 180
-4.7226 -33.0185 -3.3108 31 119 180
-4.6901 -32.7438 -3.1976 31 119 180
-4.5677 -31.7766 -2.7778 31 119 180
-4.7326 -32.8981 -3.3257 31 119 180
-4.7229 -32.805 -3.2907 31 119 180
-4.5982 -31.8765 -2.8687 31 119 180
-4.6713 -32.32 -3.1064 31 119 180
-4.5781 -31.6321 -2.7913 31 119 180
-4.6258 -31.9567 -2.9499 31 119 180
-4.6971 -32.4146 -3.1841 31 119 180
-4.5673 -31.5049 -2.7503 31 119 180
-4.5977 -31.7115 -2.8512 31 119 180
-4.6502 -32.0415 -3.0229 31 119 180
-4.6173 -31.791 -2.9111 31 119 180
-4.6737 -32.1747 -3.0985 31 119 180
-4.5555 -31.3437 -2.7031 31 119 180
-4.6355 -31.8606 -2.9661 31 119 180
-4.7082 -32.3283 -3.2051 31 119 180
-4.7313 -32.4857 -3.282 31 119 180
-4.6999 -32.245 -3.175 31 119 180
-4.6598 -31.9454 -3.0391 31 119 180
-4.5879 -31.4293 -2.7975 31 119 180
-4.6038 -31.5375 -2.8504 31 119 180
-4.5713 -31.2628 -2.7372 31 119 180
-4.6841 -32.0301 -3.1121 31 119 180
-4.7019 -32.1239 -3.1685 31 119 180
-4.741 -32.3896 -3.2982 31 119 180
-4.5927 -31.3278 -2.8006 31 119 180
-4.7769 -32.553 -3.4097 31 119 180
-4.5784 -31.1228 -2.7425 31 119 180
-4.7752 -32.4607 -3.3961 31 119 180
-4.58 -31.0259 -2.7373 31 119 180
-4.6095 -31.0917 -2.8221 31 119 180
-4.6168 -30.5491 -2.7885 247 182 210
-4.6151 -30.4568 -2.775 247 182 210
-4.6525 -30.63 -2.8912 247 182 210
-4.6464 -30.5082 -2.8633 247 182 210
-4.6871 -30.677 -2.9878 247 182 210
-4.6457 -30.2607 -2.8371 247 182 210
-4.6774 -30.288 -2.9241 247 182 210
-4.2802 -37.3948 -2.8071 255 187 120
-4.2723 -37.2874 -2.7756 255 187 120
-4.3042 -37.2079 -2.8526 255 187 120
-4.2896 -36.9203 -2.7858 255 187 120
-4.307 -37.0384 -2.8434 255 187 120
-4.5352 -38.4278 -3.5853 31 119 180
-4.2911 -36.6342 -2.7618 255 187 120
-4.3186 -36.8212 -2.8531 255 187 120
-4.565 -38.4694 -3.6688 31 119 180
-4.3144 -36.6849 -2.8287 255 187 120
-4.5561 -38.3279 -3.6312 31 119 180
-4.5449 -38.2249 -3.5915 31 119 180
-4.3219 -36.5207 -2.8326 255 187 120
-4.2991 -36.3391 -2.7544 255 187 120
-4.5601 -38.0857 -3.6182 31 119 180
-4.3224 -36.3898 -2.8213 255 187 120
-4.583 -38.1606 -3.6863 31 119 180
-4.5621 -37.9646 -3.6116 31 119 180
-4.3211 -36.2732 -2.8065 255 187 120
-4.5886 -38.0108 -3.6868 31 119 180
-4.5673 -37.839 -3.6134 31 119 180
-4.326 -36.1718 -2.8096 255 187 120
-4.5968 -37.9048 -3.6982 31 119 180
-4.5773 -37.7186 -3.6283 31 119 180
-4.5984 -37.8079 -3.693 31 119 180
-4.3362 -35.9448 -2.8144 255 187 120
-4.3119 -35.7533 -2.7314 255 187 120
-4.3363 -35.8381 -2.8044 255 187 120
-4.6113 -37.7073 -3.7175 31 119 180
-4.598 -37.5362 -3.6655 31 119 180
-4.3137 -35.5497 -2.7162 255 187 120
-4.3267 -35.6383 -2.7594 255 187 120
-4.6176 -37.6157 -3.7254 31 119 180
-4.6044 -37.4447 -3.6734 31 119 180
-4.2896 -35.2516 -2.6231 255 187 120
-4.6324 -37.5007 -3.7534 31 119 180
-4.6154 -37.3584 -3.6944 31 119 180
-4.3176 -35.3076 -2.7031 255 187 120
-4.3336 -35.4158 -2.756 255 187 120
-4.6457 -37.3758 -3.7766 31 119 180
-4.6553 -37.2797 -3.7928 31 119 180
-4.6001 -34.5628 -3.3813 31 119 180
-4.5868 -34.3917 -3.3293 31 119 180
-4.6092 -34.3017 -3.38 31 119 180
-4.6145 -34.176 -3.3818 31 119 180
-4.5758 -33.8862 -3.2507 31 119 180
-4.5735 -33.7356 -3.2298 31 119 180
-4.5831 -33.6395 -3.246 31 119 180
-4.588 -33.5381 -3.2491 31 119 180
-4.5918 -33.4026 -3.2461 31 119 180
-4.608 -33.2974 -3.2789 31 119 180
-4.6104 -33.1521 -3.271 31 119 180
-4.6109 -33.0212 -3.2597 31 119 180
-4.6403 -33.1937 -3.3545 31 119 180
-4.6371 -33.0915 -3.3362 31 119 180
-4.6104 -32.8562 -3.2423 31 119 180
-4.6267 -32.9402 -3.2938 31 119 180
-4.4582 -31.7407 -2.7289 31 119 180
-4.4898 -31.8747 -2.8259 31 119 180
-4.6295 -32.7707 -3.2847 31 119 180
-4.6411 -32.8494 -3.3231 31 119 180
-4.4663 -31.6348 -2.7403 31 119 180
-4.6589 -32.9432 -3.3795 31 119 180
-4.5728 -32.3045 -3.0885 31 119 180
-4.494 -31.715 -2.8216 31 119 180
-4.5924 -32.384 -3.1484 31 119 180
-4.5277 -31.917 -2.9308 31 119 180
-4.5136 -31.7944 -2.8815 31 119 180
-4.5715 -32.188 -3.0737 31 119 180
-4.4714 -31.4267 -2.7334 31 119 180
-4.4858 -31.525 -2.7814 31 119 180
-4.5021 -31.609 -2.833 31 119 180
-4.6281 -32.4649 -3.2511 31 119 180
-4.4635 -31.3192 -2.7019 31 119 180
-4.5995 -32.244 -3.1537 31 119 180
-4.622 -32.3431 -3.2232 31 119 180
-4.5501 -31.827 -2.9816 31 119 180
-4.6026 -32.1569 -3.1533 31 119 180
-4.5016 -31.4441 -2.8156 31 119 180
-4.5841 -32.0048 -3.0895 31 119 180
-4.6565 -32.4967 -3.3298 31 119 180
-4.5744 -31.9117 -3.0545 31 119 180
-4.4952 -31.3464 -2.7889 31 119 180
-4.484 -31.2435 -2.7492 31 119 180
-4.6505 -32.3749 -3.3018 31 119 180
-4.6089 -32.0653 -3.1612 31 119 180
-4.6864 -32.5383 -3.4132 31 119 180
-4.6785 -32.4309 -3.3818 31 119 180
-4.513 -30.5525 -2.759 247 182 210
-4.5453 -30.7448 -2.8634 247 182 210
-4.5374 -30.6373 -2.8319 247 182 210
-4.5132 -30.4458 -2.7489 247 182 210
-4.5923 -30.8219 -2.9958 247 182 210
-4.5844 -30.7145 -2.9644 247 182 210
-4.1767 -37.3807 -2.789 255 187 120
-4.1897 -37.4692 -2.8322 255 187 120
-4.2071 -37.2914 -2.8611 255 187 120
-4.219 -37.1567 -2.8795 255 187 120
-4.2206 -37.0598 -2.8743 255 187 120
-4.2221 -36.9629 -2.8691 255 187 120
-4.195 -36.7518 -2.7765 255 187 120
-4.2095 -36.8502 -2.8245 255 187 120
-4.1933 -36.6595 -2.7629 255 187 120
-4.4481 -38.3909 -3.6088 31 119 180
-4.4794 -38.4423 -3.6971 31 119 180
-4.2236 -36.6768 -2.8451 255 187 120
-4.4643 -38.2857 -3.6416 31 119 180
-4.219 -36.5648 -2.822 255 187 120
-4.4564 -38.1782 -3.6102 31 119 180
-4.4848 -38.21 -3.6888 31 119 180
-4.4749 -38.0344 -3.6452 31 119 180
-4.4879 -38.123 -3.6884 31 119 180
-4.2295 -36.3136 -2.8255 255 187 120
-4.2264 -36.2114 -2.8072 255 187 120
-4.4797 -37.933 -3.6482 31 119 180
-4.2306 -36.0517 -2.8028 255 187 120
-4.4941 -37.8422 -3.6775 31 119 180
-4.2126 -35.8754 -2.7377 255 187 120
-4.2355 -35.9503 -2.8059 255 187 120
-4.499 -37.7408 -3.6806 31 119 180
-4.5053 -37.6492 -3.6885 31 119 180
-4.2411 -35.8005 -2.8064 255 187 120
-4.53 -37.7097 -3.7602 31 119 180
-4.2322 -35.659 -2.7688 255 187 120
-4.2305 -35.5666 -2.7553 255 187 120
-4.5334 -37.5985 -3.7585 31 119 180
-4.5165 -37.4562 -3.6995 31 119 180
-4.2325 -35.4455 -2.7488 255 187 120
-4.5431 -37.5024 -3.7747 31 119 180
-4.2177 -35.2647 -2.692 255 187 120
-4.2308 -35.3532 -2.7352 255 187 120
-4.5465 -37.3911 -3.7729 31 119 180
-4.2226 -35.1633 -2.6951 255 187 120
-4.51 -34.5062 -3.3951 31 119 180
-4.5242 -34.2262 -3.4056 31 119 180
-4.5124 -34.065 -3.3584 31 119 180
-4.5104 -33.8902 -3.3362 31 119 180
-4.4927 -33.5004 -3.251 31 119 180
-4.4757 -33.3582 -3.1921 31 119 180
-4.5344 -33.7033 -3.3817 31 119 180
-4.5217 -33.5905 -3.3371 31 119 180
-4.5023 -33.4043 -3.2672 31 119 180
-4.516 -33.2552 -3.2891 31 119 180
-4.5095 -33.1576 -3.2625 31 119 180
-4.5086 -33.0168 -3.2463 31 119 180
-4.5379 -33.1894 -3.3412 31 119 180
-4.5348 -33.0872 -3.3228 31 119 180
-4.5048 -32.8564 -3.2206 31 119 180
-4.5035 -32.7399 -3.2058 31 119 180
-4.5423 -32.923 -3.3268 31 119 180
-4.5315 -32.7959 -3.2857 31 119 180
-4.3799 -31.7387 -2.7798 31 119 180
-4.3915 -31.8174 -2.8182 31 119 180
-4.3641 -31.5238 -2.7169 31 119 180
-4.476 -32.257 -3.0857 31 119 180
-4.4876 -32.3357 -3.1241 31 119 180
-4.5314 -32.6067 -3.267 31 119 180
-4.3957 -31.6577 -2.8139 31 119 180
-4.429 -31.884 -2.9245 31 119 180
-4.471 -32.1693 -3.0638 31 119 180
-4.5173 -32.4841 -3.2176 31 119 180
-4.3628 -31.4072 -2.7021 31 119 180
-4.412 -31.7417 -2.8655 31 119 180
-4.5547 -32.6573 -3.3339 31 119 180
-4.473 -32.0482 -3.0573 31 119 180
-4.3923 -31.473 -2.7869 31 119 180
-4.5182 -32.3289 -3.205 31 119 180
-4.3681 -31.2816 -2.7038 31 119 180
-4.4086 -31.557 -2.8384 31 119 180
-4.4433 -31.7931 -2.9538 31 119 180
-4.4651 -31.9407 -3.0259 31 119 180
-4.507 -32.226 -3.1652 31 119 180
-4.502 -32.1382 -3.1434 31 119 180
-4.5411 -32.4038 -3.2732 31 119 180
-4.5614 -32.5416 -3.3404 31 119 180
-4.3986 -31.3815 -2.7947 31 119 180
-4.5051 -32.0512 -3.143 31 119 180
-4.4968 -31.9679 -3.1128 31 119 180
-4.3798 -30.6618 -2.6747 247 182 210
-4.4027 -30.7367 -2.7429 247 182 210
-4.4344 -30.7639 -2.8299 247 182 210
-4.4117 -30.5823 -2.7517 247 182 210
-4.4346 -30.6572 -2.8198 247 182 210
-4.4626 -30.7132 -2.8998 247 182 210
-4.4858 -30.8706 -2.9767 247 182 210
-4.4808 -30.7828 -2.9549 247 182 210
-4.4302 -30.3318 -2.7766 38 38 38
-4.4595 -30.3151 -2.8527 38 38 38
-4.0769 -37.4589 -2.7855 255 187 120
-4.0885 -37.5376 -2.824 255 187 120
-4.0803 -37.3476 -2.7838 255 187 120
-4.1036 -37.3983 -2.8507 255 187 120
-4.094 -37.1985 -2.8057 255 187 120
-4.1085 -37.2969 -2.8538 255 187 120
-4.0909 -37.0964 -2.7874 255 187 120
-4.1009 -36.976 -2.8023 255 187 120
-4.1223 -37.0411 -2.8656 255 187 120
-4.1069 -36.802 -2.8014 255 187 120
-4.1214 -36.9003 -2.8495 255 187 120
-4.3539 -38.4259 -3.6158 31 119 180
-4.1136 -36.6862 -2.808 255 187 120
-4.3628 -38.2715 -3.6246 31 119 180
-4.3889 -38.4486 -3.7111 31 119 180
-4.381 -38.3412 -3.6796 31 119 180
-4.1288 -36.5469 -2.8347 255 187 120
-4.1111 -36.3464 -2.7683 255 187 120
-4.1271 -36.4546 -2.8212 255 187 120
-4.3939 -38.2405 -3.7041 31 119 180
-4.386 -38.133 -3.6727 31 119 180
-4.3748 -38.0301 -3.633 31 119 180
-4.135 -36.2661 -2.8239 255 187 120
-4.1285 -36.1685 -2.7972 255 187 120
-4.3885 -37.881 -3.6548 31 119 180
-4.411 -37.9802 -3.7243 31 119 180
-4.1309 -36.0232 -2.7894 255 187 120
-4.4 -37.7705 -3.6745 31 119 180
-4.1391 -35.9172 -2.8008 255 187 120
-4.4247 -37.8311 -3.7462 31 119 180
-4.4114 -37.66 -3.6942 31 119 180
-4.4343 -37.7349 -3.7624 31 119 180
-4.4439 -37.6388 -3.7786 31 119 180
-4.4357 -37.5556 -3.7485 31 119 180
-4.1291 -35.4458 -2.7283 255 187 120
-4.1468 -35.5396 -2.7847 255 187 120
-4.1114 -35.2452 -2.662 255 187 120
-4.1064 -35.1574 -2.6401 255 187 120
-4.1329 -35.3103 -2.7253 255 187 120
-4.4566 -37.4557 -3.7944 31 119 180
-4.1284 -35.0916 -2.6922 255 187 120
-4.4173 -34.4444 -3.397 31 119 180
-4.4306 -34.3195 -3.4202 31 119 180
-4.422 -34.1538 -3.3813 38 38 38
-4.3979 -33.8556 -3.2883 31 119 180
-4.4095 -33.9343 -3.3267 31 119 180
-4.4061 -33.7497 -3.2997 31 119 180
-4.419 -33.649 -3.3242 31 119 180
-4.4093 -33.5559 -3.2892 31 119 180
-4.3974 -33.3947 -3.242 31 119 180
-4.4041 -33.2789 -3.2486 31 119 180
-4.4141 -33.1586 -3.2635 31 119 180
-4.411 -33.0564 -3.2452 31 119 180
-4.4394 -33.0882 -3.3239 31 119 180
-4.4286 -32.9611 -3.2828 31 119 180
-4.4335 -32.8597 -3.2859 31 119 180
-4.4282 -32.6894 -3.2553 31 119 180
-4.4526 -32.7741 -3.3283 31 119 180
-4.3589 -32.1105 -3.0146 31 119 180
-4.3839 -32.2535 -3.095 31 119 180
-4.4172 -32.4797 -3.2056 31 119 180
-4.4288 -32.5584 -3.244 31 119 180
-4.293 -31.6095 -2.791 31 119 180
-4.4002 -32.3375 -3.1466 31 119 180
-4.2833 -31.5164 -2.756 31 119 180
-4.3571 -32.0181 -3.0011 31 119 180
-4.3887 -32.1521 -3.0981 31 119 180
-4.4597 -32.6341 -3.3336 31 119 180
-4.2863 -31.4294 -2.7556 31 119 180
-4.433 -32.3988 -3.2397 31 119 180
-4.3306 -31.6761 -2.8972 31 119 180
-4.387 -32.0597 -3.0846 31 119 180
-4.3657 -31.888 -3.0112 31 119 180
-4.4555 -32.4979 -3.3092 31 119 180
-4.3154 -31.5194 -2.8417 31 119 180
-4.424 -32.2572 -3.2021 31 119 180
-4.3872 -31.953 -3.0746 31 119 180
-4.2978 -31.3189 -2.7753 31 119 180
-4.3562 -31.5815 -2.9562 31 119 180
-4.3063 -31.1887 -2.7854 31 119 180
-4.4144 -31.7615 -3.1284 38 38 38
-4.4063 -31.5716 -3.0882 38 38 38
-4.2807 -30.6915 -2.6688 247 182 210
-4.4255 -31.6753 -3.1494 38 38 38
-4.4225 -31.4664 -3.121 38 38 38
-4.2954 -30.5765 -2.6968 247 182 210
-4.3161 -30.69 -2.7628 247 182 210
-4.3357 -30.7694 -2.8226 247 182 210
-4.3637 -30.8254 -2.9026 247 182 210
-4.3515 -30.6884 -2.8568 247 182 210
-4.3748 -30.7391 -2.9236 247 182 210
-4.3361 -30.4493 -2.7926 247 182 210
-4.3969 -30.8625 -2.9944 247 182 210
-3.9831 -37.5788 -2.8129 255 187 120
-3.9742 -37.4373 -2.7754 255 187 120
-4.0042 -37.3722 -2.8488 255 187 120
-4.0138 -37.2761 -2.865 255 187 120
-4.0055 -37.1928 -2.8349 255 187 120
-4.0166 -37.1066 -2.8559 255 187 120
-4.0116 -37.0188 -2.8341 255 187 120
-4.0274 -36.9378 -2.8682 255 187 120
-4.0209 -36.8402 -2.8416 255 187 120
-4.0145 -36.7425 -2.8149 255 187 120
-4.2711 -38.4596 -3.6642 31 119 180
-4.2717 -38.3287 -3.6528 31 119 180
-4.0249 -36.598 -2.8285 255 187 120
-4.0108 -36.4754 -2.7792 255 187 120
-4.295 -38.3794 -3.7197 31 119 180
-4.2843 -38.1456 -3.6686 31 119 180
-4.3031 -38.2735 -3.7311 31 119 180
-4.0365 -36.3808 -2.8382 255 187 120
-4.0399 -36.2695 -2.8365 255 187 120
-4.0335 -36.1719 -2.8098 255 187 120
-4.2984 -37.9723 -3.6892 31 119 180
-4.3213 -38.0472 -3.7574 31 119 180
-4.0336 -36.0652 -2.7998 255 187 120
-4.3099 -37.8618 -3.7089 31 119 180
-4.04 -35.9736 -2.8077 255 187 120
-4.0317 -35.8904 -2.7776 255 187 120
-4.3332 -37.9125 -3.7758 31 119 180
-4.3195 -37.7656 -3.7251 31 119 180
-4.0431 -35.7799 -2.7973 255 187 120
-4.3182 -37.6491 -3.7103 31 119 180
-4.3461 -37.8118 -3.8003 31 119 180
-4.043 -35.5907 -2.7785 255 187 120
-4.3522 -37.6377 -3.7995 31 119 180
-4.3381 -37.5151 -3.7501 31 119 180
-4.0349 -35.4007 -2.7384 255 187 120
-4.0266 -35.3175 -2.7082 255 187 120
-4.0329 -35.2259 -2.7161 255 187 120
-4.0258 -35.07 -2.6821 255 187 120
-4.0226 -34.9678 -2.6638 255 187 120
-4.3073 -34.1845 -3.3441 31 119 180
-4.3321 -34.245 -3.4158 31 119 180
-4.2775 -33.8469 -3.2319 31 119 180
-4.3033 -33.9415 -3.3097 31 119 180
-4.3235 -34.0793 -3.3769 31 119 180
-4.3096 -33.85 -3.3176 31 119 180
-4.3079 -33.7576 -3.304 31 119 180
-4.3099 -33.6365 -3.2975 31 119 180
-4.279 -33.265 -3.1792 31 119 180
-4.2905 -33.3437 -3.2176 31 119 180
-4.2649 -33.1424 -3.1298 31 119 180
-4.3424 -33.6153 -3.3819 31 119 180
-4.3341 -33.5321 -3.3518 31 119 180
-4.319 -33.3754 -3.2963 31 119 180
-4.2933 -33.1741 -3.2085 31 119 180
-4.3371 -33.4451 -3.3513 31 119 180
-4.3144 -33.2634 -3.2732 31 119 180
-4.3033 -33.0538 -3.2234 31 119 180
-4.2991 -32.9176 -3.1989 31 119 180
-4.3257 -32.9637 -3.2741 31 119 180
-4.3052 -32.7435 -3.1981 31 119 180
-4.3328 -32.8237 -3.2794 31 119 180
-4.3105 -32.6179 -3.1999 31 119 180
-4.1495 -31.4434 -2.6578 38 38 38
-4.3319 -32.683 -3.2633 31 119 180
-4.1875 -31.6749 -2.7814 31 119 180
-4.2357 -31.9754 -2.9387 31 119 180
-4.1797 -31.5675 -2.75 31 119 180
-4.2539 -32.045 -2.9938 31 119 180
-4.2688 -32.1192 -3.0405 31 119 180
-4.2832 -32.2175 -3.0886 31 119 180
-4.301 -32.3114 -3.1449 31 119 180
-4.3314 -32.518 -3.2458 31 119 180
-4.2189 -31.7264 -2.8697 31 119 180
-4.3202 -32.4151 -3.2061 31 119 180
-4.2128 -31.6046 -2.8418 31 119 180
-4.1973 -31.4721 -2.7876 31 119 180
-4.2494 -31.8263 -2.9606 31 119 180
-4.2624 -31.9148 -3.0038 31 119 180
-4.1658 -31.2315 -2.6806 31 119 180
-4.1865 -31.345 -2.7466 31 119 180
-4.2864 -32.0238 -3.0781 31 119 180
-4.3023 -32.132 -3.131 31 119 180
-4.3201 -32.2259 -3.1873 31 119 180
-4.3364 -32.3099 -3.2389 31 119 180
-4.1711 -31.1058 -2.6824 31 119 180
-4.1976 -31.2587 -2.7676 31 119 180
-4.1959 -31.1664 -2.754 31 119 180
-4.1931 -30.7441 -2.7056 247 182 210
-4.208 -30.8182 -2.7524 247 182 210
-4.2257 -30.7229 -2.79 247 182 210
-4.2405 -30.797 -2.8368 247 182 210
-4.2415 -30.6419 -2.8241 247 182 210
-4.2369 -30.5299 -2.801 247 182 210
-4.2232 -30.3831 -2.7503 247 182 210
-4.2746 -30.679 -2.9159 247 182 210
-4.2512 -30.4391 -2.8303 247 182 210
-3.7844 -37.6373 -2.7989 255 187 120
-3.7813 -37.5351 -2.7806 255 187 120
-3.7771 -37.3989 -2.7561 255 187 120
-3.8073 -37.4163 -2.8383 255 187 120
-3.7977 -37.2165 -2.7933 255 187 120
-3.8206 -37.2914 -2.8615 255 187 120
-3.7976 -37.0273 -2.7746 255 187 120
-3.8238 -37.0977 -2.8511 255 187 120
-3.8287 -36.9963 -2.8542 255 187 120
-3.8244 -36.86 -2.8297 255 187 120
-3.8133 -36.7571 -2.79 255 187 120
-4.0745 -38.397 -3.6437 31 119 180
-3.8295 -36.6519 -2.8228 255 187 120
-4.0959 -38.4621 -3.707 31 119 180
-3.8314 -36.5308 -2.8162 255 187 120
-4.1045 -38.3319 -3.7171 31 119 180
-4.1028 -38.2396 -3.7036 31 119 180
-4.1368 -38.2282 -3.7928 31 119 180
-4.1289 -38.1207 -3.7613 31 119 180
-4.117 -37.9595 -3.7142 31 119 180
-3.847 -36.0714 -2.8129 255 187 120
-3.8717 -36.132 -2.8845 255 187 120
-4.1498 -38.0208 -3.8073 31 119 180
-3.8526 -35.9216 -2.8133 255 187 120
-4.1296 -37.7764 -3.7299 31 119 180
-4.1474 -37.8702 -3.7863 31 119 180
-3.877 -36.0064 -2.8863 255 187 120
-3.8527 -35.8149 -2.8033 255 187 120
-3.8467 -35.6931 -2.7754 255 187 120
-3.8406 -35.5712 -2.7474 255 187 120
-4.1419 -37.6175 -3.747 31 119 180
-3.8845 -35.8421 -2.8903 255 187 120
-4.1611 -37.7211 -3.8082 31 119 180
-3.8813 -35.74 -2.872 255 187 120
-3.8397 -35.4304 -2.7313 255 187 120
-3.8672 -35.6174 -2.8226 255 187 120
-3.8217 -35.2541 -2.6662 255 187 120
-3.8007 -35.0581 -2.5915 255 187 120
-3.8681 -35.4622 -2.81 255 187 120
-3.8602 -35.3548 -2.7785 255 187 120
-3.8013 -34.9272 -2.5802 255 187 120
-3.8317 -35.1338 -2.6811 255 187 120
-3.8519 -35.2715 -2.7484 255 187 120
-4.1143 -34.1755 -3.3392 31 119 180
-4.0771 -33.8956 -3.2129 31 119 180
-4.0963 -33.9992 -3.2741 31 119 180
-4.1387 -34.2603 -3.4122 31 119 180
-4.0856 -33.7654 -3.223 31 119 180
-4.1005 -33.8395 -3.2698 31 119 180
-4.1154 -33.9137 -3.3165 31 119 180
-4.1313 -34.0219 -3.3694 31 119 180
-4.1443 -34.1104 -3.4126 31 119 180
-4.1004 -33.6503 -3.251 31 119 180
-4.1218 -33.7154 -3.3144 31 119 180
-4.1114 -33.5641 -3.272 31 119 180
-4.105 -33.4664 -3.2454 31 119 180
-4.0956 -33.3491 -3.2091 31 119 180
-4.0801 -33.2167 -3.155 31 119 180
-4.1317 -33.4059 -3.3105 31 119 180
-4.1147 -33.2636 -3.2516 31 119 180
-4.101 -33.1168 -3.2009 31 119 180
-4.0979 -33.0146 -3.1826 31 119 180
-4.1046 -32.8988 -3.1892 31 119 180
-4.1285 -33.0078 -3.2634 31 119 180
-4.1065 -32.7777 -3.1826 31 119 180
-4.1346 -32.8337 -3.2626 31 119 180
-3.9692 -31.6297 -2.706 38 38 38
-3.9537 -31.4973 -2.6519 38 38 38
-4.1304 -32.6975 -3.2382 31 119 180
-3.9888 -31.7092 -2.7659 38 38 38
-3.9067 -31.1242 -2.4906 38 38 38
-4.0124 -31.8424 -2.8415 38 38 38
-4.0283 -31.9506 -2.8943 38 38 38
-4.0777 -32.1784 -3.0477 38 38 38
-4.1313 -32.5424 -3.2255 38 38 38
-3.9868 -31.5344 -2.7436 38 38 38
-4.0969 -32.282 -3.1089 38 38 38
-3.9134 -31.0084 -2.4972 38 38 38
-3.9655 -31.3626 -2.6702 38 38 38
-4.022 -31.7463 -2.8577 38 38 38
-4.0094 -31.6335 -2.8131 38 38 38
-4.1213 -32.3668 -3.1819 38 38 38
-4.1329 -32.4455 -3.2203 38 38 38
-3.9537 -31.2014 -2.6231 38 38 38
-4.0478 -31.8409 -2.9355 38 38 38
-4.0608 -31.9294 -2.9787 38 38 38
-4.0772 -32.0134 -3.0303 38 38 38
-3.9458 -31.0939 -2.5916 38 38 38
-4.1659 -32.5893 -3.3221 38 38 38
-4.0968 -32.0928 -3.0901 38 38 38
-4.1131 -32.1768 -3.1417 38 38 38
-4.1323 -32.2805 -3.2029 38 38 38
-4.166 -32.4826 -3.3121 38 38 38
-3.9897 -31.2582 -2.7245 38 38 38
-4.152 -32.36 -3.2627 38 38 38
-3.9847 -31.1704 -2.7026 38 38 38
-4.959 -35.4481 -5.7081 38 38 38
-4.9783 -35.5518 -5.7692 38 38 38
-4.961 -35.327 -5.7015 38 38 38
-4.9858 -35.3875 -5.7732 38 38 38
-4.9536 -35.0886 -5.6587 38 38 38
-4.9696 -35.1968 -5.7116 38 38 38
-4.9323 -34.9168 -5.5854 38 38 38
-4.9439 -34.9955 -5.6238 38 38 38
-4.9306 -34.8245 -5.5718 38 38 38
-4.9958 -35.2672 -5.7881 38 38 38
-4.9839 -35.106 -5.7409 38 38 38
-4.9742 -35.0129 -5.706 38 38 38
-4.9644 -34.9198 -5.671 38 38 38
-3.6843 -37.6455 -2.7836 255 187 120
-3.6812 -37.5433 -2.7652 255 187 120
-3.6832 -37.4222 -2.7587 255 187 120
-3.7138 -37.4154 -2.8396 255 187 120
-3.7024 -37.23 -2.7911 255 187 120
-3.722 -37.3094 -2.851 255 187 120
-3.712 -37.1339 -2.8073 255 187 120
-3.7059 -37.012 -2.7794 255 187 120
-3.7358 -37.0536 -2.8628 255 187 120
-3.736 -36.9469 -2.8528 255 187 120
-3.7248 -36.844 -2.8131 255 187 120
-3.7198 -36.7562 -2.7912 255 187 120
-3.7228 -36.6692 -2.7908 255 187 120
-3.9828 -38.3817 -3.6484 31 119 180
-3.9959 -38.4702 -3.6917 31 119 180
-3.7452 -36.5791 -2.8415 255 187 120
-4.0093 -38.2387 -3.7049 31 119 180
-4.0308 -38.3037 -3.7682 31 119 180
-4.0263 -38.085 -3.7351 31 119 180
-4.0441 -38.1789 -3.7914 31 119 180
-4.0235 -37.9586 -3.7154 31 119 180
-3.7625 -36.1054 -2.8417 255 187 120
-4.0207 -37.8323 -3.6958 31 119 180
-4.0501 -38.0048 -3.7906 31 119 180
-3.755 -35.9737 -2.8089 255 187 120
-4.0517 -37.9079 -3.7854 31 119 180
-3.7835 -36.0055 -2.8876 255 187 120
-4.0483 -37.7233 -3.7583 31 119 180
-4.0599 -37.802 -3.7968 31 119 180
-4.0466 -37.6309 -3.7448 31 119 180
-3.7747 -35.7572 -2.84 255 187 120
-3.7906 -35.8654 -2.8929 255 187 120
-3.7516 -35.4931 -2.7531 255 187 120
-3.7752 -35.6263 -2.8287 255 187 120
-4.075 -37.6627 -3.8235 31 119 180
-3.7199 -35.17 -2.6373 255 187 120
-3.7577 -35.319 -2.7522 255 187 120
-3.7498 -35.2116 -2.7208 255 187 120
-3.7342 -35.0792 -2.6666 255 187 120
-3.7201 -34.9566 -2.6173 255 187 120
-4.0471 -34.245 -3.4169 31 119 180
-3.9779 -33.7486 -3.1849 31 119 180
-4.0222 -33.9953 -3.3265 31 119 180
-4.0414 -34.099 -3.3877 31 119 180
-4.0089 -33.8243 -3.2745 31 119 180
-3.9847 -33.6328 -3.1915 31 119 180
-4.0156 -33.7085 -3.2811 31 119 180
-3.9854 -33.2885 -3.1601 31 119 180
-4.0173 -33.5049 -3.2659 31 119 180
-3.9827 -33.1621 -3.1405 31 119 180
-4.016 -33.3883 -3.251 31 119 180
-4.0176 -33.2915 -3.2458 31 119 180
-3.9879 -33.0364 -3.1423 31 119 180
-4.0126 -33.2037 -3.224 31 119 180
-4.019 -33.0054 -3.2218 31 119 180
-4.0035 -32.873 -3.1677 31 119 180
-4.0083 -32.7716 -3.1708 31 119 180
-4.0301 -32.9191 -3.2429 31 119 180
-4.0364 -32.8275 -3.2507 31 119 180
-4.0427 -32.736 -3.2586 31 119 180
-4.0319 -32.6088 -3.2176 38 38 38
-4.0089 -32.3447 -3.1307 38 38 38
-4.0252 -32.4287 -3.1822 38 38 38
-4.001 -32.2373 -3.0992 38 38 38
-3.9087 -31.5834 -2.7903 38 38 38
-3.8902 -31.4313 -2.7266 38 38 38
-3.9931 -32.1298 -3.0678 38 38 38
-4.0725 -32.5884 -3.3234 38 38 38
-4.0356 -32.2842 -3.1958 38 38 38
-4.066 -32.4908 -3.2967 38 38 38
-3.994 -31.9747 -3.0551 38 38 38
-4.0215 -32.1616 -3.1464 38 38 38
-4.0519 -32.3682 -3.2474 38 38 38
-3.893 -31.2618 -2.7174 38 38 38
-3.9249 -31.4782 -2.8231 38 38 38
-3.8833 -31.1687 -2.6825 38 38 38
-3.9565 -31.6122 -2.9201 38 38 38
-3.971 -31.7105 -2.9682 38 38 38
-4.0187 -32.0352 -3.1268 38 38 38
-3.8646 -30.9341 -2.61 38 38 38
-3.921 -31.3178 -2.7974 38 38 38
-3.9935 -31.8097 -3.0377 38 38 38
-3.8929 -31.0726 -2.6987 38 38 38
-3.9168 -31.1816 -2.7729 38 38 38
-4.0255 -31.9194 -3.1334 38 38 38
-4.0086 -31.6704 -3.0644 38 38 38
-4.0216 -31.759 -3.1076 38 38 38
-3.9225 -31.0317 -2.7734 38 38 38
-3.9128 -30.9386 -2.7385 38 38 38
-4.8527 -35.5479 -5.6848 38 38 38
-4.8522 -35.3829 -5.6673 38 38 38
-4.8831 -35.4585 -5.7569 38 38 38
-4.87 -35.1808 -5.6949 38 38 38
-4.8906 -35.2943 -5.7609 38 38 38
-4.8683 -35.0885 -5.6814 38 38 38
-4.8498 -34.9364 -5.6176 38 38 38
-4.8481 -34.844 -5.6041 38 38 38
-4.9014 -35.1255 -5.7732 38 38 38
-4.8888 -35.0128 -5.7286 38 38 38
-4.8806 -34.8228 -5.6885 38 38 38
-3.5042 -37.6299 -2.8103 255 187 120
-3.493 -37.527 -2.7706 255 187 120
-3.5143 -37.4029 -2.8152 255 187 120
-3.5243 -37.2825 -2.83 255 187 120
-3.5295 -37.1569 -2.8318 255 187 120
-3.5297 -37.0502 -2.8218 255 187 120
-3.5251 -36.9382 -2.7986 255 187 120
-3.5347 -36.8421 -2.8148 255 187 120
-3.5628 -36.7914 -2.8847 255 187 120
-3.7993 -38.3706 -3.667 31 119 180
-3.8222 -38.4455 -3.7352 31 119 180
-3.8373 -38.3062 -3.7619 31 119 180
-3.8634 -38.4833 -3.8484 31 119 180
-3.8422 -38.2048 -3.7649 31 119 180
-3.8417 -38.0398 -3.7475 31 119 180
-3.8693 -38.12 -3.8288 31 119 180
-3.8579 -37.9346 -3.7803 31 119 180
-3.8723 -38.033 -3.8283 31 119 180
-3.8769 -37.8491 -3.8227 31 119 180
-3.8658 -37.7462 -3.7829 31 119 180
-3.8607 -37.6584 -3.7611 31 119 180
-3.8904 -37.6175 -3.8358 31 119 180
-3.5189 -35.0409 -2.5978 255 187 120
-3.5421 -35.1983 -2.6747 255 187 120
-3.5404 -35.106 -2.6612 255 187 120
-3.5256 -34.9251 -2.6044 255 187 120
-3.5688 -35.1378 -2.7398 255 187 120
-3.5866 -35.2316 -2.7962 255 187 120
-3.7883 -33.8049 -3.1938 31 119 180
-3.809 -33.9184 -3.2598 31 119 180
-3.8249 -34.0266 -3.3126 31 119 180
-3.8121 -33.7246 -3.2493 31 119 180
-3.8632 -34.0447 -3.4162 31 119 180
-3.7939 -33.3591 -3.1654 31 119 180
-3.8251 -33.5173 -3.2637 31 119 180
-3.7897 -33.2229 -3.1409 31 119 180
-3.7837 -33.1011 -3.113 31 119 180
-3.8236 -33.3182 -3.2402 31 119 180
-3.7871 -32.9898 -3.1113 31 119 180
-3.8154 -33.1283 -3.2 31 119 180
-3.8155 -33.0216 -3.1899 31 119 180
-3.8047 -32.8944 -3.1489 31 119 180
-3.8096 -32.793 -3.1519 31 119 180
-3.8362 -32.8392 -3.2271 31 119 180
-3.8156 -32.619 -3.1511 31 119 180
-3.8363 -32.7325 -3.2171 31 119 180
-3.8125 -32.5168 -3.1327 31 119 180
-3.8068 -32.3707 -3.1035 31 119 180
-3.8459 -32.6364 -3.2333 31 119 180
-3.8036 -32.2686 -3.0851 31 119 180
-3.846 -32.5296 -3.2232 31 119 180
-3.7928 -32.1415 -3.0441 31 119 180
-3.6991 -31.4778 -2.7303 31 119 180
-3.7758 -31.9992 -2.9851 31 119 180
-3.8396 -32.432 -3.1966 31 119 180
-3.7202 -31.5671 -2.795 31 119 180
-3.7578 -31.8229 -2.92 31 119 180
-3.8335 -32.3102 -3.1686 31 119 180
-3.7007 -31.381 -2.7251 31 119 180
-3.7492 -31.6571 -2.8811 31 119 180
-3.8057 -32.0408 -3.0685 31 119 180
-3.826 -32.1785 -3.1358 31 119 180
-3.6519 -30.9156 -2.5503 31 119 180
-3.7012 -31.25 -2.7137 31 119 180
-3.7316 -31.4566 -2.8147 31 119 180
-3.7939 -31.8796 -3.0214 38 38 38
-3.6734 -30.9806 -2.6136 31 119 180
-3.6995 -31.1577 -2.7002 31 119 180
-3.782 -31.7184 -2.9742 31 119 180
-3.7698 -31.5814 -2.9283 31 119 180
-3.6963 -31.0555 -2.6818 31 119 180
-3.7319 -31.2432 -2.7946 31 119 180
-3.6787 -30.855 -2.6154 31 119 180
-3.7154 -30.97 -2.7242 31 119 180
-3.7313 -31.0782 -2.7771 31 119 180
-4.5653 -36.0701 -5.4797 38 38 38
-4.5801 -36.1442 -5.5264 38 38 38
-4.5683 -35.983 -5.4792 38 38 38
-4.5713 -35.896 -5.4788 38 38 38
-4.5967 -36.0148 -5.5579 38 38 38
-4.6057 -35.8604 -5.5667 38 38 38
-4.672 -35.6386 -5.7214 38 38 38
-4.6993 -35.743 -5.804 38 38 38
-4.6769 -35.5372 -5.7245 38 38 38
-4.4195 -33.762 -4.8675 38 38 38
-4.4148 -33.65 -4.8444 38 38 38
-4.7103 -35.6567 -5.825 38 38 38
-4.4522 -33.8233 -4.9606 38 38 38
-4.4776 -33.942 -5.0397 38 38 38
-4.7021 -35.4668 -5.7848 38 38 38
-4.7185 -35.5508 -5.8364 38 38 38
-4.7004 -35.3745 -5.7713 38 38 38
-4.6991 -35.2579 -5.7565 38 38 38
-4.7314 -35.4501 -5.8609 38 38 38
-4.6978 -35.1414 -5.7416 38 38 38
-4.5262 -33.9223 -5.167 38 38 38
-4.7304 -35.3094 -5.8448 38 38 38
-4.6816 -34.9507 -5.68 38 38 38
-4.7277 -35.183 -5.8251 38 38 38
-4.5391 -33.8217 -5.1914 38 38 38
-4.7245 -35.0808 -5.8068 38 38 38
-4.7147 -34.9877 -5.7718 38 38 38
-4.6949 -34.8258 -5.7032 38 38 38
-3.1336 -36.9311 -2.0145 255 187 120
-3.1181 -36.7987 -1.9604 255 187 120
-3.1147 -36.614 -1.9333 255 187 120
-3.1498 -36.8259 -2.0473 255 187 120
-3.1452 -36.7139 -2.0242 255 187 120
-3.1385 -36.5338 -1.9888 255 187 120
-3.1576 -36.4483 -2.0312 255 187 120
-3.3989 -37.6302 -2.7877 255 187 120
-3.4078 -37.4758 -2.7965 255 187 120
-3.4065 -37.3593 -2.7816 255 187 120
-3.4031 -37.1746 -2.7546 255 187 120
-3.4293 -37.245 -2.831 255 187 120
-3.4226 -37.0649 -2.7957 255 187 120
-3.4184 -36.9287 -2.7712 255 187 120
-3.4523 -36.9173 -2.8604 255 187 120
-3.7184 -38.4557 -3.7173 31 119 180
-3.7164 -38.2809 -3.695 31 119 180
-3.7534 -38.4784 -3.8126 31 119 180
-3.7393 -38.3558 -3.7632 31 119 180
-3.7537 -38.2649 -3.7925 31 119 180
-3.7439 -38.1719 -3.7576 31 119 180
-3.7463 -38.0266 -3.7497 31 119 180
-3.7706 -38.1113 -3.8227 31 119 180
-3.7581 -37.8918 -3.7681 31 119 180
-3.7802 -38.0152 -3.8389 31 119 180
-3.7671 -37.7374 -3.7769 31 119 180
-3.7852 -37.8071 -3.832 31 119 180
-3.7734 -37.6459 -3.7848 31 119 180
-3.7981 -37.7064 -3.8565 31 119 180
-3.4243 -35.0859 -2.6076 255 187 120
-3.8001 -37.5853 -3.8499 31 119 180
-3.4549 -35.079 -2.6885 255 187 120
-3.4694 -35.1774 -2.7366 255 187 120
-3.6904 -33.8544 -3.1953 31 119 180
-3.7053 -33.9286 -3.2421 31 119 180
-3.6854 -33.7666 -3.1735 31 119 180
-3.6952 -33.5638 -3.1797 31 119 180
-3.7531 -33.9573 -3.3719 31 119 180
-3.6953 -33.4571 -3.1696 31 119 180
-3.7286 -33.6833 -3.2802 31 119 180
-3.7778 -34.0178 -3.4436 31 119 180
-3.7236 -33.5956 -3.2583 31 119 180
-3.7049 -33.361 -3.1858 31 119 180
-3.7 -33.1665 -3.1539 31 119 180
-3.7244 -33.2512 -3.2269 31 119 180
-3.6919 -32.9765 -3.1138 31 119 180
-3.7115 -33.056 -3.1736 31 119 180
-3.7325 -33.1453 -3.2383 31 119 180
-3.6998 -32.7881 -3.1164 31 119 180
-3.7113 -32.8668 -3.1549 31 119 180
-3.69 -32.695 -3.0815 31 119 180
-3.7346 -32.9175 -3.2217 31 119 180
-3.7221 -32.698 -3.1671 31 119 180
-3.7395 -32.816 -3.2248 31 119 180
-3.7095 -32.5852 -3.1226 31 119 180
-3.7205 -32.499 -3.1436 31 119 180
-3.7402 -32.5784 -3.2034 31 119 180
-3.6464 -31.9148 -2.8897 31 119 180
-3.6714 -32.0578 -2.9701 31 119 180
-3.6418 -31.8028 -2.8666 31 119 180
-3.6969 -32.1766 -3.0492 31 119 180
-3.7415 -32.3991 -3.1895 31 119 180
-3.6115 -31.4895 -2.7556 31 119 180
-3.6231 -31.5682 -2.794 31 119 180
-3.7303 -32.2961 -3.1497 31 119 180
-3.6004 -31.3866 -2.7158 31 119 180
-3.6858 -31.967 -2.9994 31 119 180
-3.6717 -31.8444 -2.95 31 119 180
-3.705 -32.0706 -3.0606 31 119 180
-3.7319 -32.1993 -3.1445 31 119 180
-3.5498 -30.9355 -2.5376 31 119 180
-3.5661 -31.0195 -2.5891 31 119 180
-3.5969 -31.2019 -2.6888 31 119 180
-3.6664 -31.6741 -2.9195 31 119 180
-3.6354 -31.4092 -2.8111 31 119 180
-3.6542 -31.5371 -2.8736 31 119 180
-3.6227 -31.2965 -2.7666 31 119 180
-3.6007 -31.0664 -2.6857 31 119 180
-3.5852 -30.934 -2.6315 31 119 180
-3.629 -31.2049 -2.7744 31 119 180
-3.5744 -30.8069 -2.5905 31 119 180
-4.5432 -36.2044 -5.6909 38 38 38
-4.5338 -36.0871 -5.6547 38 38 38
-4.5438 -35.9668 -5.6695 38 38 38
-4.567 -36.1242 -5.7464 38 38 38
-4.5686 -36.0273 -5.7412 38 38 38
-4.5596 -35.8858 -5.7036 38 38 38
-4.5862 -35.932 -5.7788 38 38 38
-4.5754 -35.8048 -5.7378 38 38 38
-4.3069 -33.6307 -4.8123 38 38 38
-4.3477 -33.6928 -4.9268 38 38 38
-4.3431 -33.5808 -4.9037 38 38 38
-4.386 -33.7109 -5.0304 38 38 38
-4.3861 -33.6042 -5.0204 38 38 38
-4.446 -33.8766 -5.2061 38 38 38
-4.4218 -33.6851 -5.1231 38 38 38
-4.4396 -33.779 -5.1795 38 38 38
-3.0307 -36.9263 -2.0023 255 187 120
-3.0141 -36.7598 -1.942 255 187 120
-3.0389 -36.8204 -2.0137 255 187 120
-3.0155 -36.5805 -1.9281 255 187 120
-3.0431 -36.6607 -2.0093 255 187 120
-3.044 -36.5055 -1.9967 255 187 120
-3.2691 -37.4969 -2.6915 255 187 120
-3.2872 -37.5665 -2.7465 255 187 120
-3.3138 -37.6126 -2.8217 255 187 120
-3.3057 -37.4227 -2.7816 255 187 120
-3.3215 -37.3417 -2.8157 255 187 120
-3.2904 -37.0768 -2.7073 255 187 120
-3.3245 -37.2547 -2.8153 255 187 120
-3.3203 -37.1184 -2.7908 255 187 120
-3.3146 -36.9724 -2.7616 255 187 120
-3.6197 -38.4806 -3.7194 31 119 180
-3.61 -38.3875 -3.6844 31 119 180
-3.6193 -38.2089 -3.6919 31 119 180
-3.6422 -38.2838 -3.7601 31 119 180
-3.6322 -38.1082 -3.7164 31 119 180
-3.6437 -37.9977 -3.7361 31 119 180
-3.667 -38.0484 -3.803 31 119 180
-3.6752 -37.9425 -3.8144 31 119 180
-3.6856 -37.7979 -3.8279 31 119 180
-3.707 -37.863 -3.8913 31 119 180
-3.7046 -37.7124 -3.8704 31 119 180
-3.3492 -35.0546 -2.6668 255 187 120
-3.7231 -37.5686 -3.9054 31 119 180
-3.382 -35.1159 -2.7599 255 187 120
-3.6062 -33.8951 -3.2371 31 119 180
-3.569 -33.6151 -3.1108 31 119 180
-3.5871 -33.6847 -3.1659 31 119 180
-3.6045 -33.8028 -3.2236 31 119 180
-3.5779 -33.4607 -3.1196 31 119 180
-3.5975 -33.5402 -3.1795 31 119 180
-3.6641 -33.9927 -3.4005 31 119 180
-3.6182 -33.6537 -3.2455 31 119 180
-3.5988 -33.3608 -3.1655 31 119 180
-3.6104 -33.4395 -3.204 31 119 180
-3.7687 -34.3809 -3.7165 31 119 180
-3.6235 -33.2322 -3.2185 31 119 180
-3.6108 -33.1194 -3.1739 31 119 180
-3.6029 -33.0119 -3.1425 31 119 180
-3.8013 -34.3597 -3.8009 31 119 180
-3.6097 -32.8962 -3.149 31 119 180
-3.6394 -33.0445 -3.2426 31 119 180
-3.6362 -32.9423 -3.2242 31 119 180
-3.6048 -32.7017 -3.1172 31 119 180
-3.6273 -32.8008 -3.1867 31 119 180
-3.6119 -32.5616 -3.1225 31 119 180
-3.6355 -32.6948 -3.1981 31 119 180
-3.6149 -32.4746 -3.1221 31 119 180
-3.6066 -32.3914 -3.0919 31 119 180
-3.6418 -32.6033 -3.206 31 119 180
-3.5615 -32.0039 -2.9342 31 119 180
-3.6035 -32.2892 -3.0736 31 119 180
-3.5445 -31.8616 -2.8752 31 119 180
-3.5909 -32.1764 -3.029 31 119 180
-3.6446 -32.4337 -3.1968 31 119 180
-3.5407 -31.7012 -2.8495 31 119 180
-3.6319 -32.321 -3.1523 31 119 180
-3.5766 -31.8646 -2.9609 31 119 180
-3.5897 -31.9532 -3.0042 31 119 180
-3.6027 -32.0417 -3.0474 31 119 180
-3.6302 -32.2286 -3.1387 31 119 180
-4.244 -36.3999 -5.1764 38 38 38
-3.4424 -30.9255 -2.5127 31 119 180
-3.5351 -31.5551 -2.8202 31 119 180
-3.619 -32.1257 -3.099 31 119 180
-3.5688 -31.7572 -2.9295 31 119 180
-4.2622 -36.4695 -5.2315 38 38 38
-3.5319 -31.453 -2.8019 31 119 180
-3.4791 -31.0405 -2.6215 31 119 180
-3.5718 -31.6702 -2.9291 31 119 180
-3.5016 -31.1397 -2.691 31 119 180
-4.2631 -36.3143 -5.2188 38 38 38
-3.4774 -30.9482 -2.608 31 119 180
-3.5632 -31.5044 -2.8902 31 119 180
-3.5748 -31.5831 -2.9286 31 119 180
-3.5113 -31.0435 -2.7072 31 119 180
-3.5315 -31.1813 -2.7744 31 119 180
-3.5619 -31.3879 -2.8754 31 119 180
-3.5555 -31.2902 -2.8487 31 119 180
-3.5492 -31.0859 -2.8121 31 119 180
-3.5731 -31.1949 -2.8863 31 119 180
-4.4192 -36.1107 -5.614 38 38 38
-4.4457 -36.2636 -5.6992 38 38 38
-4.4088 -35.9593 -5.5717 38 38 38
-4.4476 -36.1425 -5.6927 38 38 38
-4.435 -36.0297 -5.6482 38 38 38
-4.4388 -35.8943 -5.6451 38 38 38
-4.222 -33.6133 -4.8467 38 38 38
-4.2487 -33.5528 -4.9118 38 38 38
-4.2603 -33.6315 -4.9503 38 38 38
-4.2957 -33.63 -5.0442 38 38 38
-4.286 -33.5369 -5.0093 38 38 38
-4.3286 -33.5845 -5.1273 38 38 38
-2.9366 -36.9331 -2.0079 255 187 120
-2.9254 -36.8302 -1.9681 255 187 120
-2.9127 -36.5283 -1.9048 255 187 120
-2.9401 -36.7152 -1.9961 255 187 120
-2.9417 -36.6183 -1.9909 255 187 120
-3.1904 -37.636 -2.7514 255 187 120
-3.1782 -37.499 -2.7055 255 187 120
-2.9387 -35.6284 -1.886 255 187 120
-3.1977 -37.3892 -2.7466 255 187 120
-2.962 -35.6791 -1.9529 255 187 120
-3.2095 -37.2545 -2.765 255 187 120
-3.2244 -37.3287 -2.8118 255 187 120
-3.2228 -37.1296 -2.7882 255 187 120
-3.2197 -37.0275 -2.7698 255 187 120
-3.5112 -38.4712 -3.686 31 119 180
-3.5052 -38.3493 -3.658 31 119 180
-3.5218 -38.2199 -3.6895 31 119 180
-3.5381 -38.3039 -3.741 31 119 180
-3.5499 -38.1692 -3.7594 31 119 180
-3.5486 -38.0526 -3.7446 31 119 180
-3.5754 -37.9921 -3.8097 31 119 180
-3.5737 -37.8998 -3.7961 31 119 180
-3.5917 -37.7802 -3.8324 31 119 180
-3.6076 -37.8884 -3.8853 31 119 180
-3.6253 -37.793 -3.9229 31 119 180
-3.224 -35.0099 -2.5837 255 187 120
-3.612 -37.622 -3.8709 31 119 180
-3.6401 -37.678 -3.9509 31 119 180
-3.2695 -35.0772 -2.7114 255 187 120
-3.496 -33.9244 -3.2006 31 119 180
-3.5339 -33.9668 -3.3055 31 119 180
-3.5212 -33.854 -3.2609 31 119 180
-3.4877 -33.5453 -3.1416 31 119 180
-3.5629 -34.0568 -3.3916 31 119 180
-3.4938 -33.3712 -3.1407 31 119 180
-3.5167 -33.4461 -3.2089 31 119 180
-3.6625 -34.3572 -3.6857 31 119 180
-3.5119 -33.2516 -3.177 31 119 180
-3.5095 -33.101 -3.156 31 119 180
-3.686 -34.3012 -3.7426 31 119 180
-3.7118 -34.3957 -3.8204 31 119 180
-3.5024 -32.9452 -3.1219 31 119 180
-3.5375 -33.157 -3.236 31 119 180
-3.5319 -33.011 -3.2067 31 119 180
-3.5052 -32.7756 -3.1128 31 119 180
-3.531 -32.8702 -3.1906 31 119 180
-3.5062 -32.6205 -3.1001 31 119 180
-3.5305 -32.7052 -3.1731 31 119 180
-3.5057 -32.4555 -3.0826 31 119 180
-3.4959 -32.3624 -3.0477 31 119 180
-3.4841 -32.2013 -3.0005 31 119 180
-3.5399 -32.5266 -3.1805 31 119 180
-4.129 -36.5061 -5.136 38 38 38
-3.477 -32.0454 -2.9664 31 119 180
-3.5262 -32.3798 -3.1298 31 119 180
-3.4388 -31.7313 -2.8339 31 119 180
-3.4677 -31.9281 -2.9301 31 119 180
-3.5198 -32.2822 -3.1032 31 119 180
-3.458 -31.835 -2.8951 31 119 180
-3.5051 -32.1013 -3.0464 31 119 180
-3.5228 -32.1952 -3.1027 31 119 180
-3.3511 -31.0003 -2.5293 31 119 180
-3.4723 -31.7442 -2.9244 31 119 180
-3.5013 -31.9409 -3.0206 31 119 180
-4.1551 -36.3872 -5.1937 38 38 38
-4.1681 -36.4758 -5.237 38 38 38
-3.4395 -31.4937 -2.8125 31 119 180
-3.451 -31.5724 -2.851 31 119 180
-3.4919 -31.8236 -2.9843 31 119 180
-3.4692 -31.642 -2.9061 31 119 180
-3.3944 -31.1063 -2.6547 31 119 180
-3.4367 -31.3673 -2.7929 31 119 180
-4.1618 -36.2714 -5.2003 38 38 38
-3.3666 -30.8369 -2.5547 31 119 180
-3.3869 -30.9746 -2.622 31 119 180
-3.4303 -31.2697 -2.7662 31 119 180
-3.46 -31.418 -2.8597 31 119 180
-3.4286 -31.1774 -2.7527 31 119 180
-3.4763 -31.502 -2.9113 31 119 180
-3.4335 -31.076 -2.7557 31 119 180
-3.4628 -31.2485 -2.8506 31 119 180
-3.4568 -31.1266 -2.8226 31 119 180
-4.3111 -35.9943 -5.5701 38 38 38
-4.339 -36.157 -5.6601 38 38 38
-4.3392 -36.0503 -5.6501 38 38 38
-4.3216 -35.8498 -5.5837 38 38 38
-4.3331 -35.9285 -5.6221 38 38 38
-4.2878 -33.6006 -5.2739 38 38 38
-2.82 -36.8541 -1.9485 255 187 120
-2.8216 -36.7573 -1.9432 255 187 120
-2.8499 -36.8957 -2.0319 255 187 120
-2.8167 -36.5628 -1.9113 255 187 120
-2.8436 -36.6914 -1.9952 255 187 120
-2.8405 -36.4825 -1.9669 255 187 120
-3.0738 -37.557 -2.6919 255 187 120
-3.1117 -37.5994 -2.7968 255 187 120
-3.1094 -37.4488 -2.7759 255 187 120
-2.8613 -35.7083 -1.9464 255 187 120
-2.8515 -35.6153 -1.9115 255 187 120
-3.1093 -37.2596 -2.7571 255 187 120
-3.1274 -37.3292 -2.8122 255 187 120
-3.0935 -37.0447 -2.6942 255 187 120
-3.1298 -37.1839 -2.8043 255 187 120
-3.1201 -37.0908 -2.7694 255 187 120
-3.1282 -36.9848 -2.7807 255 187 120
-3.4152 -38.3166 -3.6736 31 119 180
-3.4282 -38.4051 -3.7169 31 119 180
-3.4219 -38.2008 -3.6802 31 119 180
-3.4434 -38.2659 -3.7436 31 119 180
-3.4348 -38.1001 -3.7047 31 119 180
-3.453 -38.1697 -3.7598 31 119 180
-3.443 -37.9942 -3.7161 31 119 180
-3.4765 -38.007 -3.8066 31 119 180
-3.4734 -37.9048 -3.7882 31 119 180
-3.4947 -37.7807 -3.8328 31 119 180
-3.5143 -37.8602 -3.8927 31 119 180
-3.5113 -37.6513 -3.8643 31 119 180
-3.1489 -35.1337 -2.6551 255 187 120
-3.5324 -37.7406 -3.929 31 119 180
-3.1484 -34.9687 -2.6376 255 187 120
-3.5428 -37.596 -3.9426 31 119 180
-3.4201 -33.99 -3.2646 31 119 180
-3.4061 -33.8674 -3.2152 31 119 180
-3.4459 -34.0846 -3.3424 31 119 180
-3.3845 -33.6132 -3.1331 31 119 180
-3.4004 -33.7214 -3.1859 31 119 180
-3.4791 -34.1217 -3.4342 31 119 180
-3.3912 -33.4974 -3.1396 31 119 180
-3.4127 -33.5624 -3.203 31 119 180
-3.3827 -33.3316 -3.1007 31 119 180
-3.4169 -33.4028 -3.1987 31 119 180
-3.5762 -34.3781 -3.7174 31 119 180
-3.4145 -33.2522 -3.1777 31 119 180
-3.5712 -34.2904 -3.6956 31 119 180
-3.4114 -33.15 -3.1593 31 119 180
-3.4105 -33.0092 -3.1432 31 119 180
-3.6116 -34.3766 -3.8114 31 119 180
-3.4398 -33.1818 -3.238 31 119 180
-3.4418 -33.0607 -3.2315 31 119 180
-3.419 -32.8791 -3.1533 31 119 180
-3.4093 -32.786 -3.1183 31 119 180
-3.4043 -32.6982 -3.0964 31 119 180
-3.4419 -32.954 -3.2214 31 119 180
-3.4404 -32.7549 -3.1979 31 119 180
-3.4151 -32.5294 -3.1087 31 119 180
-3.395 -32.285 -3.0314 31 119 180
-3.378 -32.1427 -2.9724 31 119 180
-3.4446 -32.5952 -3.1935 31 119 180
-3.4208 -32.3796 -3.1092 31 119 180
-3.4404 -32.459 -3.169 31 119 180
-3.337 -31.7023 -2.8203 31 119 180
-3.362 -31.8453 -2.9007 31 119 180
-3.4271 -32.288 -3.117 31 119 180
-3.386 -31.9543 -2.975 31 119 180
-4.0458 -36.44 -5.1671 38 38 38
-3.4023 -32.0383 -3.0266 31 119 180
-3.4254 -32.1957 -3.1035 31 119 180
-3.266 -31.0311 -2.566 31 119 180
-3.2519 -30.9085 -2.5166 31 119 180
-3.3315 -31.4495 -2.781 31 119 180
-3.3764 -31.7545 -2.93 31 119 180
-4.0738 -36.496 -5.2471 38 38 38
-3.3956 -31.8582 -2.9912 31 119 180
-4.0496 -36.3046 -5.1641 38 38 38
-3.3511 -31.529 -2.8409 31 119 180
-3.3718 -31.6425 -2.9069 31 119 180
-3.2969 -31.1067 -2.6556 31 119 180
-3.3324 -31.2944 -2.7683 31 119 180
-3.2685 -30.7791 -2.5481 31 119 180
-3.3032 -31.0152 -2.6635 31 119 180
-3.3828 -31.5562 -2.9279 31 119 180
-4.0861 -36.3371 -5.2642 38 38 38
-3.3253 -31.1385 -2.7343 31 119 180
-3.3716 -31.4533 -2.8881 31 119 180
-3.2914 -30.854 -2.6163 31 119 180
-3.3623 -31.336 -2.8518 31 119 180
-3.3581 -31.1998 -2.8274 31 119 180
-4.2027 -36.1879 -5.5597 38 38 38
-4.2143 -36.2666 -5.5982 38 38 38
-4.2138 -36.1016 -5.5807 38 38 38
-4.2367 -36.1765 -5.6489 38 38 38
-4.226 -35.9427 -5.5978 38 38 38
-4.2481 -36.066 -5.6686 38 38 38
-4.2577 -35.9699 -5.6848 38 38 38
-4.2513 -35.8723 -5.6581 38 38 38
-4.3332 -35.7829 -5.8671 38 38 38
-2.7259 -36.9353 -1.9637 255 187 120
-2.7262 -36.7219 -1.9437 255 187 120
-2.7421 -36.8301 -1.9965 255 187 120
-2.7057 -36.5017 -1.8677 255 187 120
-2.7391 -36.6212 -1.9682 255 187 120
-2.7157 -36.3813 -1.8826 255 187 120
-2.7461 -36.292 -1.9547 255 187 120
-2.9862 -37.6292 -2.7238 255 187 120
-2.9162 -37.0987 -2.4856 255 187 120
-2.9771 -37.4052 -2.6775 255 187 120
-2.9948 -37.499 -2.7338 255 187 120
-2.9258 -37.0026 -2.5018 255 187 120
-2.9483 -37.1017 -2.5713 255 187 120
-2.7519 -35.7396 -1.9164 255 187 120
-2.774 -35.8629 -1.9872 38 38 38
-2.9955 -37.2614 -2.7125 255 187 120
-3.0162 -37.3749 -2.7785 255 187 120
-2.9899 -37.1153 -2.6832 255 187 120
-3.0241 -37.1865 -2.7811 255 187 120
-3.3264 -38.4615 -3.7093 31 119 180
-3.3279 -38.3647 -3.7041 31 119 180
-3.3215 -38.267 -3.6774 31 119 180
-3.3363 -38.152 -3.7054 31 119 180
-3.3667 -38.0627 -3.7776 31 119 180
-3.3748 -37.9567 -3.789 31 119 180
-3.3853 -37.8122 -3.8026 31 119 180
-3.4067 -37.8773 -3.8659 31 119 180
-3.4153 -37.7471 -3.876 31 119 180
-3.4308 -37.5836 -3.9014 31 119 180
-3.4453 -37.682 -3.9495 31 119 180
-3.3462 -34.0199 -3.3288 31 119 180
-3.3397 -33.9223 -3.3021 31 119 180
-3.3734 -34.1243 -3.4114 31 119 180
-3.3553 -33.7588 -3.3275 31 119 180
-3.4172 -34.0993 -3.5255 31 119 180
-3.325 -33.4455 -3.2166 31 119 180
-3.3139 -33.3426 -3.1768 31 119 180
-3.3675 -33.5999 -3.3446 31 119 180
-3.3472 -33.2729 -3.2586 31 119 180
-3.3161 -33.0081 -3.1502 31 119 180
-3.3422 -33.1851 -3.2367 31 119 180
-3.3339 -33.1019 -3.2066 31 119 180
-3.3112 -32.9203 -3.1284 31 119 180
-3.2979 -32.7492 -3.0764 31 119 180
-3.3724 -33.2025 -3.3189 31 119 180
-3.2662 -32.4261 -2.9606 31 119 180
-3.3515 -33.0065 -3.2442 31 119 180
-3.366 -33.1049 -3.2923 31 119 180
-3.3418 -32.9135 -3.2093 31 119 180
-3.263 -32.3239 -2.9423 31 119 180
-3.2905 -32.5109 -3.0336 31 119 180
-3.3372 -32.8015 -3.1861 31 119 180
-3.313 -32.61 -3.1031 31 119 180
-3.3246 -32.6887 -3.1416 31 119 180
-3.2915 -32.3557 -3.021 31 119 180
-3.3245 -32.4995 -3.1228 31 119 180
-3.3023 -32.1869 -3.0333 31 119 180
-3.2786 -31.8646 -2.9389 31 119 180
-3.2916 -31.9531 -2.9822 31 119 180
-3.3032 -32.0318 -3.0206 31 119 180
-3.2674 -31.7616 -2.8992 31 119 180
-3.328 -32.0923 -3.0923 31 119 180
-3.9475 -36.2787 -5.148 38 38 38
-3.2434 -31.4635 -2.8061 31 119 180
-3.2694 -31.6406 -2.8926 31 119 180
-3.9681 -36.3922 -5.214 38 38 38
-3.1801 -31.0064 -2.5934 31 119 180
-3.2004 -31.1441 -2.6606 31 119 180
-3.225 -31.3114 -2.7423 31 119 180
-3.3122 -31.8774 -3.0294 31 119 180
-3.3039 -31.7942 -2.9993 31 119 180
-3.3314 -31.9811 -3.0906 31 119 180
-3.2681 -31.524 -2.8778 31 119 180
-3.9825 -36.3014 -5.2433 38 38 38
-3.1906 -30.8618 -2.6069 31 119 180
-3.2021 -30.9405 -2.6454 31 119 180
-3.218 -31.0488 -2.6983 31 119 180
-3.2412 -31.2062 -2.7752 31 119 180
-3.2571 -31.3144 -2.828 31 119 180
-3.2701 -31.4029 -2.8713 31 119 180
-4.0112 -36.4156 -5.3307 38 38 38
-3.2137 -30.7233 -2.6551 31 119 180
-4.0217 -36.1644 -5.3343 38 38 38
-4.1511 -36.0213 -5.6644 38 38 38
-4.1736 -36.1204 -5.7338 38 38 38
-4.1574 -35.9297 -5.6723 38 38 38
-4.1822 -35.9903 -5.7439 38 38 38
-4.1856 -35.879 -5.7422 38 38 38
-4.2554 -35.8419 -5.9241 38 38 38
-2.628 -36.8933 -1.9475 255 187 120
-2.618 -36.7177 -1.9038 255 187 120
-2.6442 -36.7881 -1.9803 255 187 120
-2.6214 -36.6065 -1.9021 255 187 120
-2.6462 -36.667 -1.9738 255 187 120
-2.6141 -36.3681 -1.8593 255 187 120
-2.6376 -36.5013 -1.9349 255 187 120
-2.647 -36.3226 -1.9423 255 187 120
-2.8202 -37.0422 -2.4729 255 187 120
-2.9002 -37.559 -2.736 255 187 120
-2.6636 -35.8973 -1.945 255 187 120
-2.8464 -37.1126 -2.5494 255 187 120
-2.9102 -37.4387 -2.7509 255 187 120
-2.6732 -35.8012 -1.9612 255 187 120
-2.9103 -37.332 -2.7409 255 187 120
-2.902 -37.2487 -2.7107 255 187 120
-2.9178 -37.1677 -2.7448 255 187 120
-2.9341 -37.2517 -2.7964 255 187 120
-2.9227 -37.0663 -2.7479 255 187 120
-3.2344 -38.4586 -3.7125 31 119 180
-3.2251 -38.3413 -3.6763 31 119 180
-3.226 -38.1861 -3.6636 31 119 180
-3.2544 -38.2179 -3.7423 31 119 180
-3.2404 -38.0953 -3.6929 31 119 180
-3.271 -38.0885 -3.7738 31 119 180
-3.2693 -37.9961 -3.7602 31 119 180
-3.2845 -37.8569 -3.7869 31 119 180
-3.3041 -37.9363 -3.8468 31 119 180
-3.3029 -37.7131 -3.8219 31 119 180
-3.3207 -37.8069 -3.8783 31 119 180
-3.3176 -37.598 -3.8499 31 119 180
-3.3387 -37.6873 -3.9146 31 119 180
-3.2482 -33.9776 -3.3121 31 119 180
-3.237 -33.8747 -3.2723 31 119 180
-3.2777 -34.0434 -3.3969 31 119 180
-3.2376 -33.7438 -3.261 31 119 180
-3.2718 -33.8149 -3.3589 31 119 180
-3.2509 -33.6189 -3.2841 31 119 180
-3.214 -33.3147 -3.1565 31 119 180
-3.2271 -33.4032 -3.1998 31 119 180
-3.2805 -33.578 -3.3589 31 119 180
-3.2325 -33.1709 -3.1915 31 119 180
-3.2455 -33.2594 -3.2348 31 119 180
-3.2125 -32.8198 -3.1041 31 119 180
-3.2346 -32.9431 -3.1749 31 119 180
-3.2635 -33.1398 -3.2711 31 119 180
-3.2553 -33.0566 -3.2409 31 119 180
-3.2149 -32.6745 -3.0963 31 119 180
-3.2457 -32.8568 -3.1959 31 119 180
-3.2378 -32.7494 -3.1644 31 119 180
-3.2653 -32.9363 -3.2558 31 119 180
-3.2329 -32.5549 -3.1325 31 119 180
-3.213 -32.3929 -3.0639 31 119 180
-3.2609 -32.6109 -3.2125 31 119 180
-3.2505 -32.4595 -3.1701 31 119 180
-3.2423 -32.3763 -3.14 31 119 180
-3.217 -32.1508 -3.0508 31 119 180
-3.2486 -32.2847 -3.1479 31 119 180
-3.2186 -32.0539 -3.0456 31 119 180
-3.8543 -36.3481 -5.1548 38 38 38
-3.1658 -31.6415 -2.8651 31 119 180
-3.2136 -31.9661 -3.0238 31 119 180
-3.1565 -31.5242 -2.8288 31 119 180
-3.8859 -36.482 -5.2519 38 38 38
-3.2524 -32.1492 -3.1448 31 119 180
-3.2079 -31.8201 -2.9945 31 119 180
-3.1476 -31.3827 -2.7912 31 119 180
-3.8846 -36.3655 -5.237 38 38 38
-3.1386 -31.2412 -2.7537 31 119 180
-3.1897 -31.5613 -2.9206 31 119 180
-3.2403 -31.9055 -3.0889 31 119 180
-3.8742 -36.2141 -5.1946 38 38 38
-3.1756 -31.4387 -2.8712 31 119 180
-3.2132 -31.6944 -2.9962 31 119 180
-3.1311 -31.1095 -2.7209 31 119 180
-3.1044 -30.8742 -2.6269 31 119 180
-3.2347 -31.7595 -3.0596 31 119 180
-3.0961 -30.7909 -2.5968 31 119 180
-3.1251 -30.9877 -2.6929 31 119 180
-3.1685 -31.2828 -2.8372 31 119 180
-3.161 -31.1511 -2.8044 31 119 180
-3.1578 -31.0489 -2.786 31 119 180
-3.1365 -30.8772 -2.7126 31 119 180
-3.1084 -30.632 -2.6138 31 119 180
-3.1286 -30.7697 -2.6811 31 119 180
-3.1317 -30.6827 -2.6807 31 119 180
-4.0806 -36.083 -5.7306 38 38 38
-4.0698 -35.9559 -5.6895 38 38 38
-4.0699 -35.8492 -5.6794 38 38 38
-4.1109 -36.1004 -5.8127 38 38 38
-4.1059 -36.0126 -5.7909 38 38 38
-4.0965 -35.8954 -5.7546 38 38 38
-4.1588 -35.7265 -5.9037 38 38 38
-4.1868 -35.7825 -5.9837 38 38 38
-2.2827 -36.1175 -1.4734 38 38 38
-2.4287 -36.9219 -1.9401 255 187 120
-2.3163 -36.1303 -1.5639 38 38 38
-2.4398 -36.8356 -1.9611 255 187 120
-2.4215 -36.5768 -1.8873 255 187 120
-2.4527 -36.7349 -1.9856 255 187 120
-2.4462 -36.6373 -1.959 255 187 120
-2.4338 -36.4179 -1.9043 255 187 120
-2.4519 -36.4875 -1.9594 255 187 120
-2.4619 -36.3671 -1.9743 255 187 120
-2.7033 -37.6316 -2.7395 255 187 120
-2.6315 -37.0088 -2.4878 38 38 38
-2.7067 -37.5203 -2.7378 255 187 120
-2.6544 -37.0837 -2.556 38 38 38
-2.4819 -35.6414 -1.9565 255 187 120
-2.7048 -37.0496 -2.6867 255 187 120
-2.7395 -37.2857 -2.8021 255 187 120
-2.7257 -36.9497 -2.7327 255 187 120
-3.019 -38.3791 -3.6522 31 119 180
-3.0191 -38.2724 -3.6421 31 119 180
-3.0485 -38.445 -3.737 31 119 180
-3.0512 -38.2754 -3.7278 31 119 180
-3.058 -38.1596 -3.7344 31 119 180
-3.0756 -38.0643 -3.772 31 119 180
-3.0692 -37.9666 -3.7453 31 119 180
-3.0901 -37.8667 -3.7913 31 119 180
-3.105 -37.9409 -3.838 31 119 180
-3.095 -37.7653 -3.7943 31 119 180
-3.1013 -37.6738 -3.8022 31 119 180
-3.1234 -37.7971 -3.873 31 119 180
-2.7526 -35.1137 -2.625 255 187 120
-3.1334 -37.6768 -3.8879 31 119 180
-2.7565 -34.9783 -2.622 255 187 120
-3.1383 -37.5753 -3.891 31 119 180
-2.7833 -35.1069 -2.7059 255 187 120
-3.044 -33.9186 -3.2831 31 119 180
-3.0753 -33.97 -3.3714 31 119 180
-3.089 -33.8209 -3.3933 31 119 180
-3.1404 -34.1168 -3.5589 31 119 180
-3.0544 -33.4781 -3.2679 31 119 180
-3.093 -33.5788 -3.3802 31 119 180
-3.0847 -33.4955 -3.3501 31 119 180
-3.1989 -34.2727 -3.7298 31 119 180
-3.0569 -33.2261 -3.25 31 119 180
-3.0447 -33.0891 -3.2041 31 119 180
-3.2282 -34.256 -3.8059 31 119 180
-3.0318 -32.8939 -3.1508 31 119 180
-3.0883 -33.2776 -3.3383 31 119 180
-3.0746 -33.1307 -3.2876 31 119 180
-3.0334 -32.797 -3.1456 31 119 180
-3.0751 -32.9998 -3.2763 31 119 180
-3.035 -32.7002 -3.1404 31 119 180
-3.064 -32.8969 -3.2365 31 119 180
-3.0436 -32.57 -3.1505 31 119 180
-3.0657 -32.6933 -3.2213 31 119 180
-3.0486 -32.3619 -3.1435 31 119 180
-3.0732 -32.5291 -3.2252 31 119 180
-3.044 -32.2499 -3.1204 31 119 180
-3.0715 -32.4368 -3.2117 31 119 180
-3.0293 -32.069 -3.0636 31 119 180
-3.6669 -36.3248 -5.1747 38 38 38
-3.6814 -36.4232 -5.2227 38 38 38
-2.9759 -31.5983 -2.8757 31 119 180
-3.0772 -32.2869 -3.2122 31 119 180
-2.9677 -31.5151 -2.8455 31 119 180
-3.0602 -32.1447 -3.1532 31 119 180
-2.9594 -31.4318 -2.8154 31 119 180
-2.9984 -31.6974 -2.9452 31 119 180
-3.0302 -31.9139 -3.0509 31 119 180
-3.018 -31.7769 -3.005 31 119 180
-2.9504 -31.2903 -2.7778 31 119 180
-3.0597 -31.9797 -3.1357 31 119 180
-3.6846 -36.2295 -5.2123 38 38 38
-3.6976 -36.318 -5.2555 38 38 38
-3.0128 -31.6066 -2.9745 31 119 180
-2.9915 -31.4348 -2.9011 31 119 180
-3.0031 -31.5135 -2.9395 31 119 180
-2.9543 -31.1548 -2.7748 31 119 180
-2.9832 -31.3516 -2.8709 31 119 180
-3.0371 -31.6914 -3.0475 31 119 180
-3.0534 -31.7753 -3.099 31 119 180
-2.9135 -30.7969 -2.6315 31 119 180
-2.9548 -31.0239 -2.7634 31 119 180
-2.9837 -31.2207 -2.8596 31 119 180
-2.935 -30.862 -2.6948 31 119 180
-2.9122 -30.6803 -2.6166 31 119 180
-2.9498 -30.9361 -2.7416 31 119 180
-2.9872 -31.1094 -2.8578 31 119 180
-2.9388 -30.7265 -2.6918 31 119 180
-2.9888 -31.0125 -2.8526 31 119 180
-2.9631 -30.8112 -2.7648 31 119 180
-2.978 -30.8854 -2.8115 31 119 180
-3.9001 -36.0265 -5.7657 38 38 38
-3.889 -35.9236 -5.726 38 38 38
-3.9249 -36.087 -5.8374 38 38 38
-3.8899 -35.7685 -5.7133 38 38 38
-3.9095 -35.8479 -5.7732 38 38 38
-3.9268 -35.966 -5.8309 38 38 38
-3.9614 -36.0129 -5.9275 38 38 38
-3.9876 -36.0832 -6.004 38 38 38
-3.7631 -33.6949 -5.1738 38 38 38
-3.7451 -33.5186 -5.1087 38 38 38
-3.768 -33.5935 -5.1769 38 38 38
-3.8554 -33.461 -5.3964 38 38 38
-3.8783 -33.5359 -5.4646 38 38 38
-3.885 -33.4201 -5.4711 38 38 38
-2.1897 -36.1332 -1.4916 38 38 38
-2.1946 -36.0318 -1.4946 38 38 38
-2.3263 -36.8203 -1.922 255 187 120
-2.351 -36.8809 -1.9937 255 187 120
-2.3447 -36.6765 -1.957 255 187 120
-2.3409 -36.5161 -1.9313 255 187 120
-2.4103 -36.9883 -2.162 38 38 38
-2.4406 -37.0057 -2.2442 38 38 38
-2.3619 -36.4162 -1.9772 255 187 120
-2.5781 -37.5376 -2.662 255 187 120
-2.6065 -37.5694 -2.7407 255 187 120
-2.5379 -37.0488 -2.5074 38 38 38
-2.6058 -37.3219 -2.7145 255 187 120
-2.6239 -37.3915 -2.7696 255 187 120
-2.5974 -37.0495 -2.6656 255 187 120
-2.6329 -37.2372 -2.7784 255 187 120
-2.9187 -38.4282 -3.6551 31 119 180
-2.9471 -38.46 -3.7338 31 119 180
-2.9258 -38.2882 -3.6604 31 119 180
-2.9439 -38.3578 -3.7154 31 119 180
-2.9511 -38.2178 -3.7207 31 119 180
-2.9611 -38.0975 -3.7356 31 119 180
-2.9613 -37.9907 -3.7256 31 119 180
-2.9915 -38.0081 -3.8077 31 119 180
-2.9837 -37.9007 -3.7763 31 119 180
-3.0205 -37.909 -3.8751 31 119 180
-3.0174 -37.8068 -3.8567 31 119 180
-3.0077 -37.7137 -3.8218 31 119 180
-2.6365 -35.0788 -2.5763 255 187 120
-3.0093 -37.6169 -3.8165 31 119 180
-3.0383 -37.7069 -3.9026 31 119 180
-2.6512 -34.9638 -2.6043 255 187 120
-2.6718 -35.0773 -2.6703 255 187 120
-2.9609 -33.8382 -3.3174 31 119 180
-3.0062 -34.0123 -3.4551 31 119 180
-2.9969 -33.895 -3.4188 31 119 180
-2.9909 -33.7731 -3.3909 31 119 180
-3.0441 -34.0546 -3.56 31 119 180
-2.991 -33.6664 -3.3808 31 119 180
-2.8998 -32.9642 -3.0693 31 119 180
-2.9233 -33.0974 -3.1449 31 119 180
-2.9926 -33.5696 -3.3756 31 119 180
-2.949 -33.192 -3.2227 31 119 180
-2.999 -33.478 -3.3835 31 119 180
-2.9348 -32.9869 -3.1646 31 119 180
-2.9178 -32.8446 -3.1056 31 119 180
-2.989 -33.3024 -3.3398 31 119 180
-2.9681 -33.1064 -3.2651 31 119 180
-2.9954 -33.2109 -3.3477 31 119 180
-3.0193 -33.3198 -3.422 31 119 180
-2.9315 -32.6955 -3.1274 31 119 180
-2.9478 -32.7795 -3.179 31 119 180
-2.943 -32.585 -3.1471 31 119 180
-2.9413 -32.4927 -3.1336 31 119 180
-2.9663 -32.6357 -3.214 31 119 180
-2.9745 -32.5298 -3.2254 31 119 180
-2.9388 -32.2596 -3.1039 31 119 180
-2.9681 -32.4321 -3.1987 31 119 180
-2.9697 -32.3353 -3.1935 31 119 180
-2.9098 -31.8736 -2.989 31 119 180
-2.9473 -32.1294 -3.114 31 119 180
-2.9056 -31.7374 -2.9645 31 119 180
-2.9345 -31.9342 -3.0607 31 119 180
-2.8779 -31.468 -2.8645 31 119 180
-2.9574 -32.0091 -3.1288 31 119 180
-2.8595 -31.3159 -2.8007 31 119 180
-2.9369 -31.7889 -3.0528 31 119 180
-2.9146 -31.583 -2.9733 31 119 180
-2.8518 -31.1018 -2.7592 31 119 180
-2.9371 -31.6822 -3.0428 31 119 180
-2.8421 -31.0087 -2.7242 31 119 180
-2.8695 -31.1956 -2.8155 31 119 180
-2.9133 -31.4665 -2.9584 31 119 180
-2.8949 -31.3144 -2.8946 31 119 180
-2.8346 -30.877 -2.6914 31 119 180
-2.8224 -30.74 -2.6455 31 119 180
-2.8742 -31.0117 -2.8099 31 119 180
-2.8857 -31.0904 -2.8483 31 119 180
-2.8988 -31.1789 -2.8916 31 119 180
-2.8725 -30.9194 -2.7963 31 119 180
-2.8585 -30.7968 -2.747 31 119 180
-3.8421 -35.7691 -5.8504 38 38 38
-3.8771 -35.7918 -5.9457 38 38 38
-3.866 -35.6889 -5.906 38 38 38
-3.9266 -35.9129 -6.0891 38 38 38
-3.6053 -33.564 -5.0044 38 38 38
-3.6084 -33.4769 -5.004 38 38 38
-3.6319 -33.6101 -5.0796 38 38 38
-3.6533 -33.6752 -5.143 38 38 38
-3.6368 -33.5087 -5.0827 38 38 38
-3.6648 -33.5647 -5.1627 38 38 38
-3.6844 -33.6441 -5.2226 38 38 38
-3.7812 -33.5222 -5.4683 38 38 38
-3.8093 -33.5782 -5.5482 38 38 38
-3.808 -33.4617 -5.5334 38 38 38
-2.0899 -36.1285 -1.4763 38 38 38
-2.0915 -36.0316 -1.471 38 38 38
-2.1195 -36.0876 -1.551 38 38 38
-2.2504 -36.9246 -1.981 255 187 120
-2.2347 -36.7097 -1.9181 255 187 120
-2.2528 -36.7793 -1.9732 255 187 120
-2.2377 -36.6226 -1.9177 255 187 120
-2.2387 -36.4675 -1.905 255 187 120
-2.3153 -36.9889 -2.1598 38 38 38
-2.2568 -36.5371 -1.9601 255 187 120
-2.3437 -37.0207 -2.2385 38 38 38
-2.2654 -36.4069 -1.9702 255 187 120
-2.4178 -37.0131 -2.4347 38 38 38
-2.5122 -37.6283 -2.7459 255 187 120
-2.5061 -37.5064 -2.7179 255 187 120
-2.4487 -37.0887 -2.5243 38 38 38
-2.5016 -37.3944 -2.6948 255 187 120
-2.5149 -37.2696 -2.718 255 187 120
-2.5056 -37.1523 -2.6817 255 187 120
-2.5345 -37.349 -2.7778 255 187 120
-2.5358 -37.1697 -2.7639 255 187 120
-2.5261 -37.0766 -2.7289 255 187 120
-2.8336 -38.4152 -3.6777 31 119 180
-2.8346 -38.2601 -3.6651 31 119 180
-2.8579 -38.3108 -3.7319 31 119 180
-2.849 -38.1692 -3.6944 31 119 180
-2.8619 -38.0686 -3.7189 31 119 180
-2.8715 -37.9725 -3.7351 31 119 180
-2.904 -37.9513 -3.8194 31 119 180
-2.9163 -37.7923 -3.8365 31 119 180
-2.9293 -37.8809 -3.8798 31 119 180
-2.9164 -37.6856 -3.8265 31 119 180
-2.5621 -35.0862 -2.6301 255 187 120
-2.9435 -37.6008 -3.8903 31 119 180
-2.5608 -34.9696 -2.6152 255 187 120
-2.8765 -33.966 -3.3564 31 119 180
-2.888 -34.0447 -3.3949 31 119 180
-2.8682 -33.8828 -3.3263 31 119 180
-2.8687 -33.7518 -3.3149 31 119 180
-2.8984 -33.9001 -3.4084 31 119 180
-2.8935 -33.8124 -3.3866 31 119 180
-2.9496 -34.1135 -3.5653 31 119 180
-2.8969 -33.7011 -3.3849 31 119 180
-2.8099 -33.0284 -3.0877 31 119 180
-2.9011 -33.5414 -3.3805 31 119 180
-2.8557 -33.1782 -3.2241 31 119 180
-2.8247 -32.9133 -3.1157 31 119 180
-2.8439 -33.017 -3.1769 31 119 180
-2.8182 -32.8157 -3.0891 31 119 180
-2.8866 -33.2539 -3.3137 31 119 180
-2.8686 -33.0775 -3.2486 31 119 180
-2.9134 -33.3825 -3.3976 31 119 180
-2.8367 -32.6719 -3.1241 31 119 180
-2.8511 -32.7703 -3.1722 31 119 180
-2.8467 -32.5516 -3.139 31 119 180
-2.8417 -32.4638 -3.1171 31 119 180
-2.8751 -32.5833 -3.2177 31 119 180
-2.8734 -32.491 -3.2041 31 119 180
-2.8362 -32.211 -3.0778 31 119 180
-2.8717 -32.3987 -3.1906 31 119 180
-2.8346 -32.1187 -3.0643 31 119 180
-2.8686 -32.2965 -3.1723 31 119 180
-2.8155 -31.9083 -2.9931 31 119 180
-2.8655 -32.1944 -3.1539 31 119 180
-2.8128 -31.7819 -2.9735 31 119 180
-2.8402 -31.9688 -3.0648 31 119 180
-2.8646 -32.0536 -3.1378 31 119 180
-2.7768 -31.4293 -2.8433 31 119 180
-2.81 -31.6555 -2.9538 31 119 180
-2.7627 -31.3067 -2.7939 31 119 180
-2.7974 -31.5428 -2.9092 31 119 180
-2.8408 -31.8379 -3.0534 31 119 180
-2.8413 -31.707 -3.0421 31 119 180
-2.7492 -31.0532 -2.7332 31 119 180
-2.7699 -31.1667 -2.7992 31 119 180
-2.8021 -31.3589 -2.9036 31 119 180
-2.8165 -31.4573 -2.9517 31 119 180
-2.831 -31.5556 -2.9997 31 119 180
-2.7306 -30.8186 -2.6606 31 119 180
-2.796 -31.237 -2.8756 31 119 180
-2.7564 -30.9132 -2.7384 31 119 180
-2.7235 -30.6627 -2.6266 31 119 180
-2.7745 -30.9828 -2.7935 31 119 180
-2.7875 -31.0713 -2.8368 31 119 180
-2.753 -30.7285 -2.7114 31 119 180
-2.766 -30.817 -2.7546 31 119 180
-3.7755 -35.8016 -5.9269 38 38 38
-3.7706 -35.7138 -5.9051 38 38 38
-3.8188 -35.9075 -6.0524 38 38 38
-3.5116 -33.5745 -5.0071 38 38 38
-3.5132 -33.4776 -5.0019 38 38 38
-3.5553 -33.6562 -5.1313 38 38 38
-3.5833 -33.7122 -5.2113 38 38 38
-3.5591 -33.5207 -5.1283 38 38 38
-3.59 -33.5964 -5.2179 38 38 38
-3.7079 -33.5638 -5.5282 38 38 38
-3.7048 -33.4616 -5.5099 38 38 38
-2.146 -36.905 -1.9497 255 187 120
-2.1341 -36.7438 -1.9026 255 187 120
-2.1556 -36.8089 -1.9659 255 187 120
-2.1533 -36.6583 -1.945 255 187 120
-2.1553 -36.5372 -1.9385 255 187 120
-2.3082 -37.0124 -2.3917 38 38 38
-2.3979 -37.6224 -2.6896 255 187 120
-2.3838 -37.4998 -2.6403 255 187 120
-2.3505 -37.0843 -2.511 38 38 38
-2.4019 -37.3802 -2.6766 255 187 120
-2.4149 -37.4687 -2.7198 255 187 120
-2.4133 -37.2697 -2.6963 255 187 120
-2.4381 -37.3302 -2.768 255 187 120
-2.4325 -37.1842 -2.7387 255 187 120
-2.7416 -38.426 -3.6822 31 119 180
-2.7649 -38.4767 -3.7491 31 119 180
-2.7684 -38.3654 -3.7473 31 119 180
-2.7835 -38.2262 -3.774 31 119 180
-2.7786 -38.1384 -3.7522 31 119 180
-2.7919 -38.0135 -3.7754 31 119 180
-2.8111 -38.1172 -3.8366 31 119 180
-2.8023 -37.869 -3.789 31 119 180
-2.8172 -37.9431 -3.8357 31 119 180
-2.8134 -37.7827 -3.81 31 119 180
-2.8348 -37.8478 -3.8733 31 119 180
-2.815 -37.6858 -3.8047 31 119 180
-2.4479 -35.0803 -2.5739 255 187 120
-2.843 -37.7418 -3.8847 31 119 180
-2.4759 -35.1363 -2.6539 255 187 120
-2.845 -37.6207 -3.8782 31 119 180
-2.4714 -35.0243 -2.6308 255 187 120
-2.6326 -33.0505 -2.8664 38 38 38
-2.6437 -32.9642 -2.8874 38 38 38
-2.8045 -33.8428 -3.4008 31 119 180
-2.7989 -33.6967 -3.3716 31 119 180
-2.8484 -34.007 -3.5337 31 119 180
-2.6259 -32.3853 -2.7835 38 38 38
-2.8769 -34.0388 -3.6123 31 119 180
-2.8093 -33.5522 -3.3851 31 119 180
-2.7324 -32.9483 -3.1217 31 119 180
-2.7642 -33.1647 -3.2274 31 119 180
-2.7874 -33.3221 -3.3043 31 119 180
-2.8799 -33.9518 -3.6119 31 119 180
-2.7531 -33.0618 -3.1877 31 119 180
-2.8051 -33.416 -3.3607 31 119 180
-2.726 -32.8507 -3.095 31 119 180
-2.9339 -34.1848 -3.7784 31 119 180
-2.8346 -33.4818 -3.4455 31 119 180
-2.766 -32.9612 -3.2122 31 119 180
-2.7992 -33.1874 -3.3227 31 119 180
-2.791 -33.1042 -3.2926 31 119 180
-2.7571 -32.8196 -3.1746 31 119 180
-2.8308 -33.3214 -3.4197 31 119 180
-2.7488 -32.7364 -3.1445 31 119 180
-2.7174 -32.4957 -3.0374 31 119 180
-2.9766 -34.2325 -3.8964 31 119 180
-2.7522 -32.6251 -3.1427 31 119 180
-2.7332 -32.4148 -3.0715 31 119 180
-2.7154 -32.1317 -2.9964 31 119 180
-2.7513 -32.2952 -3.1078 31 119 180
-3.0245 -34.1545 -4.0162 31 119 180
-2.7225 -31.9917 -3.0017 31 119 180
-2.7547 -32.1839 -3.1061 31 119 180
-2.7487 -32.0621 -3.0782 31 119 180
-3.0801 -34.1015 -4.1587 31 119 180
-2.7479 -31.8146 -3.052 31 119 180
-3.0718 -34.0183 -4.1286 31 119 180
-2.7112 -31.5104 -2.9244 31 119 180
-2.6928 -31.3583 -2.8606 31 119 180
-2.6824 -31.2069 -2.8183 31 119 180
-2.7373 -31.5808 -3.0009 31 119 180
-2.7503 -31.6693 -3.0441 31 119 180
-2.7175 -31.4188 -2.9323 31 119 180
-2.6586 -30.9913 -2.7339 31 119 180
-2.6778 -31.0949 -2.7951 31 119 180
-2.7732 -31.7442 -3.1123 31 119 180
-2.7437 -31.4892 -3.0088 31 119 180
-2.7209 -31.3076 -2.9306 31 119 180
-2.6346 -30.6931 -2.6409 31 119 180
-2.7127 -31.2243 -2.9004 31 119 180
-2.6658 -30.8512 -2.7392 31 119 180
-2.7077 -31.1365 -2.8786 31 119 180
-2.7789 -31.5944 -3.1128 31 119 180
-2.6362 -30.5962 -2.6357 31 119 180
-2.6608 -30.7635 -2.7174 31 119 180
-2.6934 -30.9315 -2.8205 31 119 180
-2.6671 -30.6719 -2.7253 31 119 180
-2.6958 -30.7862 -2.8127 31 119 180
-3.5657 -36.2476 -5.6598 38 38 38
-3.5611 -36.1356 -5.6367 38 38 38
-3.5977 -36.0615 -5.7267 38 38 38
-3.603 -35.9358 -5.7285 38 38 38
-3.6305 -36.1228 -5.8198 38 38 38
-3.6278 -35.9964 -5.8002 38 38 38
-3.5203 -33.3522 -5.2557 38 38 38
-3.5366 -33.4362 -5.3072 38 38 38
-3.5484 -33.3015 -5.3256 38 38 38
-3.5792 -33.4838 -5.4252 38 38 38
-2.0414 -36.8297 -1.926 255 187 120
-2.0306 -36.7026 -1.885 255 187 120
-2.0741 -36.891 -2.0191 255 187 120
-2.0605 -36.7442 -1.9685 255 187 120
-2.0563 -36.608 -1.944 255 187 120
-2.0539 -36.4574 -1.923 255 187 120
-2.2162 -37.0498 -2.4126 38 38 38
-2.2941 -37.4986 -2.6634 255 187 120
-2.2225 -36.9583 -2.4204 38 38 38
-2.3155 -37.5636 -2.7268 255 187 120
-2.2469 -37.043 -2.4934 38 38 38
-2.3208 -37.438 -2.7286 255 187 120
-2.3162 -37.326 -2.7054 255 187 120
-2.3109 -37.1557 -2.6748 255 187 120
-2.3324 -37.2208 -2.7382 255 187 120
-2.3267 -37.0747 -2.7089 255 187 120
-2.6694 -38.436 -3.7531 31 119 180
-2.6662 -38.3338 -3.7348 31 119 180
-2.6901 -38.2536 -3.7903 31 119 180
-2.691 -38.0984 -3.7776 31 119 180
-2.6938 -37.9289 -3.7685 31 119 180
-2.7218 -37.9849 -3.8485 31 119 180
-2.71 -37.8237 -3.8013 31 119 180
-2.7314 -37.8888 -3.8647 31 119 180
-2.7196 -37.7276 -3.8175 31 119 180
-2.7226 -37.6405 -3.817 31 119 180
-2.7443 -37.7881 -3.8892 31 119 180
-2.3484 -35.0685 -2.5706 255 187 120
-2.7525 -37.6821 -3.9005 31 119 180
-2.3599 -34.958 -2.5903 255 187 120
-2.7526 -37.5754 -3.8905 31 119 180
-2.39 -35.0821 -2.6825 255 187 120
-2.5216 -33.0424 -2.8332 38 38 38
-2.5279 -32.9509 -2.8411 38 38 38
-2.5559 -33.0068 -2.9211 38 38 38
-2.7019 -33.8112 -3.3878 31 119 180
-2.6588 -33.3027 -3.2235 31 119 180
-2.6495 -33.1854 -3.1873 31 119 180
-2.6798 -33.392 -3.2882 31 119 180
-2.7623 -33.9527 -3.5622 31 119 180
-2.7269 -33.6583 -3.4394 31 119 180
-2.7852 -34.0276 -3.6304 31 119 180
-2.7332 -33.5667 -3.4473 31 119 180
-2.6603 -33.0166 -3.1995 31 119 180
-2.6538 -32.919 -3.1729 31 119 180
-2.6857 -33.1354 -3.2786 31 119 180
-2.7348 -33.4699 -3.4421 31 119 180
-2.6521 -32.8267 -3.1593 31 119 180
-2.8459 -34.1449 -3.8035 31 119 180
-2.8622 -34.2288 -3.8551 31 119 180
-2.6823 -32.9508 -3.2516 31 119 180
-2.6938 -33.0295 -3.29 31 119 180
-2.6151 -32.44 -3.023 31 119 180
-2.6314 -32.524 -3.0746 31 119 180
-2.6622 -32.7063 -3.1742 31 119 180
-2.8766 -34.138 -3.8844 31 119 180
-2.6879 -32.8009 -3.252 31 119 180
-2.6139 -32.2167 -2.9981 31 119 180
-2.6042 -32.1236 -2.9632 31 119 180
-2.905 -34.1698 -3.9631 31 119 180
-2.6364 -32.3158 -3.0676 31 119 180
-2.6943 -32.7093 -3.2599 31 119 180
-2.686 -32.6261 -3.2298 31 119 180
-2.6497 -32.191 -3.0908 31 119 180
-2.67 -32.3287 -3.1581 31 119 180
-2.6342 -32.0585 -3.0366 31 119 180
-2.9398 -34.11 -4.0496 31 119 180
-2.6371 -31.7823 -3.0174 31 119 180
-2.976 -34.06 -4.141 31 119 180
-2.6034 -31.3911 -2.8894 31 119 180
-2.6258 -31.4902 -2.9589 31 119 180
-2.6021 -31.2745 -2.8745 31 119 180
-2.5634 -30.9847 -2.7434 31 119 180
-2.5779 -31.0831 -2.7915 31 119 180
-2.6004 -31.1822 -2.861 31 119 180
-2.5313 -30.6858 -2.6289 31 119 180
-2.5563 -30.8288 -2.7094 31 119 180
-2.6388 -31.3895 -2.9834 31 119 180
-2.6648 -31.5666 -3.0699 31 119 180
-2.5955 -30.9877 -2.8291 31 119 180
-2.6288 -31.214 -2.9397 31 119 180
-2.6697 -31.4652 -3.073 31 119 180
-2.5645 -30.7228 -2.7207 31 119 180
-2.5876 -30.8802 -2.7977 31 119 180
-2.6271 -31.1216 -2.9261 31 119 180
-2.693 -31.5159 -3.1399 31 119 180
-2.7111 -31.5855 -3.1949 31 119 180
-3.4594 -36.2445 -5.6401 38 38 38
-3.4497 -36.1514 -5.6052 38 38 38
-3.451 -35.9721 -5.5912 38 38 38
-3.4799 -36.1688 -5.6874 38 38 38
-3.4355 -35.8397 -5.537 38 38 38
-3.4863 -36.0773 -5.6953 38 38 38
-3.4813 -35.9895 -5.6734 38 38 38
-3.4709 -35.8381 -5.631 38 38 38
-3.4136 -33.4558 -5.2458 38 38 38
-3.4426 -33.5458 -5.3319 38 38 38
-3.4461 -33.4346 -5.3302 38 38 38
-3.4363 -33.3415 -5.2952 38 38 38
-3.4842 -33.5594 -5.4438 38 38 38
-3.4745 -33.4663 -5.4088 38 38 38
-3.4982 -33.1969 -5.4456 38 38 38
-3.5346 -33.2294 -5.5457 38 38 38
-1.969 -36.8712 -1.986 255 187 120
-1.9423 -36.6359 -1.8921 255 187 120
-1.9633 -36.7251 -1.9568 255 187 120
-1.9424 -36.5291 -1.8821 255 187 120
-1.95 -36.3649 -1.886 255 187 120
-1.9643 -36.2741 -1.9153 255 187 120
-2.1122 -37.0641 -2.3855 38 38 38
-2.2027 -37.6256 -2.6809 255 187 120
-2.189 -37.4788 -2.6302 255 187 120
-2.1222 -36.9438 -2.4004 38 38 38
-2.2137 -37.5394 -2.7019 255 187 120
-2.1505 -37.0823 -2.4891 38 38 38
-1.9741 -35.7754 -1.8927 255 187 120
-1.9757 -35.6785 -1.8875 255 187 120
-2.213 -37.2919 -2.6757 255 187 120
-2.241 -37.3479 -2.7557 255 187 120
-2.2411 -37.2412 -2.7457 255 187 120
-2.2202 -37.0452 -2.671 255 187 120
-2.2347 -37.1435 -2.719 255 187 120
-2.5669 -38.4602 -3.7307 31 119 180
-2.5726 -38.3104 -3.7312 31 119 180
-2.5955 -38.3853 -3.7993 31 119 180
-2.6179 -38.4844 -3.8688 31 119 180
-2.6084 -38.2846 -3.8238 31 119 180
-2.6155 -38.1446 -3.8291 31 119 180
-2.604 -37.9592 -3.7806 31 119 180
-2.6237 -38.0387 -3.8405 31 119 180
-2.6406 -37.885 -3.8707 31 119 180
-2.6372 -37.7004 -3.8437 31 119 180
-2.6503 -37.7889 -3.8869 31 119 180
-2.644 -37.5846 -3.8502 31 119 180
-2.6654 -37.6497 -3.9136 31 119 180
-2.5942 -33.8544 -3.3541 31 119 180
-2.5454 -33.4957 -3.1894 31 119 180
-2.5693 -33.6046 -3.2637 31 119 180
-2.5962 -33.7333 -3.3476 31 119 180
-2.5992 -33.6462 -3.3472 31 119 180
-2.6195 -33.784 -3.4144 31 119 180
-2.5555 -33.2686 -3.1943 31 119 180
-2.5772 -33.4162 -3.2663 31 119 180
-2.6735 -34.017 -3.5809 31 119 180
-2.5579 -33.1233 -3.1864 31 119 180
-2.5866 -33.2376 -3.2738 31 119 180
-2.5566 -33.0068 -3.1716 31 119 180
-2.5543 -32.8562 -3.1506 31 119 180
-2.5865 -33.0484 -3.2551 31 119 180
-2.5833 -32.9462 -3.2367 31 119 180
-2.5639 -32.76 -3.1668 31 119 180
-2.5593 -32.648 -3.1437 31 119 180
-2.5853 -32.8251 -3.2302 31 119 180
-2.5543 -32.5603 -3.1219 31 119 180
-2.5935 -32.7192 -3.2416 31 119 180
-2.5606 -32.4687 -3.1298 31 119 180
-2.5879 -32.5731 -3.2123 31 119 180
-2.5289 -32.1455 -3.014 31 119 180
-2.542 -32.2341 -3.0572 31 119 180
-2.5564 -32.3325 -3.1053 31 119 180
-2.5276 -32.029 -2.9992 31 119 180
-2.5913 -32.4619 -3.2106 31 119 180
-2.8319 -34.0707 -4.0071 31 119 180
-2.5154 -31.892 -2.9533 31 119 180
-2.5881 -32.3597 -3.1923 31 119 180
-2.5582 -32.1289 -3.0901 31 119 180
-2.5759 -32.2227 -3.1464 31 119 180
-2.8613 -34.1365 -4.0919 31 119 180
-2.5254 -31.7717 -2.9682 31 119 180
-2.5486 -31.9291 -3.0451 31 119 180
-2.5469 -31.8368 -3.0315 31 119 180
-2.8709 -34.0404 -4.1081 31 119 180
-2.8963 -34.1592 -4.1872 31 119 180
-2.8994 -34.0722 -4.1868 31 119 180
-2.5122 -31.3047 -2.8874 31 119 180
-2.4768 -31.0104 -2.7647 31 119 180
-2.5437 -31.4387 -2.9844 31 119 180
-2.4458 -30.7455 -2.6563 31 119 180
-2.4646 -30.8734 -2.7188 31 119 180
-2.5094 -31.1784 -2.8678 31 119 180
-2.5453 -31.3418 -2.9792 31 119 180
-2.5699 -31.5091 -3.0609 31 119 180
-2.4445 -30.629 -2.6415 31 119 180
-2.4944 -30.915 -2.8023 31 119 180
-2.518 -31.0482 -2.8779 31 119 180
-2.544 -31.2253 -2.9644 31 119 180
-2.4822 -30.778 -2.7564 31 119 180
-2.4725 -30.6849 -2.7215 31 119 180
-2.5828 -31.4084 -3.0854 31 119 180
-2.6144 -31.5423 -3.1824 31 119 180
-2.6061 -31.4591 -3.1523 31 119 180
-3.3572 -36.1623 -5.6079 38 38 38
-3.3548 -36.0117 -5.5869 38 38 38
-3.3484 -35.9141 -5.5603 38 38 38
-3.3903 -36.1993 -5.6997 38 38 38
-3.3763 -36.0768 -5.6503 38 38 38
-3.3602 -35.7793 -5.5787 38 38 38
-3.3827 -35.8785 -5.6482 38 38 38
-3.3924 -35.7824 -5.6644 38 38 38
-3.3385 -33.4779 -5.2964 38 38 38
-3.3321 -33.3803 -5.2698 38 38 38
-3.3632 -33.5385 -5.3681 38 38 38
-3.3421 -33.26 -5.2846 38 38 38
-3.3728 -33.4423 -5.3843 38 38 38
-3.3917 -33.5702 -5.4468 38 38 38
-3.3602 -33.3296 -5.3397 38 38 38
-3.4027 -33.484 -5.4678 38 38 38
-1.8478 -36.8268 -1.911 255 187 120
-1.8447 -36.7246 -1.8927 255 187 120
-1.8353 -36.6073 -1.8564 255 187 120
-1.8759 -36.8828 -1.991 255 187 120
-1.8388 -36.4961 -1.8547 255 187 120
-1.8652 -36.6489 -1.9399 255 187 120
-1.8327 -36.3742 -1.8268 255 187 120
-1.8635 -36.5566 -1.9264 255 187 120
-1.8593 -36.4204 -1.9019 255 187 120
-1.8749 -36.2569 -1.9273 255 187 120
-2.0191 -37.0757 -2.3905 38 38 38
-2.0178 -36.9591 -2.3757 38 38 38
-2.1065 -37.535 -2.6675 255 187 120
-2.1228 -37.619 -2.7191 255 187 120
-2.0522 -37.1128 -2.4823 38 38 38
-2.0458 -37.0151 -2.4556 38 38 38
-1.8762 -35.7816 -1.8846 255 187 120
-2.1344 -37.4018 -2.7288 255 187 120
-1.8873 -35.6954 -1.9056 255 187 120
-2.1473 -37.3012 -2.7533 255 187 120
-2.1441 -37.199 -2.7349 255 187 120
-2.141 -37.0968 -2.7166 255 187 120
-2.4755 -38.3749 -3.7304 31 119 180
-2.5112 -38.4559 -3.8331 31 119 180
-2.5131 -38.3348 -3.8266 31 119 180
-2.5034 -38.2417 -3.7916 31 119 180
-2.5063 -37.9655 -3.7725 31 119 180
-2.5288 -38.0646 -3.842 31 119 180
-2.5403 -37.9541 -3.8617 31 119 180
-2.5277 -37.8414 -3.8171 31 119 180
-2.5435 -37.7604 -3.8512 31 119 180
-2.5616 -37.83 -3.9063 31 119 180
-2.5498 -37.6688 -3.8591 31 119 180
-2.576 -37.7392 -3.9356 31 119 180
-2.5827 -37.6234 -3.9422 31 119 180
-2.4516 -33.4489 -3.187 31 119 180
-2.5051 -33.8129 -3.3648 31 119 180
-2.5214 -33.8969 -3.4163 31 119 180
-2.5009 -33.6767 -3.3403 31 119 180
-2.4839 -33.5344 -3.2814 31 119 180
-2.4543 -33.2794 -3.1778 31 119 180
-2.4754 -33.3687 -3.2425 31 119 180
-2.5333 -33.7622 -3.4347 31 119 180
-2.4592 -33.178 -3.1809 31 119 180
-2.5812 -33.9802 -3.5833 31 119 180
-2.4865 -33.2824 -3.2635 31 119 180
-2.4638 -32.9941 -3.1753 31 119 180
-2.464 -32.8874 -3.1652 31 119 180
-2.49 -33.0645 -3.2517 31 119 180
-2.4906 -32.9335 -3.2404 31 119 180
-2.4649 -32.7322 -3.1526 31 119 180
-2.4599 -32.6445 -3.1308 31 119 180
-2.4516 -32.5612 -3.1006 31 119 180
-2.4991 -32.8034 -3.2505 31 119 180
-2.4935 -32.6573 -3.2212 31 119 180
-2.4722 -32.4855 -3.1479 31 119 180
-2.4512 -32.2895 -3.0731 31 119 180
-2.4987 -32.5317 -3.223 31 119 180
-2.4503 -32.1488 -3.057 31 119 180
-2.488 -32.4045 -3.182 31 119 180
-2.4718 -32.2138 -3.1204 31 119 180
-2.4848 -32.3024 -3.1636 31 119 180
-2.4564 -31.9747 -3.0562 31 119 180
-2.4536 -31.8483 -3.0365 31 119 180
-2.4826 -32.0451 -3.1327 31 119 180
-2.4632 -31.7522 -3.0527 31 119 180
-2.7889 -33.9657 -4.1341 31 119 180
-2.4839 -31.8657 -3.1187 31 119 180
-2.8165 -34.0459 -4.2154 31 119 180
-2.4117 -31.2671 -2.8684 31 119 180
-2.47 -31.6364 -3.0593 31 119 180
-2.3748 -30.9629 -2.7408 31 119 180
-2.4313 -31.3466 -2.9283 31 119 180
-2.3608 -30.8403 -2.6915 31 119 180
-2.4056 -31.1453 -2.8404 31 119 180
-2.3959 -31.0522 -2.8055 31 119 180
-2.3471 -30.6935 -2.6408 31 119 180
-2.4614 -31.4707 -3.0205 31 119 180
-2.498 -31.6924 -3.1393 31 119 180
-2.4456 -31.2557 -2.9576 31 119 180
-2.4359 -31.1627 -2.9226 31 119 180
-2.3523 -30.5679 -2.6426 31 119 180
-2.3943 -30.8531 -2.7819 31 119 180
-2.471 -31.3745 -3.0367 31 119 180
-2.4135 -30.9568 -2.8431 31 119 180
-2.4989 -31.5372 -3.1267 31 119 180
-2.3897 -30.7411 -2.7588 31 119 180
-2.3804 -30.6238 -2.7225 31 119 180
-3.2654 -36.1012 -5.6089 38 38 38
-3.2832 -36.195 -5.6652 38 38 38
-3.2656 -35.9945 -5.5989 38 38 38
-3.277 -35.884 -5.6185 38 38 38
-3.2977 -35.9975 -5.6845 38 38 38
-3.3087 -35.9112 -5.7055 38 38 38
-3.307 -35.8189 -5.692 38 38 38
-3.2654 -33.2488 -5.3311 38 38 38
-3.2939 -33.2806 -5.4098 38 38 38
-3.2798 -33.158 -5.3604 38 38 38
-1.7553 -36.9308 -1.9283 255 187 120
-1.7516 -36.6636 -1.8925 255 187 120
-1.7584 -36.5478 -1.8991 255 187 120
-1.7571 -36.4313 -1.8842 255 187 120
-1.7624 -36.3057 -1.886 255 187 120
-1.9143 -37.0427 -2.3618 38 38 38
-1.9339 -37.1222 -2.4217 38 38 38
-2.0009 -37.5505 -2.6415 255 187 120
-2.0242 -37.6012 -2.7083 255 187 120
-2.012 -37.4643 -2.6625 255 187 120
-1.9458 -36.9875 -2.4401 38 38 38
-1.7615 -35.5731 -1.8123 255 187 120
-1.7913 -35.7214 -1.9059 255 187 120
-2.041 -37.3651 -2.7298 255 187 120
-2.0124 -37.1441 -2.6324 255 187 120
-2.0298 -37.2622 -2.6901 255 187 120
-2.0474 -37.1668 -2.7277 255 187 120
-2.0377 -37.0737 -2.6927 255 187 120
-2.39 -38.4457 -3.7629 31 119 180
-2.418 -38.5017 -3.8428 31 119 180
-2.4095 -38.336 -3.804 31 119 180
-2.4031 -38.2384 -3.7773 31 119 180
-2.4207 -38.143 -3.815 31 119 180
-2.4107 -37.9674 -3.7713 31 119 180
-2.4336 -38.0423 -3.8395 31 119 180
-2.4255 -37.8524 -3.7993 31 119 180
-2.4451 -37.9318 -3.8592 31 119 180
-2.4509 -37.6753 -3.8496 31 119 180
-2.4734 -37.7744 -3.9191 31 119 180
-2.4686 -37.5799 -3.8872 31 119 180
-2.4834 -37.6541 -3.934 31 119 180
-2.3459 -33.4887 -3.1623 31 119 180
-2.4238 -33.9375 -3.4131 31 119 180
-2.4069 -33.7952 -3.3541 31 119 180
-2.3892 -33.5946 -3.2877 31 119 180
-2.4023 -33.6832 -3.331 31 119 180
-2.3799 -33.4773 -3.2515 31 119 180
-2.4335 -33.8413 -3.4293 31 119 180
-2.3427 -33.1973 -3.1252 31 119 180
-2.3629 -33.3351 -3.1925 31 119 180
-2.4694 -34.0048 -3.5407 31 119 180
-2.4354 -33.7203 -3.4227 31 119 180
-2.3895 -33.3812 -3.2677 31 119 180
-2.3759 -33.2344 -3.217 31 119 180
-2.3673 -33.0687 -3.1781 31 119 180
-2.3855 -33.1383 -3.2332 31 119 180
-2.3697 -32.9234 -3.1703 31 119 180
-2.3684 -32.8068 -3.1555 31 119 180
-2.3959 -32.9937 -3.2468 31 119 180
-2.5732 -34.1455 -3.8305 38 38 38
-2.3667 -32.7145 -3.1419 31 119 180
-2.5947 -34.2106 -3.8938 38 38 38
-2.3983 -32.8484 -3.2389 31 119 180
-2.3643 -32.5639 -3.121 31 119 180
-2.3825 -32.6335 -3.1761 31 119 180
-2.3988 -32.7175 -3.2276 31 119 180
-2.3754 -32.4776 -3.142 31 119 180
-2.3527 -32.296 -3.0638 31 119 180
-2.3444 -32.2127 -3.0337 31 119 180
-2.4035 -32.5336 -3.222 31 119 180
-2.3493 -32.1113 -3.0368 31 119 180
-2.392 -32.3482 -3.1735 31 119 180
-2.405 -32.4367 -3.2168 31 119 180
-2.3447 -31.9993 -3.0136 31 119 180
-2.3765 -32.2158 -3.1193 31 119 180
-2.3795 -32.1287 -3.1189 31 119 180
-2.3811 -32.0318 -3.1137 31 119 180
-2.3602 -31.8358 -3.039 31 119 180
-2.3751 -31.91 -3.0858 31 119 180
-2.3571 -31.7337 -3.0207 31 119 180
-2.7 -34.0653 -4.1596 38 38 38
-2.3898 -31.795 -3.1138 31 119 180
-2.2745 -30.9837 -2.728 31 119 180
-2.3468 -31.4756 -2.9683 31 119 180
-2.2922 -31.0776 -2.7844 31 119 180
-2.3096 -31.1956 -2.8421 31 119 180
-2.3299 -31.3333 -2.9093 31 119 180
-2.2666 -30.8763 -2.6966 31 119 180
-2.2471 -30.6901 -2.6267 31 119 180
-2.3947 -31.6936 -3.1169 31 119 180
-2.2634 -30.7741 -2.6782 31 119 180
-2.3883 -31.5959 -3.0902 31 119 180
-2.2983 -30.9035 -2.7836 31 119 180
-2.3113 -30.992 -2.8268 31 119 180
-2.3258 -31.0904 -2.8749 31 119 180
-2.3461 -31.2281 -2.9421 31 119 180
-2.3736 -31.4151 -3.0335 31 119 180
-2.3899 -31.4991 -3.085 31 119 180
-2.3686 -31.3273 -3.0116 31 119 180
-2.2952 -30.8013 -2.7652 31 119 180
-2.2739 -30.6295 -2.6918 31 119 180
-2.2854 -30.7082 -2.7303 31 119 180
-3.1776 -36.2349 -5.6404 38 38 38
-3.1654 -36.0979 -5.5946 38 38 38
-3.1952 -36.1395 -5.678 38 38 38
-3.1797 -36.0071 -5.6239 38 38 38
-3.1788 -35.8663 -5.6077 38 38 38
-3.2073 -35.8981 -5.6864 38 38 38
-3.2027 -35.7861 -5.6633 38 38 38
-3.144 -33.2872 -5.2635 38 38 38
-3.1694 -33.406 -5.3426 38 38 38
-3.1769 -33.2417 -5.3466 38 38 38
-3.2758 -33.2947 -5.6145 38 38 38
-1.5 -36.0203 -1.4221 38 38 38
-1.5207 -36.1338 -1.488 255 187 120
-1.6657 -36.9041 -1.9487 255 187 120
-1.5594 -36.1277 -1.5903 255 187 120
-1.6637 -36.7293 -1.9264 255 187 120
-1.658 -36.5832 -1.8971 255 187 120
-1.6491 -36.4417 -1.8596 255 187 120
-1.8207 -36.9623 -2.3665 38 38 38
-1.8323 -37.041 -2.405 38 38 38
-1.8618 -37.1068 -2.4898 38 38 38
-1.924 -37.5298 -2.6965 255 187 120
-1.9395 -37.3663 -2.7219 255 187 120
-1.9041 -37.0719 -2.5991 255 187 120
-1.9411 -37.2694 -2.7166 255 187 120
-2.2801 -38.4703 -3.735 31 119 180
-2.2784 -38.3779 -3.7214 31 119 180
-2.2822 -38.2425 -3.7184 31 119 180
-2.3037 -38.3075 -3.7818 31 119 180
-2.3425 -38.4906 -3.9028 31 119 180
-2.3151 -38.197 -3.8014 31 119 180
-2.328 -38.0964 -3.8259 31 119 180
-2.3234 -37.9844 -3.8028 31 119 180
-2.3192 -37.8481 -3.7783 31 119 180
-2.3458 -37.8943 -3.8535 31 119 180
-2.3431 -37.7679 -3.8339 31 119 180
-2.3586 -37.6044 -3.8592 31 119 180
-2.3815 -37.6793 -3.9274 31 119 180
-2.3868 -37.5537 -3.9292 31 119 180
-2.2878 -33.6783 -3.2881 31 119 180
-2.2766 -33.5753 -3.2484 31 119 180
-2.2659 -33.4482 -3.2073 31 119 180
-2.3151 -33.7827 -3.3707 31 119 180
-2.3368 -33.9302 -3.4428 31 119 180
-2.2924 -33.4943 -3.2825 31 119 180
-2.3069 -33.5927 -3.3305 31 119 180
-2.3431 -33.8387 -3.4507 31 119 180
-2.328 -33.682 -3.3952 31 119 180
-2.3903 -33.9983 -3.5919 31 119 180
-2.2946 -33.2666 -3.2659 31 119 180
-2.3138 -33.3702 -3.3271 31 119 180
-2.2137 -32.609 -2.9867 31 119 180
-2.4282 -34.0407 -3.6968 31 119 180
-2.2781 -32.9934 -3.1956 31 119 180
-2.2977 -33.0728 -3.2554 31 119 180
-2.2185 -32.5075 -2.9897 31 119 180
-2.2435 -32.6506 -3.0702 31 119 180
-2.3173 -33.1523 -3.3153 31 119 180
-2.2842 -32.8193 -3.1947 31 119 180
-2.3088 -32.9865 -3.2764 31 119 180
-2.2579 -32.5597 -3.0995 31 119 180
-2.3089 -32.8798 -3.2664 31 119 180
-2.2833 -32.6785 -3.1786 31 119 180
-2.3095 -32.7489 -3.255 31 119 180
-2.2779 -32.3191 -3.1292 31 119 180
-2.2667 -32.2161 -3.0895 31 119 180
-2.257 -32.1231 -3.0545 31 119 180
-2.2441 -31.9278 -3.0012 31 119 180
-2.2443 -31.8211 -2.9912 31 119 180
-2.2899 -32.0776 -3.1376 31 119 180
-2.2787 -31.9747 -3.0978 31 119 180
-2.2473 -31.7341 -2.9907 31 119 180
-2.2745 -31.8385 -3.0733 31 119 180
-2.2606 -31.6092 -3.0139 31 119 180
-2.1611 -30.9062 -2.681 31 119 180
-2.2089 -31.2308 -2.8396 31 119 180
-2.1475 -30.7594 -2.6303 31 119 180
-2.2434 -31.3844 -2.9462 31 119 180
-2.2549 -31.4631 -2.9847 31 119 180
-2.1917 -31.0061 -2.7719 31 119 180
-2.2047 -31.0946 -2.8151 31 119 180
-2.2934 -31.6705 -3.107 31 119 180
-2.1722 -30.8199 -2.702 31 119 180
-2.2464 -31.2974 -2.9458 31 119 180
-2.2917 -31.5782 -3.0935 31 119 180
-2.2834 -31.4949 -3.0634 31 119 180
-2.1984 -30.8903 -2.7784 31 119 180
-2.2755 -31.3875 -3.0319 31 119 180
-2.1587 -30.5664 -2.6412 31 119 180
-2.2383 -31.1075 -2.9056 31 119 180
-2.175 -30.6504 -2.6928 31 119 180
-2.2304 -31 -2.8742 31 119 180
-3.0466 -36.2524 -5.5564 38 38 38
-3.0322 -36.0473 -5.4983 38 38 38
-3.0438 -36.126 -5.5368 38 38 38
-3.0619 -36.0064 -5.5731 38 38 38
-1.4033 -36.0127 -1.417 38 38 38
-1.5475 -36.8315 -1.8801 255 187 120
-1.4408 -36.0793 -1.5232 255 187 120
-1.5704 -36.9064 -1.9483 255 187 120
-1.4744 -36.0922 -1.6137 255 187 120
-1.5684 -36.7316 -1.9261 255 187 120
-1.5572 -36.6287 -1.8863 255 187 120
-1.5559 -36.5122 -1.8715 255 187 120
-1.7947 -37.5436 -2.6069 255 187 120
-1.7286 -37.0668 -2.3845 38 38 38
-1.7254 -36.9647 -2.3662 38 38 38
-1.75 -37.1319 -2.4479 38 38 38
-1.8312 -37.5761 -2.707 255 187 120
-1.8311 -37.3869 -2.6883 255 187 120
-1.839 -37.1985 -2.6909 255 187 120
-1.852 -37.287 -2.7342 255 187 120
-1.8359 -37.0963 -2.6726 255 187 120
-2.1848 -38.4728 -3.7345 31 119 180
-2.201 -38.3676 -3.7673 31 119 180
-2.2293 -38.5061 -3.856 38 38 38
-2.2168 -38.2866 -3.8014 31 119 180
-2.2118 -38.1988 -3.7796 31 119 180
-2.2247 -38.0982 -3.8041 31 119 180
-2.2187 -37.9763 -3.7761 31 119 180
-2.2309 -37.8174 -3.7932 31 119 180
-2.2516 -37.9309 -3.8592 31 119 180
-2.2649 -37.806 -3.8824 31 119 180
-2.2607 -37.6698 -3.8579 31 119 180
-2.2853 -37.5412 -3.9109 31 119 180
-2.1817 -33.6603 -3.2571 31 119 180
-2.1709 -33.5332 -3.216 31 119 180
-2.2296 -33.8783 -3.4056 31 119 180
-2.2155 -33.7557 -3.3563 31 119 180
-2.2506 -33.9676 -3.4703 31 119 180
-2.1758 -33.4318 -3.2191 31 119 180
-2.2222 -33.6399 -3.3629 31 119 180
-2.252 -33.7882 -3.4564 31 119 180
-2.2799 -33.9509 -3.5464 31 119 180
-2.1949 -33.3463 -3.2615 31 119 180
-2.3053 -34.0697 -3.6255 31 119 180
-2.0966 -32.5706 -2.9247 31 119 180
-2.2031 -33.2403 -3.2729 31 119 180
-2.3384 -34.1068 -3.7173 31 119 180
-2.1999 -33.1381 -3.2546 31 119 180
-2.1916 -33.0549 -3.2244 31 119 180
-2.111 -32.4797 -2.954 31 119 180
-2.1833 -32.9716 -3.1943 31 119 180
-2.1397 -32.594 -3.0414 31 119 180
-2.1545 -32.6682 -3.0882 31 119 180
-2.1849 -32.8748 -3.1891 31 119 180
-2.2298 -33.1797 -3.3381 31 119 180
-2.2212 -33.014 -3.2992 31 119 180
-2.2115 -32.9209 -3.2643 31 119 180
-2.1873 -32.7295 -3.1813 31 119 180
-2.1827 -32.6175 -3.1581 31 119 180
-2.2197 -32.815 -3.2756 31 119 180
-2.1606 -32.1982 -3.0586 31 119 180
-2.1751 -32.2966 -3.1066 31 119 180
-2.1655 -32.0968 -3.0616 31 119 180
-2.1572 -32.0135 -3.0315 31 119 180
-2.1508 -31.9159 -3.0049 31 119 180
-2.1936 -32.1528 -3.1416 31 119 180
-2.1433 -31.7842 -2.9721 31 119 180
-2.1875 -32.0309 -3.1137 31 119 180
-2.1792 -31.9477 -3.0835 31 119 180
-2.1713 -31.8402 -3.0521 31 119 180
-2.0435 -30.8095 -2.6117 31 119 180
-2.0584 -30.8837 -2.6585 31 119 180
-2.1654 -31.6117 -3.0141 31 119 180
-2.1109 -31.2136 -2.8302 31 119 180
-2.185 -31.6911 -3.074 31 119 180
-2.0798 -30.9488 -2.7219 31 119 180
-2.1348 -31.3226 -2.9045 31 119 180
-2.1583 -31.4558 -2.9801 31 119 180
-2.1085 -31.063 -2.8093 31 119 180
-2.0865 -30.833 -2.7284 31 119 180
-2.1936 -31.561 -3.0841 31 119 180
-2.1347 -31.1334 -2.8857 31 119 180
-2.1477 -31.2219 -2.929 31 119 180
-2.0598 -30.5976 -2.6345 31 119 180
-2.1886 -31.4732 -3.0622 31 119 180
-2.0762 -30.6816 -2.6861 31 119 180
-2.1745 -31.3506 -3.0129 31 119 180
-2.12 -30.9525 -2.829 31 119 180
-2.9328 -36.2097 -5.5024 38 38 38
-2.93 -36.0833 -5.4827 38 38 38
-2.9621 -36.0864 -5.5684 38 38 38
-2.9571 -35.9986 -5.5466 38 38 38
-1.3476 -36.7373 -1.8466 255 187 120
-1.3672 -36.8168 -1.9064 255 187 120
-1.3854 -36.8864 -1.9615 255 187 120
-1.3366 -36.5277 -1.7968 255 187 120
-1.382 -36.7017 -1.9344 255 187 120
-1.3712 -36.5746 -1.8934 255 187 120
-1.3651 -36.4527 -1.8654 255 187 120
-1.5308 -37.0407 -2.3632 38 38 38
-1.6075 -37.5621 -2.618 255 187 120
-1.6062 -37.4455 -2.6031 255 187 120
-1.5658 -37.0634 -2.4585 38 38 38
-1.6411 -37.5749 -2.7084 255 187 120
-1.5561 -36.9703 -2.4235 38 38 38
-1.6328 -37.4917 -2.6783 255 187 120
-1.6181 -37.3108 -2.6215 255 187 120
-1.6439 -37.4054 -2.6993 255 187 120
-1.399 -35.6604 -1.8782 255 187 120
-1.3849 -35.5378 -1.8289 255 187 120
-1.614 -37.0679 -2.587 255 187 120
-1.6615 -37.31 -2.7369 255 187 120
-1.6569 -37.198 -2.7138 255 187 120
-1.6465 -37.0467 -2.6714 255 187 120
-1.9824 -38.4412 -3.7001 31 119 180
-2.0108 -38.473 -3.7788 31 119 180
-1.9975 -38.302 -3.7268 31 119 180
-2.0193 -38.1536 -3.7701 31 119 180
-2.0309 -37.9364 -3.7798 31 119 180
-2.0501 -38.0401 -3.841 31 119 180
-2.0685 -37.8963 -3.876 31 119 180
-2.0592 -37.779 -3.8397 31 119 180
-2.0827 -37.6163 -3.8865 31 119 180
-2.099 -37.7002 -3.9381 31 119 180
-2.1156 -37.5708 -3.9696 31 119 180
-2.0067 -33.709 -3.3036 31 119 180
-2.001 -33.5629 -3.2744 31 119 180
-2.0626 -33.9277 -3.4736 31 119 180
-2.0398 -33.746 -3.3954 31 119 180
-2.0528 -33.8346 -3.4387 31 119 180
-2.0063 -33.4373 -3.2762 31 119 180
-2.0925 -33.9693 -3.5571 31 119 180
-1.9557 -32.9863 -3.0979 31 119 180
-1.9855 -33.1346 -3.1914 31 119 180
-2.0148 -33.3071 -3.2862 31 119 180
-2.0051 -33.214 -3.2513 31 119 180
-1.9621 -32.8947 -3.1058 31 119 180
-1.9889 -33.0233 -3.1897 31 119 180
-2.1714 -34.1561 -3.7853 31 119 180
-2.0256 -33.1383 -3.2985 31 119 180
-1.9997 -32.8546 -3.2019 31 119 180
-2.2013 -34.1977 -3.8688 31 119 180
-1.9988 -32.7138 -3.1858 31 119 180
-2.2124 -34.1115 -3.8898 31 119 180
-1.9997 -32.5587 -3.1732 31 119 180
-2.0291 -32.7312 -3.268 31 119 180
-2.0179 -32.6283 -3.2282 31 119 180
-2.0013 -32.4618 -3.1679 31 119 180
-2.0308 -32.5276 -3.2527 31 119 180
-1.9834 -32.1788 -3.0928 31 119 180
-2.0051 -32.3263 -3.1649 31 119 180
-1.9835 -32.0721 -3.0828 31 119 180
-2.0375 -32.4118 -3.2593 31 119 180
-2.0166 -32.2158 -3.1846 31 119 180
-2.0101 -32.1182 -3.1579 31 119 180
-2.0424 -32.3104 -3.2624 31 119 180
-1.9824 -31.8488 -3.0579 31 119 180
-1.9954 -31.9373 -3.1011 31 119 180
-1.9741 -31.7656 -3.0277 31 119 180
-2.0117 -32.0213 -3.1527 31 119 180
-1.9691 -31.6778 -3.0059 31 119 180
-1.8516 -30.7985 -2.6078 31 119 180
-1.9754 -31.5862 -3.0138 31 119 180
-2.013 -31.842 -3.1387 31 119 180
-1.9396 -31.316 -2.8923 31 119 180
-1.911 -31.0951 -2.7949 31 119 180
-1.9993 -31.6952 -3.0881 31 119 180
-1.8897 -30.9233 -2.7215 31 119 180
-1.9592 -31.3955 -2.9522 31 119 180
-1.9368 -31.1897 -2.8727 31 119 180
-1.8634 -30.6637 -2.6262 31 119 180
-1.984 -31.456 -3.0239 31 119 180
-1.8863 -30.7386 -2.6944 31 119 180
-1.9026 -30.8226 -2.746 31 119 180
-1.9229 -30.9604 -2.8132 31 119 180
-1.9736 -31.3047 -2.9815 31 119 180
-1.9392 -31.0444 -2.8648 31 119 180
-1.2912 -36.8864 -1.9595 255 187 120
-1.2424 -36.5277 -1.7947 255 187 120
-1.2678 -36.6465 -1.8738 255 187 120
-1.2823 -36.7448 -1.9219 255 187 120
-1.2727 -36.5451 -1.8769 255 187 120
-1.2695 -36.4429 -1.8586 255 187 120
-1.4367 -37.0407 -2.3611 38 38 38
-1.5149 -37.5719 -2.6207 255 187 120
-1.4651 -37.0724 -2.4398 38 38 38
-1.5451 -37.5893 -2.7029 255 187 120
-1.462 -36.9703 -2.4215 38 38 38
-1.5347 -37.4379 -2.6605 255 187 120
-1.276 -35.6528 -1.7988 255 187 120
-1.5458 -37.3516 -2.6815 255 187 120
-1.3059 -35.6944 -1.8823 255 187 120
-1.5449 -37.2109 -2.6653 255 187 120
-1.5236 -37.0391 -2.5919 255 187 120
-1.5678 -37.2858 -2.7335 255 187 120
-1.5535 -37.0807 -2.6754 255 187 120
-1.8879 -38.4655 -3.6993 31 119 180
-1.9139 -38.3466 -3.7571 31 119 180
-1.9247 -38.1779 -3.7693 31 119 180
-1.9337 -38.0235 -3.7781 31 119 180
-1.9548 -38.1128 -3.8428 31 119 180
-1.9386 -37.9221 -3.7812 31 119 180
-1.967 -37.9538 -3.8599 31 119 180
-1.9544 -37.8411 -3.8153 31 119 180
-1.9607 -37.7495 -3.8232 31 119 180
-1.9961 -37.748 -3.9172 31 119 180
-1.9897 -37.6503 -3.8905 31 119 180
-2.0153 -37.5557 -3.9496 31 119 180
-1.8893 -33.6583 -3.2348 31 119 180
-1.9122 -33.7332 -3.3029 31 119 180
-1.9419 -33.8815 -3.3964 31 119 180
-1.8989 -33.5622 -3.2509 31 119 180
-1.9369 -33.7937 -3.3746 31 119 180
-1.9218 -33.6371 -3.3191 31 119 180
-1.9667 -33.9421 -3.4681 31 119 180
-1.9052 -33.4706 -3.2588 31 119 180
-1.9433 -33.7022 -3.3825 31 119 180
-1.9065 -33.2913 -3.2449 31 119 180
-1.8939 -33.1785 -3.2003 31 119 180
-1.8784 -33.0461 -3.1461 31 119 180
-1.9356 -33.3813 -3.331 31 119 180
-1.9116 -33.0831 -3.2379 31 119 180
-1.9322 -33.1966 -3.3039 31 119 180
-2.0701 -34.107 -3.7592 31 119 180
-1.8925 -32.8728 -3.1667 31 119 180
-1.9102 -32.9666 -3.2231 31 119 180
-2.1054 -34.2122 -3.8632 31 119 180
-1.9221 -32.8319 -3.2415 31 119 180
-2.1103 -34.1107 -3.8663 31 119 180
-1.914 -32.6419 -3.2013 31 119 180
-1.9284 -32.7403 -3.2494 31 119 180
-1.9167 -32.4724 -3.1922 31 119 180
-1.878 -32.1826 -3.0611 31 119 180
-1.9026 -32.3498 -3.1428 31 119 180
-1.8929 -32.2567 -3.1078 31 119 180
-1.952 -32.5776 -3.2962 31 119 180
-1.9358 -32.3869 -3.2346 31 119 180
-1.9488 -32.4754 -3.2778 31 119 180
-1.8928 -32.0675 -3.0891 31 119 180
-1.9077 -32.1417 -3.1358 31 119 180
-1.925 -32.2597 -3.1935 31 119 180
-1.8709 -31.7308 -2.9982 31 119 180
-1.8985 -31.9177 -3.0895 31 119 180
-1.8583 -31.618 -2.9536 31 119 180
-1.7977 -31.0981 -2.7417 31 119 180
-1.899 -31.7868 -3.0782 31 119 180
-1.8169 -31.2018 -2.8029 31 119 180
-1.7684 -30.8189 -2.6369 31 119 180
-1.8929 -31.6649 -3.0502 31 119 180
-1.8673 -31.4636 -2.9624 31 119 180
-1.9252 -31.8571 -3.1547 31 119 180
-1.7866 -30.8885 -2.692 31 119 180
-1.846 -31.2918 -2.889 31 119 180
-1.8575 -31.3705 -2.9275 31 119 180
-1.8124 -30.9831 -2.7697 31 119 180
-1.8407 -31.1216 -2.8585 31 119 180
-1.8986 -31.5151 -3.0507 31 119 180
-1.789 -30.7432 -2.6841 31 119 180
-1.857 -31.2056 -2.91 31 119 180
-1.8781 -31.2948 -2.9747 31 119 180
-1.8897 -31.3735 -3.0131 31 119 180
-1.822 -30.887 -2.7859 31 119 180
-1.7972 -30.6372 -2.6955 31 119 180
-2.7376 -35.9789 -5.7159 38 38 38
-2.7611 -36.1121 -5.7915 38 38 38
-2.7457 -35.873 -5.7273 38 38 38
-2.7726 -36.0016 -5.8112 38 38 38
-1.1505 -36.8651 -1.8438 255 187 120
-1.1785 -36.9211 -1.9238 255 187 120
-1.14 -36.5246 -1.7827 255 187 120
-1.1776 -36.7803 -1.9076 255 187 120
-1.1697 -36.6729 -1.8762 255 187 120
-1.1717 -36.5518 -1.8697 255 187 120
-1.4138 -37.5787 -2.6134 255 187 120
-1.3336 -36.9793 -2.3416 38 38 38
-1.1799 -35.854 -1.8235 255 187 120
-1.3641 -37.0792 -2.4325 38 38 38
-1.43 -37.4735 -2.6462 255 187 120
-1.1667 -35.5763 -1.7615 255 187 120
-1.1855 -35.7042 -1.824 255 187 120
-1.2095 -35.8131 -1.8983 255 187 120
-1.459 -37.3743 -2.7135 255 187 120
-1.425 -37.0898 -2.5956 255 187 120
-1.461 -37.2533 -2.707 255 187 120
-1.7996 -38.4784 -3.7265 31 119 180
-1.7943 -38.3081 -3.6959 31 119 180
-1.8059 -38.3868 -3.7344 31 119 180
-1.836 -38.511 -3.8265 31 119 180
-1.8297 -38.3066 -3.7899 31 119 180
-1.8266 -38.2044 -3.7716 31 119 180
-1.829 -38.0591 -3.7637 31 119 180
-1.8504 -38.1242 -3.8271 31 119 180
-1.8484 -37.9494 -3.8049 31 119 180
-1.8405 -37.8419 -3.7734 31 119 180
-1.8549 -37.7511 -3.8027 31 119 180
-1.8745 -37.8306 -3.8626 31 119 180
-1.8889 -37.7398 -3.8919 31 119 180
-1.8795 -37.6225 -3.8557 31 119 180
-1.9149 -37.6209 -3.9496 31 119 180
-1.9165 -37.5241 -3.9444 31 119 180
-1.7959 -33.6901 -3.2505 31 119 180
-1.825 -33.7802 -3.3366 31 119 180
-1.8481 -33.9376 -3.4135 31 119 180
-1.8121 -33.5849 -3.2833 31 119 180
-1.8023 -33.4919 -3.2484 31 119 180
-1.853 -33.8362 -3.4166 31 119 180
-1.8331 -33.6742 -3.348 31 119 180
-1.8037 -33.3125 -3.2345 31 119 180
-1.7708 -33.062 -3.1226 31 119 180
-1.7867 -33.1702 -3.1755 31 119 180
-1.8305 -33.4411 -3.3184 31 119 180
-1.8184 -33.1975 -3.2625 31 119 180
-1.8058 -33.0847 -3.2179 31 119 180
-1.7845 -32.9129 -3.1445 31 119 180
-1.8008 -32.9969 -3.1961 31 119 180
-1.8167 -32.8092 -3.2202 31 119 180
-1.8026 -32.6866 -3.1708 31 119 180
-1.8311 -32.7184 -3.2495 31 119 180
-1.8188 -32.5814 -3.2036 31 119 180
-1.7727 -32.1599 -3.0398 31 119 180
-1.8016 -32.3567 -3.136 31 119 180
-1.7919 -32.2636 -3.101 31 119 180
-1.8237 -32.48 -3.2067 31 119 180
-1.775 -32.0146 -3.032 31 119 180
-1.8532 -32.5458 -3.2915 31 119 180
-1.8352 -32.3695 -3.2264 31 119 180
-1.7965 -32.0797 -3.0954 31 119 180
-1.8095 -32.1682 -3.1386 31 119 180
-1.8254 -32.2764 -3.1915 31 119 180
-1.7898 -31.8996 -3.06 31 119 180
-1.7612 -31.6786 -2.9626 31 119 180
-1.7804 -31.7823 -3.0238 31 119 180
-1.8108 -31.9889 -3.1247 31 119 180
-1.701 -31.1345 -2.7495 31 119 180
-1.7173 -31.2185 -2.801 31 119 180
-1.6689 -30.8355 -2.635 31 119 180
-1.7658 -31.4947 -2.957 31 119 180
-1.7416 -31.3032 -2.874 31 119 180
-1.7547 -31.3918 -2.9172 31 119 180
-1.7981 -31.6869 -3.0614 31 119 180
-1.8198 -31.8345 -3.1335 31 119 180
-1.687 -30.9051 -2.6901 31 119 180
-1.6986 -30.9839 -2.7285 31 119 180
-1.6647 -30.6993 -2.6106 31 119 180
-1.792 -31.565 -3.0335 31 119 180
-1.7248 -31.0542 -2.805 31 119 180
-1.744 -31.1579 -2.8662 31 119 180
-1.7028 -30.8242 -2.7242 31 119 180
-1.7969 -31.4636 -3.0366 31 119 180
-1.6945 -30.7409 -2.6941 31 119 180
-1.7727 -31.2722 -2.9536 31 119 180
-1.7857 -31.3607 -2.9968 31 119 180
-1.721 -30.8938 -2.7793 31 119 180
-2.6563 -36.148 -5.7773 38 38 38
-2.6398 -35.9815 -5.717 38 38 38
-2.6213 -35.8294 -5.6532 38 38 38
-2.6494 -35.8854 -5.7332 38 38 38
-2.6725 -36.0428 -5.8101 38 38 38
-1.0705 -36.8844 -1.8967 255 187 120
-1.0458 -36.5279 -1.7962 255 187 120
-1.0809 -36.7398 -1.9103 255 187 120
-1.0489 -36.4409 -1.7958 255 187 120
-1.079 -36.565 -1.888 255 187 120
-1.057 -36.3349 -1.8072 255 187 120
-1.0785 -36.4 -1.8706 255 187 120
-1.0631 -36.1609 -1.8064 255 187 120
-1.0809 -36.2547 -1.8627 255 187 120
-1.0783 -36.0216 -1.833 255 187 120
-1.0927 -36.12 -1.8811 255 187 120
-1.0897 -35.9111 -1.8527 255 187 120
-1.3422 -37.5744 -2.6865 255 187 120
-1.0837 -35.7893 -1.8248 255 187 120
-1.3362 -37.4526 -2.6586 255 187 120
-1.0853 -35.6924 -1.8196 255 187 120
-1.0774 -35.585 -1.7881 255 187 120
-1.3246 -37.078 -2.5913 255 187 120
-1.3626 -37.3095 -2.715 255 187 120
-1.357 -37.1635 -2.6857 255 187 120
-1.3357 -36.9917 -2.6123 255 187 120
-1.3553 -37.0711 -2.6722 255 187 120
-1.7268 -38.44 -3.7936 31 119 180
-1.7179 -38.2985 -3.7561 31 119 180
-1.7534 -38.4861 -3.8688 31 119 180
-1.7293 -38.188 -3.7758 31 119 180
-1.7397 -38.0434 -3.7893 31 119 180
-1.7645 -38.1039 -3.861 31 119 180
-1.7553 -37.8799 -3.8147 31 119 180
-1.7727 -37.998 -3.8724 31 119 180
-1.7837 -37.9117 -3.8934 31 119 180
-1.7715 -37.7747 -3.8475 31 119 180
-1.7981 -37.8209 -3.9227 31 119 180
-1.7826 -37.6884 -3.8685 31 119 180
-1.811 -37.7202 -3.9472 31 119 180
-1.8239 -37.6196 -3.9717 31 119 180
-1.8255 -37.5227 -3.9665 31 119 180
-1.7006 -33.5768 -3.2489 31 119 180
-1.7209 -33.7146 -3.3162 31 119 180
-1.6989 -33.4845 -3.2354 31 119 180
-1.6884 -33.144 -3.1743 31 119 180
-1.6281 -32.7066 -2.9711 31 119 180
-1.7109 -33.2431 -3.2437 31 119 180
-1.7305 -33.3225 -3.3036 31 119 180
-1.826 -33.9718 -3.6209 31 119 180
-1.6745 -32.9147 -3.1148 31 119 180
-1.6937 -33.0183 -3.176 31 119 180
-1.6641 -32.7633 -3.0725 31 119 180
-1.7048 -32.9321 -3.197 31 119 180
-1.6969 -32.8246 -3.1656 31 119 180
-1.7022 -32.4031 -3.1385 31 119 180
-1.7152 -32.4916 -3.1818 31 119 180
-1.697 -32.2328 -3.108 31 119 180
-1.7228 -32.3274 -3.1858 31 119 180
-1.7132 -32.1276 -3.1408 31 119 180
-1.7276 -32.226 -3.1888 31 119 180
-1.702 -32.0247 -3.101 31 119 180
-1.5624 -30.8328 -2.6134 31 119 180
-1.7099 -31.8362 -3.1037 31 119 180
-1.7258 -31.9444 -3.1565 31 119 180
-1.6818 -31.591 -3.0049 31 119 180
-1.6504 -31.3504 -2.8979 31 119 180
-1.5871 -30.8933 -2.685 31 119 180
-1.6117 -31.0606 -2.7668 31 119 180
-1.6407 -31.2573 -2.8629 31 119 180
-1.602 -30.9675 -2.7318 31 119 180
-1.6313 -31.14 -2.8266 31 119 180
-1.6718 -31.4155 -2.9612 31 119 180
-1.7164 -31.6379 -3.1015 31 119 180
-1.5968 -30.7972 -2.7012 31 119 180
-1.7027 -31.4911 -3.0508 31 119 180
-1.7476 -31.7961 -3.1998 31 119 180
-1.6612 -31.1816 -2.9101 31 119 180
-1.6757 -31.28 -2.9582 31 119 180
-1.6182 -30.8623 -2.7646 31 119 180
-1.6331 -30.9364 -2.8114 31 119 180
-1.6446 -31.0151 -2.8498 31 119 180
-1.7444 -31.6939 -3.1815 31 119 180
-1.5905 -30.5929 -2.6646 38 38 38
-1.617 -30.639 -2.7397 38 38 38
-2.5011 -36.1404 -5.6278 38 38 38
-2.5127 -36.2191 -5.6663 38 38 38
-2.5169 -36.0594 -5.6619 38 38 38
-2.5413 -36.1442 -5.7349 38 38 38
-0.9765 -36.7398 -1.8842 255 187 120
-0.9713 -36.5695 -1.8536 255 187 120
-1.0107 -36.8109 -1.9821 255 187 120
-0.9656 -36.4234 -1.8244 255 187 120
-1.0076 -36.7087 -1.9637 255 187 120
-0.9937 -36.4794 -1.9043 255 187 120
-1.0081 -36.5778 -1.9524 255 187 120
-1.0538 -36.8344 -2.0988 38 38 38
-0.9804 -36.3084 -1.8524 255 187 120
-0.9678 -36.1956 -1.8078 255 187 120
-0.9953 -36.3826 -1.8991 255 187 120
-0.9825 -36.0806 -1.8358 255 187 120
-0.9845 -35.9595 -1.8293 255 187 120
-0.9731 -35.7741 -1.7808 255 187 120
-1.2295 -37.4912 -2.6302 255 187 120
-0.9913 -35.8437 -1.8359 255 187 120
-1.2458 -37.5752 -2.6817 255 187 120
-0.9875 -35.6833 -1.8101 255 187 120
-1.2453 -37.4102 -2.6643 255 187 120
-1.2254 -37.0591 -2.5769 255 187 120
-1.2644 -37.3247 -2.7067 255 187 120
-1.2241 -36.9425 -2.5621 255 187 120
-1.266 -37.2278 -2.7015 255 187 120
-1.26 -37.106 -2.6735 255 187 120
-1.2473 -36.9932 -2.629 255 187 120
-1.6201 -38.4787 -3.7651 31 119 180
-1.6232 -38.3917 -3.7647 31 119 180
-1.6182 -38.3039 -3.7429 31 119 180
-1.657 -38.487 -3.8639 31 119 180
-1.6245 -38.2123 -3.7508 31 119 180
-1.6644 -38.1336 -3.8492 31 119 180
-1.6522 -37.9966 -3.8033 31 119 180
-1.6755 -38.0473 -3.8702 31 119 180
-1.6877 -37.8884 -3.8872 31 119 180
-1.677 -37.7613 -3.8462 31 119 180
-1.6987 -37.6129 -3.8895 31 119 180
-1.7146 -37.7211 -3.9424 31 119 180
-1.729 -37.6303 -3.9717 31 119 180
-1.7291 -37.5236 -3.9617 31 119 180
-1.6136 -33.5058 -3.262 31 119 180
-1.5863 -33.2122 -3.1606 31 119 180
-1.6846 -33.8812 -3.4874 31 119 180
-1.604 -33.306 -3.217 31 119 180
-1.5759 -33.0608 -3.1183 31 119 180
-1.5416 -32.8005 -3.0016 31 119 180
-1.7094 -33.9417 -3.5591 31 119 180
-1.5319 -32.7074 -2.9667 31 119 180
-1.6346 -33.4059 -3.3079 31 119 180
-1.579 -32.9738 -3.1178 31 119 180
-1.6025 -33.107 -3.1934 31 119 180
-1.6199 -33.225 -3.2511 31 119 180
-1.5727 -32.7695 -3.0812 31 119 180
-1.5842 -32.8482 -3.1196 31 119 180
-1.6086 -32.9329 -3.1926 31 119 180
-1.6081 -32.472 -3.1464 31 119 180
-1.6036 -32.36 -3.1232 31 119 180
-1.5987 -32.1655 -3.0914 31 119 180
-1.6353 -32.3873 -3.2102 31 119 180
-1.5993 -32.0346 -3.0801 31 119 180
-1.6329 -32.2367 -3.1893 31 119 180
-1.624 -32.0951 -3.1517 31 119 180
-1.6035 -31.8749 -3.0757 31 119 180
-1.6307 -31.9793 -3.1583 31 119 180
-1.4605 -30.7942 -2.5899 31 119 180
-1.5881 -31.6358 -3.0115 31 119 180
-1.5191 -31.1393 -2.7795 31 119 180
-1.5567 -31.3951 -2.9045 31 119 180
-1.4863 -30.8888 -2.6677 31 119 180
-1.5354 -31.2233 -2.8311 31 119 180
-1.573 -31.4791 -2.956 31 119 180
-1.5503 -31.2975 -2.8778 31 119 180
-1.5044 -30.9585 -2.7228 31 119 180
-1.5174 -31.047 -2.766 31 119 180
-1.6281 -31.7462 -3.1286 31 119 180
-1.4945 -30.7829 -2.6791 31 119 180
-1.6044 -31.5306 -3.0443 31 119 180
-1.5835 -31.3346 -2.9696 31 119 180
-1.5965 -31.4231 -3.0129 31 119 180
-1.624 -31.61 -3.1042 31 119 180
-1.6514 -31.7969 -3.1955 31 119 180
-1.5173 -30.8578 -2.7473 31 119 180
-1.5477 -31.0644 -2.8482 31 119 180
-1.5651 -31.1825 -2.9059 31 119 180
-1.5446 -30.9622 -2.8298 31 119 180
-1.5143 -30.6489 -2.7189 38 38 38
-1.5094 -30.5611 -2.6971 38 38 38
-2.4049 -36.1415 -5.6231 38 38 38
-2.4225 -36.0461 -5.6607 38 38 38
-2.445 -36.1453 -5.7302 38 38 38
-2.5949 -34.9563 -6.0125 38 38 38
-2.5852 -34.8632 -5.9775 38 38 38
-2.6236 -35.0706 -6.0999 38 38 38
-2.6133 -34.8125 -6.0475 38 38 38
-2.635 -34.9601 -6.1196 38 38 38
-1.0172 -37.4742 -2.5717 255 187 120
-1.0459 -37.5885 -2.6591 38 38 38
-1.0505 -37.4046 -2.6535 255 187 120
-1.0536 -37.3175 -2.6531 255 187 120
-1.0209 -36.9603 -2.5312 255 187 120
-1.0339 -37.0489 -2.5744 255 187 120
-1.0741 -37.2418 -2.7003 255 187 120
-1.0685 -37.0958 -2.671 255 187 120
-1.0577 -36.9687 -2.63 255 187 120
-1.0436 -36.8461 -2.5806 255 187 120
-1.4248 -38.4147 -3.7469 31 119 180
-1.4608 -38.4715 -3.8483 38 38 38
-1.4556 -38.3012 -3.8178 31 119 180
-1.4489 -38.1211 -3.7824 31 119 180
-1.51 -38.5101 -3.983 38 38 38
-1.4538 -38.0197 -3.7855 31 119 180
-1.4804 -38.0658 -3.8607 31 119 180
-1.4591 -37.8941 -3.7873 31 119 180
-1.4805 -37.9591 -3.8506 31 119 180
-1.0944 -35.2257 -2.5574 255 187 120
-1.0807 -35.0789 -2.5067 255 187 120
-1.058 -34.8973 -2.4285 255 187 120
-1.1159 -35.2908 -2.6207 255 187 120
-1.4938 -37.8343 -3.8738 31 119 180
-1.0809 -34.9722 -2.4967 255 187 120
-1.1055 -35.1395 -2.5784 255 187 120
-1.4859 -37.7268 -3.8424 31 119 180
-1.1459 -35.2257 -2.6942 255 187 120
-1.5199 -37.7154 -3.9316 31 119 180
-1.5135 -37.6178 -3.9049 31 119 180
-1.5464 -37.5724 -3.988 31 119 180
-1.397 -33.6485 -3.2077 31 119 180
-1.4176 -33.762 -3.2737 31 119 180
-1.4019 -33.547 -3.2108 31 119 180
-1.3328 -33.0506 -2.9788 31 119 180
-1.3539 -33.1399 -3.0435 31 119 180
-1.4006 -33.4305 -3.196 31 119 180
-1.429 -33.4623 -3.2747 31 119 180
-1.3763 -33.0498 -3.0942 31 119 180
-1.3922 -33.1581 -3.1471 31 119 180
-1.4161 -33.267 -3.2214 31 119 180
-1.3989 -32.7464 -3.1249 31 119 180
-1.4284 -32.8122 -3.2097 31 119 180
-1.4131 -32.573 -3.1455 31 119 180
-1.4351 -32.6964 -3.2163 31 119 180
-1.4146 -32.4762 -3.1403 31 119 180
-1.4195 -32.3748 -3.1433 31 119 180
-1.4427 -32.5322 -3.2202 31 119 180
-1.4197 -32.2681 -3.1333 31 119 180
-1.4457 -32.4451 -3.2198 31 119 180
-1.4118 -32.1606 -3.1019 31 119 180
-1.4094 -32.01 -3.0809 31 119 180
-1.4402 -32.1924 -3.1805 31 119 180
-1.4081 -31.8934 -3.0661 31 119 180
-1.3926 -31.761 -3.0119 31 119 180
-1.4375 -32.066 -3.1609 31 119 180
-1.3909 -31.6687 -2.9984 31 119 180
-1.2746 -30.8234 -2.6065 31 119 180
-1.4409 -31.9547 -3.1592 31 119 180
-1.3892 -31.5764 -2.9848 31 119 180
-1.3564 -31.3259 -2.873 31 119 180
-1.2729 -30.7311 -2.5929 31 119 180
-1.3307 -31.1246 -2.7852 31 119 180
-1.4247 -31.764 -3.0976 31 119 180
-1.4378 -31.8526 -3.1408 31 119 180
-1.3022 -30.9036 -2.6878 31 119 180
-1.3532 -31.2237 -2.8547 31 119 180
-1.3912 -31.4553 -2.9783 31 119 180
-1.3071 -30.8022 -2.6908 31 119 180
-1.3346 -30.9891 -2.7822 31 119 180
-1.3961 -31.3539 -2.9814 31 119 180
-1.4225 -31.5067 -3.0666 31 119 180
-1.3723 -31.1382 -2.8971 31 119 180
-1.3868 -31.2366 -2.9451 31 119 180
-1.338 -30.8779 -2.7804 31 119 180
-1.3659 -31.0406 -2.8704 31 119 180
-2.4026 -34.9944 -6.0125 38 38 38
-2.3922 -34.8431 -5.9701 38 38 38
-2.4343 -35.0216 -6.0995 38 38 38
-2.4373 -34.9346 -6.0991 38 38 38
-2.4262 -34.8317 -6.0593 38 38 38
-2.4197 -34.7341 -6.0327 38 38 38
-0.9329 -37.5657 -2.6057 255 187 120
-0.9495 -37.4363 -2.6372 255 187 120
-0.9588 -37.2577 -2.6447 255 187 120
-0.9718 -37.3462 -2.6879 255 187 120
-0.947 -37.0965 -2.5975 255 187 120
-0.9387 -37.0132 -2.5674 255 187 120
-0.9717 -37.157 -2.6692 255 187 120
-0.9454 -36.8974 -2.5739 255 187 120
-0.9751 -37.0457 -2.6675 255 187 120
-1.3395 -38.4721 -3.7748 31 119 180
-1.3495 -38.3518 -3.7897 31 119 180
-1.3566 -38.2118 -3.795 31 119 180
-1.3986 -38.4971 -3.9344 38 38 38
-1.3549 -38.1195 -3.7815 31 119 180
-1.3595 -37.9356 -3.7758 31 119 180
-1.3871 -38.0158 -3.8571 31 119 180
-0.9982 -35.2385 -2.5529 255 187 120
-1.388 -37.8606 -3.8445 31 119 180
-0.9701 -34.9933 -2.4542 255 187 120
-0.9831 -35.0819 -2.4974 255 187 120
-1.3929 -37.7592 -3.8475 31 119 180
-1.0126 -35.1477 -2.5822 255 187 120
-1.0361 -35.2809 -2.6578 255 187 120
-1.4215 -37.6843 -3.9162 31 119 180
-1.415 -37.5866 -3.8895 31 119 180
-1.4494 -37.5511 -3.9774 31 119 180
-1.2885 -33.7134 -3.1762 31 119 180
-1.318 -33.7792 -3.261 31 119 180
-1.2981 -33.6173 -3.1924 31 119 180
-1.3338 -33.6983 -3.2951 31 119 180
-1.2488 -33.0936 -3.0102 31 119 180
-1.3114 -33.4924 -3.2156 31 119 180
-1.3553 -33.7633 -3.3584 31 119 180
-1.3343 -33.5673 -3.2837 31 119 180
-1.3818 -33.8095 -3.4336 31 119 180
-1.3214 -33.3721 -3.2304 31 119 180
-1.2827 -33.0823 -3.0994 31 119 180
-1.3077 -33.2253 -3.1798 31 119 180
-1.3093 -33.1284 -3.1745 31 119 180
-1.3358 -33.2813 -3.2598 31 119 180
-1.3216 -32.9695 -3.1916 31 119 180
-1.3361 -33.0679 -3.2397 31 119 180
-1.3097 -32.8083 -3.1445 31 119 180
-1.308 -32.716 -3.1309 31 119 180
-1.3425 -32.8696 -3.2376 31 119 180
-1.3379 -32.7576 -3.2144 31 119 180
-1.3166 -32.5858 -3.141 31 119 180
-1.3409 -32.6705 -3.214 31 119 180
-1.3194 -32.4163 -3.1319 31 119 180
-1.318 -32.2997 -3.117 31 119 180
-1.3484 -32.5063 -3.218 31 119 180
-1.3073 -32.1726 -3.076 31 119 180
-1.3413 -32.3504 -3.1839 31 119 180
-1.3125 -32.0469 -3.0778 31 119 180
-1.3404 -32.2096 -3.1678 31 119 180
-1.334 -32.112 -3.1411 31 119 180
-1.3188 -31.9554 -3.0856 31 119 180
-1.2892 -31.7003 -2.9821 31 119 180
-1.3023 -31.7889 -3.0254 31 119 180
-1.3138 -31.8676 -3.0638 31 119 180
-1.2842 -31.6126 -2.9603 31 119 180
-1.3454 -32.0015 -3.1608 31 119 180
-1.2688 -31.3734 -2.8961 31 119 180
-1.3456 -31.8948 -3.1508 31 119 180
-1.1983 -30.8672 -2.6593 31 119 180
-1.2591 -31.2803 -2.8611 31 119 180
-1.3358 -31.8017 -3.1158 31 119 180
-1.2913 -31.4725 -2.9655 31 119 180
-1.3246 -31.6988 -3.0761 31 119 180
-1.2527 -31.1827 -2.8345 31 119 180
-1.2346 -31.0064 -2.7694 31 119 180
-1.2032 -30.7657 -2.6623 31 119 180
-1.3252 -31.5679 -3.0647 31 119 180
-1.2348 -30.8997 -2.7593 31 119 180
-1.3057 -31.3817 -2.9949 31 119 180
-1.2641 -31.0722 -2.8542 31 119 180
-1.2902 -31.2493 -2.9407 31 119 180
-1.3268 -31.471 -3.0595 31 119 180
-1.2657 -30.9753 -2.8489 31 119 180
-2.334 -35.0872 -6.0893 38 38 38
-2.3257 -35.004 -6.0592 38 38 38
-2.3623 -35.2257 -6.178 38 38 38
-2.3306 -34.9026 -6.0623 38 38 38
-2.3579 -35.007 -6.1448 38 38 38
-2.3818 -35.116 -6.2191 38 38 38
-2.4025 -35.2295 -6.2851 38 38 38
-2.345 -34.8118 -6.0916 38 38 38
-2.3646 -34.8912 -6.1514 38 38 38
-2.3775 -34.7906 -6.1759 38 38 38
-2.4145 -34.6922 -6.2647 38 38 38
-0.8256 -37.5813 -2.5813 255 187 120
-0.8577 -37.5843 -2.6669 255 187 120
-0.8498 -37.4768 -2.6355 255 187 120
-0.8645 -37.3618 -2.6635 255 187 120
-0.7842 -36.7624 -2.3918 255 187 120
-0.8035 -36.8661 -2.4529 255 187 120
-0.8474 -37.0303 -2.5858 255 187 120
-0.8391 -36.9471 -2.5556 255 187 120
-0.8637 -37.1143 -2.6373 255 187 120
-0.8844 -37.2278 -2.7033 255 187 120
-0.8196 -36.7609 -2.4858 255 187 120
-0.8454 -36.8555 -2.5635 255 187 120
-0.8712 -36.9501 -2.6413 255 187 120
-1.234 -38.4734 -3.7538 31 119 180
-1.2389 -38.372 -3.7569 31 119 180
-1.2242 -38.1911 -3.7001 31 119 180
-1.2676 -38.4863 -3.8443 31 119 180
-1.2571 -38.1457 -3.7832 31 119 180
-1.3267 -38.5112 -4.0038 38 38 38
-1.2646 -37.9815 -3.7872 31 119 180
-1.2875 -38.0564 -3.8553 31 119 180
-1.2789 -37.8907 -3.8165 31 119 180
-1.2933 -37.7998 -3.8458 31 119 180
-0.9027 -35.1194 -2.547 255 187 120
-0.9215 -35.2473 -2.6095 255 187 120
-1.311 -37.8937 -3.9022 31 119 180
-0.8857 -34.9771 -2.488 255 187 120
-0.957 -35.2458 -2.7035 255 187 120
-1.3291 -37.7741 -3.9385 31 119 180
-1.3197 -37.6568 -3.9022 31 119 180
-1.3533 -37.6696 -3.9927 31 119 180
-1.344 -37.5523 -3.9565 31 119 180
-1.1958 -33.7207 -3.19 31 119 180
-1.1996 -33.5853 -3.187 31 119 180
-1.2287 -33.6753 -3.273 31 119 180
-1.2403 -33.754 -3.3115 31 119 180
-1.2077 -33.4793 -3.1984 31 119 180
-1.2292 -33.5444 -3.2617 31 119 180
-1.176 -33.1562 -3.0826 31 119 180
-1.2883 -33.8652 -3.45 31 119 180
-1.2022 -33.2265 -3.1591 31 119 180
-1.2703 -33.6889 -3.3849 31 119 180
-1.2262 -33.3355 -3.2334 31 119 180
-1.198 -33.0903 -3.1346 31 119 180
-1.2965 -33.7593 -3.4614 31 119 180
-1.2438 -33.2401 -3.271 31 119 180
-1.2218 -33.0101 -3.1902 31 119 180
-1.2176 -32.8739 -3.1657 31 119 180
-1.2021 -32.7414 -3.1116 31 119 180
-1.2016 -32.5764 -3.0941 31 119 180
-1.2404 -32.7596 -3.2152 31 119 180
-1.2083 -32.4606 -3.1007 31 119 180
-1.2347 -32.6135 -3.1859 31 119 180
-1.2297 -32.5257 -3.1641 31 119 180
-1.2146 -32.3691 -3.1086 31 119 180
-1.2162 -32.2722 -3.1034 31 119 180
-1.2408 -32.4394 -3.1851 31 119 180
-1.2457 -32.338 -3.1882 31 119 180
-1.24 -32.192 -3.1589 31 119 180
-1.2216 -32.0399 -3.0952 31 119 180
-1.2496 -32.0959 -3.1752 31 119 180
-1.0955 -30.9948 -2.6584 31 119 180
-1.2407 -31.9543 -3.1376 31 119 180
-1.1136 -31.0644 -2.7134 31 119 180
-1.2309 -31.8613 -3.1027 31 119 180
-1.0942 -30.8782 -2.6435 31 119 180
-1.2311 -31.7545 -3.0926 31 119 180
-1.0943 -30.7715 -2.6335 31 119 180
-1.1294 -30.9834 -2.7475 31 119 180
-1.149 -31.0629 -2.8074 31 119 180
-1.2591 -31.8105 -3.1726 31 119 180
-1.2233 -31.5404 -3.0512 31 119 180
-1.2392 -31.6486 -3.104 31 119 180
-1.1788 -31.2112 -2.9009 31 119 180
-1.1904 -31.2899 -2.9393 31 119 180
-1.202 -31.3686 -2.9778 31 119 180
-1.2201 -31.4382 -3.0328 31 119 180
-1.1804 -31.1143 -2.8957 31 119 180
-1.2536 -31.5578 -3.1333 31 119 180
-1.2113 -31.19 -2.9853 31 119 180
-1.2345 -31.3474 -3.0622 31 119 180
-1.2566 -31.4707 -3.1329 31 119 180
-2.2306 -34.9676 -6.062 38 38 38
-2.2552 -35.1348 -6.1437 38 38 38
-2.2601 -35.0334 -6.1467 38 38 38
-2.2892 -35.1234 -6.2328 38 38 38
-2.3022 -35.212 -6.2761 38 38 38
-2.2737 -34.8843 -6.1686 38 38 38
-0.7267 -37.4727 -2.5724 255 187 120
-0.7577 -37.5484 -2.662 255 187 120
-0.7572 -37.3834 -2.6445 255 187 120
-0.7734 -37.2782 -2.6773 255 187 120
-0.7518 -37.0239 -2.5952 255 187 120
-0.7468 -36.9361 -2.5734 255 187 120
-0.7815 -37.1722 -2.6887 255 187 120
-0.7382 -36.7704 -2.5346 255 187 120
-0.7825 -37.0171 -2.6761 255 187 120
-0.7739 -36.8514 -2.6373 255 187 120
-0.78 -36.6773 -2.6364 38 38 38
-1.127 -38.4708 -3.7335 31 119 180
-1.1261 -38.3301 -3.7174 31 119 180
-1.1624 -38.4693 -3.8275 31 119 180
-1.1522 -38.2112 -3.7751 31 119 180
-0.7895 -35.5043 -2.5476 255 187 120
-1.1619 -38.0084 -3.7813 31 119 180
-0.7807 -35.256 -2.5 255 187 120
-0.813 -35.4482 -2.6045 255 187 120
-0.8311 -35.5179 -2.6595 255 187 120
-0.8055 -35.3166 -2.5717 255 187 120
-1.1789 -37.8548 -3.8115 31 119 180
-1.2033 -37.9395 -3.8845 31 119 180
-0.7969 -35.1508 -2.5329 255 187 120
-0.7923 -35.0388 -2.5097 255 187 120
-1.1904 -37.7443 -3.8312 31 119 180
-0.7782 -34.9162 -2.4604 255 187 120
-1.2086 -37.8139 -3.8862 31 119 180
-1.2252 -37.6845 -3.9178 31 119 180
-1.2319 -37.5687 -3.9244 31 119 180
-1.2552 -37.6194 -3.9912 31 119 180
-1.251 -37.4832 -3.9668 31 119 180
-1.2743 -37.5339 -4.0336 31 119 180
-1.126 -33.6197 -3.2585 31 119 180
-1.1109 -33.4631 -3.203 31 119 180
-1.1639 -33.6621 -3.3634 31 119 180
-1.1252 -33.3723 -3.2324 31 119 180
-1.147 -33.5198 -3.3044 31 119 180
-1.1821 -33.7317 -3.4185 31 119 180
-1.1937 -33.8104 -3.4569 31 119 180
-1.1235 -33.2799 -3.2188 31 119 180
-1.1016 -33.0499 -3.138 31 119 180
-1.0908 -32.9227 -3.097 31 119 180
-1.1339 -33.1354 -3.2324 31 119 180
-1.0928 -32.8016 -3.0905 31 119 180
-1.1536 -33.2148 -3.2923 31 119 180
-1.1239 -32.9598 -3.1888 31 119 180
-1.1355 -33.0385 -3.2272 31 119 180
-1.0947 -32.6806 -3.0839 31 119 180
-1.1208 -32.8576 -3.1704 31 119 180
-1.1246 -32.7222 -3.1674 31 119 180
-1.1229 -32.6298 -3.1539 31 119 180
-1.1146 -32.5466 -3.1238 31 119 180
-1.1199 -32.421 -3.1255 31 119 180
-1.1519 -32.5307 -3.2212 31 119 180
-1.1194 -32.256 -3.1081 31 119 180
-1.1162 -32.1538 -3.0898 31 119 180
-1.1557 -32.3952 -3.2182 31 119 180
-1.1139 -32.0032 -3.0688 31 119 180
-1.1544 -32.2787 -3.2034 31 119 180
-1.1447 -32.1856 -3.1685 31 119 180
-1.1122 -31.9109 -3.0553 31 119 180
-1.1043 -31.8034 -3.0239 31 119 180
-1.1434 -32.069 -3.1536 31 119 180
-0.9876 -30.8756 -2.6233 31 119 180
-1.0039 -30.9596 -2.6749 31 119 180
-1.0187 -31.0338 -2.7216 31 119 180
-1.1418 -31.87 -3.1301 31 119 180
-0.9877 -30.7689 -2.6133 31 119 180
-1.1064 -31.5756 -3.0073 31 119 180
-1.0605 -31.2366 -2.8523 31 119 180
-1.1271 -31.6891 -3.0733 38 38 38
-1.042 -31.0845 -2.7885 31 119 180
-1.0143 -30.8151 -2.6885 31 119 180
-1.0867 -31.307 -2.9287 31 119 180
-0.9959 -30.6629 -2.6247 31 119 180
-1.0393 -30.9581 -2.7689 31 119 180
-1.0173 -30.728 -2.6881 31 119 180
-1.0767 -31.1314 -2.8851 31 119 180
-1.1375 -31.5446 -3.0869 31 119 180
-1.093 -31.2154 -2.9366 31 119 180
-1.1252 -31.4076 -3.0411 31 119 180
-1.1239 -31.2911 -3.0262 31 119 180
-1.1566 -31.4591 -3.1293 31 119 180
-2.0889 -35.1316 -5.9651 38 38 38
-2.1086 -35.211 -6.025 38 38 38
-2.099 -35.0112 -5.98 38 38 38
-2.1204 -35.0763 -6.0434 38 38 38
-2.1207 -34.8629 -6.0233 38 38 38
-2.1161 -34.7509 -6.0002 38 38 38
-2.1564 -34.9439 -6.126 38 38 38
-2.1532 -34.8417 -6.1077 38 38 38
-2.1844 -34.9999 -6.206 38 38 38
-2.1443 -34.7002 -6.0702 38 38 38
-0.5421 -37.4381 -2.5875 255 187 120
-0.5598 -37.5319 -2.6439 255 187 120
-0.5597 -37.3427 -2.6251 255 187 120
-0.5803 -37.2671 -2.6724 255 187 120
-0.5785 -37.1747 -2.6588 255 187 120
-0.5824 -37.0393 -2.6558 255 187 120
-0.5586 -36.8236 -2.5715 255 187 120
-0.5819 -36.8743 -2.6383 255 187 120
-0.5661 -36.6594 -2.5754 255 187 120
-0.5805 -36.7577 -2.6235 255 187 120
-0.5975 -36.6041 -2.6537 255 187 120
-0.5766 -36.4081 -2.579 255 187 120
-0.5911 -36.5065 -2.6271 255 187 120
-0.5804 -36.2726 -2.576 255 187 120
-0.5675 -36.0774 -2.5227 255 187 120
-0.6085 -36.3286 -2.656 255 187 120
-0.9186 -38.4096 -3.6832 31 119 180
-0.5648 -35.951 -2.503 255 187 120
-0.6057 -36.2022 -2.6363 255 187 120
-0.596 -36.1092 -2.6014 255 187 120
-0.5895 -36.0115 -2.5747 255 187 120
-0.933 -38.3188 -3.7125 31 119 180
-0.9532 -38.4566 -3.7798 31 119 180
-0.5944 -35.9101 -2.5778 255 187 120
-0.588 -35.8125 -2.5512 255 187 120
-0.9535 -38.2431 -3.7597 31 119 180
-0.965 -38.1326 -3.7794 31 119 180
-0.5977 -35.6097 -2.5573 255 187 120
-0.5927 -35.5219 -2.5355 255 187 120
-0.9859 -38.0327 -3.8253 31 119 180
-0.6071 -35.4311 -2.5648 255 187 120
-0.6364 -35.6036 -2.6596 255 187 120
-0.5789 -35.1859 -2.4661 255 187 120
-0.9813 -37.9207 -3.8022 31 119 180
-0.5693 -34.9861 -2.4211 255 187 120
-0.6069 -35.2419 -2.546 255 187 120
-0.9884 -37.7807 -3.8075 31 119 180
-0.5926 -35.0368 -2.4879 255 187 120
-0.6042 -35.1155 -2.5264 255 187 120
-1.0099 -37.8458 -3.8708 31 119 180
-0.5826 -34.8612 -2.4443 255 187 120
-1.0316 -37.6974 -3.9141 31 119 180
-1.0219 -37.6044 -3.8792 31 119 180
-1.0577 -37.5786 -3.9719 31 119 180
-1.0695 -37.4439 -3.9903 38 38 38
-0.9361 -33.604 -3.2615 31 119 180
-0.9206 -33.4716 -3.2074 31 119 180
-0.9543 -33.6736 -3.3166 31 119 180
-0.9942 -33.8908 -3.4437 31 119 180
-0.9809 -33.7198 -3.3918 31 119 180
-0.9552 -33.5185 -3.304 31 119 180
-1.0052 -33.8045 -3.4648 31 119 180
-0.9417 -33.2649 -3.2432 31 119 180
-0.9073 -33.0046 -3.1266 31 119 180
-0.929 -33.1522 -3.1987 31 119 180
-0.9087 -32.8253 -3.1126 31 119 180
-0.9622 -33.1893 -3.2905 31 119 180
-0.9467 -33.0568 -3.2363 31 119 180
-0.9373 -32.9395 -3.2 31 119 180
-0.9081 -32.6603 -3.0952 31 119 180
-0.9197 -32.739 -3.1336 31 119 180
-0.95 -32.7564 -3.2158 31 119 180
-0.9425 -32.6247 -3.1831 31 119 180
-0.9328 -32.5316 -3.1481 31 119 180
-0.9609 -32.4809 -3.2181 31 119 180
-0.9512 -32.3878 -3.1831 31 119 180
-0.9433 -32.2804 -3.1517 31 119 180
-0.9344 -32.1388 -3.1141 31 119 180
-0.9312 -32.0367 -3.0958 31 119 180
-0.9779 -32.3273 -3.2483 31 119 180
-0.9313 -31.93 -3.0857 31 119 180
-0.9719 -32.2054 -3.2203 31 119 180
-0.9242 -31.7741 -3.0517 31 119 180
-0.9619 -32.0298 -3.1766 31 119 180
-0.9163 -31.6666 -3.0202 31 119 180
-0.8057 -30.8607 -2.6475 31 119 180
-0.9475 -31.8248 -3.1185 31 119 180
-0.9635 -31.933 -3.1714 31 119 180
-0.7992 -30.7631 -2.6209 31 119 180
-0.9495 -31.7037 -3.112 31 119 180
-0.8414 -30.9416 -2.7502 31 119 180
-0.8587 -31.0597 -2.8079 31 119 180
-0.8819 -31.2171 -2.8848 31 119 180
-0.8736 -31.1338 -2.8547 31 119 180
-0.9402 -31.5864 -3.0758 31 119 180
-0.8364 -30.8538 -2.7284 31 119 180
-0.8092 -30.6427 -2.6358 31 119 180
-0.8336 -30.7275 -2.7088 31 119 180
-0.9335 -31.4063 -3.0404 31 119 180
-0.9212 -31.2693 -2.9945 31 119 180
-0.9018 -31.0831 -2.9246 31 119 180
-0.9478 -31.3154 -3.0697 31 119 180
-0.9757 -31.4781 -3.1597 31 119 180
-0.9693 -31.3805 -3.1331 31 119 180
-0.4496 -37.4832 -2.5998 255 187 120
-0.4359 -37.3364 -2.5492 255 187 120
-0.4309 -37.2486 -2.5273 255 187 120
-0.4591 -37.1979 -2.5973 255 187 120
-0.4494 -37.1048 -2.5623 255 187 120
-0.4761 -37.0442 -2.6275 255 187 120
-0.4762 -36.9375 -2.6175 255 187 120
-0.463 -36.6598 -2.5555 255 187 120
-0.4866 -36.793 -2.6311 255 187 120
-0.4679 -36.5584 -2.5586 255 187 120
-0.4914 -36.6915 -2.6341 255 187 120
-0.4855 -36.463 -2.5962 255 187 120
-0.4676 -36.18 -2.5211 255 187 120
-0.4922 -36.3472 -2.6028 255 187 120
-0.4956 -36.2359 -2.6011 255 187 120
-0.4928 -36.1096 -2.5814 255 187 120
-0.8457 -38.4517 -3.7466 31 119 180
-0.4944 -36.0127 -2.5762 255 187 120
-0.4847 -35.9196 -2.5413 255 187 120
-0.4753 -35.8023 -2.505 255 187 120
-0.852 -38.3601 -3.7545 31 119 180
-0.8822 -38.4842 -3.8467 31 119 180
-0.8554 -38.2489 -3.7527 31 119 180
-0.4995 -35.6979 -2.5592 255 187 120
-0.8603 -38.1475 -3.7558 31 119 180
-0.5019 -35.5526 -2.5514 255 187 120
-0.4748 -35.3414 -2.4588 255 187 120
-0.465 -35.2483 -2.4239 255 187 120
-0.8729 -37.9643 -3.7716 31 119 180
-0.8888 -38.0725 -3.8245 31 119 180
-0.8742 -37.7849 -3.7577 31 119 180
-0.9069 -37.9529 -3.8608 31 119 180
-0.4784 -35.0167 -2.437 255 187 120
-0.4929 -35.1151 -2.4851 255 187 120
-0.907 -37.8462 -3.8508 31 119 180
-0.8904 -37.6797 -3.7905 31 119 180
-0.9086 -37.7494 -3.8456 31 119 180
-0.9008 -37.5352 -3.8041 31 119 180
-0.9244 -37.6684 -3.8797 31 119 180
-0.9292 -37.567 -3.8828 31 119 180
-0.9155 -37.4201 -3.8321 31 119 180
-0.9421 -37.4663 -3.9073 31 119 180
-0.9484 -37.3747 -3.9152 31 119 180
-0.8644 -33.6316 -3.3287 31 119 180
-0.8598 -33.5196 -3.3056 31 119 180
-0.9005 -33.6884 -3.4301 31 119 180
-0.8427 -33.1882 -3.2279 31 119 180
-0.8 -32.8446 -3.0811 31 119 180
-0.829 -33.0413 -3.1772 31 119 180
-0.8674 -33.2487 -3.2995 31 119 180
-0.8295 -32.9104 -3.1659 31 119 180
-0.8698 -33.1034 -3.2917 31 119 180
-0.8542 -32.9709 -3.2375 31 119 180
-0.8264 -32.7015 -3.1375 31 119 180
-0.8181 -32.6183 -3.1074 31 119 180
-0.8387 -32.5426 -3.1546 31 119 180
-0.8379 -32.2951 -3.1284 31 119 180
-0.8552 -32.4132 -3.1861 31 119 180
-0.8683 -32.5017 -3.2294 31 119 180
-0.8252 -32.1824 -3.0839 31 119 180
-0.8158 -32.0651 -3.0476 31 119 180
-0.8569 -32.2096 -3.1709 31 119 180
-0.8733 -32.2936 -3.2224 31 119 180
-0.7015 -30.8853 -2.6292 31 119 180
-0.7178 -30.9693 -2.6808 31 119 180
-0.825 -31.6973 -3.0364 31 119 180
-0.8395 -31.7956 -3.0844 31 119 180
-0.6965 -30.7975 -2.6074 31 119 180
-0.7436 -31.0639 -2.7585 31 119 180
-0.8252 -31.5906 -3.0264 31 119 180
-0.8628 -31.8463 -3.1513 31 119 180
-0.769 -31.1827 -2.8376 31 119 180
-0.7398 -30.9034 -2.7328 31 119 180
-0.7963 -31.2871 -2.9202 31 119 180
-0.8601 -31.72 -3.1317 31 119 180
-0.7315 -30.8202 -2.7027 31 119 180
-0.8126 -31.3711 -2.9718 31 119 180
-0.7174 -30.6976 -2.6533 31 119 180
-0.7754 -31.0911 -2.8455 31 119 180
-0.829 -31.4551 -3.0233 31 119 180
-0.855 -31.6322 -3.1098 31 119 180
-0.8848 -31.7805 -3.2033 31 119 180
-0.7987 -31.1418 -2.9124 31 119 180
-0.8589 -31.4967 -3.1068 31 119 180
-0.8201 -31.2069 -2.9758 31 119 180
-0.8484 -31.3453 -3.0645 31 119 180
-0.7387 -30.5735 -2.6979 31 119 180
-0.3287 -37.4692 -2.5293 255 187 120
-0.3634 -37.4094 -2.6159 255 187 120
-0.353 -37.258 -2.5735 255 187 120
-0.3784 -37.0809 -2.6238 255 187 120
-0.3833 -36.9795 -2.6269 255 187 120
-0.3848 -36.8827 -2.6217 255 187 120
-0.3773 -36.751 -2.589 255 187 120
-0.3917 -36.6601 -2.6183 255 187 120
-0.3932 -36.5633 -2.613 255 187 120
-0.3778 -36.3241 -2.5489 255 187 120
-0.3952 -36.4422 -2.6065 255 187 120
-0.3958 -36.2046 -2.5852 255 187 120
-0.3894 -36.1069 -2.5585 255 187 120
-0.7404 -38.4634 -3.7202 31 119 180
-0.7391 -38.3469 -3.7054 31 119 180
-0.3975 -36.001 -2.5699 255 187 120
-0.7472 -38.2409 -3.7167 31 119 180
-0.4033 -35.7444 -2.5604 255 187 120
-0.7692 -38.1751 -3.7688 31 119 180
-0.4001 -35.6422 -2.5421 255 187 120
-0.3937 -35.5446 -2.5154 255 187 120
-0.3754 -35.2858 -2.4416 255 187 120
-0.3997 -35.3706 -2.5146 255 187 120
-0.7779 -37.9382 -3.7689 31 119 180
-0.7924 -38.0366 -3.8169 31 119 180
-0.3807 -35.0535 -2.4334 255 187 120
-0.7908 -37.8375 -3.7934 31 119 180
-0.7825 -37.7543 -3.7632 31 119 180
-0.7935 -37.668 -3.7842 31 119 180
-0.815 -37.7331 -3.8476 31 119 180
-0.8279 -37.6324 -3.8721 31 119 180
-0.8218 -37.5106 -3.8442 31 119 180
-0.8135 -37.4274 -3.814 31 119 180
-0.8475 -37.416 -3.9032 31 119 180
-0.7609 -33.629 -3.3058 31 119 180
-0.7483 -33.5162 -3.2613 31 119 180
-0.8201 -33.9499 -3.4942 31 119 180
-0.8076 -33.7304 -3.4396 31 119 180
-0.7402 -33.2196 -3.2111 31 119 180
-0.8257 -33.8 -3.4946 31 119 180
-0.7128 -32.926 -3.1098 31 119 180
-0.7346 -33.0735 -3.1819 31 119 180
-0.7716 -33.271 -3.2994 31 119 180
-0.7039 -32.7844 -3.0722 31 119 180
-0.7663 -33.1007 -3.2688 31 119 180
-0.7319 -32.8404 -3.1522 31 119 180
-0.7508 -32.9683 -3.2147 31 119 180
-0.7186 -32.6694 -3.1002 31 119 180
-0.7434 -32.7299 -3.1719 31 119 180
-0.7537 -32.5854 -3.1855 31 119 180
-0.697 -32.1192 -2.9894 31 119 180
-0.7209 -32.2282 -3.0636 31 119 180
-0.7514 -32.4348 -3.1646 31 119 180
-0.7435 -32.3273 -3.1331 31 119 180
-0.7728 -32.4998 -3.2279 31 119 180
-0.7338 -32.1275 -3.0882 31 119 180
-0.7644 -32.2274 -3.179 31 119 180
-0.7789 -32.3258 -3.2271 31 119 180
-0.6212 -31.04 -2.6832 31 119 180
-0.6114 -30.947 -2.6483 31 119 180
-0.6031 -30.8637 -2.6182 31 119 180
-0.7379 -31.7786 -3.0651 31 119 180
-0.6014 -30.7714 -2.6046 31 119 180
-0.7289 -31.6371 -3.0275 31 119 180
-0.6631 -31.1361 -2.8039 31 119 180
-0.6551 -31.0287 -2.7724 31 119 180
-0.687 -31.2451 -2.8781 31 119 180
-0.6382 -30.8864 -2.7135 31 119 180
-0.7801 -31.8505 -3.1844 31 119 180
-0.7081 -31.3344 -2.9428 31 119 180
-0.7617 -31.6984 -3.1206 31 119 180
-0.6129 -30.6609 -2.6243 31 119 180
-0.7335 -31.4532 -3.0219 31 119 180
-0.7832 -31.7635 -3.184 31 119 180
-0.6358 -30.7358 -2.6925 31 119 180
-0.7517 -31.5228 -3.077 31 119 180
-0.6999 -31.1444 -2.9027 31 119 180
-0.7239 -31.2534 -2.9769 31 119 180
-0.7435 -31.3329 -3.0368 31 119 180
-0.7631 -31.4123 -3.0967 31 119 180
-0.2499 -37.2629 -2.5447 255 187 120
-0.2842 -37.334 -2.6426 255 187 120
-0.2611 -37.0699 -2.5557 255 187 120
-0.2756 -37.1683 -2.6038 255 187 120
-0.2653 -36.9102 -2.5514 255 187 120
-0.2882 -36.9851 -2.6195 255 187 120
-0.2761 -36.7414 -2.5637 255 187 120
-0.2891 -36.83 -2.6069 255 187 120
-0.2966 -36.6657 -2.6109 255 187 120
-0.2862 -36.5144 -2.5685 255 187 120
-0.2749 -36.2223 -2.51 255 187 120
-0.3123 -36.3956 -2.6262 255 187 120
-0.2896 -36.1072 -2.538 255 187 120
-0.3074 -36.2011 -2.5944 255 187 120
-0.319 -36.2798 -2.6328 255 187 120
-0.6447 -38.4107 -3.7055 31 119 180
-0.2822 -35.8688 -2.4952 255 187 120
-0.6782 -38.4235 -3.796 31 119 180
-0.6736 -38.3115 -3.7728 31 119 180
-0.2988 -35.7394 -2.5267 255 187 120
-0.703 -38.4841 -3.8676 31 119 180
-0.6818 -38.2056 -3.7842 31 119 180
-0.3055 -35.6236 -2.5333 255 187 120
-0.2752 -35.3103 -2.4223 255 187 120
-0.6806 -37.9823 -3.7594 31 119 180
-0.7016 -38.0716 -3.824 31 119 180
-0.6862 -37.8325 -3.7598 31 119 180
-0.2865 -35.0106 -2.4233 255 187 120
-0.7186 -37.918 -3.8542 31 119 180
-0.6956 -37.6539 -3.7673 31 119 180
-0.7086 -37.7424 -3.8105 31 119 180
-0.707 -37.5434 -3.787 31 119 180
-0.7299 -37.6183 -3.8552 31 119 180
-0.7166 -37.4473 -3.8032 31 119 180
-0.7395 -37.5222 -3.8714 31 119 180
-0.7466 -37.3822 -3.8766 31 119 180
-0.7435 -37.28 -3.8583 31 119 180
-0.6817 -33.6603 -3.3424 31 119 180
-0.6719 -33.5672 -3.3075 31 119 180
-0.6739 -33.4461 -3.3009 31 119 180
-0.7347 -33.8593 -3.5028 31 119 180
-0.7235 -33.7564 -3.463 31 119 180
-0.6299 -32.986 -3.1393 31 119 180
-0.6705 -33.2615 -3.2739 31 119 180
-0.6593 -33.1585 -3.2341 31 119 180
-0.6176 -32.849 -3.0934 31 119 180
-0.6919 -33.3265 -3.3372 31 119 180
-0.6598 -33.0276 -3.2228 31 119 180
-0.6552 -32.9156 -3.1996 31 119 180
-0.6328 -32.7098 -3.1201 31 119 180
-0.7023 -33.182 -3.3508 31 119 180
-0.6608 -32.7658 -3.2001 31 119 180
-0.6436 -32.541 -3.1324 31 119 180
-0.6599 -32.625 -3.184 31 119 180
-0.6565 -32.4403 -3.1569 31 119 180
-0.6287 -32.1709 -3.0569 31 119 180
-0.6798 -32.491 -3.2238 31 119 180
-0.6559 -32.2754 -3.1395 31 119 180
-0.6244 -32.0347 -3.0324 31 119 180
-0.6722 -32.3593 -3.191 31 119 180
-0.6688 -32.1747 -3.164 31 119 180
-0.517 -30.9283 -2.6392 31 119 180
-0.53 -31.0169 -2.6825 31 119 180
-0.5536 -31.1501 -2.7581 31 119 180
-0.6394 -31.7063 -3.0403 31 119 180
-0.6583 -31.8341 -3.1028 31 119 180
-0.5066 -30.777 -2.5969 31 119 180
-0.6297 -31.6132 -3.0054 31 119 180
-0.5852 -31.284 -2.8551 31 119 180
-0.6226 -31.4573 -2.9713 31 119 180
-0.6881 -31.8757 -3.1863 31 119 180
-0.5364 -30.8186 -2.6804 31 119 180
-0.5495 -30.9071 -2.7236 31 119 180
-0.5625 -30.9957 -2.7669 31 119 180
-0.5741 -31.0744 -2.8053 31 119 180
-0.6176 -31.3695 -2.9495 31 119 180
-0.6407 -31.5269 -3.0264 31 119 180
-0.6773 -31.7486 -3.1452 31 119 180
-0.5952 -31.1637 -2.87 31 119 180
-0.6633 -31.626 -3.0959 31 119 180
-0.5351 -30.702 -2.6655 31 119 180
-0.6224 -31.2681 -2.9526 31 119 180
-0.6522 -31.4164 -3.0461 31 119 180
-0.179 -36.1612 -2.5097 255 187 120
-0.1858 -36.0454 -2.5163 255 187 120
-0.5361 -38.4262 -3.6793 31 119 180
-0.1925 -35.9296 -2.5229 255 187 120
-0.232 -36.171 -2.6513 255 187 120
-0.1908 -35.8373 -2.5093 255 187 120
-0.5607 -38.2975 -3.7322 31 119 180
-0.5824 -38.4451 -3.8043 31 119 180
-0.1891 -35.7449 -2.4958 255 187 120
-0.5561 -38.1855 -3.7091 31 119 180
-0.1892 -35.6382 -2.4858 255 187 120
-0.1922 -35.5512 -2.4854 255 187 120
-0.5675 -38.075 -3.7288 31 119 180
-0.1721 -35.3068 -2.4081 255 187 120
-0.589 -38.1401 -3.7921 31 119 180
-0.5823 -37.9599 -3.7568 31 119 180
-0.5986 -38.0439 -3.8083 31 119 180
-0.1897 -35.2114 -2.4457 255 187 120
-0.6076 -37.8896 -3.8171 31 119 180
-0.592 -37.7571 -3.763 31 119 180
-0.6003 -37.5445 -3.7643 31 119 180
-0.6119 -37.6232 -3.8028 31 119 180
-0.6067 -37.4529 -3.7722 31 119 180
-0.6314 -37.5134 -3.8439 31 119 180
-0.6261 -37.3431 -3.8133 31 119 180
-0.641 -37.4173 -3.8601 31 119 180
-0.638 -37.2084 -3.8317 31 119 180
-0.6543 -37.2924 -3.8833 31 119 180
-0.6385 -37.0775 -3.8204 31 119 180
-0.6739 -37.076 -3.9144 31 119 180
-0.5717 -33.5834 -3.3029 31 119 180
-0.5142 -33.1656 -3.1094 31 119 180
-0.503 -33.0627 -3.0696 31 119 180
-0.5642 -33.4517 -3.2702 31 119 180
-0.539 -33.2262 -3.1811 31 119 180
-0.6157 -33.7476 -3.4358 31 119 180
-0.5567 -33.32 -3.2374 31 119 180
-0.606 -33.6545 -3.4008 31 119 180
-0.5875 -33.5024 -3.337 31 119 180
-0.5134 -32.9182 -3.0832 31 119 180
-0.541 -33.1051 -3.1745 31 119 180
-0.5382 -32.9787 -3.1549 31 119 180
-1.1104 -36.8404 -5.0519 38 38 38
-0.5431 -32.8773 -3.158 31 119 180
-0.5174 -32.676 -3.0702 31 119 180
-0.5319 -32.7744 -3.1182 31 119 180
-0.511 -32.5784 -3.0435 31 119 180
-1.1237 -36.7156 -5.0751 38 38 38
-1.1414 -36.8094 -5.1314 38 38 38
-0.547 -32.6351 -3.1449 31 119 180
-1.1819 -36.5997 -5.2185 38 38 38
-0.5714 -32.424 -3.1892 31 119 180
-1.1663 -36.4673 -5.1643 38 38 38
-0.5124 -31.9964 -2.9908 31 119 180
-0.5544 -32.2817 -3.1302 31 119 180
-0.5461 -32.1984 -3.1 31 119 180
-0.5378 -32.1152 -3.0699 31 119 180
-1.2081 -36.6701 -5.295 38 38 38
-0.5777 -32.3324 -3.197 31 119 180
-1.2009 -36.5142 -5.2609 38 38 38
-0.5441 -32.0236 -3.0778 31 119 180
-0.5185 -31.8223 -2.99 31 119 180
-1.2191 -36.5838 -5.316 38 38 38
-0.5728 -32.1379 -3.1652 31 119 180
-0.5443 -31.9169 -3.0678 31 119 180
-0.5891 -32.2219 -3.2168 31 119 180
-0.5266 -31.7164 -3.0014 31 119 180
-0.4352 -31.0141 -2.6899 31 119 180
-0.5018 -31.4666 -2.911 31 119 180
-0.5162 -31.565 -2.959 31 119 180
-0.4139 -30.8423 -2.6165 31 119 180
-0.4515 -31.0981 -2.7415 31 119 180
-0.4302 -30.9263 -2.6681 31 119 180
-0.4856 -31.2759 -2.8494 31 119 180
-0.5001 -31.3743 -2.8974 31 119 180
-0.4795 -31.1541 -2.8214 31 119 180
-0.549 -31.6263 -3.0521 31 119 180
-0.4162 -30.697 -2.6087 31 119 180
-0.5357 -31.4553 -3.0001 31 119 180
-0.4493 -30.8408 -2.7105 31 119 180
-0.4637 -30.9392 -2.7586 31 119 180
-0.4811 -31.0572 -2.8162 31 119 180
-0.5094 -31.1957 -2.9049 31 119 180
-0.4461 -30.7386 -2.6922 31 119 180
-0.4347 -38.3853 -3.6611 31 119 180
-0.4496 -38.4594 -3.7079 31 119 180
-0.4319 -38.2589 -3.6415 31 119 180
-0.4706 -38.2528 -3.7438 31 119 180
-0.4672 -38.0681 -3.7167 31 119 180
-0.493 -38.1627 -3.7945 31 119 180
-0.1143 -35.5611 -2.5338 255 187 120
-0.1054 -35.4196 -2.4962 255 187 120
-0.4965 -38.0515 -3.7928 31 119 180
-0.4867 -37.9584 -3.7578 31 119 180
-0.0993 -35.2977 -2.4683 255 187 120
-0.4792 -37.8267 -3.725 31 119 180
-0.1458 -35.5058 -2.6121 255 187 120
-0.1031 -35.1623 -2.4653 255 187 120
-0.1738 -35.5618 -2.6921 255 187 120
-0.515 -37.801 -3.8177 31 119 180
-0.4981 -37.6587 -3.7587 31 119 180
-0.5214 -37.7094 -3.8256 31 119 180
-0.4926 -37.4059 -3.7194 31 119 180
-0.5277 -37.6178 -3.8335 31 119 180
-0.5227 -37.53 -3.8116 31 119 180
-0.4942 -37.3091 -3.7142 31 119 180
-0.3777 -36.4638 -3.3222 44 160 44
-0.3922 -36.5622 -3.3703 44 160 44
-0.5294 -37.4142 -3.8182 31 119 180
-0.382 -36.3041 -3.3179 44 160 44
-0.408 -36.4812 -3.4044 44 160 44
-0.5223 -37.2583 -3.7842 31 119 180
-0.41 -36.3601 -3.3979 44 160 44
-0.3934 -36.1936 -3.3376 44 160 44
-0.5526 -37.2757 -3.8663 31 119 180
-0.4116 -36.2632 -3.3927 44 160 44
-0.5488 -37.1153 -3.8406 31 119 180
-0.5684 -37.1947 -3.9004 31 119 180
-0.4156 -36.021 -3.3796 44 160 44
-0.4352 -36.1005 -3.4395 44 160 44
-0.5828 -37.1039 -3.9297 31 119 180
-0.4245 -35.8667 -3.3883 44 160 44
-0.4485 -35.9756 -3.4626 44 160 44
-0.4327 -35.7607 -3.3997 44 160 44
-0.4574 -35.8212 -3.4714 44 160 44
-0.4689 -35.7107 -3.4911 44 160 44
-0.6621 -35.1128 -3.9463 31 119 180
-0.6484 -34.9659 -3.8956 31 119 180
-0.4672 -33.6538 -3.286 31 119 180
-0.6322 -34.7752 -3.834 31 119 180
-0.6901 -35.1687 -4.0262 31 119 180
-0.6731 -35.0265 -3.9672 31 119 180
-0.4565 -33.5266 -3.2449 31 119 180
-0.6551 -34.8502 -3.9021 31 119 180
-0.4023 -33.1044 -3.0597 31 119 180
-0.4316 -33.2769 -3.1545 31 119 180
-0.5155 -33.8475 -3.4333 31 119 180
-0.456 -33.3617 -3.2275 31 119 180
-0.4071 -33.003 -3.0627 31 119 180
-0.7201 -35.1036 -4.0997 31 119 180
-0.4354 -33.1414 -3.1514 31 119 180
-0.5121 -33.6628 -3.4062 31 119 180
-0.5266 -33.7612 -3.4543 31 119 180
-0.5686 -34.0465 -3.5937 31 119 180
-0.4656 -33.2655 -3.2437 31 119 180
-0.4168 -32.9069 -3.0789 31 119 180
-0.5991 -34.1464 -3.6846 31 119 180
-0.4382 -32.9719 -3.1423 31 119 180
-0.4249 -32.8009 -3.0903 31 119 180
-1.0205 -36.7956 -5.0633 38 38 38
-0.4478 -32.8758 -3.1585 31 119 180
-1.0452 -36.8562 -5.1349 38 38 38
-0.4343 -32.6223 -3.0978 31 119 180
-0.426 -32.539 -3.0676 31 119 180
-1.0356 -36.6564 -5.09 38 38 38
-0.4586 -32.707 -3.1708 31 119 180
-1.06 -36.7411 -5.1629 38 38 38
-0.4567 -32.5322 -3.1485 31 119 180
-1.0479 -36.4975 -5.107 38 38 38
-1.0696 -36.645 -5.1791 38 38 38
-0.4605 -32.3967 -3.1455 31 119 180
-1.0745 -36.5436 -5.1822 38 38 38
-0.422 -32.0002 -3.0043 31 119 180
-0.4369 -32.0744 -3.0511 31 119 180
-0.417 -31.9124 -2.9825 31 119 180
-1.0841 -36.4475 -5.1984 38 38 38
-0.4616 -32.1349 -3.1228 31 119 180
-0.4186 -31.8156 -2.9773 31 119 180
-0.4863 -32.1954 -3.1944 31 119 180
-0.4621 -32.004 -3.1114 31 119 180
-0.4485 -31.8572 -3.0607 31 119 180
-0.4257 -31.6755 -2.9825 31 119 180
-0.4149 -31.5484 -2.9415 31 119 180
-0.4945 -32.0895 -3.2058 31 119 180
-0.45 -31.7603 -3.0555 31 119 180
-0.3231 -30.8704 -2.6312 31 119 180
-0.352 -31.0671 -2.7273 31 119 180
-0.3134 -30.7773 -2.5963 31 119 180
-0.393 -31.3184 -2.8606 31 119 180
-0.5246 -32.2136 -3.298 31 119 180
-0.3822 -31.1912 -2.8196 31 119 180
-0.4278 -31.4478 -2.966 31 119 180
-0.4495 -31.5953 -3.0381 31 119 180
-0.365 -30.9665 -2.7518 31 119 180
-0.4247 -31.3456 -2.9476 31 119 180
-0.3585 -30.8688 -2.7252 31 119 180
-0.386 -31.0558 -2.8165 31 119 180
-0.3448 -30.722 -2.6745 31 119 180
-0.4215 -31.2434 -2.9293 31 119 180
-0.4107 -31.1163 -2.8882 31 119 180
-0.3484 -38.4499 -3.7046 31 119 180
-0.3504 -38.3288 -3.6981 31 119 180
-0.3363 -38.2062 -3.6487 31 119 180
-0.3688 -38.185 -3.7331 31 119 180
-0.3624 -38.0874 -3.7064 31 119 180
-0.2309 -37.0855 -3.259 44 160 44
-0.3705 -37.9814 -3.7178 31 119 180
-0.2585 -37.1657 -3.3403 44 160 44
-0.3945 -38.0904 -3.7921 31 119 180
-0.3787 -37.8755 -3.7292 31 119 180
-0.2547 -37.0053 -3.3145 44 160 44
-0.253 -36.9129 -3.301 44 160 44
-0.2982 -37.1937 -3.4487 44 160 44
-0.4067 -37.9315 -3.8092 31 119 180
-0.3825 -37.74 -3.7261 31 119 180
-0.4087 -37.8104 -3.8026 31 119 180
-0.2837 -36.9061 -3.3818 44 160 44
-0.3876 -37.5319 -3.7192 31 119 180
-0.2795 -36.7699 -3.3574 44 160 44
-0.4169 -37.7044 -3.814 31 119 180
-0.3848 -37.4055 -3.6995 31 119 180
-0.417 -37.5977 -3.804 31 119 180
-0.3079 -36.8016 -3.4361 44 160 44
-0.3868 -37.2844 -3.693 31 119 180
-0.4147 -37.4471 -3.783 31 119 180
-0.2965 -36.6162 -3.3876 44 160 44
-0.2867 -36.5232 -3.3526 44 160 44
-0.2727 -36.4006 -3.3032 44 160 44
-0.3212 -36.6768 -3.4592 44 160 44
-0.3058 -36.4376 -3.395 44 160 44
-0.3203 -36.536 -3.4431 44 160 44
-0.2839 -36.2076 -3.3142 44 160 44
-0.3002 -36.2916 -3.3658 44 160 44
-0.2888 -36.1062 -3.3173 44 160 44
-0.3031 -36.0153 -3.3466 44 160 44
-0.3183 -35.8761 -3.3733 44 160 44
-0.3342 -35.9843 -3.4261 44 160 44
-0.3301 -35.7414 -3.3917 44 160 44
-0.3497 -35.8208 -3.4515 44 160 44
-0.3626 -35.7202 -3.476 44 160 44
-0.3471 -35.5877 -3.4218 44 160 44
-0.3796 -35.5665 -3.5062 44 160 44
-0.3779 -35.4742 -3.4927 44 160 44
-0.4602 -35.3606 -3.7003 38 38 38
-0.5237 -35.1192 -3.8455 31 119 180
-0.5433 -35.1986 -3.9054 31 119 180
-0.5289 -34.9935 -3.8473 31 119 180
-0.5504 -35.0586 -3.9107 31 119 180
-0.5764 -35.2357 -3.9972 31 119 180
-0.57 -35.1381 -3.9705 31 119 180
-0.5304 -34.7075 -3.8233 31 119 180
-0.5463 -34.8157 -3.8762 31 119 180
-0.4975 -34.457 -3.7114 31 119 180
-0.5149 -34.575 -3.7691 31 119 180
-0.4868 -34.3299 -3.6704 31 119 180
-0.5692 -34.8906 -3.9443 31 119 180
-0.3295 -33.2334 -3.1451 31 119 180
-0.4164 -33.7169 -3.4235 31 119 180
-0.3344 -33.1319 -3.1482 31 119 180
-0.4053 -33.614 -3.3837 31 119 180
-0.4819 -34.1354 -3.6385 31 119 180
-0.5658 -34.7059 -3.9173 31 119 180
-0.3854 -33.452 -3.3151 31 119 180
-0.5257 -34.4063 -3.7814 31 119 180
-0.3775 -33.3446 -3.2837 31 119 180
-0.3711 -33.247 -3.257 31 119 180
-0.4854 -34.0241 -3.6368 31 119 180
-0.34 -32.9821 -3.1487 31 119 180
-0.4384 -33.651 -3.4755 31 119 180
-0.4262 -33.5141 -3.4296 31 119 180
-0.4092 -33.3718 -3.3707 31 119 180
-0.3662 -33.0525 -3.2252 31 119 180
-0.3449 -32.8807 -3.1517 31 119 180
-0.3697 -32.9412 -3.2234 31 119 180
-0.3498 -32.7793 -3.1548 31 119 180
-0.3485 -32.6627 -3.14 31 119 180
-0.3731 -32.83 -3.2217 31 119 180
-0.3392 -32.5454 -3.1037 31 119 180
-0.3794 -32.7384 -3.2296 31 119 180
-0.3306 -32.3797 -3.0648 31 119 180
-0.3738 -32.5923 -3.2003 31 119 180
-0.3673 -32.4947 -3.1737 31 119 180
-0.3388 -32.2737 -3.0762 31 119 180
-0.3624 -32.4069 -3.1518 31 119 180
-0.3395 -32.0361 -3.0548 31 119 180
-0.3597 -32.1738 -3.1221 31 119 180
-0.3713 -32.2525 -3.1606 31 119 180
-0.3331 -31.9385 -3.0282 31 119 180
-0.3293 -31.778 -3.0024 31 119 180
-0.3648 -31.9657 -3.1152 31 119 180
-0.3763 -32.0444 -3.1536 31 119 180
-0.3536 -31.8628 -3.0754 31 119 180
-0.3378 -31.6479 -3.0125 31 119 180
-0.2547 -31.0289 -2.7311 31 119 180
-0.2729 -31.0985 -2.7862 31 119 180
-0.3351 -31.5215 -2.9929 31 119 180
-0.2578 -30.9418 -2.7307 31 119 180
-0.3305 -31.4095 -2.9697 31 119 180
-0.3695 -31.6751 -3.0995 31 119 180
-0.2286 -30.6626 -2.6258 31 119 180
-0.31 -31.1893 -2.8937 31 119 180
-0.3244 -31.2877 -2.9418 31 119 180
-0.2843 -30.988 -2.8059 31 119 180
-0.3682 -31.5586 -3.0847 31 119 180
-0.262 -30.7821 -2.7263 31 119 180
-0.3083 -31.0969 -2.8802 31 119 180
-0.3636 -31.4466 -3.0615 31 119 180
-0.2621 -30.6754 -2.7163 31 119 180
-0.3594 -31.3103 -3.0371 31 119 180
-0.3487 -31.1832 -2.996 31 119 180
-0.2967 -30.7223 -2.8129 31 119 180
-0.3196 -30.7973 -2.8811 31 119 180
-0.2338 -38.3508 -3.635 31 119 180
-0.2501 -38.4348 -3.6866 31 119 180
-0.2533 -38.241 -3.6761 31 119 180
-0.2549 -38.1442 -3.6709 31 119 180
-0.1314 -37.143 -3.2449 44 160 44
-0.2852 -38.1615 -3.7531 31 119 180
-0.1319 -37.0121 -3.2335 44 160 44
-0.2882 -38.0745 -3.7526 31 119 180
-0.2873 -37.9338 -3.7365 31 119 180
-0.3121 -37.9943 -3.8082 31 119 180
-0.1649 -36.9666 -3.3166 44 160 44
-0.2926 -37.8081 -3.7383 31 119 180
-0.2909 -37.7158 -3.7247 31 119 180
-0.3202 -37.8883 -3.8196 31 119 180
-0.2187 -37.1172 -3.4744 44 160 44
-0.2346 -37.2254 -3.5272 44 160 44
-0.1829 -36.8471 -3.3529 44 160 44
-0.1945 -36.9258 -3.3914 44 160 44
-0.2976 -37.6 -3.7313 31 119 180
-0.3193 -37.7476 -3.8034 31 119 180
-0.2996 -37.4789 -3.7248 31 119 180
-0.3242 -37.6462 -3.8065 31 119 180
-0.287 -37.3662 -3.6802 31 119 180
-0.2144 -36.7918 -3.4312 44 160 44
-0.3243 -37.5394 -3.7965 31 119 180
-0.2933 -37.2746 -3.6881 31 119 180
-0.2069 -36.6601 -3.3984 44 160 44
-0.1975 -36.5428 -3.3621 44 160 44
-0.322 -37.3888 -3.7755 31 119 180
-0.1824 -36.3862 -3.3067 44 160 44
-0.2057 -36.4369 -3.3735 44 160 44
-0.2307 -36.5799 -3.4539 44 160 44
-0.1935 -36.2999 -3.3277 44 160 44
-0.1889 -36.1879 -3.3045 44 160 44
-0.2155 -36.234 -3.3797 44 160 44
-0.2026 -36.0388 -3.3264 44 160 44
-0.2156 -36.1273 -3.3696 44 160 44
-0.2174 -35.9237 -3.3544 44 160 44
-0.2384 -36.013 -3.4191 44 160 44
-0.2321 -35.8087 -3.3824 44 160 44
-0.2484 -35.8927 -3.434 44 160 44
-0.2436 -35.6982 -3.4021 44 160 44
-0.265 -35.7633 -3.4654 44 160 44
-0.2598 -35.593 -3.4349 44 160 44
-0.2779 -35.6626 -3.4899 44 160 44
-0.2927 -35.5476 -3.5179 44 160 44
-0.3502 -35.3735 -3.6539 38 38 38
-0.4454 -35.1593 -3.8861 31 119 180
-0.4763 -35.2349 -3.9757 31 119 180
-0.4439 -34.9602 -3.8625 31 119 180
-0.4602 -35.0442 -3.9141 31 119 180
-0.4779 -35.1381 -3.9705 31 119 180
-0.4293 -34.6727 -3.7957 31 119 180
-0.408 -34.5009 -3.7223 31 119 180
-0.421 -34.5894 -3.7655 31 119 180
-0.4547 -34.7915 -3.8748 31 119 180
-0.4749 -34.9292 -3.9421 31 119 180
-0.4034 -34.3889 -3.6991 31 119 180
-0.3387 -33.922 -3.4815 31 119 180
-0.2526 -33.2833 -3.1905 31 119 180
-0.3355 -33.8198 -3.4632 31 119 180
-0.4845 -34.8331 -3.9583 31 119 180
-0.3837 -34.1202 -3.6205 31 119 180
-0.277 -33.368 -3.2635 31 119 180
-0.4115 -34.2829 -3.7105 31 119 180
-0.4738 -34.7059 -3.9172 31 119 180
-0.3266 -33.6783 -3.4256 31 119 180
-0.2641 -33.1728 -3.2102 31 119 180
-0.2529 -33.0699 -3.1705 31 119 180
-0.386 -33.9749 -3.6127 31 119 180
-0.3242 -33.5277 -3.4047 31 119 180
-0.3564 -33.7199 -3.5091 31 119 180
-0.4075 -34.04 -3.676 31 119 180
-0.3109 -33.3567 -3.3527 31 119 180
-0.349 -33.5882 -3.4764 31 119 180
-0.2804 -32.9609 -3.233 31 119 180
-0.2678 -32.8481 -3.1884 31 119 180
-0.2665 -32.7316 -3.1736 31 119 180
-0.2601 -32.6339 -3.1469 31 119 180
-0.2507 -32.5166 -3.1107 31 119 180
-0.296 -32.7974 -3.2584 31 119 180
-0.2461 -32.4046 -3.0875 31 119 180
-0.2444 -32.3123 -3.074 31 119 180
-0.2839 -32.5537 -3.2025 31 119 180
-0.2984 -32.6521 -3.2505 31 119 180
-0.276 -32.4463 -3.171 31 119 180
-0.2592 -32.1973 -3.102 31 119 180
-0.2788 -32.2767 -3.1619 31 119 180
-0.2395 -31.9286 -3.0234 31 119 180
-0.2511 -32.0073 -3.0618 31 119 180
-0.2725 -32.0724 -3.1252 31 119 180
-0.2524 -31.828 -3.0479 31 119 180
-0.2792 -31.9566 -3.1318 31 119 180
-0.3075 -32.0951 -3.2205 31 119 180
-0.1659 -31.0243 -2.7394 31 119 180
-0.1807 -31.0985 -2.7862 31 119 180
-0.2545 -31.6002 -3.0313 31 119 180
-0.2733 -31.7281 -3.0938 31 119 180
-0.2452 -31.4829 -2.995 31 119 180
-0.1346 -30.6769 -2.6223 31 119 180
-0.204 -31.1491 -2.853 31 119 180
-0.1864 -30.9486 -2.7866 31 119 180
-0.2457 -31.3519 -2.9837 31 119 180
-0.2862 -31.6274 -3.1183 31 119 180
-0.2046 -31.0182 -2.8417 31 119 180
-0.2784 -31.5199 -3.0868 31 119 180
-0.1644 -30.7186 -2.7058 31 119 180
-0.2382 -31.2203 -2.9509 31 119 180
-0.2756 -31.3936 -3.0672 31 119 180
-0.2398 -31.1234 -2.9457 31 119 180
-0.21 -30.7859 -2.8334 31 119 180
-0.2765 -31.2384 -3.0545 31 119 180
-0.2054 -30.6739 -2.8103 31 119 180
-0.1613 -38.4627 -3.7094 31 119 180
-0.1629 -38.3659 -3.7042 31 119 180
-0.1564 -38.2682 -3.6776 31 119 180
-0.1967 -38.4612 -3.8034 31 119 180
-0.1867 -38.2856 -3.7597 31 119 180
-0.1792 -38.154 -3.727 31 119 180
-0.1684 -38.0268 -3.6859 31 119 180
-0.0524 -37.1573 -3.2928 44 160 44
-0.0412999 -37.0544 -3.253 44 160 44
-0.195 -38.073 -3.7611 31 119 180
-0.1774 -37.8724 -3.6947 31 119 180
-0.1984 -37.9617 -3.7594 31 119 180
-0.0742 -37.0089 -3.3361 44 160 44
-0.1849 -37.7082 -3.6987 31 119 180
-0.2012 -37.7922 -3.7503 31 119 180
-0.1928 -37.5198 -3.7014 31 119 180
-0.2178 -37.6628 -3.7818 31 119 180
-0.1992 -37.4282 -3.7093 31 119 180
-0.2194 -37.5659 -3.7766 31 119 180
-0.1291 -36.8977 -3.4712 44 160 44
-0.2007 -37.3313 -3.7041 31 119 180
-0.2257 -37.4743 -3.7845 31 119 180
-0.2273 -37.3775 -3.7792 31 119 180
-0.1308 -36.6941 -3.456 44 160 44
-0.2017 -37.1762 -3.6914 31 119 180
-0.1471 -36.7781 -3.5075 44 160 44
-0.1088 -36.464 -3.3751 44 160 44
-0.226 -37.2609 -3.7644 31 119 180
-0.1252 -36.548 -3.4267 44 160 44
-0.101 -36.3566 -3.3437 44 160 44
-0.1499 -36.6086 -3.4984 44 160 44
-0.0972 -36.1961 -3.318 44 160 44
-0.1381 -36.4474 -3.4512 44 160 44
-0.2335 -37.0967 -3.7684 31 119 180
-0.0987 -36.0993 -3.3127 44 160 44
-0.1306 -36.3157 -3.4185 44 160 44
-0.1289 -36.2234 -3.4049 44 160 44
-0.1272 -36.131 -3.3914 44 160 44
-0.1372 -36.0107 -3.4063 44 160 44
-0.1392 -35.8896 -3.3998 44 160 44
-0.1568 -35.7943 -3.4374 44 160 44
-0.1731 -35.8783 -3.489 44 160 44
-0.1603 -35.683 -3.4357 44 160 44
-0.1835 -35.7337 -3.5026 44 160 44
-0.1699 -35.5869 -3.4519 44 160 44
-0.3413 -35.1373 -3.8638 31 119 180
-0.3619 -35.2508 -3.9298 31 119 180
-0.3748 -35.1502 -3.9543 31 119 180
-0.3593 -35.0177 -3.9001 31 119 180
-0.3485 -34.8906 -3.8591 31 119 180
-0.3111 -34.5281 -3.7241 31 119 180
-0.2844 -34.2927 -3.6302 31 119 180
-0.3032 -34.4206 -3.6927 31 119 180
-0.3321 -34.6174 -3.7888 31 119 180
-0.3524 -34.7551 -3.856 31 119 180
-0.381 -34.8694 -3.9434 31 119 180
-0.2188 -33.685 -3.3965 31 119 180
-0.2361 -33.8031 -3.4541 31 119 180
-0.2897 -34.1671 -3.632 31 119 180
-0.2799 -34.074 -3.597 31 119 180
-0.1574 -33.2136 -3.1872 31 119 180
-0.3241 -34.3207 -3.7386 31 119 180
-0.3805 -34.7044 -3.926 31 119 180
-0.1987 -33.4406 -3.3192 31 119 180
-0.2259 -33.545 -3.4018 31 119 180
-0.1399 -32.9063 -3.1108 31 119 180
-0.1645 -33.0736 -3.1925 31 119 180
-0.1547 -32.9805 -3.1576 31 119 180
-0.1957 -33.2317 -3.2908 31 119 180
-0.1382 -32.814 -3.0973 31 119 180
-0.2163 -33.3452 -3.3568 31 119 180
-0.1962 -33.1008 -3.2795 31 119 180
-0.1709 -32.8753 -3.1904 31 119 180
-0.1898 -33.0032 -3.2529 31 119 180
-0.1758 -32.7739 -3.1935 31 119 180
-0.1458 -32.5431 -3.0912 31 119 180
-0.1694 -32.6762 -3.1668 31 119 180
-0.179 -32.5801 -3.183 31 119 180
-0.1519 -32.369 -3.0904 31 119 180
-0.173 -32.4583 -3.1551 31 119 180
-0.1485 -32.1843 -3.0634 31 119 180
-0.1729 -32.2691 -3.1363 31 119 180
-0.1487 -32.0776 -3.0533 31 119 180
-0.1408 -31.9702 -3.0219 31 119 180
-0.1785 -32.1192 -3.1368 31 119 180
-0.1468 -31.7961 -3.0211 31 119 180
-0.1772 -32.0027 -3.122 31 119 180
-0.1712 -31.8808 -3.0941 31 119 180
-0.1696 -31.6818 -3.0705 31 119 180
-0.0493 -30.7828 -2.6629 31 119 180
-0.0768 -30.9697 -2.7542 31 119 180
-0.0913 -31.0681 -2.8023 31 119 180
-0.1669 -31.5554 -3.0509 31 119 180
-0.0703 -30.8721 -2.7276 31 119 180
-0.1586 -31.4722 -3.0207 31 119 180
-0.1962 -31.728 -3.1457 31 119 180
-0.1193 -31.1241 -2.8823 31 119 180
-0.0563999 -30.6428 -2.6682 31 119 180
-0.2 -31.5925 -3.1427 31 119 180
-0.0746 -30.7124 -2.7233 31 119 180
-0.1136 -30.978 -2.853 31 119 180
-0.1039 -30.8849 -2.8181 31 119 180
-0.1907 -31.4752 -3.1064 31 119 180
-0.0927 -30.782 -2.7783 31 119 180
-0.1507 -31.0688 -2.9605 31 119 180
-0.1765 -31.1634 -3.0383 31 119 180
-0.2087 -31.3556 -3.1427 31 119 180
0.0503 -38.4169 -3.657 31 119 180
0.0237 -38.4631 -3.7322 31 119 180
0.0409 -38.2383 -3.6644 31 119 180
0.025 -38.3465 -3.7173 31 119 180
0.00549996 -38.2368 -3.7584 31 119 180
0.0203 -38.0559 -3.7016 31 119 180
-0.00590003 -38.1263 -3.7781 31 119 180
0.015 -37.9303 -3.7034 31 119 180
-0.0079 -38.0052 -3.7716 31 119 180
0.00750005 -37.7661 -3.7074 31 119 180
-0.0139999 -37.8311 -3.7707 31 119 180
0.0131 -37.62 -3.6781 31 119 180
-0.0225999 -37.701 -3.7808 31 119 180
0.00740004 -37.4701 -3.6786 31 119 180
-0.0154999 -37.5451 -3.7467 31 119 180
-0.00220001 -37.374 -3.6947 31 119 180
0.00390005 -37.2522 -3.6668 31 119 180
-0.0283999 -37.4444 -3.7712 31 119 180
0.0479 -36.8988 -3.5152 38 38 38
0.0529 -36.811 -3.4933 38 38 38
-0.026 -37.2938 -3.7503 31 119 180
-0.0105 -37.1614 -3.6961 31 119 180
0.0697 -36.562 -3.4243 31 119 180
0.0505 -36.6657 -3.4855 31 119 180
0.0791 -36.4447 -3.388 31 119 180
0.0808001 -36.3524 -3.3745 31 119 180
0.0395 -36.5794 -3.5065 31 119 180
0.0878 -36.1965 -3.3404 31 119 180
0.0437 -36.4432 -3.482 31 119 180
0.0501 -36.3456 -3.4554 31 119 180
0.0584 -36.2623 -3.4252 31 119 180
0.0622 -36.1019 -3.3994 31 119 180
0.0762 -35.9793 -3.3501 31 119 180
0.0458 -35.89 -3.4222 31 119 180
0.00310004 -35.8309 -3.5302 31 119 180
0.00810003 -35.7432 -3.5083 31 119 180
0.013 -35.6554 -3.4865 31 119 180
-0.00870001 -35.507 -3.5298 38 38 38
-0.0883 -35.4563 -3.7366 31 119 180
-0.0903 -35.3352 -3.73 31 119 180
-0.1219 -35.1732 -3.7983 31 119 180
-0.1575 -35.2542 -3.901 38 38 38
-0.1502 -35.0158 -3.8582 31 119 180
-0.1665 -35.0998 -3.9097 31 119 180
-0.1536 -34.9045 -3.8564 31 119 180
-0.11 -34.5269 -3.7035 31 119 180
-0.1404 -34.7335 -3.8044 31 119 180
-0.1552 -34.8077 -3.8512 31 119 180
-0.1817 -34.9605 -3.9364 31 119 180
-0.0793 -34.2378 -3.5938 31 119 180
-0.0985 -34.3415 -3.655 31 119 180
-0.1333 -34.5776 -3.7704 31 119 180
-0.121 -34.4406 -3.7245 31 119 180
-0.1836 -34.8394 -3.9299 31 119 180
-0.0561 -33.8912 -3.4981 31 119 180
-0.0836 -34.0782 -3.5895 31 119 180
-0.0496 -33.7936 -3.4715 31 119 180
-0.0153 -33.5333 -3.3548 31 119 180
-0.105 -34.1432 -3.6528 31 119 180
0.0320001 -33.1845 -3.1949 31 119 180
0.0147001 -33.3025 -3.2526 31 119 180
-0.0107 -33.4213 -3.3317 31 119 180
-0.0545 -33.6922 -3.4746 31 119 180
-0.0864 -33.9086 -3.5803 31 119 180
-0.0994 -33.9972 -3.6236 31 119 180
-0.0498999 -33.5802 -3.4514 31 119 180
-0.00150001 -33.1973 -3.2854 31 119 180
0.0121 -33.0505 -3.2347 31 119 180
-0.0331 -33.3312 -3.3824 31 119 180
0.0149 -32.9241 -3.215 31 119 180
-0.00839996 -32.9748 -3.2819 31 119 180
0.0349 -32.573 -3.1276 31 119 180
0.00549996 -32.7455 -3.2225 38 38 38
-0.0203 -32.8401 -3.3003 38 38 38
0.03 -32.4716 -3.1307 31 119 180
0.00830007 -32.6191 -3.2028 31 119 180
-0.00279999 -32.5328 -3.2238 31 119 180
-0.0242 -32.5979 -3.2872 31 119 180
0.0303 -32.1999 -3.1032 31 119 180
-0.0424 -32.6675 -3.3423 31 119 180
0.0378 -32.0682 -3.0705 31 119 180
0.0482 -31.9169 -3.0281 31 119 180
-0.00759995 -32.2422 -3.2081 31 119 180
0.00030005 -32.1348 -3.1767 31 119 180
0.0458 -31.7715 -3.0202 31 119 180
0.00680006 -32.0372 -3.15 31 119 180
-0.0323 -32.3028 -3.2798 31 119 180
0.0118001 -31.9494 -3.1282 31 119 180
0.0229 -31.8465 -3.0884 31 119 180
-0.0466 -32.2119 -3.3091 31 119 180
0.1025 -31.0095 -2.7952 31 119 180
0.0866001 -31.1177 -2.8481 31 119 180
0.1288 -30.7499 -2.7 31 119 180
0.0275 -31.4385 -3.0365 31 119 180
0.0972 -30.8839 -2.797 31 119 180
0.0581 -31.1495 -2.9268 31 119 180
0.1286 -30.6432 -2.6899 31 119 180
0.066 -31.042 -2.8953 31 119 180
-0.00569999 -31.4756 -3.1283 31 119 180
-0.0249 -31.5793 -3.1894 38 38 38
0.0297 -31.1812 -3.0055 31 119 180
0.00370002 -31.3583 -3.092 31 119 180
0.0868 -30.7393 -2.8106 31 119 180
0.0362 -31.0836 -2.9788 31 119 180
0.0899 -30.6371 -2.7922 31 119 180
0.1112 -30.4654 -2.7188 31 119 180
0.0898 -30.5304 -2.7822 31 119 180
-0.00170004 -31.126 -3.0837 31 119 180
-0.0261 -31.2107 -3.1567 31 119 180
0.1364 -38.4135 -3.6863 31 119 180
0.1117 -38.4741 -3.758 31 119 180
0.1311 -38.2879 -3.6881 31 119 180
0.1295 -38.191 -3.6829 31 119 180
0.0763 -38.4725 -3.852 31 119 180
0.1011 -38.2228 -3.7616 31 119 180
0.122 -38.0268 -3.6869 31 119 180
0.1284 -37.9292 -3.6602 31 119 180
0.0981001 -38.1358 -3.7611 31 119 180
0.0953 -37.9663 -3.752 31 119 180
0.1151 -37.8043 -3.6834 31 119 180
0.097 -37.8739 -3.7385 31 119 180
0.1121 -37.7173 -3.683 31 119 180
0.1101 -37.5962 -3.6765 31 119 180
0.0855 -37.7634 -3.7582 31 119 180
0.0835 -37.6423 -3.7517 31 119 180
0.0848 -37.5258 -3.7368 31 119 180
0.0992 -37.3207 -3.6787 31 119 180
0.0843 -37.3949 -3.7255 31 119 180
0.0834 -37.2397 -3.7128 31 119 180
0.0652 -37.3093 -3.7679 31 119 180
0.1541 -36.651 -3.4673 31 119 180
0.1324 -36.7985 -3.5394 38 38 38
0.0818 -37.1429 -3.7076 31 119 180
0.094 -37.0059 -3.6618 31 119 180
0.1622 -36.461 -3.4271 31 119 180
0.1007 -36.8258 -3.6264 38 38 38
0.1303 -36.5707 -3.5229 31 119 180
0.132 -36.4784 -3.5093 31 119 180
0.176 -36.125 -3.3577 31 119 180
0.1423 -36.3271 -3.467 31 119 180
0.1484 -36.2052 -3.439 31 119 180
0.1536 -36.0349 -3.4085 31 119 180
0.1439 -35.8321 -3.4146 31 119 180
0.1323 -35.9108 -3.4531 31 119 180
0.1117 -35.8351 -3.5003 31 119 180
0.0700001 -35.742 -3.6022 31 119 180
0.0258 -35.3969 -3.6862 31 119 180
0.00660002 -35.5006 -3.7474 31 119 180
-0.02 -35.5467 -3.8226 31 119 180
0.0143 -35.2864 -3.7059 31 119 180
-0.0139999 -35.4249 -3.7946 31 119 180
-0.0405999 -35.471 -3.8698 31 119 180
-0.069 -35.5028 -3.9485 31 119 180
-0.0409 -35.2576 -3.8497 31 119 180
-0.0376999 -35.1555 -3.8314 31 119 180
-0.0488 -35.0692 -3.8524 31 119 180
-0.068 -35.1729 -3.9136 31 119 180
-0.0536 -34.9678 -3.8555 31 119 180
-0.0278 -34.684 -3.7589 31 119 180
-0.0437 -34.7922 -3.8118 31 119 180
-0.0835 -35.0094 -3.939 31 119 180
0.00139999 -34.4047 -3.6541 31 119 180
-0.068 -34.877 -3.8848 31 119 180
0.0112 -34.3117 -3.6192 31 119 180
-0.0196 -34.494 -3.7188 31 119 180
-0.0326 -34.5826 -3.762 31 119 180
-0.0595 -34.7112 -3.8459 31 119 180
0.0106 -34.1807 -3.6078 31 119 180
0.0420001 -33.9401 -3.5008 31 119 180
0.0499001 -33.8326 -3.4693 31 119 180
-0.0141 -34.2413 -3.6795 31 119 180
0.00100005 -34.0846 -3.624 31 119 180
0.1039 -33.3036 -3.2741 31 119 180
0.00559998 -33.9726 -3.6009 31 119 180
0.1137 -33.2106 -3.2391 31 119 180
0.0598 -33.5503 -3.4156 31 119 180
0.1317 -33.0342 -3.174 31 119 180
0.0348001 -33.6934 -3.496 31 119 180
0.1396 -32.9268 -3.1426 31 119 180
0.0755 -33.3354 -3.3527 31 119 180
0.1514 -32.7656 -3.0954 31 119 180
0.0993 -33.1197 -3.2684 31 119 180
0.0834 -33.2279 -3.3213 31 119 180
0.0363001 -33.4943 -3.4725 31 119 180
0.0461 -33.4012 -3.4375 31 119 180
0.1046 -32.9495 -3.2379 31 119 180
0.1143 -32.8564 -3.2029 31 119 180
0.1395 -32.6309 -3.1138 31 119 180
0.1232 -32.7149 -3.1654 31 119 180
0.1452 -32.4848 -3.0845 38 38 38
0.1143 -32.5605 -3.1741 31 119 180
0.1249 -32.3266 -3.1231 31 119 180
0.1414 -32.1601 -3.0628 31 119 180
0.095 -32.3682 -3.2065 31 119 180
0.1007 -32.2222 -3.1773 31 119 180
0.1306 -31.9914 -3.075 31 119 180
0.1147 -32.0996 -3.1279 31 119 180
0.1409 -31.7333 -3.0227 31 119 180
0.1206 -31.871 -3.0899 31 119 180
0.2133 -31.0522 -2.7636 31 119 180
0.1077 -31.7704 -3.1144 31 119 180
0.2222 -30.9107 -2.726 31 119 180
0.109 -31.6538 -3.0996 31 119 180
0.1853 -31.1082 -2.8436 31 119 180
0.1353 -31.3942 -3.0044 31 119 180
0.1924 -30.9523 -2.8095 31 119 180
0.2075 -30.7956 -2.754 31 119 180
0.1033 -31.504 -3.1001 31 119 180
0.1582 -31.0234 -2.9074 31 119 180
0.1162 -31.3087 -3.0468 31 119 180
0.1361 -31.1468 -2.9782 31 119 180
0.0985 -31.4026 -3.1032 31 119 180
0.1776 -30.8373 -2.8375 31 119 180
0.184 -30.7396 -2.8109 31 119 180
0.0996 -31.1793 -3.0783 31 119 180
0.054 -31.4358 -3.2247 38 38 38
0.1867 -30.5065 -2.7812 31 119 180
0.1042 -31.0673 -3.0552 31 119 180
0.1851 -30.4097 -2.776 31 119 180
0.0743001 -31.1089 -3.1387 31 119 180
0.1378 -30.5693 -2.9172 38 38 38
0.1505 -30.4566 -2.8726 31 119 180
0.0385 -31.0832 -3.2313 31 119 180
0.0468 -30.9999 -3.2012 31 119 180
0.2276 -38.4534 -3.705 31 119 180
0.2275 -38.3467 -3.695 31 119 180
0.2251 -38.2014 -3.6871 31 119 180
0.1799 -38.4822 -3.8348 31 119 180
0.2069 -38.271 -3.7422 31 119 180
0.2252 -38.0122 -3.6684 31 119 180
0.2038 -38.0773 -3.7317 31 119 180
0.2086 -37.8828 -3.6999 31 119 180
0.1956 -37.9713 -3.7431 31 119 180
0.2091 -37.7178 -3.6824 31 119 180
0.1862 -37.7927 -3.7506 31 119 180
0.1896 -37.6081 -3.7236 31 119 180
0.178 -37.6868 -3.762 31 119 180
0.2039 -37.403 -3.6655 31 119 180
0.1792 -37.4635 -3.7372 31 119 180
0.2065 -37.1699 -3.6358 31 119 180
0.1848 -37.3174 -3.7079 31 119 180
0.2405 -36.6961 -3.4991 31 119 180
0.1711 -37.1683 -3.7298 31 119 180
0.1844 -36.9973 -3.6778 31 119 180
0.2447 -36.5599 -3.4747 31 119 180
0.2497 -36.4721 -3.4528 31 119 180
0.1904 -36.8755 -3.6499 38 38 38
0.2687 -36.2617 -3.3816 31 119 180
0.2339 -36.3911 -3.487 31 119 180
0.2591 -36.1656 -3.3978 31 119 180
0.2385 -36.2791 -3.4638 31 119 180
0.2608 -36.0733 -3.3843 31 119 180
0.2625 -35.981 -3.3708 31 119 180
0.2303 -35.8773 -3.4464 31 119 180
0.1559 -35.6563 -3.6227 31 119 180
0.1282 -35.4406 -3.6752 31 119 180
0.0969 -35.492 -3.7635 31 119 180
0.1178 -35.296 -3.6888 31 119 180
0.0726 -35.5768 -3.8365 31 119 180
0.0982 -35.3755 -3.7486 31 119 180
0.0600001 -35.2044 -3.8335 31 119 180
0.0663 -35.0001 -3.7968 31 119 180
0.0518 -35.0985 -3.8449 31 119 180
0.0994 -34.6671 -3.6763 31 119 180
0.1145 -34.5105 -3.6208 31 119 180
0.0559 -34.8555 -3.8104 31 119 180
0.0637 -34.7481 -3.779 31 119 180
0.033 -34.9305 -3.8786 31 119 180
0.1092 -34.3848 -3.6226 31 119 180
0.0803 -34.5816 -3.7187 31 119 180
0.0654 -34.6557 -3.7654 31 119 180
0.1029 -34.2933 -3.6305 31 119 180
0.2286 -33.3306 -3.2023 31 119 180
0.1013 -34.1964 -3.6252 31 119 180
0.1077 -34.0988 -3.5986 31 119 180
0.1995 -33.4207 -3.2884 31 119 180
0.109 -33.9822 -3.5838 31 119 180
0.2163 -33.1717 -3.2194 31 119 180
0.1523 -33.5804 -3.4296 31 119 180
0.2256 -33.0544 -3.1832 31 119 180
0.162 -33.4873 -3.3946 31 119 180
0.2335 -32.9469 -3.1517 31 119 180
0.1308 -33.6454 -3.4929 31 119 180
0.1897 -33.2179 -3.2946 31 119 180
0.2366 -32.8448 -3.1334 31 119 180
0.0949 -33.8089 -3.6044 38 38 38
0.1939 -33.0816 -3.2701 31 119 180
0.2423 -32.6987 -3.1041 31 119 180
0.197 -32.9795 -3.2518 31 119 180
0.2049 -32.872 -3.2204 31 119 180
0.2099 -32.7842 -3.1985 31 119 180
0.2184 -32.6185 -3.1597 31 119 180
0.1961 -32.5284 -3.2104 31 119 180
0.1955 -32.3975 -3.1991 31 119 180
0.2154 -32.2356 -3.1305 31 119 180
0.2265 -32.1326 -3.0907 31 119 180
0.2536 -31.9215 -2.9981 31 119 180
0.2362 -32.0395 -3.0558 31 119 180
0.1972 -32.3052 -3.1855 31 119 180
0.1708 -32.458 -3.2707 31 119 180
0.2454 -31.8155 -3.0095 31 119 180
0.1948 -32.1599 -3.1777 31 119 180
0.1669 -32.3226 -3.2677 31 119 180
0.2215 -31.9245 -3.0838 31 119 180
0.1998 -32.0721 -3.1559 31 119 180
0.1767 -32.2295 -3.2328 31 119 180
0.2266 -31.6475 -3.0432 31 119 180
0.2059 -31.761 -3.1092 31 119 180
0.2345 -31.5401 -3.0118 31 119 180
0.2496 -31.3834 -2.9563 31 119 180
0.2607 -31.2805 -2.9165 31 119 180
0.3395 -30.691 -2.6496 31 119 180
0.1966 -31.5824 -3.1167 31 119 180
0.3147 -30.7515 -2.7213 31 119 180
0.2189 -31.3766 -3.0372 31 119 180
0.2286 -31.2835 -3.0022 31 119 180
0.204 -31.4507 -3.0839 31 119 180
0.3237 -30.61 -2.6837 31 119 180
0.2933 -30.8166 -2.7846 31 119 180
0.2441 -31.1511 -2.948 31 119 180
0.2524 -31.0678 -2.9179 31 119 180
0.2607 -30.9846 -2.8878 31 119 180
0.2719 -30.8817 -2.848 31 119 180
0.2695 -30.7363 -2.8402 31 119 180
0.2271 -30.9974 -2.9783 31 119 180
0.2398 -30.8847 -2.9337 31 119 180
0.328 -38.3896 -3.6841 31 119 180
0.3246 -38.2784 -3.6824 31 119 180
0.2934 -38.4366 -3.7807 31 119 180
0.3182 -38.1868 -3.6903 31 119 180
0.298 -38.3245 -3.7576 31 119 180
0.295 -38.2375 -3.7571 31 119 180
0.3078 -38.0423 -3.7039 31 119 180
0.2868 -38.1316 -3.7685 31 119 180
0.2963 -37.9318 -3.7236 31 119 180
0.3101 -37.5958 -3.6541 31 119 180
0.3085 -37.4989 -3.6489 31 119 180
0.2798 -37.6132 -3.7363 31 119 180
0.3036 -37.3975 -3.652 31 119 180
0.2841 -37.2877 -3.6931 31 119 180
0.2941 -37.1122 -3.6494 31 119 180
0.2745 -37.1916 -3.7093 31 119 180
0.2972 -37.01 -3.6311 31 119 180
0.3418 -36.5983 -3.472 31 119 180
0.3303 -36.677 -3.5105 31 119 180
0.2626 -37.0569 -3.7277 31 119 180
0.2868 -36.8654 -3.6447 38 38 38
0.3564 -36.3107 -3.4052 31 119 180
0.3405 -36.419 -3.4581 31 119 180
0.3209 -36.4984 -3.518 31 119 180
0.3257 -36.3039 -3.4861 31 119 180
0.3274 -36.2116 -3.4726 31 119 180
0.3312 -36.0511 -3.4468 31 119 180
0.3395 -35.9679 -3.4167 31 119 180
0.3331 -35.8763 -3.4246 31 119 180
0.2083 -35.6212 -3.7315 31 119 180
0.2209 -35.5085 -3.6869 31 119 180
0.2272 -35.3042 -3.6502 31 119 180
0.1902 -35.5017 -3.7678 31 119 180
0.1963 -35.3798 -3.7398 31 119 180
0.1947 -35.283 -3.7346 31 119 180
0.1995 -35.0885 -3.7027 31 119 180
0.1789 -35.202 -3.7687 31 119 180
0.1938 -34.9386 -3.7032 31 119 180
0.2106 -34.6896 -3.6342 31 119 180
0.1609 -34.8932 -3.7863 31 119 180
0.1929 -34.5943 -3.6718 31 119 180
0.1626 -34.8009 -3.7727 31 119 180
0.207 -34.4717 -3.6224 31 119 180
0.1752 -34.6881 -3.7282 31 119 180
0.2137 -34.2916 -3.5871 31 119 180
0.1955 -34.3612 -3.6421 31 119 180
0.317 -33.3456 -3.2196 31 119 180
0.2039 -34.0887 -3.5932 31 119 180
0.2912 -33.4402 -3.2974 31 119 180
0.3121 -33.2442 -3.2227 31 119 180
0.2546 -33.5552 -3.4063 31 119 180
0.3149 -33.1178 -3.2031 31 119 180
0.2845 -33.3244 -3.304 31 119 180
0.3209 -32.996 -3.1751 31 119 180
0.2269 -33.6354 -3.4875 31 119 180
0.2536 -33.4001 -3.3936 31 119 180
0.1914 -33.8231 -3.6003 38 38 38
0.2355 -33.4697 -3.4487 31 119 180
0.2813 -33.1307 -3.2936 31 119 180
0.2159 -33.5491 -3.5085 31 119 180
0.321 -32.8068 -3.1564 31 119 180
0.2877 -33.033 -3.2669 31 119 180
0.1865 -33.7217 -3.6034 38 38 38
0.2886 -32.8923 -3.2508 31 119 180
0.2942 -32.7462 -3.2215 31 119 180
0.2992 -32.6584 -3.1997 31 119 180
0.3366 -32 -3.0359 31 119 180
0.3221 -32.0984 -3.084 31 119 180
0.2654 -32.4579 -3.2701 31 119 180
0.2476 -32.5517 -3.3265 31 119 180
0.2747 -32.3406 -3.2338 31 119 180
0.2844 -32.2475 -3.1989 31 119 180
0.3317 -31.8986 -3.039 31 119 180
0.2997 -32.0083 -3.1347 31 119 180
0.2824 -32.1264 -3.1924 31 119 180
0.243 -32.3678 -3.3208 31 119 180
0.2508 -32.2603 -3.2894 31 119 180
0.3046 -31.8138 -3.1028 31 119 180
0.3153 -31.6867 -3.0618 31 119 180
0.3429 -31.3106 -2.9517 31 119 180
0.3194 -31.4438 -3.0273 31 119 180
0.423 -30.7112 -2.6799 31 119 180
0.3969 -30.7816 -2.7564 31 119 180
0.343 -31.1214 -2.9329 31 119 180
0.3285 -31.2198 -2.981 31 119 180
0.3108 -31.3136 -3.0374 31 119 180
0.4188 -30.5516 -2.6756 31 119 180
0.2637 -31.58 -3.1886 31 119 180
0.285 -31.4082 -3.1151 31 119 180
0.3858 -30.6953 -2.7774 31 119 180
0.3525 -30.9216 -2.8879 31 119 180
0.2687 -31.4922 -3.1667 31 119 180
0.3651 -30.8088 -2.8434 31 119 180
0.3377 -30.9958 -2.9347 31 119 180
0.3922 -30.5977 -2.7507 31 119 180
0.3127 -31.1388 -3.0151 31 119 180
0.3144 -31.0465 -3.0016 31 119 180
0.3367 -30.8406 -2.9221 31 119 180
0.3186 -30.9102 -2.9771 31 119 180
0.421 -38.4351 -3.692 31 119 180
0.4215 -38.2701 -3.6746 31 119 180
0.3897 -38.4866 -3.7803 31 119 180
0.3953 -38.3405 -3.7511 31 119 180
0.4119 -38.174 -3.6908 31 119 180
0.4179 -38.0522 -3.6629 31 119 180
0.3904 -38.2391 -3.7542 31 119 180
0.3843 -38.065 -3.7534 31 119 180
0.386 -37.9727 -3.7398 31 119 180
0.3986 -37.8599 -3.6953 31 119 180
0.3923 -37.7684 -3.7032 31 119 180
0.4006 -37.6851 -3.673 31 119 180
0.3869 -37.536 -3.6949 31 119 180
0.3886 -37.4437 -3.6814 31 119 180
0.3753 -37.3188 -3.7046 31 119 180
0.3922 -37.1765 -3.6457 31 119 180
0.3689 -37.2272 -3.7125 31 119 180
0.3727 -37.0668 -3.6868 31 119 180
0.4207 -36.6596 -3.5195 31 119 180
0.3845 -36.9056 -3.6396 38 38 38
0.4176 -36.5726 -3.5191 31 119 180
0.4472 -36.3176 -3.4155 31 119 180
0.4208 -36.4704 -3.5007 31 119 180
0.4239 -36.3683 -3.4824 31 119 180
0.4327 -36.12 -3.4348 31 119 180
0.4095 -36.2775 -3.5117 31 119 180
0.4373 -36.008 -3.4117 31 119 180
0.4046 -36.176 -3.5148 31 119 180
0.4107 -36.0542 -3.4869 31 119 180
0.4196 -35.9127 -3.4493 31 119 180
0.4038 -35.8317 -3.4834 31 119 180
0.3975 -35.7401 -3.4913 31 119 180
0.3148 -35.6024 -3.6977 31 119 180
0.3073 -35.4381 -3.7017 31 119 180
0.3257 -35.286 -3.6379 31 119 180
0.2848 -35.5373 -3.7712 31 119 180
0.2929 -35.3473 -3.731 31 119 180
0.2913 -35.2505 -3.7258 31 119 180
0.3017 -35.0991 -3.6834 31 119 180
0.2751 -35.1453 -3.7586 31 119 180
0.3036 -34.9243 -3.6612 31 119 180
0.2873 -35.0083 -3.7127 31 119 180
0.3084 -34.7298 -3.6293 31 119 180
0.2761 -34.8153 -3.7237 31 119 180
0.2988 -34.6337 -3.6455 31 119 180
0.3367 -34.2954 -3.5119 31 119 180
0.3452 -34.1296 -3.473 31 119 180
0.2952 -34.4157 -3.6338 31 119 180
0.3469 -34.0373 -3.4595 31 119 180
0.3016 -34.3181 -3.6072 31 119 180
0.3412 -33.8875 -3.46 31 119 180
0.3263 -33.9616 -3.5067 31 119 180
0.3341 -33.7475 -3.4653 31 119 180
0.4485 -32.8878 -3.0769 31 119 180
0.4326 -32.996 -3.1298 31 119 180
0.4568 -32.8045 -3.0468 31 119 180
0.413 -33.0754 -3.1896 31 119 180
0.3928 -33.2132 -3.2569 31 119 180
0.3226 -33.637 -3.485 31 119 180
0.3525 -33.4061 -3.3827 31 119 180
0.3395 -33.4947 -3.426 31 119 180
0.4505 -32.7129 -3.0547 31 119 180
0.415 -32.9006 -3.1674 31 119 180
0.3817 -33.1269 -3.2779 31 119 180
0.3644 -33.2449 -3.3356 31 119 180
0.3925 -32.9997 -3.2369 31 119 180
0.4239 -32.7591 -3.1298 31 119 180
0.4394 -32.6267 -3.0757 31 119 180
0.3988 -32.3103 -3.1527 31 119 180
0.3792 -32.3898 -3.2126 31 119 180
0.395 -32.1748 -3.1497 31 119 180
0.4134 -32.0227 -3.0859 31 119 180
0.3735 -32.2399 -3.2131 31 119 180
0.3438 -32.3882 -3.3066 31 119 180
0.3773 -32.0795 -3.1873 31 119 180
0.38 -31.9531 -3.1677 31 119 180
0.4406 -31.4332 -2.9558 31 119 180
0.4291 -31.5119 -2.9943 31 119 180
0.4006 -31.5437 -3.0729 31 119 180
0.4436 -31.2243 -2.9275 31 119 180
0.4548 -31.1214 -2.8877 31 119 180
0.4085 -31.4362 -3.0415 31 119 180
0.4211 -31.3234 -2.9969 31 119 180
0.3705 -31.6678 -3.1651 31 119 180
0.3689 -31.5709 -3.1599 31 119 180
0.4639 -30.8974 -2.8414 31 119 180
0.495 -30.6325 -2.7331 31 119 180
0.4342 -31.0457 -2.935 31 119 180
0.4681 -30.7611 -2.817 31 119 180
0.4117 -31.1448 -3.0044 31 119 180
0.3235 -31.745 -3.2976 31 119 180
0.3267 -31.6428 -3.2792 31 119 180
0.4434 -30.8217 -2.8887 31 119 180
0.426 -30.9397 -2.9463 31 119 180
0.4936 -30.4531 -2.7192 31 119 180
0.4596 -30.631 -2.8271 31 119 180
0.4707 -30.5281 -2.7874 31 119 180
0.4924 -38.4719 -3.7609 31 119 180
0.5075 -38.3153 -3.7055 31 119 180
0.4828 -38.3758 -3.7772 31 119 180
0.4542 -38.4901 -3.8645 31 119 180
0.5 -38.1511 -3.7095 31 119 180
0.5079 -38.0436 -3.678 31 119 180
0.4724 -38.2313 -3.7908 31 119 180
0.4747 -38.0807 -3.7698 31 119 180
0.4826 -37.9732 -3.7384 31 119 180
0.4952 -37.8604 -3.6939 31 119 180
0.4903 -37.759 -3.6969 31 119 180
0.4719 -37.6152 -3.732 31 119 180
0.4749 -37.4064 -3.7036 31 119 180
0.4823 -37.2747 -3.6709 31 119 180
0.5147 -36.704 -3.529 31 119 180
0.5226 -36.5966 -3.4976 31 119 180
0.521 -36.4997 -3.4924 31 119 180
0.5054 -36.3362 -3.5178 31 119 180
0.5234 -36.1599 -3.4527 31 119 180
0.5148 -36.0297 -3.4628 31 119 180
0.4952 -36.1092 -3.5227 31 119 180
0.4957 -35.9442 -3.5053 31 119 180
0.4842 -36.0229 -3.5437 31 119 180
0.4904 -35.8186 -3.5071 31 119 180
0.4187 -35.6604 -3.6824 31 119 180
0.4072 -35.5499 -3.7021 31 119 180
0.4308 -35.2275 -3.6078 31 119 180
0.4005 -35.4341 -3.7087 31 119 180
0.3956 -35.3327 -3.7118 31 119 180
0.3973 -35.2404 -3.6983 31 119 180
0.3844 -35.1397 -3.7228 31 119 180
0.3966 -35.0027 -3.677 31 119 180
0.3833 -34.8779 -3.7002 31 119 180
0.3864 -34.7757 -3.6819 31 119 180
0.392 -34.6296 -3.6526 31 119 180
0.427 -34.311 -3.5286 31 119 180
0.3915 -34.4987 -3.6413 31 119 180
0.3953 -34.3383 -3.6156 31 119 180
0.4884 -33.3544 -3.2719 31 119 180
0.4983 -33.1788 -3.2282 31 119 180
0.5442 -32.8398 -3.0732 31 119 180
0.482 -33.2628 -3.2798 31 119 180
0.4252 -33.6223 -3.4659 31 119 180
0.5492 -32.752 -3.0514 31 119 180
0.5203 -32.9488 -3.1475 31 119 180
0.4544 -33.3431 -3.3611 31 119 180
0.4342 -33.4808 -3.4284 31 119 180
0.5443 -32.6506 -3.0545 31 119 180
0.5106 -32.8527 -3.1637 31 119 180
0.4832 -33.0396 -3.255 31 119 180
0.4658 -33.1577 -3.3126 31 119 180
0.4278 -33.3892 -3.4363 31 119 180
0.4881 -32.9518 -3.2331 31 119 180
0.5181 -32.721 -3.1309 31 119 180
0.5111 -32.2026 -3.0988 31 119 180
0.4916 -32.282 -3.1586 31 119 180
0.5116 -32.0376 -3.0813 31 119 180
0.4516 -32.3925 -3.2757 31 119 180
0.4815 -32.1617 -3.1735 31 119 180
0.5082 -31.9263 -3.0796 31 119 180
0.4799 -32.0648 -3.1683 31 119 180
0.4467 -32.2911 -3.2788 31 119 180
0.4849 -31.977 -3.1465 31 119 180
0.4963 -31.7916 -3.098 31 119 180
0.4767 -31.8711 -3.1579 31 119 180
0.5175 -31.5131 -3.0147 31 119 180
0.5191 -31.4208 -3.0011 31 119 180
0.4913 -31.5835 -3.0911 31 119 180
0.4907 -31.4526 -3.0798 31 119 180
0.4618 -31.6493 -3.1759 31 119 180
0.4569 -31.5479 -3.179 31 119 180
0.5945 -30.5308 -2.7138 31 119 180
0.4293 -31.6281 -3.2603 31 119 180
0.5466 -30.7487 -2.8624 31 119 180
0.5564 -30.6557 -2.8274 31 119 180
0.583 -30.4203 -2.7335 31 119 180
0.5628 -30.558 -2.8008 31 119 180
0.5223 -30.8335 -2.9353 31 119 180
0.4976 -30.894 -3.007 31 119 180
0.5565 -30.4664 -2.8087 31 119 180
0.5127 -30.7374 -2.9516 31 119 180
0.522 -30.6201 -2.9153 31 119 180
0.471 -30.9402 -3.0822 31 119 180
0.4694 -30.8433 -3.077 31 119 180
0.4419 -31.0303 -3.1683 31 119 180
0.4399 -30.9092 -3.1618 31 119 180
0.4026 -31.0825 -3.278 31 119 180
0.4152 -30.9697 -3.2334 31 119 180
0.5565 -38.4903 -3.8456 31 119 180
0.5582 -38.398 -3.8321 31 119 180
0.5708 -38.2853 -3.7875 31 119 180
0.5913 -38.065 -3.7115 31 119 180
0.5977 -37.9674 -3.6849 31 119 180
0.5717 -38.1445 -3.7714 31 119 180
0.5925 -37.8418 -3.6867 31 119 180
0.5606 -38.0582 -3.7924 31 119 180
0.5302 -38.2648 -3.8933 31 119 180
0.5396 -38.1475 -3.8571 31 119 180
0.5696 -37.9167 -3.7548 31 119 180
0.5903 -37.614 -3.6701 31 119 180
0.5601 -37.6314 -3.7523 31 119 180
0.5779 -37.3483 -3.6772 31 119 180
0.5664 -37.427 -3.7157 31 119 180
0.5861 -37.1584 -3.6371 31 119 180
0.6063 -36.7247 -3.5411 31 119 180
0.5766 -36.8731 -3.6346 31 119 180
0.5996 -36.6089 -3.5476 31 119 180
0.5764 -36.7664 -3.6245 31 119 180
0.5967 -36.3327 -3.5285 31 119 180
0.5906 -36.1586 -3.5277 31 119 180
0.6003 -36.0656 -3.4928 31 119 180
0.5893 -35.9793 -3.5138 31 119 180
0.5731 -35.8741 -3.5466 31 119 180
0.5373 -35.8483 -3.6393 31 119 180
0.5342 -35.7613 -3.6389 31 119 180
0.5176 -35.6319 -3.6704 31 119 180
0.5061 -35.7106 -3.7088 31 119 180
0.5142 -35.5206 -3.6687 31 119 180
0.5089 -35.395 -3.6705 31 119 180
0.5201 -35.2921 -3.6307 31 119 180
0.5169 -35.0983 -3.6203 31 119 180
0.4996 -35.2164 -3.678 31 119 180
0.4826 -35.0628 -3.7082 31 119 180
0.4868 -34.9265 -3.6837 31 119 180
0.4881 -34.81 -3.6689 31 119 180
0.5065 -34.6579 -3.6051 31 119 180
0.4752 -34.7093 -3.6934 31 119 180
0.4578 -34.8274 -3.7511 31 119 180
0.5217 -34.312 -3.5309 31 119 180
0.487 -34.5481 -3.6463 31 119 180
0.4919 -34.3536 -3.6144 31 119 180
0.5214 -33.8027 -3.4822 31 119 180
0.5905 -33.3062 -3.2502 31 119 180
0.526 -33.6907 -3.459 31 119 180
0.5928 -33.1556 -3.2293 31 119 180
0.6286 -32.8855 -3.1078 31 119 180
0.6026 -33.0626 -3.1943 31 119 180
0.5699 -33.2306 -3.2974 31 119 180
0.6375 -32.7439 -3.0703 31 119 180
0.508 -33.5711 -3.4954 31 119 180
0.6095 -32.7999 -3.1503 31 119 180
0.5676 -33.0853 -3.2896 31 119 180
0.527 -33.3607 -3.4242 31 119 180
0.5078 -33.4644 -3.4853 31 119 180
0.5812 -32.9384 -3.239 31 119 180
0.622 -32.5805 -3.0957 31 119 180
0.6057 -32.6645 -3.1473 31 119 180
0.5737 -32.4783 -3.2142 38 38 38
0.5834 -32.3852 -3.1793 38 38 38
0.6231 -32.0613 -3.0421 38 38 38
0.5838 -32.1135 -3.1518 31 119 180
0.5617 -32.2369 -3.2226 31 119 180
0.5506 -32.1506 -3.2436 31 119 180
0.5333 -32.2687 -3.3013 31 119 180
0.5222 -32.1824 -3.3223 31 119 180
0.5618 -31.7518 -3.1751 31 119 180
0.5502 -31.8305 -3.2136 31 119 180
0.5968 -31.4332 -3.0511 31 119 180
0.5569 -31.6504 -3.1782 31 119 180
0.5706 -31.5035 -3.1276 31 119 180
0.5293 -31.7306 -3.2595 31 119 180
0.6128 -31.1357 -2.9795 38 38 38
0.6236 -31.0086 -2.9384 38 38 38
0.5364 -31.5747 -3.2254 31 119 180
0.6777 -30.5863 -2.7532 31 119 180
0.6827 -30.4985 -2.7314 31 119 180
0.5701 -31.1834 -3.0975 38 38 38
0.645 -30.6476 -2.8463 31 119 180
0.5929 -31.0018 -3.0193 38 38 38
0.5696 -31.0525 -3.0862 38 38 38
0.6575 -30.4281 -2.7918 31 119 180
0.6387 -30.556 -2.8542 31 119 180
0.6114 -30.6605 -2.9368 31 119 180
0.5463 -31.1032 -3.153 38 38 38
0.5789 -30.6393 -3.0212 31 119 180
0.5839 -30.5515 -2.9994 31 119 180
0.5104 -30.9707 -3.2357 31 119 180
0.485 -31.0896 -3.3148 31 119 180
0.5482 -30.6325 -3.1021 31 119 180
0.482 -31.0025 -3.3144 31 119 180
0.5481 -30.5257 -3.092 31 119 180
0.5161 -30.6355 -3.1877 31 119 180
0.5098 -30.5439 -3.1956 31 119 180
0.6791 -38.4157 -3.7704 31 119 180
0.6756 -38.3045 -3.7687 31 119 180
0.6463 -38.477 -3.8635 31 119 180
0.6867 -38.0948 -3.7189 31 119 180
0.6946 -37.9874 -3.6875 31 119 180
0.6421 -38.3173 -3.8592 31 119 180
0.6601 -38.141 -3.7941 31 119 180
0.6632 -38.0388 -3.7758 31 119 180
0.6372 -38.2159 -3.8623 31 119 180
0.6722 -37.8973 -3.7382 31 119 180
0.6789 -37.7172 -3.7028 31 119 180
0.664 -37.7914 -3.7496 31 119 180
0.6583 -37.6415 -3.7501 31 119 180
0.6708 -37.4221 -3.6955 31 119 180
0.6707 -37.3153 -3.6854 31 119 180
0.6788 -37.1254 -3.6453 31 119 180
0.6673 -37.2041 -3.6837 31 119 180
0.6754 -37.0141 -3.6435 31 119 180
0.7068 -36.7735 -3.5365 31 119 180
0.7095 -36.5404 -3.5068 31 119 180
0.6991 -36.3959 -3.5204 31 119 180
0.7047 -36.2498 -3.4912 31 119 180
0.6856 -36.1643 -3.5336 31 119 180
0.6037 -35.779 -3.7138 31 119 180
0.6069 -35.6769 -3.6954 31 119 180
0.6133 -35.5792 -3.6688 31 119 180
0.6095 -35.4438 -3.6658 31 119 180
0.6261 -35.2773 -3.6055 31 119 180
0.5944 -35.3045 -3.6925 31 119 180
0.6041 -35.2114 -3.6575 31 119 180
0.5987 -34.9791 -3.6493 31 119 180
0.5924 -34.8875 -3.6571 31 119 180
0.5885 -34.752 -3.6541 31 119 180
0.6014 -34.5568 -3.6008 31 119 180
0.5781 -34.6075 -3.6677 31 119 180
0.5852 -34.4516 -3.6336 31 119 180
0.621 -34.1814 -3.5122 31 119 180
0.6223 -34.0649 -3.4973 31 119 180
0.6284 -33.943 -3.4694 31 119 180
0.6289 -33.7781 -3.4519 31 119 180
0.606 -33.853 -3.5201 31 119 180
0.6771 -33.2884 -3.2759 31 119 180
0.6883 -33.1855 -3.2361 31 119 180
0.698 -33.0924 -3.2012 31 119 180
0.7012 -32.9903 -3.1828 31 119 180
0.6049 -33.5911 -3.4974 31 119 180
0.658 -33.2029 -3.3183 31 119 180
0.7253 -32.6921 -3.0898 31 119 180
0.6645 -33.1053 -3.2917 31 119 180
0.7061 -32.7958 -3.151 31 119 180
0.6897 -32.8798 -3.2025 31 119 180
0.6246 -33.3225 -3.4188 31 119 180
0.6687 -32.9691 -3.2672 31 119 180
0.696 -32.6754 -3.1659 31 119 180
0.6688 -32.7799 -3.2485 31 119 180
0.691 -32.4673 -3.1589 38 38 38
0.7018 -32.3402 -3.1179 38 38 38
0.6502 -32.5294 -3.2734 38 38 38
0.7001 -32.1366 -3.1026 31 119 180
0.6625 -32.3924 -3.2276 38 38 38
0.6669 -32.1737 -3.1944 31 119 180
0.6777 -32.0465 -3.1533 31 119 180
0.6326 -32.1381 -3.2823 31 119 180
0.6782 -31.5856 -3.1071 31 119 180
0.6386 -31.7203 -3.2255 31 119 180
0.6577 -31.51 -3.1543 31 119 180
0.6399 -31.6038 -3.2107 31 119 180
0.6073 -31.7718 -3.3138 31 119 180
0.7764 -30.5141 -2.7414 31 119 180
0.5962 -31.6855 -3.3348 31 119 180
0.743 -30.6336 -2.842 31 119 180
0.7716 -30.4127 -2.7445 31 119 180
0.7429 -30.5269 -2.8319 31 119 180
0.7413 -30.4301 -2.8267 31 119 180
0.695 -30.7449 -2.9805 31 119 180
0.7058 -30.6177 -2.9395 31 119 180
0.6707 -30.8296 -3.0535 31 119 180
0.6792 -30.6639 -3.0146 31 119 180
0.6549 -30.7486 -3.0876 31 119 180
0.6404 -30.847 -3.1357 31 119 180
0.6146 -30.9416 -3.2135 31 119 180
0.5913 -30.9923 -3.2803 31 119 180
0.5988 -30.8606 -3.2476 31 119 180
0.5553 -31.049 -3.3817 31 119 180
0.5584 -30.9469 -3.3634 31 119 180
0.5184 -31.0573 -3.4805 31 119 180
0.5267 -30.9741 -3.4504 31 119 180
0.7772 -38.3589 -3.7631 31 119 180
0.7599 -38.477 -3.8207 31 119 180
0.7825 -38.1886 -3.7325 31 119 180
0.7921 -37.9889 -3.6876 31 119 180
0.7501 -38.2741 -3.8269 31 119 180
0.7511 -38.1334 -3.8108 31 119 180
0.7854 -37.8731 -3.6942 31 119 180
0.7608 -38.0403 -3.7759 31 119 180
0.7574 -37.9291 -3.7741 31 119 180
0.7758 -37.7769 -3.7104 31 119 180
0.7525 -37.8276 -3.7772 31 119 180
0.752 -37.6967 -3.7659 31 119 180
0.7514 -37.5658 -3.7546 31 119 180
0.7724 -37.3698 -3.6799 31 119 180
0.7546 -37.4636 -3.7362 31 119 180
0.7764 -37.1268 -3.6454 31 119 180
0.75 -37.2797 -3.7306 31 119 180
0.8027 -36.8673 -3.5502 31 119 180
0.7531 -37.1775 -3.7123 31 119 180
0.7747 -36.9233 -3.6302 31 119 180
0.8002 -36.6153 -3.5323 31 119 180
0.7862 -36.4419 -3.5529 31 119 180
0.8002 -36.3194 -3.5036 31 119 180
0.8117 -36.1339 -3.4551 31 119 180
0.784 -36.2142 -3.5364 31 119 180
0.7806 -36.1029 -3.5347 31 119 180
0.7082 -35.7071 -3.6887 31 119 180
0.7157 -35.5754 -3.6559 31 119 180
0.717 -35.4588 -3.6411 31 119 180
0.7184 -35.3423 -3.6263 31 119 180
0.7007 -35.2469 -3.6639 31 119 180
0.7006 -35.1402 -3.6539 31 119 180
0.7036 -34.9313 -3.6255 31 119 180
0.6994 -34.7717 -3.6212 31 119 180
0.6914 -34.4765 -3.6138 31 119 180
0.7135 -33.7613 -3.4855 31 119 180
0.7232 -33.6683 -3.4506 31 119 180
0.7973 -33.084 -3.1968 31 119 180
0.7857 -33.1627 -3.2352 31 119 180
0.7124 -33.4995 -3.4629 31 119 180
0.6994 -33.588 -3.5061 31 119 180
0.7869 -32.9395 -3.2104 31 119 180
0.661 -33.7954 -3.6285 31 119 180
0.7517 -33.1514 -3.3244 31 119 180
0.8092 -32.7336 -3.1309 31 119 180
0.7673 -33.0189 -3.2702 31 119 180
0.7256 -33.2217 -3.4009 31 119 180
0.6871 -33.4291 -3.5232 31 119 180
0.7765 -32.7949 -3.224 31 119 180
0.7602 -32.8789 -3.2755 31 119 180
0.7873 -32.6678 -3.1829 31 119 180
0.7192 -33.1302 -3.4088 31 119 180
0.6252 -33.7696 -3.7212 31 119 180
0.7979 -32.4339 -3.1318 38 38 38
0.6586 -33.3542 -3.5919 31 119 180
0.8116 -32.2871 -3.0812 38 38 38
0.7653 -32.6019 -3.235 31 119 180
0.7869 -32.3477 -3.1528 38 38 38
0.7516 -32.4528 -3.2569 38 38 38
0.7362 -32.1002 -3.2635 31 119 180
0.7592 -31.5401 -3.1478 31 119 180
0.7433 -31.6484 -3.2007 31 119 180
0.8253 -30.9567 -2.9154 38 38 38
0.7047 -31.749 -3.313 31 119 180
0.798 -31.0611 -2.998 38 38 38
0.8613 -30.604 -2.7853 31 119 180
0.7292 -31.475 -3.2213 31 119 180
0.7031 -31.6521 -3.3078 31 119 180
0.8688 -30.4723 -2.7525 31 119 180
0.8399 -30.6691 -2.8487 31 119 180
0.7917 -30.9695 -3.0059 38 38 38
0.6596 -31.8406 -3.4419 31 119 180
0.8166 -30.7198 -2.9155 31 119 180
0.6675 -31.7331 -3.4105 31 119 180
0.8331 -30.5533 -2.8552 31 119 180
0.7918 -30.7803 -2.9872 31 119 180
0.845 -30.3921 -2.8081 31 119 180
0.8117 -30.6184 -2.9186 31 119 180
0.748 -31.0512 -3.1301 38 38 38
0.7855 -30.6888 -2.9951 31 119 180
0.7601 -30.8076 -3.0742 31 119 180
0.7041 -30.9195 -3.2341 31 119 180
0.6877 -31.0035 -3.2857 31 119 180
0.6959 -30.8136 -3.2455 31 119 180
0.6672 -30.9279 -3.3329 31 119 180
0.649 -30.9975 -3.388 31 119 180
0.6298 -31.1012 -3.4492 31 119 180
0.8683 -38.4197 -3.7871 31 119 180
0.8819 -38.2729 -3.7365 31 119 180
0.8785 -38.1617 -3.7347 31 119 180
0.8492 -38.3342 -3.8296 31 119 180
0.8538 -38.2222 -3.8064 31 119 180
0.819 -38.4583 -3.9218 31 119 180
0.8722 -38.0701 -3.7426 31 119 180
0.8474 -38.1306 -3.8143 31 119 180
0.8593 -37.9695 -3.7671 31 119 180
0.867 -37.7553 -3.7257 31 119 180
0.8478 -37.859 -3.7868 31 119 180
0.8665 -37.6244 -3.7143 31 119 180
0.845 -37.6894 -3.7777 31 119 180
0.8656 -37.4692 -3.7017 31 119 180
0.8592 -37.3776 -3.7096 31 119 180
0.8375 -37.5252 -3.7817 31 119 180
0.8601 -37.2369 -3.6934 31 119 180
0.8326 -37.4238 -3.7847 31 119 180
0.8728 -37.1241 -3.6489 31 119 180
0.8325 -37.3171 -3.7747 31 119 180
0.8443 -37.1559 -3.7275 31 119 180
0.8551 -37.0288 -3.6865 31 119 180
0.8649 -36.9357 -3.6515 31 119 180
0.8633 -36.8388 -3.6463 31 119 180
0.8764 -36.2652 -3.5555 31 119 180
0.8773 -36.1244 -3.5394 31 119 180
0.8204 -35.5961 -3.6392 31 119 180
0.8158 -35.4122 -3.6335 31 119 180
0.7834 -34.9059 -3.6704 31 119 180
0.7733 -34.7856 -3.6853 31 119 180
0.7869 -34.5321 -3.6246 31 119 180
0.8144 -34.0492 -3.5045 31 119 180
0.7708 -34.2377 -3.6386 31 119 180
0.7834 -34.1249 -3.594 31 119 180
0.7653 -33.8986 -3.6203 31 119 180
0.7992 -33.6141 -3.5024 31 119 180
0.8548 -33.182 -3.3123 31 119 180
0.8052 -33.4922 -3.4744 31 119 180
0.8627 -33.0745 -3.2809 31 119 180
0.8851 -32.8687 -3.2014 31 119 180
0.8963 -32.7657 -3.1616 31 119 180
0.9012 -32.678 -3.1398 31 119 180
0.8231 -33.2092 -3.3993 31 119 180
0.8418 -32.9746 -3.3268 31 119 180
0.9065 -32.5077 -3.1092 38 38 38
0.8515 -32.8815 -3.2918 31 119 180
0.867 -32.7491 -3.2377 31 119 180
0.8069 -33.104 -3.4321 31 119 180
0.9121 -32.3616 -3.0799 38 38 38
0.8727 -32.603 -3.2084 31 119 180
0.7807 -33.1744 -3.5086 31 119 180
0.8798 -32.4471 -3.1744 38 38 38
0.8649 -32.2254 -3.1923 31 119 180
0.864 -32.0702 -3.1797 31 119 180
0.8425 -32.1353 -3.2431 31 119 180
0.8746 -31.5405 -3.0998 31 119 180
0.8502 -31.6252 -3.1728 31 119 180
0.8744 -31.4338 -3.0898 31 119 180
0.8478 -31.4799 -3.165 31 119 180
0.8138 -31.6578 -3.2729 31 119 180
0.8202 -31.5601 -3.2462 31 119 180
0.8426 -31.3543 -3.1667 31 119 180
0.959 -30.509 -2.7748 31 119 180
0.7665 -31.8174 -3.414 31 119 180
0.7777 -31.7145 -3.3743 31 119 180
0.9379 -30.5983 -2.8395 31 119 180
0.9556 -30.3978 -2.7731 31 119 180
0.9132 -30.6588 -2.9112 31 119 180
0.9228 -30.459 -2.8662 31 119 180
0.905 -30.5529 -2.9226 31 119 180
0.8683 -30.6679 -3.0314 31 119 180
0.8682 -30.5612 -3.0214 31 119 180
0.8253 -30.6913 -3.1481 31 119 180
0.8017 -30.8245 -3.2237 31 119 180
0.7854 -30.9085 -3.2752 31 119 180
0.8237 -30.5945 -3.1429 31 119 180
0.7545 -30.9842 -3.3648 31 119 180
0.788 -30.6754 -3.2456 31 119 180
0.775 -30.764 -3.2888 31 119 180
0.7544 -30.8775 -3.3548 31 119 180
1.1501 -38.322 -3.7397 31 119 180
1.1236 -38.4749 -3.8249 31 119 180
1.1286 -38.3871 -3.803 31 119 180
1.1248 -38.2516 -3.8 31 119 180
1.1185 -38.16 -3.8079 31 119 180
1.119 -37.9951 -3.7904 31 119 180
1.1195 -37.8301 -3.773 31 119 180
1.1438 -37.6386 -3.6899 31 119 180
1.1176 -37.709 -3.7664 31 119 180
1.1224 -37.5145 -3.7345 31 119 180
1.1011 -37.3904 -3.7791 38 38 38
1.1183 -37.1656 -3.7114 31 119 180
1.0969 -37.2307 -3.7748 31 119 180
1.1073 -37.0793 -3.7324 31 119 180
1.1311 -36.8637 -3.6481 38 38 38
1.1515 -36.5367 -3.562 31 119 180
1.1667 -36.3801 -3.5065 31 119 180
1.1447 -36.3142 -3.5586 31 119 180
1.1559 -36.2113 -3.5188 31 119 180
1.1397 -36.1061 -3.5516 31 119 180
1.1309 -35.7625 -3.5416 31 119 180
1.0928 -35.6982 -3.6365 31 119 180
1.0661 -35.6376 -3.7016 31 119 180
1.0706 -35.4189 -3.6684 31 119 180
1.0528 -35.5127 -3.7248 31 119 180
1.0706 -35.123 -3.6396 31 119 180
1.0442 -34.7908 -3.6773 31 119 180
1.0217 -34.8899 -3.7467 31 119 180
1.0872 -34.0688 -3.4929 31 119 180
1.0741 -34.1573 -3.5362 31 119 180
1.0146 -34.454 -3.7232 31 119 180
1.0211 -34.3563 -3.6966 31 119 180
1.1388 -33.2878 -3.2797 31 119 180
1.1272 -33.3665 -3.3182 31 119 180
1.1065 -33.48 -3.3841 31 119 180
1.1463 -33.1562 -3.2469 31 119 180
1.0735 -33.6238 -3.486 31 119 180
1.123 -33.2068 -3.3138 31 119 180
1.0361 -33.7971 -3.6022 31 119 180
1.074 -33.4588 -3.4685 31 119 180
1.1249 -33.032 -3.2915 31 119 180
1.1372 -32.8951 -3.2457 31 119 180
1.0865 -32.9435 -3.3851 31 119 180
1.1065 -32.5923 -3.2977 31 119 180
1.0826 -32.7013 -3.372 31 119 180
1.1122 -32.4463 -3.2685 31 119 180
1.1278 -32.1246 -3.1955 31 119 180
1.0861 -32.3274 -3.3262 31 119 180
1.1251 -31.9551 -3.1864 31 119 180
1.1102 -32.0293 -3.2331 31 119 180
1.0943 -32.1375 -3.286 31 119 180
1.0812 -32.226 -3.3293 31 119 180
1.143 -31.6721 -3.1112 38 38 38
1.1299 -31.7606 -3.1545 38 38 38
1.1367 -31.5805 -3.1191 38 38 38
1.1507 -31.4579 -3.0697 38 38 38
1.0993 -31.7538 -3.2354 38 38 38
1.1043 -31.666 -3.2135 38 38 38
1.1852 -31.0084 -2.9343 38 38 38
1.1197 -31.4269 -3.1493 38 38 38
1.1902 -30.9206 -2.9124 38 38 38
1.128 -31.3436 -3.1191 38 38 38
1.2393 -30.4795 -2.739 38 38 38
1.0699 -31.6304 -3.3014 38 38 38
1.1531 -31.0114 -3.02 38 38 38
1.2117 -30.5597 -2.8203 38 38 38
1.2264 -30.3788 -2.7635 38 38 38
1.1844 -30.6641 -2.9029 38 38 38
1.0217 -31.6349 -3.4299 38 38 38
1.173 -30.5536 -2.9226 38 38 38
1.1413 -30.5808 -3.0095 38 38 38
1.103 -30.5989 -3.1131 38 38 38
1.0703 -30.7669 -3.2163 38 38 38
1.0522 -30.8365 -3.2713 38 38 38
1.072 -30.6746 -3.2027 38 38 38
1.0407 -30.726 -3.291 38 38 38
1.0204 -30.8638 -3.3583 38 38 38
1.1509 -38.0745 -3.7135 31 119 180
1.0868 -38.4832 -3.9237 31 119 180
1.1033 -38.3167 -3.8634 31 119 180
1.1481 -37.905 -3.7043 31 119 180
1.1505 -37.7544 -3.6834 31 119 180
1.1453 -37.4396 -3.6664 31 119 180
1.1372 -37.3336 -3.6777 31 119 180
1.1431 -37.1051 -3.6397 31 119 180
1.1227 -35.6566 -3.553 31 119 180
1.0514 -34.9308 -3.672 31 119 180
1.0348 -34.2095 -3.6459 31 119 180
1.0231 -33.8856 -3.6455 31 119 180
1.0885 -33.3605 -3.4204 31 119 180
1.1119 -33.1206 -3.3348 31 119 180
1.089 -33.1955 -3.403 31 119 180
1.1047 -32.8738 -3.33 31 119 180
1.1144 -32.7808 -3.2951 31 119 180
1.1219 -32.3532 -3.2335 31 119 180
1.1251 -32.251 -3.2152 31 119 180
1.0726 -32.5809 -3.3869 31 119 180
1.0797 -32.4251 -3.3528 31 119 180
1.0493 -32.6316 -3.4538 31 119 180
1.0615 -32.4947 -3.4079 31 119 180
1.1634 -31.3452 -3.0252 38 38 38
1.1552 -31.2392 -3.0365 38 38 38
1.0982 -31.4919 -3.2127 38 38 38
1.0635 -31.728 -3.328 38 38 38
1.0414 -31.8514 -3.3988 38 38 38
1.0523 -31.535 -3.339 38 38 38
1.1951 -30.4302 -2.8518 38 38 38
1.1546 -30.7057 -2.9863 38 38 38
1.1228 -30.7329 -3.0733 38 38 38
1.0938 -30.8229 -3.1594 38 38 38
1.2281 -38.4059 -3.7877 31 119 180
1.2565 -38.0782 -3.6803 31 119 180
1.2516 -37.9768 -3.6834 31 119 180
1.2602 -36.8408 -3.5495 31 119 180
1.2095 -37.0784 -3.7077 31 119 180
1.2556 -36.361 -3.5151 31 119 180
1.2703 -36.1801 -3.4583 31 119 180
1.2457 -36.0515 -3.5112 31 119 180
1.1902 -35.8093 -3.635 31 119 180
1.1839 -35.7177 -3.6429 31 119 180
1.168 -35.3408 -3.6482 31 119 180
1.1648 -35.1471 -3.6378 31 119 180
1.1705 -34.22 -3.5322 31 119 180
1.1172 -34.5015 -3.7013 31 119 180
1.1594 -33.8378 -3.5245 31 119 180
1.195 -33.4609 -3.393 31 119 180
1.1283 -33.8068 -3.604 31 119 180
1.1614 -33.4738 -3.4835 31 119 180
1.1828 -33.302 -3.4101 31 119 180
1.1792 -33.0841 -3.3984 31 119 180
1.1949 -32.8691 -3.3355 31 119 180
1.2079 -32.4847 -3.2634 31 119 180
1.25 -32.0102 -3.1053 31 119 180
1.192 -32.297 -3.2875 31 119 180
1.1674 -31.6832 -3.2929 38 38 38
1.2524 -31.0786 -3.0081 38 38 38
1.1753 -31.5758 -3.2615 38 38 38
1.3249 -30.3975 -2.7491 38 38 38
1.2654 -30.6941 -2.9361 38 38 38
1.2372 -30.6434 -3.006 38 38 38
1.1727 -30.7319 -3.1861 38 38 38
1.1954 -38.4754 -3.931 31 119 180
1.2109 -38.343 -3.8768 31 119 180
1.238 -38.1319 -3.7842 31 119 180
1.2108 -38.2363 -3.8668 31 119 180
1.2389 -37.9911 -3.7681 31 119 180
1.2611 -37.6786 -3.6785 31 119 180
1.2396 -37.4477 -3.7131 31 119 180
1.2413 -37.3554 -3.6995 31 119 180
1.243 -37.2631 -3.686 31 119 180
1.2353 -36.9922 -3.6799 31 119 180
1.2701 -36.5669 -3.5458 31 119 180
1.2159 -35.9122 -3.6259 31 119 180
1.1707 -35.2227 -3.6785 31 119 180
1.1792 -35.057 -3.6396 31 119 180
1.1528 -34.7248 -3.6773 31 119 180
1.1682 -34.4856 -3.613 31 119 180
1.1865 -33.7417 -3.4917 31 119 180
1.2347 -32.9562 -3.2868 31 119 180
1.2341 -32.8253 -3.2754 31 119 180
1.1974 -32.9403 -3.3843 31 119 180
1.1979 -32.7753 -3.3668 31 119 180
1.1897 -32.6693 -3.3782 31 119 180
1.1902 -32.5044 -3.3607 31 119 180
1.2252 -32.1858 -3.2366 31 119 180
1.2576 -31.9111 -3.1235 31 119 180
1.2302 -32.098 -3.2148 31 119 180
1.1882 -32.3833 -3.3542 31 119 180
1.1593 -32.58 -3.4503 31 119 180
1.193 -32.1888 -3.3223 31 119 180
1.2376 -31.6704 -3.1532 38 38 38
1.2545 -31.5281 -3.0943 38 38 38
1.2169 -31.7839 -3.2192 38 38 38
1.2855 -31.2633 -2.9859 38 38 38
1.2602 -31.3821 -3.065 38 38 38
1.2839 -31.1664 -2.9807 38 38 38
1.2247 -31.5697 -3.1777 38 38 38
1.3386 -30.5791 -2.7779 38 38 38
1.3436 -30.4914 -2.7561 38 38 38
1.3046 -30.5678 -2.8671 38 38 38
1.2381 -31.0203 -3.0882 38 38 38
1.2721 -30.5466 -2.9515 38 38 38
1.2138 -30.62 -3.1136 38 38 38
1.1531 -30.548 -3.268 38 38 38
1.1562 -30.4459 -3.2496 38 38 38
1.1232 -30.5896 -3.3514 38 38 38
1.1198 -30.4784 -3.3497 38 38 38
1.2239 -38.4746 -3.8437 31 119 180
1.2639 -38.1749 -3.7078 31 119 180
1.2491 -38.2491 -3.7546 31 119 180
1.2544 -37.8896 -3.7052 31 119 180
1.2306 -37.8094 -3.7608 31 119 180
1.2257 -37.708 -3.7638 31 119 180
1.2204 -37.5823 -3.7656 38 38 38
1.2079 -37.3167 -3.7727 31 119 180
1.2805 -36.7423 -3.5236 31 119 180
1.2103 -37.1661 -3.7517 31 119 180
1.2563 -36.4487 -3.5591 31 119 180
1.271 -36.2678 -3.5023 31 119 180
1.2465 -35.9499 -3.5364 31 119 180
1.2393 -35.8099 -3.5417 31 119 180
1.2279 -35.5102 -3.5427 31 119 180
1.2178 -35.2832 -3.5475 31 119 180
1.1466 -34.2857 -3.6391 31 119 180
1.1259 -34.3992 -3.705 31 119 180
1.1483 -34.1934 -3.6255 31 119 180
1.1244 -34.1132 -3.6811 31 119 180
1.1261 -34.0208 -3.6675 31 119 180
1.1292 -33.9187 -3.6492 31 119 180
1.2743 -32.7699 -3.1511 38 38 38
1.0936 -33.9996 -3.7519 31 119 180
1.2884 -32.6473 -3.1017 38 38 38
1.2211 -33.0514 -3.3202 31 119 180
1.2052 -33.1596 -3.3731 31 119 180
1.2443 -32.7048 -3.2245 38 38 38
1.2656 -32.533 -3.1511 31 119 180
1.256 -32.4369 -3.1673 31 119 180
1.2492 -32.3211 -3.1739 31 119 180
1.2509 -32.2288 -3.1604 31 119 180
1.2278 -32.3862 -3.2373 31 119 180
1.2569 -31.811 -3.1036 31 119 180
1.2183 -31.9117 -3.216 31 119 180
1.2053 -32.0002 -3.2592 31 119 180
1.2534 -31.2147 -3.0544 38 38 38
1.2136 -31.4319 -3.1815 38 38 38
1.232 -31.2798 -3.1177 38 38 38
1.3037 -30.6569 -2.8661 38 38 38
1.2314 -31.1488 -3.1064 38 38 38
1.1757 -31.4742 -3.2864 38 38 38
1.3057 -30.4821 -2.8438 38 38 38
1.2539 -30.7538 -3.0081 38 38 38
1.1533 -31.3842 -3.3371 38 38 38
1.2956 -30.3618 -2.8587 38 38 38
1.2102 -30.8355 -3.1322 38 38 38
1.2199 -30.7424 -3.0973 38 38 38
1.169 -30.8733 -3.2455 38 38 38
