ply
format ascii 1.0
comment Created by Open3D
element vertex 20000
property double x
property double y
property double z
element face 0
property list uchar uint vertex_indices
end_header
9.2039 -25.0318 9.729
2.6882 -31.867 8.4803
10.3755 -31.9122 8.1084
2.6649 -25.5186 10.331
6.6129 -29.4478 10.6143
10.6552 -28.4011 9.2386
6.6227 -31.8908 7.9858
5.7565 -24.1482 9.4395
3.4546 -28.6793 9.442
6.9004 -26.6981 9.9547
8.3511 -29.9488 8.6341
4.6049 -27.0171 11.0856
10.0702 -26.8925 11.1572
6.0447 -29.3539 7.9843
4.6062 -30.7433 9.1626
8.9258 -27.128 9.3505
2.6649 -27.8569 11.2286
4.6051 -25.9766 9.4491
7.4776 -28.357 9.2129
10.5964 -30.0703 8.3863
5.4683 -28.1555 9.8862
2.6652 -30.3569 9.5456
10.655 -26.5798 9.4438
7.4779 -24.5657 9.6764
8.631 -31.5795 7.9773
4.0312 -24.3492 9.7809
4.8871 -29.6766 10.5129
8.3432 -26.9946 10.9838
3.4544 -27.0674 9.9054
10.3578 -24.0254 9.249
6.9004 -30.5182 8.6707
9.2037 -28.7781 9.063
4.893 -29.2402 9.0084
6.0384 -25.5818 9.5529
5.1815 -31.85 8.5112
5.757 -30.1355 9.5664
4.3111 -28.4791 10.4233
5.4681 -26.8442 9.9373
8.3503 -26.025 9.7583
9.4935 -30.7449 8.4624
10.3753 -25.3427 9.2958
10.0702 -27.5634 9.9766
3.4549 -31.189 9.1446
8.0533 -27.6602 10.0153
3.7416 -29.8491 9.3388
6.6221 -27.8624 10.0074
6.9004 -29.3318 8.8348
2.6651 -27.9392 9.8994
2.8585 -24.434 9.927
9.5023 -26.156 9.6381
4.8873 -25.0538 10.0562
3.7415 -25.4343 9.966
5.7572 -30.8999 8.734
6.6129 -30.5263 10.2842
7.193 -25.6509 9.6686
4.596 -27.4957 9.8215
3.7348 -27.6305 10.8033
7.4774 -31.222 8.0789
4.0317 -31.8445 8.5592
9.5028 -29.7445 8.7831
9.2039 -27.3546 10.5158
2.6652 -29.3231 9.6214
5.7482 -29.0065 10.3486
2.665 -26.5147 10.19
8.3504 -25.0695 9.202
6.3261 -24.7386 9.998
4.6056 -28.4106 9.4558
9.7879 -27.9578 9.1183
10.3589 -29.2767 8.908
8.0592 -29.0823 8.9471
8.6311 -28.0472 9.345
7.4776 -26.5725 11.0152
10.6555 -31.0306 8.3599
6.0444 -28.1234 9.1292
10.5962 -27.4646 9.0989
9.2039 -24.2095 9.2592
7.1985 -27.3584 10.5636
9.4935 -31.8018 8.4057
8.3512 -30.8155 8.3729
10.6023 -26.9888 10.4284
7.771 -26.8411 9.7727
6.6129 -28.7506 10.0504
4.887 -30.1333 9.7493
3.7416 -27.8811 9.7042
2.672 -28.6258 10.4364
6.0446 -29.9166 8.6478
8.6311 -24.4124 9.9138
4.0205 -26.3979 9.9078
3.158 -27.1699 11.2463
3.4439 -28.2944 10.3754
7.4842 -29.9301 8.7978
6.9073 -24.176 9.2055
5.7481 -29.8419 10.3438
9.7878 -24.4477 9.7984
9.2138 -26.7534 11.0857
9.7849 -26.9163 9.544
2.6653 -31.3701 9.1233
6.6129 -29.8852 9.7966
6.6226 -31.2512 8.4745
3.1581 -25.9367 9.7537
6.0442 -26.3081 9.8624
6.6223 -28.6081 8.9144
3.4439 -24.8187 9.6026
4.6064 -31.474 8.9146
7.7722 -31.9126 7.9196
5.4678 -24.5124 10.0453
10.3751 -25.9845 9.8267
4.0313 -28.9329 9.882
4.5956 -29.9916 9.064
6.622 -25.1215 9.4069
6.3335 -27.1676 9.8111
6.6224 -28.9626 8.2428
8.9189 -27.6518 9.9007
2.6882 -27.2005 9.9153
8.9189 -26.565 9.8226
6.0448 -31.696 8.3915
4.8871 -28.7362 10.0462
5.1739 -28.1568 10.5546
4.0204 -28.9005 9.0378
5.1739 -25.6712 9.7966
2.6882 -28.5973 9.5974
7.1987 -27.3388 9.8039
3.4439 -30.5037 9.3707
5.7567 -27.6109 10.253
4.6051 -26.7876 9.8171
8.9263 -30.3355 8.5197
8.9256 -25.6277 9.4889
3.7344 -24.7901 10.2392
5.1741 -30.3773 8.989
9.7878 -25.5114 9.6295
8.9189 -29.3694 8.8323
6.9077 -27.9799 8.9098
7.7679 -30.5213 8.5817
9.2154 -31.2441 8.0813
7.4776 -27.9595 9.7684
10.3752 -24.7219 9.5892
10.6552 -27.7933 9.7202
4.596 -27.4425 10.5583
10.0702 -28.6747 9.0195
4.3182 -25.0933 9.695
6.6128 -25.9915 9.6896
10.0702 -31.324 8.2166
6.9004 -28.2563 9.5431
2.8762 -25.1036 9.8525
3.158 -31.7918 8.9463
10.0702 -30.4715 8.2746
5.1741 -31.126 8.9583
8.3432 -27.1677 9.6671
6.0383 -28.4939 9.8475
5.7485 -25.0113 9.7132
9.4935 -27.9047 9.7015
4.5958 -29.0571 9.5604
5.1806 -26.3112 9.7
4.5958 -28.6661 8.8629
3.4439 -29.2921 9.6361
8.0538 -24.2749 9.6686
7.7675 -27.118 10.7322
8.3508 -28.475 8.9634
4.5964 -24.485 10.0401
4.0204 -30.9429 8.9876
6.3261 -30.4247 8.918
7.4777 -26.1553 9.9202
8.3502 -25.1861 9.8189
9.5025 -27.4207 9.2991
9.7848 -27.0928 10.637
4.3112 -25.7543 9.9554
4.3112 -29.4433 9.1494
8.6311 -24.5225 9.2962
7.4775 -28.8815 8.8773
8.0532 -28.0915 9.5598
8.0598 -31.4141 8.1545
3.4545 -28.8416 10.0759
4.0205 -27.3898 10.0083
9.7879 -24.9393 9.4059
9.2146 -28.1741 9.2124
4.0315 -30.3827 9.2621
6.0443 -27.8823 9.7897
10.0702 -29.8191 8.5755
7.1936 -31.7551 8.1517
10.6551 -26.9982 11.0379
3.158 -28.1868 9.6489
6.3335 -29.9884 10.3222
3.158 -29.9761 9.4302
3.158 -27.5926 9.9052
3.4439 -26.4537 10.0701
5.174 -29.1491 10.4483
8.3432 -26.5791 9.9747
2.8773 -30.8313 9.2601
6.908 -29.9184 8.6593
10.0703 -26.3965 9.532
7.193 -25.0673 9.5495
8.631 -27.3101 10.3902
5.7571 -30.3103 8.9984
9.785 -29.1843 8.9723
4.0205 -28.5098 9.4807
9.2039 -24.4431 9.8085
6.9003 -24.5709 9.6304
5.4682 -29.5531 10.7519
10.0702 -27.473 9.3228
4.0205 -26.9203 9.6929
8.634 -28.9509 9.0693
3.7346 -25.9731 10.1315
8.9263 -30.8823 8.3886
10.3586 -27.9677 9.0671
9.7879 -24.1031 9.3675
10.6023 -27.3021 9.9759
3.7416 -31.6263 8.975
9.5029 -30.1969 8.4677
7.1935 -30.93 8.4437
6.0383 -29.5001 10.6565
2.665 -28.1788 10.7495
5.1807 -27.2946 9.8273
2.6883 -25.9863 10.0518
8.9264 -31.8755 8.3257
6.6128 -29.4586 8.0225
7.4775 -29.4146 8.9711
10.3753 -26.0413 9.2617
9.5023 -27.4527 9.9974
10.3584 -27.0199 9.3542
6.0441 -24.5988 9.5351
6.0383 -28.0626 10.303
4.3111 -24.942 10.2074
5.1809 -29.9346 10.1493
6.3261 -29.1266 10.298
10.6554 -29.6899 8.7544
5.4689 -31.4135 8.6246
10.0702 -28.2388 9.4669
2.6721 -27.3455 11.3496
5.4683 -28.6147 10.1425
8.053 -29.6039 8.9031
2.6649 -24.8127 10.2282
2.6652 -29.8293 9.5028
6.3334 -26.6955 10.051
10.6553 -28.912 9.128
6.3339 -30.8399 8.6035
9.2038 -26.5734 9.3921
8.9188 -29.8811 8.7647
7.7676 -27.3564 9.7147
7.7675 -27.525 10.4211
8.6338 -27.5413 9.4271
4.3111 -27.8643 10.5612
3.1581 -25.5062 10.024
8.9188 -27.0155 10.7681
10.6556 -31.4991 8.176
4.5954 -31.8342 8.5643
10.6555 -30.5522 8.506
8.3514 -31.8578 8.2708
6.0444 -29.9601 9.9259
3.4551 -31.845 8.5597
5.7566 -25.9729 9.6348
6.0447 -31.2214 8.5026
5.1811 -30.4071 9.4747
7.772 -30.9588 8.3618
7.1933 -28.4905 8.8428
6.9073 -26.2171 10.0036
6.0442 -25.0579 9.3352
9.2039 -24.6751 9.3812
3.735 -29.3748 9.2632
6.3261 -27.5399 10.2045
10.6024 -25.615 9.6254
3.4439 -28.0161 10.7643
8.0586 -26.4034 9.636
6.3261 -25.161 9.7757
8.3503 -25.562 9.5368
4.6053 -28.1232 10.3059
7.7678 -28.5158 8.8821
2.6881 -31.7991 8.9431
6.9083 -31.3882 8.1364
3.4439 -25.086 10.0238
8.6343 -31.1532 8.1562
6.6129 -28.3162 9.8995
9.2143 -26.9478 9.6595
8.343 -30.4059 8.5778
4.6048 -25.4113 10.0251
4.5961 -26.2871 9.7811
9.2038 -27.7538 9.3834
3.158 -29.5255 9.3754
5.4679 -25.3307 9.8661
9.2036 -31.6948 8.0182
7.1932 -27.7289 10.0323
2.8767 -27.727 9.5648
5.1804 -24.7883 9.8408
5.4682 -27.9545 10.2846
6.3262 -29.7775 7.9015
4.0206 -24.789 9.8379
4.0314 -29.0881 9.4666
7.4837 -26.5892 9.9988
3.7416 -26.1149 9.7141
4.8929 -28.4706 9.1269
9.7851 -31.6463 8.1148
10.0702 -30.9003 8.3744
2.688 -27.5209 10.9468
4.893 -29.6801 8.9825
5.7567 -27.1675 9.8791
10.0703 -25.8142 9.4774
8.6311 -24.963 9.5196
8.6337 -26.5981 9.4938
3.158 -29.0894 9.3666
6.6224 -28.9758 8.6804
7.1985 -24.4778 9.3268
8.3506 -27.8228 9.7416
8.6311 -26.8904 9.8505
4.5958 -28.4163 9.9849
5.4687 -30.7034 8.9911
8.9189 -28.4918 9.2199
3.1581 -26.7533 9.9446
2.8769 -28.9656 9.7402
4.3187 -28.6206 9.1899
9.5026 -28.4947 9.1896
4.8871 -28.4431 10.3677
8.9254 -24.7551 9.9058
5.4685 -30.1171 9.8833
6.0384 -26.8534 9.7851
6.6129 -29.6763 10.2432
6.9004 -28.3614 9.124
3.7416 -30.7922 9.272
6.0383 -30.3497 9.3293
9.5023 -26.584 9.6952
4.0313 -28.5789 10.119
6.044 -24.4294 9.9261
3.7347 -26.7414 9.9483
4.0312 -28.1625 10.4137
4.8927 -25.9866 9.8009
3.7415 -28.3865 9.7708
8.9256 -25.9509 9.7584
7.1993 -30.2223 8.6607
6.6128 -25.5165 9.5514
8.0532 -28.2654 9.1769
6.6224 -29.6457 8.8041
4.3111 -27.0891 9.9446
7.4845 -31.5967 7.89
6.622 -24.7153 9.3048
6.6128 -30.2161 8.6494
9.5022 -24.7408 9.7165
6.334 -31.4273 8.2318
8.351 -29.3344 8.7932
4.893 -30.2077 9.2535
8.0586 -27.2281 10.463
9.502 -26.842 10.806
9.5023 -25.7528 9.4582
5.7566 -25.35 9.3646
3.158 -31.3831 8.9434
9.5021 -27.1371 10.3424
7.4776 -27.0729 9.9332
9.503 -31.1345 8.35
4.3112 -28.7714 9.6027
10.3746 -26.9068 10.7603
5.174 -28.3383 10.102
6.6128 -24.4011 9.8592
6.6128 -24.8389 9.7257
4.0316 -31.3451 9.0213
10.596 -25.1539 9.576
9.4935 -24.3945 9.4703
3.4542 -24.6667 9.9769
6.9084 -31.6811 7.7936
7.1934 -29.6521 8.8017
2.8588 -26.9223 10.1519
10.3587 -27.9584 9.507
6.9074 -27.0619 9.7873
4.5955 -31.0741 8.9274
5.7484 -26.5604 9.9696
5.7568 -28.0341 9.3896
7.7722 -31.8524 8.3128
10.6551 -27.0722 9.0941
4.8869 -31.5412 8.6422
4.8929 -28.8126 9.6571
9.2141 -25.4245 9.7786
8.6343 -30.5435 8.3236
4.3191 -31.7558 8.8352
7.1929 -24.2939 9.7031
8.6337 -26.2993 9.7641
4.8872 -27.0444 9.9159
3.1581 -24.5737 9.7154
9.2037 -29.1676 9.0117
9.7879 -29.4845 8.7146
8.6311 -29.6315 8.8749
7.4835 -26.9576 10.9481
4.3112 -29.9919 9.3321
6.6224 -29.3456 8.5538
10.3748 -27.2834 10.293
3.1581 -26.1988 10.1453
6.0383 -30.6861 8.896
7.7718 -30.1379 8.6403
2.859 -27.8633 10.8902
6.3336 -30.5956 10.026
2.6883 -26.6037 9.8147
6.3335 -30.3642 10.4962
9.7849 -27.6466 9.7304
8.6335 -24.2428 9.5613
3.4439 -25.762 9.9918
4.3185 -27.7556 9.7653
8.9264 -31.4963 8.2079
4.3112 -26.5623 9.7167
5.7568 -28.3381 10.0612
9.5022 -25.6831 9.8351
10.0703 -25.2648 9.7079
4.8872 -26.5296 9.8333
6.9078 -28.8653 8.909
5.468 -25.5424 9.5485
8.0591 -28.7074 9.0441
7.1934 -29.1061 8.7478
6.9075 -27.9423 9.7569
10.6023 -27.2219 10.7283
4.887 -29.0401 8.6864
4.6058 -29.0545 9.1818
6.334 -31.8814 8.2303
2.6882 -28.2168 9.6434
7.4838 -27.5849 9.8366
6.622 -26.4481 9.9008
6.9074 -27.4839 9.9998
4.3112 -26.0167 9.6843
6.0384 -25.0043 9.9626
5.1808 -28.8068 10.2901
2.6649 -25.188 10.1526
5.748 -31.6961 8.6208
10.3754 -30.6945 8.3012
8.9189 -27.3847 10.1637
6.3261 -28.0794 9.9362
9.2037 -30.1097 8.6736
3.735 -29.0611 9.6943
2.6651 -27.5728 9.9698
10.3591 -30.327 8.5291
3.4548 -30.1381 9.2733
7.4778 -25.3023 9.5007
9.2036 -30.5303 8.3653
3.7415 -27.5152 9.7961
9.7851 -30.51 8.5106
9.7848 -26.7008 11.0155
7.7676 -26.3834 9.8749
6.622 -26.9449 9.9941
4.0204 -29.6795 9.1635
10.0702 -28.313 9.0981
4.8925 -24.6898 10.126
6.3261 -29.6478 10.4748
8.631 -26.8165 11.1316
5.7485 -24.7395 9.968
8.6311 -25.3422 9.6372
8.0533 -26.82 11.1308
4.3112 -28.3413 9.6666
4.0205 -27.4635 10.965
4.6047 -24.8423 9.9518
3.7344 -25.0175 9.8038
10.6556 -31.8429 8.3358
7.4843 -30.704 8.4379
7.7677 -28.2816 9.4301
4.0312 -26.0231 9.9222
7.4837 -24.2758 9.4337
8.6311 -30.186 8.674
9.2142 -26.3634 9.7254
9.7878 -25.9445 9.7161
4.5956 -30.3789 9.1335
9.2038 -27.3199 9.4821
10.3584 -26.6727 9.2507
9.215 -29.5308 8.7009
4.0206 -25.217 9.8948
3.158 -27.245 10.0082
7.1995 -31.2643 8.309
5.7567 -27.8785 10.0116
10.0703 -24.9091 9.631
4.3186 -28.7313 9.9623
9.5027 -28.9582 8.9763
4.8931 -30.8837 8.9936
9.4935 -27.0768 9.4086
9.4935 -25.2291 9.6506
3.7414 -28.163 10.6275
8.6337 -25.873 9.5649
6.6128 -31.652 8.254
6.3261 -30.0775 8.8145
8.0597 -31.0512 8.1686
10.0702 -31.8247 8.2749
8.0588 -27.6343 9.6529
6.3261 -28.19 9.3401
8.3432 -27.1745 10.6734
3.4439 -27.6811 9.6869
10.0702 -27.1476 9.1741
9.7878 -26.2643 9.3576
9.785 -30.0307 8.6137
6.9003 -25.2691 9.5746
9.2145 -28.0719 9.5538
9.7849 -28.0378 9.537
9.4935 -29.3683 8.8775
7.4839 -28.0672 9.4279
3.158 -31.0539 9.2856
3.158 -28.5443 9.5837
4.8872 -25.462 9.8094
9.7848 -26.3755 9.7479
9.4935 -27.9695 9.3164
4.8929 -29.1295 9.3765
8.0585 -26.1635 9.9048
8.0599 -31.7006 7.9456
10.0702 -30.1432 8.4317
7.7712 -27.8548 9.6001
8.053 -29.9656 8.8245
8.0534 -27.0527 9.8341
5.4679 -24.813 9.6329
9.4935 -31.4515 8.1518
4.6055 -28.6354 10.26
5.1739 -25.1407 9.8316
8.0529 -30.7227 8.5391
10.0702 -26.7398 9.4423
6.3334 -24.796 9.5185
9.2143 -27.6284 10.0921
8.0533 -27.1838 10.9315
6.9004 -31.0833 8.3225
2.8762 -25.6992 10.1167
6.3339 -29.1951 8.0977
8.631 -31.6455 8.3194
7.4777 -25.8094 9.8811
9.5019 -26.9352 11.154
4.0311 -24.6336 10.1489
6.6222 -28.3712 9.3336
5.7565 -25.4616 9.7237
10.3588 -28.574 9.1838
6.0383 -29.3081 10.3656
6.3334 -26.1149 9.854
9.7849 -27.67 9.315
4.3112 -30.5729 9.0942
7.1931 -26.8772 9.9052
7.7712 -27.8578 9.9785
7.1932 -28.1397 9.6863
4.596 -27.2852 10.8664
8.3514 -31.3166 7.9968
10.3754 -31.2405 8.3551
3.4547 -29.6874 9.4465
10.0703 -24.2079 9.5365
8.9255 -25.2339 9.7814
8.3432 -26.8137 9.6762
5.1814 -31.443 8.8222
10.359 -29.5169 8.6605
3.4439 -28.0463 9.7801
8.9255 -24.7709 9.56
10.3585 -26.7278 11.0656
10.6552 -28.086 9.3772
7.7715 -28.9156 9.0528
3.158 -30.3211 9.4264
7.7678 -29.2558 8.8782
7.7676 -24.4333 9.5458
6.0442 -27.7066 10.0867
5.4688 -31.1031 8.7712
8.6311 -28.3289 9.1279
7.4778 -24.876 9.5297
10.375 -27.6284 9.833
4.3112 -31.3257 8.8222
4.893 -30.5451 9.0913
4.0204 -31.5649 8.7587
4.3182 -25.4277 9.8387
10.0702 -27.7645 9.1435
10.3588 -28.8556 8.9667
4.8869 -31.245 8.8134
7.1933 -28.1815 9.282
9.7849 -27.2541 9.4032
5.4679 -24.996 9.9291
5.1806 -26.7041 9.8207
10.0702 -29.0159 9.0505
7.1935 -30.5358 8.4867
10.3753 -25.6941 9.3861
6.3335 -28.5382 10.0081
4.3181 -24.57 9.8668
5.468 -25.837 9.7477
3.4439 -28.3605 9.5986
9.788 -31.0677 8.1805
6.0443 -29.7523 10.2087
8.6338 -27.2112 9.4982
6.6128 -30.6547 8.5588
9.2036 -30.9266 8.2015
8.9257 -26.7872 9.5689
5.468 -26.2662 9.8691
7.7678 -29.7492 8.7996
6.0446 -30.2607 8.8292
8.9189 -27.8795 9.2586
7.4774 -30.4129 8.7093
9.7849 -27.4377 10.177
3.4544 -27.4038 9.9284
5.1808 -29.7089 10.6706
7.768 -31.5507 8.0631
2.687 -31.1021 9.3223
9.7878 -28.8338 9.1012
5.4683 -29.6878 10.4461
3.158 -27.8564 9.6986
7.1986 -26.3371 9.8934
8.0534 -26.6713 9.8372
10.596 -25.9389 9.5461
3.158 -30.6738 9.353
2.8772 -30.1481 9.3831
5.1807 -28.0244 9.9924
5.7568 -29.6755 10.6357
4.6059 -29.5983 9.1285
3.7416 -30.2676 9.3795
10.6553 -29.359 8.7827
7.1929 -24.7283 9.6259
10.0702 -26.9227 10.6292
4.5958 -28.6886 9.7515
4.0312 -25.5891 10.0207
5.7481 -31.2335 8.6491
3.7347 -27.0821 9.7297
5.7485 -24.3546 9.7993
3.7346 -26.289 10.0358
10.0702 -29.4349 8.8844
7.1986 -27.5991 10.3378
6.3335 -25.817 9.7111
10.3752 -28.2303 9.279
5.4683 -29.297 10.4328
4.6055 -28.2024 9.7172
10.3594 -31.6202 8.2596
9.7878 -26.5755 9.482
8.3507 -28.1252 9.187
5.4686 -30.2928 9.5864
6.9004 -30.7819 8.464
7.4837 -27.36 10.4009
4.0205 -27.76 9.903
5.1803 -24.4621 9.8771
3.7353 -31.2081 8.9753
7.1929 -24.0822 9.3366
6.0384 -25.9774 9.8024
10.3584 -26.5433 9.5862
2.877 -29.258 9.3758
10.0703 -26.1092 9.698
8.6311 -29.2561 8.9506
4.3112 -29.0688 9.0399
2.859 -29.5658 9.5053
8.6337 -25.5917 9.3472
6.0384 -25.2065 9.6286
10.3591 -29.9696 8.5944
4.319 -30.8985 9.1129
3.1581 -25.8666 10.1091
3.7349 -28.703 10.1727
10.0703 -25.5885 9.7707
8.3431 -28.8472 8.968
3.4439 -28.9313 9.7577
4.8871 -29.9342 10.0056
6.9003 -24.9382 9.6029
10.3752 -27.6749 9.2088
9.7849 -28.2545 9.2489
7.4845 -31.8973 8.1617
3.7345 -25.1065 10.1651
3.7349 -28.3871 10.2684
5.7481 -29.9859 10.0542
4.0204 -30.0023 9.1834
2.6653 -30.5873 9.2605
3.4438 -30.8675 9.1714
5.1813 -30.7902 8.8734
3.4439 -28.5214 10.1465
3.455 -31.6825 8.8381
8.6335 -24.7554 9.7649
8.9189 -27.4896 9.2884
6.6129 -29.2651 10.3397
9.7848 -27.0176 10.9628
2.8775 -31.5381 8.9497
3.4439 -25.3922 10.1185
8.0595 -30.2799 8.6574
7.4774 -31.0917 8.3714
5.7482 -28.7606 10.0887
9.214 -27.0626 10.6466
8.6311 -28.6354 9.016
6.0444 -29.999 9.5993
6.0441 -24.2695 9.6492
7.1986 -25.9446 9.7942
4.596 -27.1276 9.806
9.5031 -31.7968 8.0872
8.3515 -31.8288 7.9509
10.3585 -27.3222 9.2555
3.4543 -26.1079 10.0682
10.6023 -27.7731 9.0087
4.3111 -28.2071 10.222
8.3506 -27.9396 9.4461
10.358 -25.0068 9.7247
4.8928 -28.2825 9.4854
4.0315 -30.6991 9.188
5.7565 -24.4581 9.4994
8.926 -29.0139 8.9677
9.785 -28.5229 9.0503
7.4776 -28.5839 8.984
8.9264 -31.1752 8.2738
9.4935 -27.2068 10.6696
6.3261 -25.3879 9.5469
8.9188 -26.9262 11.0695
3.1581 -25.2005 9.9507
5.1806 -25.9564 9.666
8.6311 -27.6882 9.7806
9.788 -30.771 8.3301
5.7574 -31.8687 8.3592
3.1581 -26.4399 9.9409
8.9188 -27.3036 10.645
6.6129 -27.5569 10.0776
6.9003 -25.7617 9.681
2.8764 -26.3247 10.0596
7.1932 -27.8556 8.8837
5.7566 -26.2658 9.7481
3.735 -28.9582 9.9927
6.3335 -28.8499 10.154
2.6881 -28.3148 10.4557
6.0441 -24.727 9.8195
4.0206 -24.9712 10.0911
4.8927 -27.4231 9.8838
9.4935 -24.3325 9.7776
4.3111 -27.4978 9.9475
5.7481 -30.4137 9.4269
4.8927 -28.1196 10.4265
6.9073 -24.5869 9.3158
4.3112 -30.2565 9.1684
5.4682 -27.1405 9.7662
8.6336 -27.1368 10.7793
8.9189 -28.1938 9.3051
7.7721 -31.2093 8.1737
3.158 -31.8414 8.4724
6.6129 -28.0408 9.7545
6.6128 -30.9737 8.6135
6.0447 -29.6622 7.9584
6.3261 -27.7712 9.9623
8.3432 -27.514 9.7277
4.5958 -28.3719 10.4884
8.0533 -27.4889 10.299
6.0443 -28.1833 9.8549
2.8764 -27.2362 11.1407
4.0313 -27.9846 9.691
6.0383 -31.0281 8.7418
6.9072 -24.2384 9.6039
9.4935 -24.958 9.4923
6.3261 -29.8931 10.029
5.181 -30.1565 9.6628
8.3431 -29.6697 8.7751
7.7674 -26.865 11.0196
7.4836 -27.2248 10.6852
6.9005 -31.8327 8.1067
4.3112 -25.216 10.06
8.0598 -31.7656 8.2448
7.1991 -29.2889 8.9931
6.3261 -26.4 9.9723
5.1806 -26.9705 9.971
10.6551 -27.6032 9.9713
4.0315 -29.3062 9.2429
6.3339 -31.128 8.4806
8.343 -31.1347 8.2435
3.4439 -29.2724 9.3325
6.908 -30.2198 8.746
5.4684 -29.8413 10.1729
4.3188 -29.7549 9.1432
7.1991 -28.7793 8.9398
6.9004 -29.0919 8.6475
9.503 -30.4385 8.2848
3.7415 -24.5715 9.9646
6.0448 -31.8863 8.1404
4.8932 -31.844 8.6455
8.9189 -27.0883 9.6506
4.893 -28.6934 8.9115
8.6343 -30.865 8.2791
2.8774 -31.1276 9.089
10.3585 -27.126 10.553
10.5962 -28.1542 9.0698
8.0532 -27.9347 9.8893
5.7481 -30.6029 8.9048
6.3334 -24.5869 9.737
3.158 -28.8431 9.5414
4.0312 -26.6994 9.9118
5.4689 -31.7475 8.5187
6.6128 -25.2151 9.693
8.9256 -26.2472 9.8155
9.2036 -31.7462 8.3144
5.7483 -28.0868 10.2282
2.6869 -26.8908 9.908
6.0384 -26.6307 10.0006
7.7677 -28.3482 9.1309
8.3504 -26.3922 9.731
9.4935 -27.7555 9.9615
5.4687 -30.3865 9.0436
4.0205 -28.659 9.2208
9.7878 -24.8269 9.688
6.6129 -28.9816 10.2428
4.893 -29.9636 9.0795
9.2038 -28.4707 9.132
6.6224 -29.8595 8.5938
2.859 -27.6371 11.1619
9.214 -24.3163 9.5385
6.3335 -25.0949 9.4763
4.6059 -29.3149 9.0315
8.6311 -26.5916 9.8929
3.4439 -24.8492 10.215
2.8776 -31.8147 8.7031
8.6341 -29.865 8.6828
5.7483 -26.8712 9.8443
8.9254 -24.4464 9.9102
9.2039 -24.7377 9.7795
6.3261 -29.3532 10.5038
9.7851 -31.386 8.2652
10.3755 -31.376 8.0922
9.4935 -25.9829 9.8777
2.8767 -27.9929 9.6936
10.6023 -26.8535 9.3444
6.3262 -29.4881 7.9601
4.8928 -28.4304 10.0733
4.3181 -24.8701 9.889
6.9079 -29.6366 8.8763
4.3184 -26.1596 9.4269
6.9078 -28.56 8.8572
3.4439 -25.9941 9.7926
8.9189 -28.7149 9.0258
7.4844 -31.5069 8.1699
8.9255 -25.5379 9.7688
7.1993 -29.9277 8.6896
9.2037 -29.8216 8.7966
3.455 -31.4122 8.9506
6.9075 -27.7883 10.0087
2.8764 -26.6466 10.0366
4.3112 -28.79 8.9511
6.0384 -27.1061 9.9323
9.7851 -31.846 8.3361
10.0703 -24.3717 9.7786
5.1809 -29.7576 10.3818
4.8927 -26.2615 9.6965
9.4935 -26.8678 9.6271
2.8761 -24.9817 10.1183
2.8767 -27.742 9.8603
2.665 -25.4535 10.0318
10.6551 -27.2138 10.2507
7.4846 -31.8387 7.7285
7.4838 -26.7982 9.7803
7.1933 -28.4281 9.1287
2.8585 -24.6067 10.164
7.1996 -31.4691 8.1039
7.4776 -27.2776 9.728
9.5026 -28.2078 9.1488
4.3112 -26.8492 9.7574
6.0441 -24.8856 9.5759
3.7417 -31.8277 8.598
6.0444 -28.0016 9.395
5.7568 -29.2813 10.4506
4.8871 -29.8582 10.2885
9.2143 -26.6485 9.6802
10.6023 -29.1156 8.9284
8.3503 -25.0207 9.4908
9.7848 -25.1732 9.5735
7.4842 -29.6394 8.7918
9.5025 -27.6961 9.2162
8.0587 -27.4248 9.8499
7.7676 -27.6395 9.7902
8.6311 -27.8147 9.5228
3.7345 -25.6867 10.1123
9.788 -29.7453 8.5857
10.6553 -28.6336 9.0607
5.4683 -28.8802 10.2498
4.6047 -25.1206 10.0192
6.6222 -28.2904 9.6083
8.631 -30.466 8.5991
5.1805 -25.4117 9.6764
3.4546 -29.0299 9.4894
9.5028 -29.9262 8.5588
7.1931 -26.6066 9.9963
4.3112 -26.2869 9.7997
6.3339 -30.5504 8.662
6.6128 -31.3651 8.2134
4.0312 -28.4524 10.3767
3.4543 -26.7377 9.9979
7.1988 -27.8651 9.7824
8.6335 -24.5293 9.5805
8.9188 -30.5959 8.406
8.3509 -29.1295 8.9983
3.4439 -25.505 9.8579
4.8927 -25.7211 9.6935
2.8772 -30.5124 9.4334
9.4935 -31.1638 8.0683
5.1741 -31.5722 8.5701
10.0702 -31.5899 8.1172
6.6128 -24.6041 9.5681
8.9188 -30.0491 8.5373
4.887 -30.3243 9.5411
7.4776 -26.6716 10.7516
9.7849 -27.6659 10.0125
6.6129 -27.1797 9.8394
3.7352 -30.5048 9.2295
4.3112 -31.8199 8.5584
2.8766 -27.3905 9.998
3.7346 -26.4848 9.8358
6.0383 -31.4881 8.5847
4.3186 -28.5214 9.4535
2.6882 -28.8824 9.5522
10.3593 -30.9644 8.3888
3.7416 -31.0727 9.2187
5.7573 -31.4579 8.477
7.7675 -27.2539 10.4908
5.7483 -27.8538 10.3845
9.7848 -25.6962 9.8362
7.4841 -29.1391 8.9829
6.9003 -26.0349 9.7187
10.6554 -30.2807 8.5542
3.7414 -27.9013 10.7135
6.0383 -28.2678 10.1193
10.3583 -26.0927 9.5316
6.622 -26.1711 9.8979
4.319 -31.1743 9.0514
4.3111 -28.6796 10.2315
5.1739 -24.6645 10.0851
4.5955 -31.5772 8.6584
6.0383 -29.71 10.4809
3.735 -29.165 9.4388
9.788 -30.2464 8.4376
9.2039 -27.3989 10.2403
5.4681 -26.5715 9.921
2.8768 -28.3991 9.5677
6.3335 -26.8777 9.8481
8.0588 -27.2435 9.6396
6.6129 -26.671 10.0573
5.4686 -30.4335 9.3532
5.181 -30.0937 9.9271
2.8586 -25.2998 10.3068
7.7676 -27.1046 9.8384
9.4935 -30.4743 8.5535
7.7678 -29.5299 8.9588
10.6554 -29.9092 8.5951
10.6022 -30.8038 8.203
4.5963 -24.7061 10.1948
3.7415 -25.8956 9.8733
9.2151 -30.3731 8.584
5.7568 -28.5019 9.8471
8.9257 -26.411 9.6015
8.0531 -29.347 8.9973
4.8872 -26.7968 9.7983
2.6649 -25.9132 10.3094
10.0703 -26.122 9.4299
10.0702 -30.6481 8.4767
10.3579 -24.4795 9.4754
4.0315 -29.8222 9.3902
6.3261 -24.8839 9.7729
6.0446 -30.0033 8.9017
10.0702 -28.0557 9.1708
5.4683 -28.4159 9.964
5.1808 -28.608 10.1116
2.665 -27.1047 10.1751
9.2152 -30.7878 8.4315
2.6652 -30.0893 9.559
2.6883 -26.2074 10.2065
5.4679 -24.7318 9.8861
6.0383 -30.2686 9.5825
4.606 -30.1507 9.2766
6.6225 -29.3131 8.2902
9.2144 -27.0697 9.3937
6.6129 -29.8725 10.0646
3.7416 -29.5964 9.4196
4.5962 -26.0314 9.7116
8.9261 -29.6339 8.8595
9.7848 -25.7299 9.48
8.343 -31.5801 8.0404
9.4935 -28.6946 9.017
4.3188 -29.1854 9.2765
8.0533 -27.3338 10.7145
7.7719 -30.6959 8.3833
5.7566 -25.7096 9.6349
4.3112 -26.0176 9.9553
6.3336 -29.7003 10.217
4.0205 -27.1602 9.8802
5.7481 -30.1312 9.8291
8.9189 -27.3396 9.5054
9.4935 -24.6668 9.465
4.6051 -26.526 9.6749
5.7483 -28.1213 9.915
10.0702 -26.6129 9.6785
10.6022 -31.2446 8.2199
9.2149 -29.2734 8.7735
8.9258 -27.6975 9.4452
5.1807 -28.162 10.2931
3.4545 -27.9366 9.5448
4.0313 -28.847 10.1271
10.6023 -27.1169 9.3443
8.6311 -25.9768 9.8028
8.6342 -30.2686 8.428
2.6653 -30.8037 9.4071
7.4842 -30.1546 8.6682
3.4439 -26.2818 9.8761
6.334 -31.7993 7.9845
4.0203 -31.8159 8.82
3.7349 -28.1231 9.7908
8.0597 -30.8314 8.3063
4.3181 -24.6978 10.1297
3.158 -27.0068 9.9068
10.3753 -28.3346 9.045
2.665 -28.0194 10.9502
4.6058 -28.9006 8.9774
4.0205 -25.8297 10.1057
9.7875 -26.8595 10.7408
7.7677 -28.1084 9.6279
8.0538 -24.5185 9.593
9.2039 -25.6013 9.5955
6.9073 -25.088 9.3957
5.1808 -29.4549 10.6869
4.8871 -28.6181 9.8211
10.3584 -26.7908 9.4757
9.7848 -26.1681 9.5961
9.2039 -26.9669 10.881
8.0585 -27.0785 10.7015
3.1581 -25.7383 9.5967
10.6022 -30.5144 8.2616
8.0586 -26.4175 9.8885
2.8771 -29.7937 9.3705
9.7878 -27.4332 9.2257
10.3748 -27.0251 10.3226
6.9003 -26.4518 9.9014
8.3512 -30.5521 8.3728
7.1931 -27.4698 10.019
9.5024 -25.9871 9.3664
6.0447 -30.7887 8.6655
4.8926 -24.8446 9.9172
6.6128 -30.4581 8.7159
4.0314 -28.8504 9.3866
2.8769 -29.0237 9.4676
6.622 -25.7132 9.7061
4.3183 -25.9104 9.4514
9.2036 -31.4935 8.1671
6.3261 -24.4423 9.9411
3.7416 -25.2671 9.7801
5.4681 -26.0811 9.6936
5.1812 -30.6213 9.0577
5.4679 -25.1234 9.7143
6.3261 -28.3235 9.8821
8.6335 -26.9213 10.9037
10.0702 -29.6037 8.7
8.6337 -26.9958 9.6226
2.6725 -26.7579 10.125
9.2141 -24.8525 9.5549
6.3261 -31.6571 8.3364
2.6652 -29.0936 9.7214
2.665 -25.0298 9.9616
7.1987 -27.093 9.772
6.6129 -29.6632 10.4898
6.0384 -25.4314 9.7485
8.0532 -28.462 9.0198
7.193 -26.1068 9.9809
4.0312 -26.2103 9.7489
8.059 -28.0588 9.31
8.3507 -28.3706 9.1974
9.4935 -28.1098 9.5178
4.8926 -25.291 9.9853
6.3336 -30.4964 10.2896
6.6129 -30.2916 10.3547
5.1739 -25.3651 9.93
10.3752 -25.456 9.5128
7.4776 -27.7954 9.961
2.8587 -27.0475 9.8298
8.3432 -26.8232 9.9205
10.3594 -31.849 8.3447
6.0383 -27.8129 10.3061
8.0589 -27.8498 9.5285
2.6882 -27.7867 9.7072
8.6311 -25.5821 9.5963
3.4547 -29.9273 9.4058
6.6223 -28.4529 9.1018
9.4935 -30.9 8.275
8.9188 -31.7301 8.1309
6.6219 -24.8867 9.4773
9.2038 -27.5028 9.322
2.6721 -27.7563 11.0038
8.6344 -31.8877 8.3294
7.4776 -28.3075 9.4588
2.8769 -28.7454 9.6284
6.3261 -31.3737 8.4675
2.6651 -28.7721 9.7659
5.4682 -28.1799 10.198
4.8931 -31.4677 8.9062
10.6022 -31.7286 8.125
3.158 -31.1723 9.076
3.4439 -28.176 10.585
7.4839 -27.7448 9.6574
6.9004 -28.4162 9.3639
5.4688 -30.9432 8.9504
8.6344 -31.3409 8.0044
7.4837 -26.3912 9.8632
9.5023 -26.386 9.5597
7.1984 -24.4961 9.566
8.343 -30.1853 8.6727
9.4935 -27.3336 10.2053
6.9083 -31.6042 8.0335
7.771 -26.6252 9.8757
10.3752 -25.8476 9.569
6.6225 -29.1597 8.1073
8.0596 -30.4817 8.53
3.7416 -24.7733 9.8372
3.4542 -25.9061 10.1955
6.3338 -30.2926 8.7131
10.0702 -27.116 9.4095
7.1997 -31.8197 7.9233
5.7485 -24.4992 9.9874
10.0702 -28.5333 9.2098
10.0702 -30.3715 8.4953
10.3579 -24.2494 9.3259
5.7569 -28.1572 9.1881
10.0702 -31.1363 8.3684
10.0702 -29.1989 8.8904
6.6128 -24.6371 9.8532
9.7879 -28.9569 8.8998
6.3261 -29.9688 8.6057
7.7713 -28.0938 9.2883
4.3184 -27.2982 9.8231
8.3503 -25.3926 9.6997
2.6649 -24.5411 10.0483
3.7348 -28.1716 10.3929
10.359 -29.7491 8.6893
6.3261 -25.6201 9.5757
6.6129 -28.5184 10.0216
10.3755 -31.6018 8.027
10.6023 -27.966 9.5707
9.2038 -27.9415 9.2315
8.053 -29.7501 8.7209
4.8873 -24.4766 10.0313
2.6719 -29.6313 9.6276
2.6881 -31.5973 9.0705
5.4683 -29.0691 10.3906
6.9005 -31.91 7.8882
6.9004 -28.179 9.7616
7.768 -31.6785 7.8698
9.4935 -27.3345 10.4763
8.6337 -26.7157 9.6974
3.7416 -31.805 8.8283
2.8774 -31.3063 8.9423
2.8763 -26.0989 10.1248
4.893 -29.4638 9.064
4.606 -29.8134 9.2107
5.4682 -27.9909 10.0573
2.6883 -26.2343 9.9629
3.158 -29.7448 9.4443
3.158 -30.1723 9.2517
3.4542 -25.0763 9.7948
8.6311 -25.1699 9.4218
6.9075 -27.2894 9.808
5.1741 -31.2217 8.7509
4.6052 -27.3079 9.9511
4.8931 -31.1111 9.0143
7.7678 -28.7432 8.9028
6.9004 -26.9255 9.9753
8.9188 -27.3993 10.4377
4.8871 -28.6453 10.2617
5.4685 -30.0718 9.6597
10.3589 -29.0793 9.0221
2.672 -27.5618 11.2682
6.0383 -30.4599 8.9397
7.1932 -28.2675 9.493
9.7874 -26.895 11.1548
9.2143 -27.761 9.907
10.3585 -26.9441 10.984
8.6341 -29.4221 8.7864
4.0316 -31.1335 9.111
8.6311 -24.9857 9.7454
3.4547 -29.5032 9.314
6.0441 -24.1746 9.4433
4.6057 -28.5526 9.0589
5.1813 -30.921 9.0585
6.9073 -24.7447 9.4854
4.0206 -24.5739 9.7558
10.3754 -30.1204 8.4264
6.9004 -28.7572 8.7106
4.3191 -31.5407 8.753
8.631 -30.722 8.462
6.0384 -25.7836 9.6536
7.4778 -25.0778 9.6303
7.4776 -28.1476 9.638
10.3754 -30.4778 8.3612
9.2153 -31.1346 8.2857
6.0443 -29.0914 10.308
10.6555 -30.7775 8.4192
8.9188 -30.9815 8.1615
9.4935 -24.1726 9.5007
10.0702 -31.893 8.0616
10.0702 -26.9608 10.9439
8.6336 -27.2925 10.6134
5.7485 -25.2491 9.7931
8.3501 -26.8331 11.138
5.7568 -29.4527 10.6231
7.7678 -29.972 8.8121
9.7848 -25.5195 9.406
7.4774 -30.8813 8.2974
4.0205 -27.5496 9.829
3.158 -29.304 9.4273
4.8927 -26.0413 9.5847
4.319 -30.999 8.9137
4.0315 -30.1707 9.3302
7.4776 -27.5762 10.3484
2.8589 -29.2088 9.592
6.9073 -25.5425 9.6438
4.6057 -28.8351 9.5691
6.9079 -29.1052 8.8682
10.6551 -27.2741 9.1947
4.0312 -25.0128 9.8105
6.6223 -28.7684 8.7567
9.788 -30.4161 8.2961
3.4544 -27.6668 9.9069
4.3184 -27.0737 9.7246
8.0584 -26.9656 10.9622
8.9265 -31.4241 7.9999
8.0532 -28.8681 8.8938
7.4773 -31.8415 7.949
10.3749 -27.4539 9.9664
2.859 -27.4345 11.2464
7.4779 -24.3425 9.6425
6.0383 -27.5897 10.2721
2.8765 -27.1639 10.0203
4.3112 -25.5563 10.048
8.9255 -24.906 9.7318
7.1935 -30.7509 8.5689
2.6882 -29.4387 9.4374
6.9074 -26.8392 9.7747
6.0445 -30.1226 9.4193
9.5023 -27.5763 9.8174
4.3112 -28.8949 9.4228
5.7481 -30.8261 8.9387
8.3505 -27.6577 9.8911
3.7415 -27.0231 9.9391
3.4439 -29.1455 9.7969
3.7351 -30.0658 9.2985
2.6869 -25.7121 10.2303
9.7879 -29.6859 8.7938
10.0702 -30.9597 8.1663
9.5024 -26.616 9.4812
10.6551 -27.0302 10.8239
9.215 -29.9011 8.5958
4.6065 -31.7618 8.7702
6.9072 -24.1303 9.4165
6.0384 -24.4771 9.7132
5.1739 -26.4891 9.8236
4.5955 -30.8663 8.9823
3.4439 -30.7162 9.324
8.3508 -28.6588 9.0745
6.0441 -24.3884 9.4611
4.3111 -28.1157 10.416
4.0205 -27.5917 10.7931
9.2151 -30.1756 8.47
10.6023 -27.9437 9.1382
9.5025 -27.2061 9.2384
9.5027 -29.1715 8.9727
9.5023 -25.8114 9.6633
8.3432 -27.3656 9.5745
8.0532 -28.2475 9.4153
6.334 -31.6296 8.1259
7.4837 -25.9945 9.7773
10.6551 -27.1694 10.5261
4.0315 -29.5208 9.3036
8.9256 -25.8158 9.5866
3.7346 -26.1009 9.9382
2.6652 -30.1671 9.362
8.3431 -29.4958 8.93
10.5961 -27.5986 9.6624
7.1992 -29.5061 8.9546
3.7416 -31.4168 8.9439
10.5963 -28.8058 8.954
2.6883 -26.4707 9.9784
8.6311 -26.1097 9.6391
2.859 -29.9651 9.4919
2.6652 -30.5553 9.4745
8.631 -31.3573 8.2144
8.6311 -30.0243 8.5393
2.8588 -28.1951 9.7646
10.596 -26.1005 9.6808
9.5019 -27.0036 10.9407
6.6224 -30.0211 8.7285
6.0442 -25.379 9.4973
6.3261 -31.033 8.6861
10.0703 -25.6115 9.5619
9.788 -30.9762 8.3746
3.1581 -26.2347 9.8965
3.7415 -27.7204 9.8405
5.7485 -24.8036 9.7681
5.7566 -25.5257 9.5238
9.5022 -24.5317 9.7069
8.0533 -27.43 10.5286
7.4774 -30.509 8.5234
9.5023 -25.5592 9.5374
5.7482 -28.5468 10.0711
7.771 -27.3226 10.6894
9.7878 -24.5622 9.6236
7.4776 -27.4224 10.6002
5.1739 -24.9616 9.9568
5.1806 -27.9966 10.4212
9.2155 -31.4733 7.9599
2.6724 -27.4017 9.8509
4.893 -28.8824 8.8241
2.8769 -28.588 9.4803
6.0443 -28.3209 9.6993
7.1997 -31.6068 7.9484
5.7481 -31.0296 8.8972
3.158 -31.5883 8.9878
3.4548 -30.2997 9.4081
4.3112 -24.4986 10.0617
3.158 -30.8487 9.2412
4.887 -30.3378 9.0879
6.3261 -30.726 8.7765
3.158 -26.5926 10.0809
6.622 -26.7517 9.8668
8.9189 -28.3126 9.117
8.3502 -26.994 10.7737
6.6128 -28.964 8.0369
9.5028 -29.5397 8.7602
8.0595 -30.0708 8.6478
7.7711 -27.4611 9.8926
7.7722 -31.8301 8.1084
3.7345 -25.23 9.9851
6.0448 -31.401 8.3989
10.3593 -31.0837 8.2221
8.0599 -31.4966 7.9657
7.7711 -27.6539 9.9985
3.7347 -26.8606 9.7817
5.174 -27.0881 9.8034
7.1985 -24.8758 9.4772
4.5955 -31.2729 8.8777
2.8588 -27.5384 9.8505
6.9077 -28.2001 9.2496
7.1935 -30.4349 8.6645
5.4683 -29.4094 10.6068
6.9004 -31.2966 8.3187
2.6651 -28.4163 9.689
4.0204 -28.6626 10.3049
2.8775 -31.7369 8.9001
2.6653 -31.1568 9.1271
8.6311 -27.4025 9.5763
4.887 -30.3931 9.3493
6.6226 -31.0413 8.4219
9.785 -29.2988 8.7975
7.7679 -30.3371 8.6773
6.6226 -31.863 8.1864
2.859 -27.6649 10.9613
8.9188 -29.2224 8.9715
10.596 -25.209 9.3812
7.4837 -24.472 9.4833
9.2148 -28.9642 8.9845
7.1991 -28.9922 8.9146
5.7571 -30.218 9.3775
10.3749 -27.2205 10.1012
5.1807 -28.319 10.4197
6.3261 -29.5101 10.6304
4.3182 -25.2237 9.8587
6.3261 -27.9225 9.8097
9.2141 -25.2325 9.7156
8.0587 -26.913 9.6892
7.4842 -29.2631 8.8244
10.3588 -28.7732 9.1556
2.8763 -25.8984 10.0886
3.4542 -24.7907 9.8185
8.9257 -27.4674 9.9799
7.4837 -24.6768 9.5063
7.4835 -26.7575 10.9333
9.214 -24.5775 9.6592
5.4684 -29.9931 10.0418
8.6339 -28.5264 9.1841
3.735 -29.601 9.2194
3.7415 -26.2851 9.8222
9.7849 -26.5649 9.6819
6.0384 -24.9324 9.776
7.1929 -24.2079 9.492
10.0702 -26.8171 10.7988
5.4688 -31.3079 8.7941
8.3504 -26.6385 9.7843
5.7484 -26.0533 9.8172
6.6128 -25.3018 9.4908
9.2037 -29.637 8.8708
6.0383 -30.0955 9.7803
5.1806 -26.141 9.5919
6.3261 -24.5974 9.5256
6.9074 -26.6122 9.7755
7.7709 -27.0318 10.9116
9.7877 -27.4708 9.9751
8.0533 -27.8179 9.7287
9.7878 -26.7649 9.4161
5.748 -31.452 8.6749
4.0312 -25.8751 9.7904
8.6339 -28.2429 9.3152
9.502 -27.0032 10.6912
4.3111 -27.7357 10.7116
7.4836 -27.0448 10.7674
6.3261 -27.7344 10.1681
6.0384 -25.133 9.8123
10.3585 -27.4833 9.1407
4.0312 -25.3933 9.9926
8.3432 -27.248 10.4898
7.1933 -28.5893 9.0138
3.4439 -25.2425 9.9009
5.7565 -24.2923 9.6061
9.788 -31.8706 8.1405
7.1987 -27.6082 9.8765
4.8872 -25.7361 9.8899
2.8591 -31.0275 9.2586
10.0702 -28.8359 9.1327
6.9003 -24.4004 9.7289
5.4682 -27.3193 9.8477
7.7721 -31.3564 8.0344
6.0442 -26.1601 9.7306
8.3432 -26.9924 9.7575
5.174 -29.0011 10.3165
7.4841 -28.3815 9.0184
6.6225 -30.8335 8.4767
3.7415 -24.9717 9.9942
3.158 -30.4823 9.3116
3.4438 -31.6046 9.0172
4.8929 -29.1483 9.181
7.1995 -31.0689 8.3023
4.0204 -30.9104 9.1802
6.6129 -26.9967 9.7713
4.3112 -29.2603 9.0813
9.4935 -31.6388 8.2066
6.0384 -26.9026 9.9739
3.4546 -28.5553 9.6004
4.6048 -25.2724 9.8881
8.0534 -26.8628 9.8786
7.7678 -29.066 8.9227
9.5024 -27.7097 9.6753
3.4543 -27.939 10.586
9.2037 -29.4373 8.8775
8.0528 -31.2266 8.085
4.3189 -29.9682 9.1395
6.6128 -25.0094 9.6272
6.6128 -25.9775 9.8933
2.6882 -28.1112 9.813
3.158 -28.6776 9.4415
2.859 -30.3234 9.4697
4.6062 -30.5646 9.0812
5.4683 -29.7143 10.6372
2.6869 -24.9981 10.1756
5.468 -25.4689 9.7321
10.3587 -28.1435 9.4543
2.8591 -31.4149 9.1001
8.6311 -25.4204 9.4616
10.6023 -26.8629 11.1638
6.3261 -28.636 9.8428
8.9257 -26.6021 9.6215
4.5958 -28.4501 10.3129
4.8872 -27.2355 9.9358
9.4935 -28.188 9.3423
6.9004 -30.973 8.4839
2.8765 -26.8407 9.9789
2.8591 -30.7035 9.4023
10.3594 -31.4163 8.2797
6.9004 -28.6948 8.9965
10.3752 -27.866 9.2288
8.6339 -27.726 9.353
2.6884 -24.8054 10.0386
8.3432 -26.2122 9.7957
2.6882 -29.6294 9.4359
4.0205 -26.4077 9.7175
7.193 -25.2101 9.4236
8.9256 -25.3767 9.6555
6.908 -30.0988 8.5986
2.6869 -25.3756 10.2074
2.6869 -27.7489 9.9012
6.0383 -29.916 10.1121
4.0313 -26.9667 9.877
7.7676 -27.8891 9.7871
7.1931 -27.0645 9.9599
3.158 -28.3737 9.6822
5.1739 -25.8581 9.8298
6.6226 -31.5389 8.102
10.5963 -29.53 8.8397
4.6058 -29.022 9.3743
4.8927 -28.3026 10.4947
4.6051 -27.4327 10.7479
8.9255 -25.0907 9.6577
8.3506 -27.6796 9.6179
9.503 -31.2773 8.2242
6.9003 -25.1216 9.6924
8.6338 -27.6401 9.5981
8.3431 -29.3201 8.9989
6.6128 -30.798 8.6824
9.7849 -27.0638 9.4263
10.0702 -28.2259 9.2788
6.3335 -30.2078 10.391
10.596 -25.7563 9.4995
3.4439 -27.8637 9.7335
4.3191 -31.4898 8.9344
2.6724 -27.3509 10.0323
10.6023 -28.6133 9.2403
10.0703 -25.7741 9.7395
4.8927 -28.3107 10.2185
9.7878 -25.9817 9.5317
8.6337 -26.4848 9.733
2.859 -29.7483 9.5519
2.6654 -31.6241 8.8789
8.9189 -28.8983 9.1153
6.0442 -27.8588 9.9771
3.158 -27.3972 9.8986
2.6721 -27.8666 10.8423
4.6048 -25.5777 9.94
5.7568 -29.6853 10.4454
9.785 -28.3374 9.0815
4.605 -27.1 10.9182
5.7569 -29.8294 10.1558
4.8931 -30.7315 9.1032
5.4689 -31.5999 8.6364
9.4935 -30.0989 8.6292
3.4544 -27.5052 9.7721
5.7567 -27.7772 10.1678
3.7416 -30.8935 9.1158
8.343 -31.3151 8.1827
4.0312 -25.7554 9.9356
6.0442 -26.4945 9.8742
2.8589 -29.3798 9.5149
4.0316 -31.5114 8.9362
7.7711 -27.1751 9.6668
4.0204 -29.1143 9.2836
6.3261 -30.0174 9.8919
4.8871 -29.6774 10.3278
7.7679 -30.7163 8.5668
2.6724 -26.9387 10.0857
5.7566 -26.7472 9.9806
10.6023 -28.2614 9.3566
6.9004 -29.8081 8.8094
6.0442 -27.0597 9.7542
9.788 -30.051 8.4309
6.3334 -25.0256 9.6466
3.4439 -27.834 10.7391
9.7848 -25.7654 9.6659
4.5957 -29.2361 9.2071
8.343 -29.8608 8.795
10.0702 -27.9304 9.0368
3.7416 -29.2279 9.6107
10.3584 -26.5578 9.404
3.7349 -28.5379 10.0943
2.8764 -26.4897 10.1381
9.2038 -27.1083 9.5718
6.3335 -27.0384 9.94
9.7879 -27.7816 9.1657
7.1985 -25.8155 9.923
9.2036 -31.3135 8.2494
8.9188 -27.1976 10.7932
9.7879 -28.1391 9.1005
7.4775 -28.6899 8.8359
3.4439 -25.9432 9.974
3.1581 -25.6887 10.0706
8.0532 -27.8381 10.0538
10.0702 -27.2951 9.2843
3.158 -29.0338 9.5399
4.319 -30.7275 9.1899
4.0205 -28.7145 9.0475
6.9004 -27.6413 10.1157
3.4545 -28.2171 9.7196
7.4838 -27.2548 9.9077
3.158 -28.0299 9.7504
5.7484 -25.3448 9.5857
9.7878 -28.6581 9.1701
6.0443 -28.3487 9.9548
10.3753 -29.3547 8.7383
8.9188 -31.3175 8.1629
6.0384 -25.2115 9.4301
6.9078 -28.5182 9.0334
7.7713 -28.0383 9.4616
6.6227 -31.7245 8.0709
9.2143 -26.7824 9.5595
8.631 -31.5287 8.1587
8.0586 -26.2696 9.7567
3.4544 -27.2388 9.8498
7.4838 -26.1659 9.7218
6.6221 -27.6888 9.9556
6.6222 -28.219 9.4432
8.9189 -26.9121 9.6981
5.7565 -24.5317 9.7719
5.7565 -25.0832 9.877
4.6055 -28.555 10.1
6.3336 -30.416 10.1297
6.0442 -25.0571 9.5203
6.9082 -31.1937 8.1727
10.3752 -28.1409 9.1243
2.6882 -29.1458 9.5522
4.6052 -26.9544 9.7534
5.4687 -30.5251 8.9311
10.0702 -29.9957 8.5495
8.3513 -30.954 8.2603
9.7851 -31.2094 8.2911
6.9073 -26.5361 10.0584
6.9004 -30.3446 8.6189
10.5961 -27.4978 9.8402
6.6224 -29.4683 8.787
9.4935 -26.7789 11.0689
10.375 -27.7023 9.6709
6.9004 -27.9555 9.9342
9.2153 -30.9593 8.376
8.6335 -24.501 9.7597
6.0447 -31.0547 8.5662
4.0205 -26.7441 9.7404
8.9259 -28.0468 9.2001
5.4681 -26.4095 9.7647
4.0204 -28.6719 9.4089
4.5959 -28.2529 9.5362
8.3506 -27.966 9.6372
9.7849 -26.7402 9.5915
2.6881 -30.9295 9.2824
7.1993 -30.0838 8.7733
5.468 -25.6809 9.664
4.6057 -28.503 9.3047
5.4679 -24.9426 9.7536
7.7677 -28.5102 9.0591
9.2143 -26.4557 9.5743
8.0532 -27.9992 9.7109
3.4546 -28.8563 9.4376
6.0442 -27.5296 10.0911
9.5024 -26.23 9.476
9.7849 -28.0416 9.2741
10.6554 -30.099 8.5506
10.6023 -29.7355 8.592
4.8932 -31.696 8.7418
9.5026 -28.3652 9.0689
6.9003 -24.7903 9.6992
5.4684 -29.8357 10.3499
4.3185 -27.5791 9.7912
10.0703 -25.9566 9.7861
8.9262 -30.197 8.6322
4.8929 -28.3428 9.3202
10.3585 -27.149 9.2252
5.1739 -24.4913 10.0548
8.3508 -28.9769 9.0864
6.9076 -28.0889 9.5962
6.9081 -30.6148 8.5179
4.5961 -26.3473 9.616
6.3261 -25.2212 9.6106
4.3189 -30.4372 9.2054
9.7848 -27.1099 10.8117
4.0205 -26.5637 9.8011
5.1741 -31.3832 8.6576
6.0442 -29.4266 10.4946
6.0384 -26.6815 9.8192
5.4681 -27.0161 9.9032
10.3585 -27.0595 10.8522
9.788 -30.8864 8.1983
5.1805 -25.5835 9.6423
3.4439 -26.2819 10.1042
2.6654 -31.8126 8.77
9.2039 -24.7185 9.9535
8.3431 -28.0923 9.3609
4.3181 -25.0416 10.0616
3.4545 -28.6937 10.1721
5.7572 -31.0769 8.7295
6.3335 -28.7071 10.0518
6.6224 -29.299 8.7219
7.1936 -31.2916 8.137
6.0448 -31.8533 8.3115
5.174 -30.2334 9.5066
10.0703 -25.9788 9.5344
9.5025 -27.5853 9.3561
3.4438 -31.0321 9.2284
4.0204 -29.4243 9.1154
9.5026 -28.8427 9.1081
5.1739 -26.1065 9.7623
10.5965 -31.3858 8.3213
8.6311 -29.0744 8.9469
4.3182 -25.3858 10.0149
6.9079 -29.4699 8.94
8.631 -31.0366 8.3019
2.6883 -26.6434 9.9873
4.893 -30.1363 9.0884
2.6882 -27.9594 9.716
10.0702 -27.642 9.8226
10.0702 -31.4929 8.2602
3.158 -27.7593 9.8415
3.1581 -25.0282 9.9634
8.9258 -27.5252 9.4578
10.3751 -26.1046 9.703
10.0702 -27.6444 9.2672
10.3594 -31.7403 8.1359
2.6883 -26.3506 10.1021
4.0313 -27.3745 9.837
4.3111 -28.3188 10.353
3.7415 -28.782 10.0202
6.9075 -27.7849 9.8369
2.859 -27.4311 11.0746
4.3112 -25.6072 9.8666
6.3261 -24.91 9.9424
6.0444 -28.1495 9.2987
9.214 -27.2396 10.6422
4.3188 -29.5975 9.2232
2.6719 -29.9815 9.4254
4.5958 -28.9374 9.7055
6.9004 -31.5484 8.1949
4.6063 -31.2085 9.0353
5.7485 -24.9062 9.9043
7.7709 -27.2217 10.8672
4.0317 -31.7196 8.6748
9.4935 -30.3118 8.604
9.4935 -27.0303 9.5767
8.0596 -30.6065 8.4145
5.4681 -26.6963 9.8055
8.631 -26.972 10.7376
7.1934 -29.8206 8.8239
4.0315 -30.5512 9.2843
4.0311 -24.4925 9.9046
5.4682 -28.2491 10.0277
6.3261 -26.707 9.8819
2.8767 -27.8206 9.7062
8.343 -30.6855 8.4814
8.634 -28.7991 8.9723
4.3188 -28.9045 9.0803
10.6023 -27.6668 9.8196
9.788 -31.5551 8.2575
9.5023 -25.9132 9.5285
7.1985 -24.3102 9.3476
6.3336 -29.8679 10.1963
3.7415 -29.074 9.8625
4.3112 -26.1194 9.8205
10.5964 -30.4162 8.4254
5.7567 -28.1705 10.0819
9.4935 -27.7977 9.3505
9.5025 -27.8679 9.1821
2.6867 -27.7016 11.1667
9.4935 -31.581 8.0444
4.3191 -31.3321 8.9929
3.1581 -25.95 9.9632
9.2146 -28.1232 9.3938
8.0586 -26.5282 9.7485
5.1803 -24.6263 9.9127
7.7676 -27.2731 9.8606
3.7415 -25.6023 9.9667
7.4844 -31.108 8.2047
10.5962 -28.3274 9.1001
6.6129 -28.0169 9.9204
6.3261 -30.2331 8.8766
9.5029 -30.5774 8.4218
3.158 -31.3455 9.1064
6.3262 -29.648 8.009
5.1813 -30.9586 8.8956
9.4935 -25.2415 9.8173
3.7416 -28.2484 9.6767
8.9188 -26.9138 10.9029
10.0702 -27.9026 9.2375
2.665 -28.3319 10.6828
4.0314 -29.2412 9.3999
10.3582 -25.863 9.4036
4.8869 -31.407 8.7415
4.8871 -30.0684 9.9063
6.3261 -30.5918 8.8758
5.748 -31.8303 8.5215
10.6023 -27.6389 9.108
8.9256 -25.6628 9.6533
6.6221 -28.207 9.7542
6.3262 -29.3586 8.0676
2.8589 -28.9044 9.5831
4.8928 -28.5694 9.9822
4.606 -29.7467 9.0537
9.2037 -28.6096 9.0408
4.3189 -30.1576 9.3017
3.7415 -25.8354 10.0385
3.7344 -24.9676 10.2562
7.1986 -27.4602 10.4289
5.7482 -29.1181 10.4796
3.4542 -25.5303 10.0214
10.3586 -27.7954 9.0798
9.788 -30.6692 8.4649
6.6128 -29.3244 8.1218
7.1936 -31.8987 8.0687
4.0204 -29.8352 9.2256
4.8869 -31.6942 8.5755
2.8768 -28.2362 9.5966
3.1581 -24.4672 9.842
10.6023 -28.7569 9.1573
9.7879 -29.001 9.059
2.8764 -26.6025 9.8774
7.4841 -28.7488 8.991
4.6059 -29.4307 9.1492
3.7352 -31.0508 9.0553
8.9188 -30.188 8.4462
7.1991 -28.6545 8.8272
3.4543 -26.4453 9.906
2.6721 -28.9293 9.718
3.7416 -27.9508 9.5553
4.8929 -28.9657 9.3624
10.0702 -31.1602 8.2026
8.0533 -27.5585 10.1501
8.926 -28.8497 8.9321
9.503 -31.8408 8.2464
5.1805 -25.761 9.6594
2.6727 -25.5509 10.1704
8.3504 -25.2119 9.2828
7.4776 -27.0741 9.7695
6.3261 -28.1811 9.8014
8.9256 -26.4097 9.7651
4.8873 -25.4608 9.973
7.4842 -29.7817 8.8725
3.4541 -25.0066 10.1717
10.358 -25.0948 9.5869
8.9189 -27.1763 9.5129
10.6023 -27.182 10.0996
10.5962 -28.4912 9.1141
5.1739 -26.8709 9.842
2.6869 -25.8605 10.1555
2.687 -30.4133 9.3943
2.6649 -24.6703 10.1475
8.0592 -28.9434 9.0381
4.3185 -28.5102 10.2636
3.1581 -25.1475 9.7967
4.0312 -28.3994 10.2227
7.7677 -28.2602 9.2687
2.6649 -27.9082 11.0687
9.5029 -30.3551 8.4307
5.1808 -28.1826 9.9554
7.7678 -29.8603 8.6811
3.158 -26.8957 10.0253
7.4845 -31.4856 8.0084
7.7679 -31.0454 8.2246
7.1933 -28.8436 8.7909
2.8588 -27.0009 9.9979
10.5965 -31.6252 8.259
10.6549 -25.7582 9.6797
7.4776 -26.9134 9.9058
3.4549 -31.3562 9.1024
6.9073 -24.5309 9.4676
8.6338 -27.3686 9.4182
8.0586 -26.5872 9.9751
5.7483 -27.9235 10.2357
7.7716 -29.3551 9.0054
8.9189 -27.6576 9.289
9.2038 -27.6008 9.4501
8.0587 -27.0853 9.6766
7.771 -27.4149 10.5384
4.5959 -28.212 10.4396
2.6869 -26.043 10.2021
5.1739 -24.9854 9.7909
6.0383 -28.1049 10.1482
6.0383 -29.6677 10.6357
8.3509 -29.1719 8.8436
3.1581 -26.4113 10.0987
2.8766 -27.5949 9.9995
2.8771 -29.9972 9.329
9.2039 -24.4734 9.5086
9.2036 -30.688 8.3067
10.6551 -27.4497 10.0165
8.0588 -27.5783 9.8047
2.8761 -25.1352 10.0731
4.0316 -31.6649 8.891
4.6065 -31.6083 8.8153
6.3261 -29.2732 10.3653
7.4843 -30.3029 8.5934
6.3335 -25.2107 9.366
3.158 -27.2857 11.136
10.5964 -30.6286 8.3786
5.1741 -31.7321 8.6189
4.0315 -29.9984 9.3428
4.6053 -27.6551 9.8268
8.6311 -27.8843 9.374
10.6551 -27.0603 10.2959
7.1932 -28.0238 9.7967
5.4688 -31.1018 8.9348
9.7878 -27.2746 9.2413
10.6023 -29.2742 8.9128
7.4844 -31.3483 8.1854
5.1805 -25.2958 9.7868
5.1739 -25.481 9.8196
5.7571 -30.4694 9.0043
4.8873 -24.8499 10.0762
4.0205 -27.8344 9.7623
4.8929 -28.545 8.9863
3.4439 -29.5204 9.4717
4.6061 -30.2593 9.0293
7.4776 -27.482 9.9575
5.174 -29.6634 10.5095
5.7569 -29.9786 9.8959
5.1739 -28.3461 10.2605
9.4935 -24.3248 9.6191
3.4541 -24.6744 10.1354
2.688 -27.5286 11.1053
9.7849 -26.4315 9.596
6.3334 -26.5621 9.9651
2.6869 -27.0465 9.9702
6.0384 -24.5708 9.8547
2.665 -28.4673 10.4199
9.2147 -28.3131 9.1214
7.1989 -28.3329 9.3278
9.785 -28.6948 9.0162
6.3335 -27.613 10.0644
9.5026 -28.0449 9.1777
4.3112 -28.6464 9.0341
8.6311 -29.7803 8.8215
6.6129 -27.7301 10.1079
9.5022 -24.8896 9.6632
9.4935 -29.8963 8.7137
7.7679 -30.8368 8.4646
8.0593 -29.4487 8.8767
10.6555 -31.1986 8.3605
7.4775 -29.5728 8.934
9.2154 -31.7678 8.1592
6.3334 -24.4018 9.7895
10.359 -29.6238 8.7834
3.1581 -25.8114 9.8477
9.2152 -30.5172 8.5226
6.3261 -31.4989 8.3734
8.0531 -29.203 9.0588
7.4841 -28.9805 8.9984
2.6653 -31.4629 8.9937
8.3514 -31.4697 7.9302
8.0597 -30.9904 8.3123
4.0205 -26.2388 9.9019
9.215 -29.6856 8.7202
7.4838 -26.6499 9.8551
10.0703 -24.4324 9.6349
8.6311 -30.3112 8.5799
10.0702 -31.7447 8.1364
7.1931 -26.7224 9.886
9.4935 -26.7131 9.6079
5.7567 -27.0093 9.9161
4.5963 -24.8361 10.1088
2.6882 -29.2758 9.4663
2.6652 -29.4771 9.5977
8.9264 -31.0217 8.319
6.6224 -29.7201 8.6634
3.7416 -28.484 9.6493
8.9188 -30.4984 8.5275
10.6551 -27.3249 10.1321
10.6022 -30.2224 8.4194
3.4547 -29.1838 9.4657
4.3112 -28.9253 9.579
3.735 -29.2209 9.2869
2.8586 -24.7606 10.1403
9.7878 -24.9244 9.5666
8.053 -30.1823 8.5363
3.4543 -26.583 9.9786
6.3335 -28.9876 10.2266
2.8763 -26.187 9.9871
9.2039 -24.3054 9.736
7.4838 -27.7388 9.8129
6.3334 -24.7216 9.6592
8.3508 -28.3403 9.0411
5.4686 -30.2988 9.4309
10.3746 -27.0414 10.6825
2.6869 -27.5565 9.8168
8.631 -30.5634 8.4776
3.4438 -31.776 8.9616
7.7679 -30.8197 8.2899
6.6226 -31.3807 8.3671
8.9187 -31.8853 8.1716
3.7416 -30.3467 9.2469
10.6023 -28.9762 8.998
5.174 -29.3034 10.446
7.1933 -28.4114 8.9754
4.3187 -28.6373 9.3432
8.9261 -29.5095 8.7685
4.8871 -29.9509 10.1588
6.3335 -27.929 9.9689
3.7415 -24.7263 9.9839
4.8927 -27.1491 9.8031
4.0312 -28.3019 10.3441
3.4549 -31.2361 8.998
4.8928 -28.4924 10.2221
4.3112 -31.6819 8.6925
8.9255 -24.7512 9.7125
8.9188 -30.7378 8.4652
3.4439 -25.3844 9.9601
10.6023 -26.7236 9.4303
4.3111 -28.6312 10.0856
8.3504 -26.4944 9.8458
5.7568 -29.7003 10.2847
7.4837 -25.9611 9.9269
9.4935 -27.8713 9.8511
8.9188 -30.0158 8.6869
7.4774 -30.5423 8.3738
9.7849 -27.586 9.8741
4.3183 -26.4397 9.8083
4.0312 -24.9337 9.943
3.4439 -29.7854 9.3294
7.1931 -27.1991 9.8821
9.2154 -31.8926 8.2717
10.5964 -30.8911 8.3356
2.6881 -30.7384 9.2624
3.7352 -30.7075 9.145
3.7415 -26.5925 9.9813
6.0442 -27.2016 9.8134
10.3754 -29.8232 8.5546
6.6223 -28.6021 9.0699
4.3111 -27.3486 9.9794
3.7416 -30.643 9.3039
6.0383 -31.547 8.3551
8.3507 -27.9768 9.2617
2.8589 -29.0549 9.6157
3.4542 -24.9788 9.9162
3.7416 -31.3241 9.0735
5.7481 -29.5457 10.7431
4.6055 -28.3464 9.6557
6.6128 -30.3648 8.596
6.9077 -28.2573 9.3903
5.7565 -25.1653 9.6667
7.7717 -29.5967 8.8225
4.0204 -31.2101 8.9528
9.7849 -27.4306 9.3773
8.0533 -27.2878 9.7852
4.8926 -24.999 9.915
5.7484 -26.6895 9.8407
10.3754 -30.8147 8.4055
4.0204 -28.8105 9.9805
4.0312 -25.976 10.0688
6.3261 -25.9677 9.7007
8.0585 -27.2132 10.6237
9.785 -29.8773 8.6589
8.053 -29.8164 8.8564
2.687 -28.7468 9.6182
6.9004 -30.6768 8.6551
10.3753 -24.1092 9.3783
5.7481 -30.2837 9.5128
6.9073 -25.418 9.5527
10.3585 -26.8787 11.1196
9.785 -28.4575 9.1859
8.9256 -25.9659 9.5978
7.4778 -25.2279 9.6414
8.9258 -27.2781 9.3616
9.5029 -30.0468 8.4566
2.6882 -28.4464 9.5434
7.7676 -27.5904 10.2856
5.4688 -30.8145 8.8726
6.6129 -29.1103 10.3205
5.7566 -25.8383 9.7126
10.0703 -26.6098 9.5282
6.3336 -30.5986 10.1763
9.7874 -26.8693 11.0067
8.3506 -27.8374 9.5594
7.1936 -31.6011 8.1754
8.6344 -31.7723 8.2332
7.7722 -31.7057 8.0174
8.926 -28.5714 9.0928
9.4935 -29.2221 8.8317
6.3261 -28.4732 9.8717
8.0593 -29.2269 8.9071
6.9073 -26.3009 9.8792
6.0443 -29.6685 10.3331
4.8926 -25.6142 9.7987
3.7353 -31.6364 8.8255
10.6022 -31.095 8.2303
3.4439 -29.1425 9.6465
4.5958 -28.5608 9.9448
4.6047 -24.971 10.0296
7.1933 -28.2836 9.1687
8.9256 -25.5208 9.594
6.3338 -30.4435 8.7671
9.5026 -28.6439 9.1577
6.9004 -30.0565 8.742
6.9073 -25.091 9.5461
6.0383 -31.1897 8.6485
9.2149 -29.29 8.9267
5.174 -29.8079 10.2414
4.0311 -24.935 10.2355
6.6219 -24.6597 9.7061
4.8872 -26.114 9.715
2.687 -24.5068 9.9054
9.788 -30.5538 8.3687
6.9079 -29.2339 8.946
10.3752 -28.4278 9.165
7.4773 -31.6927 8.0024
7.1932 -27.8405 9.9352
9.7851 -30.1705 8.5655
5.1739 -24.776 9.988
3.7416 -31.1843 9.1216
9.4935 -26.0346 9.7392
4.887 -30.185 9.6108
10.3752 -28.9438 9.0842
4.893 -29.8259 9.0069
2.6651 -28.6263 9.7415
8.6338 -27.593 9.2886
10.6022 -31.5956 8.0606
8.3515 -31.6831 7.9265
8.6311 -30.0137 8.6866
2.6724 -27.2017 10.0642
8.3512 -30.5414 8.5202
4.3184 -26.7022 9.7653
8.6339 -28.0001 9.2057
5.181 -30.1912 9.8057
8.6311 -25.0695 9.621
7.4774 -30.0786 8.7939
10.0702 -30.5061 8.4175
10.5965 -31.8556 8.2019
9.7849 -27.8915 9.2631
2.8588 -26.7628 10.1246
7.4839 -27.9894 9.6248
4.6063 -30.9866 9.0656
4.3182 -25.8873 9.8883
7.4773 -31.8211 8.2867
7.1992 -29.1551 8.8858
7.7676 -26.2418 9.8372
10.3583 -26.1306 9.3901
10.3584 -26.81 9.3017
2.8761 -25.0198 9.9769
8.9257 -27.0224 9.52
10.0702 -29.4592 8.74
6.9004 -28.7191 8.8521
4.596 -27.2198 11.0019
9.214 -24.7173 9.6111
9.788 -29.921 8.5168
4.8871 -29.7929 10.424
5.1808 -29.5926 10.7595
9.2151 -30.0362 8.5396
5.174 -29.9617 9.9896
8.0584 -27.0541 10.8459
3.158 -28.9316 9.4251
4.0206 -24.7668 10.0897
6.3261 -29.7362 10.3585
3.455 -31.8274 8.8196
2.8591 -31.27 9.1186
4.0314 -28.9996 9.5828
6.6226 -31.5013 8.2649
5.1741 -30.7775 9.0184
6.0444 -29.9482 9.7807
4.8927 -25.8408 9.7765
8.6311 -26.4184 9.8626
9.4935 -24.6425 9.6094
3.158 -29.8564 9.3473
3.4439 -30.384 9.2878
6.9004 -28.968 8.8061
3.7415 -28.9239 9.8514
10.6023 -26.9959 9.4251
5.7481 -30.7239 8.824
10.0702 -27.433 10.0411
9.788 -31.7496 8.2212
4.893 -29.3334 9.1284
6.3339 -30.9976 8.545
7.1933 -28.001 8.8866
9.7878 -26.0899 9.719
8.0532 -28.5924 8.9553
9.4935 -28.0397 9.6452
5.7484 -26.1234 9.6898
10.0702 -29.7491 8.7029
7.4776 -27.4924 10.4728
8.6311 -28.4498 9.0472
8.6342 -30.4191 8.4606
9.5023 -27.7216 9.8204
6.334 -31.7749 8.1289
4.6052 -27.1626 9.9482
7.1996 -31.139 8.175
6.3261 -25.4944 9.6483
8.0533 -27.2081 10.7871
7.4779 -24.2138 9.5648
4.3186 -28.4004 9.5343
2.8588 -28.06 9.8209
8.3429 -31.8717 8.0891
9.2038 -26.5077 9.7342
2.687 -30.2201 9.495
8.9262 -29.7403 8.7329
8.6341 -29.4657 8.9242
9.2039 -24.3758 9.402
4.8871 -28.6016 10.124
7.7712 -27.7604 9.8719
9.2037 -29.97 8.7218
9.503 -30.7116 8.3226
3.7348 -28.0742 10.5143
5.7573 -31.5994 8.5147
9.4935 -24.8375 9.8226
3.7416 -30.4489 9.3617
5.1741 -31.5342 8.7116
10.3753 -29.1306 8.8894
8.0528 -31.829 8.0085
7.1989 -28.1328 9.541
2.672 -28.4104 10.5608
6.9081 -30.4699 8.5364
9.2141 -27.3479 10.3734
3.7351 -29.7075 9.3208
6.6222 -29.827 9.9267
6.9072 -24.3787 9.5772
8.9255 -25.231 9.6311
8.3508 -28.5185 9.1011
4.887 -29.9931 9.776
9.2152 -30.6476 8.4582
2.6652 -29.9491 9.5857
9.4935 -30.9886 8.3867
4.6047 -25.068 9.8867
3.1581 -26.1462 10.0128
5.4687 -30.5776 9.0636
6.0442 -26.7591 9.9386
9.785 -29.4361 8.8486
9.2038 -27.4921 10.1321
4.3188 -29.3158 9.2121
8.6311 -24.8389 9.45
6.0442 -26.3098 9.7202
7.4774 -30.8797 8.4396
5.7485 -24.8873 9.6436
4.5956 -30.1156 9.1335
2.8764 -27.2345 11.2828
2.8589 -28.7299 9.4883
7.1929 -24.3503 9.5727
6.6128 -30.5983 8.6892
5.7481 -30.1876 9.6987
7.1935 -30.7889 8.4274
3.7416 -27.74 9.6879
6.0383 -31.347 8.5685
8.0532 -28.4056 9.1501
3.158 -30.1159 9.382
3.4439 -28.8749 9.888
7.1934 -29.3858 8.8796
3.7416 -25.1419 9.8742
4.6058 -28.6877 9.0026
7.1935 -30.0574 8.6328
10.6552 -28.2228 9.1787
4.5961 -26.1421 9.7997
8.0589 -27.9981 9.4537
9.7878 -25.573 9.7568
6.9082 -30.8889 8.3705
2.8588 -27.6807 9.7031
7.4775 -29.0311 8.8669
2.6717 -30.6617 9.3801
9.4935 -26.8537 10.9496
10.3753 -25.202 9.3011
9.5023 -26.4433 9.7004
7.1929 -24.869 9.6207
3.4548 -29.9974 9.2785
7.7678 -29.4102 8.8759
9.7875 -26.9702 10.8289
7.4776 -27.6548 9.9663
9.2154 -31.3847 8.0762
7.4776 -26.5969 10.8708
9.4935 -28.3308 9.2163
8.6311 -27.14 9.6194
6.0383 -30.1335 9.6389
10.3592 -30.6019 8.4245
2.877 -29.4675 9.4069
3.7348 -28.0299 9.6709
2.665 -26.3749 10.2382
10.3754 -31.2922 8.2166
6.6223 -28.753 8.8959
8.3502 -25.0579 9.7626
4.8931 -31.5515 8.7817
6.9004 -27.0653 9.9271
5.4678 -24.5962 9.9209
2.8591 -31.1631 9.2238
10.5961 -27.3051 9.0716
4.8928 -28.7699 9.7904
5.1806 -26.5925 9.9177
6.9004 -29.2287 8.6771
4.8926 -25.1542 9.9557
6.622 -25.85 9.7357
6.622 -26.3079 9.9275
8.3429 -31.7349 8.0596
4.8872 -26.66 9.7688
4.8931 -30.643 8.9913
8.6342 -30.1707 8.528
3.7346 -26.3869 9.9358
2.8773 -30.9292 9.1601
2.6881 -31.0274 9.1824
4.8872 -26.9076 9.8864
9.2038 -27.2092 9.394
7.7718 -30.0024 8.6751
9.4935 -24.5313 9.4998
10.3752 -26.4321 9.503
8.3505 -27.2285 9.5415
4.3182 -25.7359 9.8127
9.7851 -30.386 8.441
9.2038 -26.6038 9.5483
4.596 -27.3001 10.7057
10.3754 -31.0999 8.3603
10.3749 -27.5993 9.9693
4.0313 -28.7115 10.1619
5.174 -28.4709 10.1449
9.2144 -26.9769 9.5233
10.6023 -27.1459 9.2081
6.3261 -24.7676 9.8618
9.2037 -30.2354 8.6009
8.6337 -26.1586 9.7693
10.6556 -31.3533 8.1516
9.2145 -27.6401 9.3034
4.0205 -26.0776 9.7887
7.1988 -27.9583 9.6743
9.2144 -27.4571 9.4634
3.4439 -29.3964 9.4021
8.0594 -29.9083 8.6982
4.3187 -28.7643 9.107
4.3112 -31.0261 9.0496
4.3112 -31.8276 8.7169
9.7878 -26.1664 9.4576
3.4542 -25.2221 10.0473
5.1804 -25.0996 9.9652
10.3591 -30.2564 8.4069
6.6129 -27.0494 9.9039
6.6128 -26.0933 9.7829
6.6222 -28.3413 9.1988
10.0702 -29.8939 8.4563
6.9004 -28.4632 9.2172
7.4773 -31.7397 7.8558
5.1741 -30.4791 9.0822
8.3508 -28.8046 9.099
9.4935 -28.5501 9.057
7.7715 -28.6189 8.9743
5.1807 -27.192 9.9192
4.5956 -30.2811 9.2335
3.4545 -28.3582 9.7359
7.7676 -27.9776 9.6709
4.0205 -27.5206 9.9653
2.6882 -29.015 9.5952
9.7849 -27.7774 9.6874
6.0446 -30.6861 8.7573
10.0702 -30.7507 8.3849
6.0446 -30.1059 8.8099
4.893 -30.4425 9.1831
5.7573 -31.3553 8.5688
4.0204 -28.5344 10.2486
5.7482 -28.4403 9.9696
5.7483 -27.9807 9.9202
10.6023 -27.0809 10.9401
3.7416 -29.3018 9.4485
2.8771 -29.6582 9.4054
8.343 -31.4309 8.0723
9.503 -31.1272 8.213
3.4439 -28.1687 10.448
6.9075 -27.6515 9.9791
6.0441 -25.0006 9.6506
10.0702 -31.0213 8.2937
10.6555 -30.4214 8.549
6.6128 -29.0996 8.2301
7.1986 -26.196 9.8771
9.2036 -30.8287 8.3015
4.8931 -31.2415 8.9499
6.3335 -26.8165 9.9703
6.0383 -30.8921 8.7552
8.0533 -28.1294 9.1902
5.4679 -24.86 9.9424
4.6048 -25.257 10.0274
6.9078 -28.1163 8.9179
7.4775 -29.2782 8.963
3.158 -27.1086 10.0001
8.9257 -26.7261 9.6911
7.1984 -24.435 9.6882
8.9189 -27.8184 9.3808
6.6129 -29.8114 10.1868
5.1811 -30.4682 9.3525
4.0315 -30.3032 9.3732
3.4439 -30.5832 9.2596
3.7416 -25.5138 9.8549
4.887 -31.1146 8.8779
9.2036 -31.6294 8.1537
6.3261 -31.2454 8.4113
5.1813 -31.2716 8.8778
9.4935 -27.2725 10.3275
7.7676 -26.5074 9.9445
7.4774 -30.2726 8.7361
4.3189 -30.583 9.2299
8.6337 -26.8931 9.7144
8.631 -26.9191 11.0398
2.665 -25.2953 10.0689
2.6869 -26.7835 9.9917
10.6551 -27.4152 9.2109
10.6552 -28.0248 9.0433
3.7416 -29.4946 9.3263
2.6869 -26.1632 10.0784
6.9004 -28.0533 9.8342
2.6883 -25.2505 10.2704
5.7571 -30.2714 8.8688
5.4688 -31.2152 8.6956
7.7677 -28.1696 9.5057
4.8926 -24.7326 9.9928
9.2149 -29.3948 8.7142
7.7719 -30.3859 8.5514
4.5957 -29.6269 8.9922
5.1811 -30.31 9.6176
8.0528 -31.6119 8.0471
8.6311 -28.8235 9.1137
6.6219 -24.516 9.7891
9.5028 -29.7826 8.6417
10.3592 -30.8669 8.2822
4.6058 -28.7989 8.8841
6.6128 -25.1851 9.5582
6.6129 -28.6351 9.9542
6.0382 -31.7356 8.2462
7.4774 -31.4631 7.8744
4.5954 -31.7132 8.6451
8.3511 -30.2699 8.5683
6.6129 -26.6321 9.9278
2.6881 -31.2561 9.0394
10.0703 -24.2143 9.4024
2.665 -28.0258 10.8161
3.7416 -29.9684 9.4003
6.3334 -24.5578 9.8732
9.214 -24.846 9.6889
6.0383 -30.2749 9.4485
9.7878 -25.5999 9.5132
8.0587 -27.5236 10.0209
3.4543 -25.8455 9.883
8.0528 -31.1792 8.2102
10.6023 -27.2693 10.6031
5.468 -25.949 9.6721
5.4682 -28.0866 10.3061
9.4935 -31.2959 8.0897
4.8872 -26.3975 9.8119
6.908 -29.6841 8.7512
8.3501 -26.8622 11.0017
8.9189 -27.3373 10.2888
6.0442 -26.9802 9.8653
6.0442 -25.6368 9.6743
4.3184 -27.1575 9.8283
4.6049 -26.9333 10.9819
6.3336 -30.124 10.2874
6.0442 -26.3919 9.966
10.5963 -29.5774 8.7145
9.5023 -27.6241 9.9419
4.3182 -25.535 9.755
6.0446 -30.5609 8.8514
4.606 -29.9447 9.1892
10.0703 -25.349 9.6049
3.4545 -27.751 9.804
6.0441 -24.8014 9.6788
4.3112 -25.1185 9.9534
7.4839 -28.1822 9.5027
6.9073 -25.2073 9.4572
8.6311 -31.0203 8.1701
10.3584 -26.689 9.3825
5.1808 -28.714 10.1916
4.3188 -29.8609 9.2232
10.3594 -31.5142 8.1797
5.4679 -25.247 9.7625
4.0313 -26.8431 9.8288
8.0531 -29.624 8.772
8.6336 -27.1569 10.6482
8.0529 -30.7428 8.408
10.0702 -28.6547 9.1506
7.4778 -24.856 9.6608
7.4845 -31.7694 8.1269
3.7416 -24.9012 9.872
3.4439 -29.3122 9.5051
8.3505 -26.9895 9.6252
8.3503 -25.5282 9.6649
10.6023 -27.6453 8.9739
4.5958 -29.1288 9.2908
8.3431 -28.2513 9.1386
6.9078 -28.4433 8.9245
9.7848 -26.3007 9.639
6.0441 -24.4632 9.57
3.7345 -25.0992 10.0281
6.3261 -30.8885 8.7261
4.5956 -30.4982 9.1949
6.0384 -25.3745 9.6293
4.0205 -27.6852 9.7942
4.3112 -29.1436 9.1487
4.0313 -27.0693 9.7851
6.6129 -28.143 9.8692
2.6653 -30.9897 9.3974
7.1996 -31.4032 8.218
2.8766 -27.2298 9.9062
4.0204 -31.0746 8.9876
2.877 -29.1554 9.4676
9.7878 -27.5649 9.2257
8.0595 -30.3457 8.5434
3.7349 -28.3213 10.3824
4.3111 -27.2207 9.9446
7.1986 -26.4854 10.0467
8.0527 -31.8539 8.3417
8.0533 -26.8401 10.9998
8.0583 -26.9455 11.0932
6.6129 -26.4526 10.0315
7.193 -26.2479 9.9972
8.9189 -27.4054 9.3913
4.6051 -26.4139 9.7504
4.3185 -28.7612 10.097
2.6728 -25.0986 10.2578
4.3112 -28.5242 9.2785
7.484 -28.2784 9.3168
10.6022 -29.9924 8.4979
8.3432 -25.9193 9.6825
9.2139 -26.8424 10.9909
9.7879 -29.6111 8.685
4.0205 -28.5701 9.3156
8.3431 -29.5432 8.8048
6.6129 -29.5743 10.5846
10.6023 -27.8395 9.6003
7.1935 -30.6623 8.4571
8.343 -30.0588 8.7024
2.6725 -26.6215 10.1168
10.5961 -26.9522 10.9267
10.3752 -28.6578 9.0864
8.3504 -26.8612 9.7969
10.6552 -27.9741 9.4528
3.4439 -26.3477 9.9902
3.4548 -30.847 9.2986
4.0204 -30.2576 9.2314
4.0204 -31.3905 8.892
7.4776 -28.4596 9.1211
6.9083 -31.7012 8.1187
7.4776 -28.5587 8.8574
6.3336 -30.339 10.3696
4.0312 -25.879 9.9837
10.0702 -26.7202 9.5948
9.5023 -25.6806 9.7062
4.0206 -25.0857 9.9163
2.8763 -25.8095 10.1834
9.7878 -26.3746 9.4243
2.8763 -25.7881 10.0219
10.3587 -28.2875 9.1647
3.4544 -27.1777 9.972
4.3191 -31.2218 8.9263
3.7415 -24.9743 10.123
3.4546 -28.5527 9.4716
6.0443 -28.3462 9.826
4.8927 -26.7104 9.8934
6.6129 -26.7877 9.9899
10.3752 -28.0195 9.1836
8.3432 -27.6551 9.7439
8.631 -31.4628 8.0447
9.7879 -29.3071 8.9256
4.8926 -25.5804 9.9268
7.1994 -30.6204 8.583
10.0702 -29.068 8.9334
3.4439 -24.9013 10.0979
8.9188 -31.5984 8.1309
4.0316 -30.8376 9.0754
6.6129 -30.419 10.368
9.7878 -25.6388 9.6428
10.0702 -28.1114 9.4536
6.6129 -28.4436 9.9128
4.893 -29.5912 9.0773
4.8926 -25.3431 9.8683
6.6129 -29.6242 10.3602
3.4543 -26.22 9.9926
3.4439 -25.859 10.0769
10.3586 -27.3315 10.1626
8.3502 -26.9144 10.8847
3.7347 -26.9884 9.8164
4.6053 -27.4439 9.9378
9.2038 -27.8196 9.2693
2.8767 -28.1148 9.6558
5.4685 -30.1992 9.6731
9.4935 -28.8164 8.9792
9.4935 -30.8667 8.4246
6.6128 -25.0933 9.7308
9.7849 -28.1609 9.3355
10.375 -27.7502 9.7953
3.7415 -25.324 9.8993
7.4776 -27.889 9.8744
6.6128 -24.7684 9.8317
8.631 -27.2395 10.4961
7.1985 -24.5667 9.4601
4.3181 -24.7684 10.0238
8.6335 -24.4023 9.5887
4.5958 -28.8104 9.7137
3.7415 -28.655 10.0284
7.1932 -27.5968 10.0108
3.1581 -26.6263 9.9527
10.6023 -27.1514 10.8342
4.8872 -27.306 9.8299
6.334 -31.3568 8.3377
3.7347 -26.6306 9.8602
10.3594 -31.8464 8.2158
4.0316 -31.0061 9.0976
5.7567 -27.9623 10.1152
8.9263 -30.7588 8.3405
5.7565 -25.3727 9.8185
5.7569 -28.0452 9.2637
4.0314 -28.944 9.7561
8.6335 -24.7443 9.8908
3.7346 -25.9842 10.0056
7.7711 -26.9557 9.826
10.0702 -29.3135 8.9437
3.4545 -28.1025 9.6663
8.9259 -28.311 9.2431
2.8775 -31.6526 9.003
9.7875 -26.9813 10.7031
5.1807 -28.1509 10.4189
8.6337 -26.7499 9.8189
10.3584 -26.8981 9.392
7.1936 -31.667 8.0614
9.2039 -27.0828 10.7706
10.0702 -28.4101 9.1832
6.0383 -27.9361 10.3327
9.2146 -28.0574 9.2798
5.4682 -28.117 10.0062
3.4439 -28.0546 10.6443
7.4844 -31.3458 8.0566
4.0314 -28.965 9.4399
7.4835 -26.719 11.0532
10.6022 -30.7333 8.3089
10.3592 -30.4442 8.4831
8.6341 -29.3049 8.8324
6.9003 -25.6445 9.727
3.158 -29.4271 9.4539
4.6062 -30.8694 9.1115
9.785 -29.5626 8.8189
6.3261 -31.7554 8.2578
8.059 -28.2038 9.2915
8.6336 -27.0385 10.8578
4.893 -29.8653 9.158
2.8591 -30.9292 9.3371
3.158 -31.074 9.1545
7.7678 -30.0891 8.7662
3.7415 -29.1629 9.7677
3.7414 -28.2151 10.5105
6.0383 -29.1815 10.3952
5.7574 -31.743 8.4318
2.8587 -25.6662 10.2365
6.9084 -31.8256 7.9817
9.503 -31.3962 8.2641
9.7879 -28.8586 8.9783
3.4549 -31.0702 9.1046
2.6869 -29.7545 9.601
5.1809 -29.8795 10.344
2.6651 -28.2992 9.7349
4.8927 -27.0127 9.7949
9.7851 -30.7994 8.452
8.9261 -29.1259 8.8921
7.4775 -29.8143 8.751
2.6649 -27.4692 11.3657
4.5957 -29.865 9.0936
6.9074 -26.5745 9.9384
6.0447 -30.9516 8.6366
9.2039 -25.4982 9.6659
2.6882 -28.3339 9.5975
8.9188 -26.8232 11.1399
6.9004 -31.1936 8.3891
4.887 -30.4408 9.0175
4.887 -30.2901 9.4197
7.768 -31.5755 7.9402
7.1931 -26.9896 9.8511
2.6652 -29.2107 9.6755
3.7353 -31.524 8.8796
4.8928 -28.6818 9.9282
6.3261 -24.845 9.6433
9.788 -31.084 8.3123
5.1804 -25.2436 9.9038
8.6337 -26.5926 9.6708
8.631 -30.8297 8.3997
9.5024 -26.8935 9.5057
4.3184 -27.4213 9.8497
9.215 -29.8027 8.6743
3.7348 -27.6319 9.7488
7.7679 -30.6149 8.495
8.343 -30.3943 8.4541
10.0703 -26.4978 9.6038
10.0702 -30.2445 8.5035
5.7482 -28.6481 10.1428
6.0441 -24.3486 9.7447
3.7416 -30.9367 9.232
2.6651 -27.8601 9.8039
8.9262 -29.902 8.6396
5.7564 -24.4564 9.8697
6.622 -25.0462 9.5047
10.0702 -31.4676 8.1336
3.158 -29.6225 9.4606
8.0533 -27.9692 9.5761
8.0532 -28.1252 9.4316
6.0443 -28.061 9.8712
8.6311 -25.0382 9.4218
8.6337 -26.3745 9.6663
6.0384 -25.5066 9.6507
3.4542 -25.9814 10.0978
3.4439 -24.7435 9.7003
3.7351 -30.188 9.2822
10.6552 -28.0907 9.1573
2.6723 -28.0888 9.693
6.0442 -29.5865 10.5434
9.7877 -27.7043 9.8403
6.9076 -28.1458 9.4873
8.6311 -27.5869 9.7088
10.0702 -27.5298 9.2139
2.8767 -27.9361 9.8025
8.9188 -31.1042 8.1667
2.859 -30.0878 9.4971
6.9003 -26.17 9.8904
10.6022 -30.9265 8.2081
4.8872 -28.3204 10.3626
6.6129 -29.7498 10.0595
6.0383 -30.3372 8.9346
8.9254 -24.5033 9.8014
10.0702 -27.1728 9.3007
4.8929 -28.3949 9.4313
8.6311 -27.7579 9.6317
9.2148 -29.0767 8.9304
7.1929 -24.021 9.2307
6.9004 -27.1726 9.8434
4.0204 -31.6034 8.6387
6.6129 -26.9036 9.8795
4.3112 -31.6079 8.8547
2.8589 -28.6277 9.6016
7.4774 -31.2293 8.2159
9.2039 -24.3986 9.6279
8.3432 -26.5195 9.7267
8.3432 -27.8074 9.8623
2.6884 -24.9243 10.0786
10.6551 -27.546 9.1679
3.4439 -30.077 9.3782
6.3335 -28.044 9.8156
4.0313 -28.9265 10.016
10.3589 -29.3892 8.8539
7.1994 -30.3972 8.5489
4.0313 -27.2762 9.9155
7.4779 -24.4643 9.6046
3.7415 -26.8815 9.9013
8.0529 -30.6004 8.5554
8.9259 -27.9899 9.309
9.2155 -31.5746 8.0318
6.6128 -31.2544 8.3534
4.3185 -28.3371 10.2333
3.7415 -26.2283 9.931
9.2038 -27.3767 9.3732
10.3591 -30.0821 8.5403
5.1739 -26.7726 9.9205
2.6869 -27.4505 9.9649
2.687 -31.6856 8.9853
8.6344 -31.6444 8.1984
4.3189 -30.0563 9.2299
4.5957 -29.5055 9.0515
2.8771 -29.8459 9.4816
4.0205 -25.5039 9.9355
6.6221 -27.9009 9.8875
7.4838 -26.7555 9.9136
7.4839 -27.8504 9.7159
2.8772 -30.4068 9.3749
4.0312 -26.3159 9.8074
5.4683 -29.1747 10.4491
9.5024 -27.2039 9.3591
8.9188 -27.3057 10.5243
6.9004 -28.2542 9.6638
5.7482 -28.2453 9.9845
6.3261 -24.9895 9.8313
2.6653 -31.2624 9.1855
7.4843 -30.6287 8.5356
7.1993 -30.3279 8.7192
7.1932 -28.1751 9.416
10.0702 -26.8719 11.0387
4.893 -29.1278 9.0625
5.7481 -30.3896 8.9085
3.158 -29.1817 9.4436
10.6023 -29.4097 8.8779
9.7849 -27.5482 9.3528
8.6311 -27.8058 9.7561
4.893 -30.3249 9.2076
6.6223 -28.8958 8.77
2.8772 -30.5924 9.3438
9.785 -29.7973 8.7485
7.7722 -31.7857 7.9278
10.3748 -27.1658 10.3174
4.5956 -30.6816 9.0564
10.6551 -27.1101 10.7343
4.8871 -28.5654 10.3513
9.7849 -27.5176 10.0874
6.9083 -31.6841 7.9439
8.6311 -27.285 9.6008
5.4689 -31.865 8.4942
10.5962 -28.0808 9.4815
5.4681 -26.291 9.7462
6.3335 -27.0491 9.7926
9.7879 -29.0754 8.9183
7.7674 -26.9081 10.9077
4.5955 -31.4892 8.7962
3.735 -29.1218 9.5506
2.859 -27.8201 11.002
9.4935 -29.4115 8.7657
2.859 -27.7449 10.8716
4.8931 -31.3493 8.8876
8.3503 -25.4436 9.5183
6.9079 -29.3523 8.9645
8.0592 -28.825 9.0196
10.0703 -26.0972 9.5528
4.887 -30.9954 9.0446
9.788 -31.2905 8.1931
8.631 -31.2397 8.2388
8.6339 -28.3955 9.2271
3.4546 -29.0482 9.7286
4.5961 -26.5235 9.7966
9.2147 -28.5863 9.1592
4.5958 -28.5254 10.2151
6.3339 -30.7274 8.6576
9.2038 -28.2869 9.2491
8.6339 -28.1236 9.2538
5.1807 -28.242 10.2035
7.7721 -31.2252 8.0559
5.7481 -30.9197 8.8521
10.6553 -29.0825 9.0294
6.9003 -24.9224 9.7206
10.3746 -26.891 10.878
5.4683 -28.9593 10.3454
9.2037 -28.8965 9.0814
6.9004 -26.8079 9.9998
2.8774 -31.4205 8.9742
3.1581 -26.2971 10.0668
10.5961 -26.8954 11.0356
8.6338 -27.2544 9.3864
4.5963 -24.7219 10.077
6.6224 -28.8616 8.6486
10.3585 -27.1555 10.4382
6.9076 -28.0594 9.711
2.6869 -25.7416 10.1155
9.7851 -31.4749 8.1703
6.3334 -26.0008 9.8222
10.3753 -29.6347 8.6634
8.0598 -31.297 8.2004
4.0204 -30.4837 9.1877
10.6553 -28.8016 9.0614
6.6225 -30.5137 8.6071
10.6556 -31.7454 8.2292
9.4935 -29.4953 8.8694
8.0532 -28.7463 8.9316
8.9188 -30.8656 8.2719
3.7345 -25.7161 9.9975
6.6128 -31.1258 8.5038
6.0384 -26.0389 9.7016
8.3432 -27.113 10.7742
8.3504 -26.3306 9.8317
7.4836 -27.1064 10.6667
3.7344 -24.8517 10.1385
7.4774 -30.9993 8.2944
5.7484 -26.5715 9.8437
5.4683 -28.7327 10.1395
5.4689 -31.7179 8.6334
8.343 -31.1962 8.1428
9.4935 -29.6308 8.8345
4.3112 -25.331 9.9067
8.0528 -31.4028 8.0375
9.4935 -26.5536 9.5806
4.3112 -29.6379 9.113
4.887 -30.767 8.981
8.0533 -27.3171 10.5612
6.9004 -29.9436 8.7746
3.7347 -26.7435 9.8276
3.158 -27.1197 9.8742
7.7678 -29.8591 8.8447
4.6059 -29.2071 9.0937
6.0443 -27.9434 9.8956
4.0204 -28.8159 9.1193
4.8871 -29.5638 10.5456
6.0444 -28.0388 9.2106
6.0446 -30.1761 8.9106
7.768 -31.3844 8.1483
6.0441 -25.1105 9.6958
7.4838 -27.3485 9.8211
6.3335 -29.5382 10.5169
6.3261 -30.0522 8.6879
2.8588 -28.3293 9.6653
10.596 -25.1244 9.4627
5.1808 -29.7871 10.4951
8.6311 -25.3127 9.5239
5.468 -25.4394 9.6188
4.8871 -29.8287 10.1752
7.4776 -27.184 9.8147
6.3261 -31.1129 8.5964
8.9256 -26.4943 9.6837
7.771 -26.5419 9.7935
4.0315 -29.3895 9.3251
7.7678 -28.8847 8.9405
6.6219 -24.894 9.6143
8.6311 -26.6347 9.781
6.0446 -30.3787 8.8262
6.0448 -31.5113 8.4655
8.0534 -26.5537 9.8617
4.6064 -31.3479 8.9657
9.2036 -31.2079 8.191
8.6311 -27.0063 9.7401
10.3753 -27.3649 9.1489
9.2038 -26.8335 9.6763
2.8589 -28.5136 9.5698
5.1741 -31.3401 8.7694
2.8588 -27.2784 10.0223
6.9074 -26.846 9.8903
7.771 -27.4081 10.4228
3.7416 -31.5135 9.0076
8.3432 -26.9425 11.1008
7.7678 -29.1627 8.9863
3.158 -30.0193 9.3183
4.3183 -26.2964 9.6846
10.0702 -26.9296 10.7447
9.5019 -26.9284 11.0385
8.9188 -27.1908 10.6777
6.0383 -27.6979 10.2313
6.622 -24.9761 9.404
9.5021 -27.0926 10.6179
6.6225 -30.9519 8.4952
9.2143 -27.6716 9.9803
9.2037 -28.699 8.9675
2.859 -29.4764 9.5786
3.158 -31.6777 8.9145
7.4776 -28.0677 9.7277
6.9083 -31.496 8.0742
3.7349 -28.8112 10.132
7.7678 -30.2289 8.718
6.3261 -30.3413 8.8359
7.7679 -30.9278 8.2491
8.6311 -29.5349 8.8112
5.7485 -24.922 9.7865
2.8588 -27.0304 10.1112
4.3183 -26.1562 9.7113
8.9189 -27.4877 10.0933
8.3431 -29.3816 8.8982
10.6556 -31.6213 8.1596
8.3513 -31.0609 8.1552
2.8587 -26.5294 10.0313
2.6726 -26.3555 9.988
9.2036 -31.019 8.2784
4.3112 -31.4484 8.8274
5.1813 -31.1574 8.8459
10.3594 -31.6223 8.1389
3.4438 -31.5301 8.9298
6.6128 -29.0251 8.1427
9.4935 -29.0669 9.0191
3.158 -28.2993 9.5948
10.0703 -25.55 9.6626
10.0702 -28.1874 9.1707
6.9004 -29.1304 8.7556
5.4685 -30.1103 9.7678
6.622 -24.8483 9.3692
6.0383 -29.7839 10.3188
6.3261 -24.6244 9.9662
3.7416 -31.7204 8.9098
6.6128 -31.7461 8.1888
4.0205 -27.567 10.9161
10.3752 -28.1268 9.3279
3.1581 -25.7922 10.0217
2.6882 -29.5353 9.501
7.4836 -26.9508 10.8326
7.4777 -26.0613 9.9854
6.3261 -30.1809 8.7656
4.3189 -30.3338 9.2543
7.4779 -24.6691 9.6275
3.158 -27.9265 9.7993
4.3183 -25.9907 9.8394
7.1932 -27.9439 9.8863
4.0206 -25.0746 10.0422
4.0205 -26.1354 9.9508
5.1806 -27.0739 9.9221
5.1804 -24.5561 9.812
7.7713 -28.1323 9.3965
8.634 -28.6298 9.1353
2.6869 -26.12 9.9622
6.9004 -29.5272 8.8414
7.1934 -29.272 8.8692
3.158 -28.4305 9.5733
4.0315 -29.5687 9.1999
2.688 -28.2669 10.5594
3.158 -26.7054 10.0483
4.6057 -28.9741 9.478
8.3432 -27.0425 10.8801
9.5023 -25.6729 9.5478
8.3506 -27.9365 9.7519
4.606 -30.037 9.2663
8.343 -30.9466 8.3739
6.6224 -29.2652 8.3938
7.7711 -27.4786 10.3169
2.8591 -31.8134 8.8157
3.158 -27.496 9.8415
3.735 -29.4736 9.2061
3.158 -31.2711 9.019
5.748 -31.5507 8.6178
3.7416 -29.3959 9.3833
8.9255 -24.8214 9.8132
7.7713 -27.972 9.5542
5.174 -30.0762 9.8148
9.2149 -29.5376 8.8164
8.6338 -27.0979 9.5093
7.193 -25.1806 9.5384
10.0703 -26.3303 9.6246
4.6065 -31.828 8.6776
2.6882 -27.3143 9.9257
6.6224 -29.0421 8.5879
2.859 -27.7034 11.0694
5.757 -30.0748 9.71
4.3181 -24.6098 10.0393
4.6054 -28.3156 10.3903
10.5965 -31.4892 8.2724
3.7351 -29.952 9.2882
5.1739 -26.9847 9.8523
5.4682 -27.206 9.8588
6.6225 -30.7672 8.5693
4.3112 -29.3779 9.0568
10.3582 -26.0272 9.4391
2.6881 -30.5451 9.3631
9.7878 -26.623 9.5849
10.6553 -29.2103 8.8361
2.6718 -30.2991 9.4157
4.5955 -31.3857 8.8451
7.7709 -27.025 10.7961
7.1934 -28.9937 8.8019
6.3338 -30.6068 8.7597
4.0204 -28.8173 9.8679
9.7878 -24.4545 9.6858
6.3261 -25.5012 9.5357
7.7709 -27.2285 10.7546
7.7676 -24.5342 9.5962
7.7721 -31.1084 8.1233
7.7679 -31.1463 8.275
5.7481 -31.3344 8.6994
6.6225 -30.3294 8.7026
9.4935 -24.4257 9.6694
8.926 -29.1148 9.018
4.319 -31.0999 8.964
10.3752 -24.7151 9.7017
7.7675 -27.2471 10.6033
7.4774 -30.4197 8.5968
4.3111 -28.2003 10.3345
5.7572 -30.7088 8.9421
7.1992 -29.6096 8.9058
5.7484 -25.3516 9.7012
10.6023 -27.1162 10.2137
2.687 -30.0965 9.4469
10.596 -25.67 9.7232
4.8927 -26.4847 9.7305
5.7485 -24.5655 9.8948
7.7676 -27.5262 9.8013
8.3431 -28.7066 8.9733
4.5958 -28.9442 9.593
2.8591 -30.8163 9.3697
10.6023 -27.097 10.3877
10.0702 -29.1647 8.9971
5.7565 -25.1311 9.7734
2.8764 -26.6124 10.1433
8.6336 -25.8388 9.6716
5.1804 -24.8978 9.8645
5.7568 -29.566 10.612
2.8589 -29.2703 9.4912
4.3112 -26.4528 9.6931
8.3431 -29.0199 8.9768
3.4546 -29.014 9.8352
6.0441 -24.3037 9.5426
10.6023 -28.2956 9.25
6.6222 -28.337 9.4402
8.9189 -28.6807 9.1324
10.3753 -29.4641 8.762
9.4935 -30.2024 8.5803
3.158 -28.1527 9.7555
7.1984 -24.2426 9.6038
10.3753 -28.978 8.9775
2.8588 -27.113 9.9224
5.7482 -28.2578 10.1511
2.6869 -28.5257 9.6915
4.6054 -28.4661 10.4229
2.859 -30.258 9.3771
7.4841 -29.1597 8.8733
6.334 -31.609 8.2355
6.6224 -29.9647 8.6308
10.6023 -27.8783 9.0457
4.0317 -31.6854 8.7814
7.1929 -24.7488 9.5163
7.1935 -30.9505 8.3341
5.7566 -25.3295 9.4742
6.3261 -29.6273 10.5844
3.158 -28.5648 9.4741
9.785 -29.2048 8.8627
8.0534 -26.9475 9.7972
3.7415 -27.9688 9.773
6.9004 -30.8696 8.5328
7.4837 -26.0996 9.8144
10.3754 -30.3696 8.4019
2.8585 -24.673 10.0714
6.6222 -28.4687 9.2121
8.9188 -27.0313 10.8784
5.7566 -25.5415 9.6341
9.5025 -28.1416 9.2414
7.4838 -27.6512 9.7441
7.1987 -27.718 9.9216
6.0383 -28.2128 9.1952
10.3747 -27.159 10.658
4.3188 -28.9708 8.9878
8.0599 -31.7301 8.0589
10.6551 -27.1763 10.6417
6.0383 -28.4597 9.9541
7.7678 -29.683 8.8922
7.4843 -30.7933 8.3646
6.6128 -30.1314 8.7309
10.3752 -26.6634 9.4889
7.7714 -28.4021 9.0343
7.7721 -31.4646 7.9937
3.7348 -27.6114 9.8584
2.8588 -27.4905 9.9542
7.1995 -31.0347 8.409
10.3753 -27.5915 9.1266
10.375 -27.5249 9.8819
2.859 -27.5055 11.1619
8.3502 -27.0645 10.6678
9.7851 -30.6609 8.3365
8.0533 -27.7093 9.748
9.4935 -29.9903 8.6485
9.5029 -30.4688 8.4411
5.4684 -29.9499 10.1536
3.158 -30.9573 9.2219
3.158 -31.4797 9.0071
4.3112 -25.6457 9.9747
10.0703 -24.9801 9.5466
10.5961 -27.4268 9.9246
9.788 -30.8796 8.3109
6.0443 -27.9909 9.7705
3.158 -30.7824 9.3338
4.6063 -31.0952 9.0464
5.7571 -30.3266 9.3583
5.1741 -30.6719 8.96
6.0442 -26.0892 9.815
4.6052 -27.2335 9.8638
10.3747 -27.0376 10.4892
8.0593 -29.3354 8.8878
6.9004 -28.341 9.4616
10.3593 -31.1889 8.2591
7.7676 -27.7797 9.7635
4.6061 -30.2251 9.1359
3.4548 -30.7546 9.2215
6.3339 -29.668 7.9007
3.4439 -30.2438 9.3145
6.6129 -29.9327 9.8995
2.8588 -27.6465 9.8098
6.0445 -30.1384 9.5297
9.2141 -27.2465 10.5297
2.6869 -26.5129 10.0828
8.0591 -28.5625 9.0626
9.2139 -24.5433 9.7659
6.9004 -31.386 8.2453
6.9072 -24.2949 9.7016
8.3509 -29.2728 8.8939
8.3511 -30.107 8.5971
8.0584 -27.0747 10.9644
6.0383 -29.8069 10.1099
10.6549 -25.8107 9.5841
5.7565 -24.4056 9.595
7.7711 -27.2494 9.7542
9.2037 -29.0547 9.0443
9.5031 -31.8934 8.1509
9.5023 -27.5053 9.9019
9.2037 -30.288 8.5054
4.8926 -24.9464 10.0105
6.3261 -27.787 10.0726
2.6652 -29.3757 9.5259
5.4683 -29.6057 10.6564
10.3585 -27.4307 9.2362
4.0312 -25.7028 10.0311
10.0702 -28.9069 9.0483
3.158 -28.7341 9.5392
4.3112 -28.44 9.3814
5.7481 -29.938 10.1579
3.4545 -27.9849 9.6907
10.6022 -30.5217 8.3986
4.3112 -30.7909 9.0986
7.1985 -24.9591 9.5594
7.1985 -25.0703 9.4409
9.7878 -27.6735 9.2064
2.8765 -26.9617 9.8981
8.9261 -29.2662 8.8655
8.9189 -27.6051 9.3846
6.0441 -24.4363 9.8136
9.5031 -31.7442 8.1827
2.6651 -27.6438 9.8854
8.9259 -28.4448 9.1224
8.6341 -29.6807 8.7783
10.3752 -28.7796 9.0487
2.6868 -28.5373 10.4994
9.4935 -25.3078 9.7247
2.8775 -31.6582 8.826
10.6023 -27.1664 9.0985
4.0206 -25.1383 9.8208
4.0315 -29.4421 9.2296
6.6227 -31.8382 8.0813
8.0589 -27.8746 9.6336
7.7676 -27.0798 9.7333
5.1807 -28.2074 10.0605
9.7848 -26.0596 9.6154
10.6556 -31.2973 8.3034
5.1739 -26.5977 9.8044
8.631 -31.7776 8.3408
5.1808 -29.0364 10.4181
8.0535 -26.4113 9.7811
4.0312 -26.4523 9.8155
7.7718 -30.2598 8.6025
7.1991 -28.8828 8.8909
4.0314 -29.0407 9.3636
9.7878 -25.906 9.608
9.7848 -26.7765 10.9392
7.1933 -28.665 8.9375
8.6311 -28.2532 9.2042
3.7414 -28.0591 10.655
8.3432 -27.2716 9.6397
8.0528 -31.508 8.0745
5.468 -25.365 9.7595
2.8763 -26.0023 10.0612
4.596 -27.1159 11.0293
3.158 -30.5862 9.2842
8.0595 -30.176 8.6848
7.1997 -31.7107 7.921
3.7352 -30.6087 9.2021
10.3755 -31.8202 8.0529
5.7568 -29.1893 10.3951
9.2039 -27.1515 10.5788
8.0532 -27.8359 9.9464
6.9082 -31.1959 8.2801
9.7878 -26.6893 9.4924
4.6054 -28.5597 10.3362
9.5025 -27.112 9.3035
10.5963 -29.7587 8.6967
2.6881 -29.7213 9.4914
6.9004 -26.9734 9.8716
9.5028 -29.6526 8.7276
5.1805 -25.8529 9.7149
4.0315 -29.7303 9.3347
3.158 -30.2292 9.3709
5.7567 -27.7866 9.9561
6.0444 -29.8845 10.0021
8.3432 -27.1723 10.5661
3.1581 -24.5758 9.8227
2.688 -27.9112 10.9386
6.3339 -31.2332 8.5176
7.1994 -30.8461 8.5178
8.0594 -29.7113 8.8337
10.6554 -29.4723 8.7716
4.0204 -30.0767 9.2707
2.687 -31.5672 8.9668
5.7484 -25.6287 9.7041
8.3431 -28.0445 9.4645
9.7878 -28.3451 9.1879
8.3431 -28.58 9.003
2.6869 -25.6134 10.2873
5.174 -28.9092 10.261
5.7565 -24.7514 9.8623
4.3111 -28.5997 10.3211
10.3754 -30.5859 8.3204
8.351 -29.7692 8.7378
6.3335 -28.1821 9.9096
7.1987 -27.5 9.9172
2.8591 -31.532 9.0542
6.0384 -26.5212 9.9769
6.6226 -31.6488 8.1472
8.634 -29.1698 8.8887
8.0586 -26.7582 9.8981
10.5962 -28.1595 9.3275
10.5964 -30.1819 8.5173
8.9188 -29.4883 8.8722
6.9077 -28.2569 9.1408
6.6128 -29.8219 8.6925
8.6311 -28.9522 8.9633
4.0315 -30.8039 9.2036
5.7567 -27.6724 10.1523
6.9004 -27.5365 10.1002
6.6128 -30.8689 8.598
10.0702 -31.8541 8.1601
6.0441 -24.3875 9.6462
2.6883 -26.5648 9.9132
4.0315 -30.6602 9.2865
9.2155 -31.8067 8.0607
10.596 -25.7174 9.598
8.9257 -26.9835 9.6185
6.0441 -24.5021 9.4715
3.158 -27.2839 9.9097
4.8872 -28.196 10.4996
2.687 -31.173 9.2379
4.8872 -26.1528 9.6165
6.9004 -28.4002 9.0255
8.9189 -28.8196 9.0413
7.4841 -28.8758 8.9829
6.6129 -26.5573 10.047
2.6881 -31.4708 9.1001
4.596 -26.8968 9.8416
5.1803 -24.5874 10.0112
7.4773 -31.5888 8.0299
3.4544 -27.5749 9.8514
6.3334 -24.778 9.757
7.4778 -25.1941 9.5414
5.4678 -24.4786 9.9453
2.6724 -27.052 10.0746
10.3585 -27.2187 9.3044
4.6062 -30.6343 9.1604
9.7848 -27.1625 10.7162
5.7483 -28.0504 9.9994
5.4688 -31.0321 8.8556
5.7573 -31.1295 8.634
8.9264 -31.2094 8.1672
6.0383 -30.7883 8.7826
8.9265 -31.4625 8.108
6.0383 -29.9869 10.0277
7.1935 -30.5153 8.5963
3.1581 -25.1086 9.8952
5.1739 -28.2372 10.4864
5.1739 -28.2657 10.3287
4.5957 -29.3165 9.1389
3.7416 -29.7687 9.407
10.3587 -28.0388 9.4388
8.343 -30.7452 8.2948
6.0441 -24.8262 9.7839
3.7416 -26.3843 9.7866
10.3579 -24.5787 9.4398
10.3585 -26.8449 11.0196
8.6335 -24.4018 9.7953
4.3112 -30.3557 9.1328
2.6723 -28.005 9.8174
10.596 -25.2343 9.5079
4.8927 -25.9212 9.7084
9.7878 -28.0587 9.1686
7.4775 -29.672 8.8985
2.6652 -30.4561 9.5101
7.7715 -29.0148 9.0173
6.0384 -25.0338 9.8478
9.5024 -26.7943 9.5412
6.3261 -27.8515 9.8941
4.893 -29.7456 9.0751
6.622 -26.2514 9.8297
3.4439 -26.5812 10.0834
8.6311 -30.094 8.6185
4.0204 -31.4846 8.8268
3.4439 -29.596 9.3954
2.8773 -30.7322 9.2956
6.9004 -27.8507 9.9187
5.1814 -31.6307 8.6704
2.6721 -27.7678 10.8993
6.3334 -25.135 9.6703
9.7849 -27.1578 9.3611
6.0447 -31.3206 8.467
9.2152 -30.421 8.4804
5.4686 -30.395 9.4731
3.158 -31.1702 9.1967
9.4935 -27.9435 9.603
6.6128 -25.2813 9.6004
4.3185 -27.6594 9.7231
3.4439 -28.4567 9.6408
9.5025 -27.5969 9.2517
5.4679 -24.8716 9.838
10.0702 -28.3015 9.2025
5.4685 -30.0046 9.9374
10.0702 -30.9118 8.27
9.4935 -31.463 8.0474
4.3112 -30.9299 9.0075
2.8774 -31.0472 9.1571
2.6721 -28.8331 9.6759
8.053 -30.0413 8.7482
2.6722 -28.1897 9.7434
8.0531 -28.978 8.9389
8.343 -29.9596 8.738
7.7675 -27.1202 10.8396
5.1739 -25.9885 9.7654
10.6552 -28.5763 9.1482
5.1741 -30.8716 8.9532
5.7572 -30.4946 8.9028
9.2039 -24.4179 9.91
5.7483 -26.846 9.9458
4.0204 -30.5881 9.1817
9.7849 -28.154 9.22
10.3582 -25.9883 9.5376
9.5027 -29.275 8.9238
4.0315 -29.8979 9.314
4.0317 -31.8201 8.7036
6.9081 -30.7153 8.5467
9.2037 -30.1349 8.5721
5.468 -26.0238 9.781
4.6048 -25.5204 10.0274
3.158 -30.3784 9.339
5.4681 -27.0414 9.8018
7.1996 -31.5495 8.0358
7.1985 -24.4205 9.4142
6.3261 -29.7935 10.2711
5.7481 -30.2449 9.6113
8.919 -26.6223 9.7352
6.3261 -25.2785 9.5232
3.7414 -27.9586 10.6261
4.893 -29.5211 8.9766
3.7416 -30.994 9.1446
7.7709 -26.9745 10.999
3.4542 -24.7655 9.9199
8.9258 -27.0476 9.4186
7.1931 -26.852 10.0066
5.4688 -31.3883 8.726
6.3339 -30.9403 8.6324
3.7353 -31.3124 8.9693
8.3432 -27.0967 9.7516
6.9072 -24.483 9.5713
5.1806 -26.0607 9.6601
3.4542 -25.0831 9.9103
3.158 -27.2742 11.2404
9.7849 -26.8159 9.5152
5.7481 -30.0786 9.9246
9.214 -25.1333 9.7511
10.5964 -30.3127 8.4743
3.4547 -29.8097 9.4303
8.6344 -31.6102 8.0769
8.0529 -30.42 8.6162
10.6551 -27.071 9.2577
7.1986 -26.6184 9.8831
10.0702 -31.6596 8.1965
8.631 -31.3777 8.1048
7.4838 -27.0039 9.8462
7.4776 -27.3279 10.644
6.9004 -28.8136 8.8083
9.215 -29.6159 8.6409
2.6649 -27.8231 11.1287
6.9003 -24.656 9.5704
6.9004 -30.9982 8.3825
4.596 -27.3852 10.6457
6.0382 -31.6321 8.2951
3.4542 -25.1011 10.128
7.4837 -24.3775 9.527
7.4841 -28.476 8.9747
10.3588 -28.6787 9.1993
8.9189 -28.9928 9.0716
4.5955 -31.1784 8.9214
5.4689 -31.508 8.5809
5.7566 -26.6527 10.0243
9.5026 -28.7384 9.1141
9.4935 -27.2495 10.5363
10.3752 -28.5488 9.0842
6.6225 -30.6962 8.6537
5.1804 -25.0388 9.8808
4.5955 -30.7859 9.0504
4.0312 -25.9179 9.8852
9.5023 -25.6301 9.453
4.3188 -29.5082 9.0685
9.5025 -27.4814 9.3835
6.3262 -29.5488 8.0445
8.9187 -31.7908 8.2153
8.9188 -31.6591 8.2153
10.0702 -28.4905 9.1151
8.3514 -31.8151 8.1761
10.3582 -26.0012 9.7256
7.7714 -28.2503 9.1654
9.7849 -28.2523 9.1415
4.0314 -28.7127 9.3141
9.2147 -28.6808 9.1155
4.0204 -29.2191 9.2991
8.634 -28.7239 9.0701
10.6554 -30.1332 8.444
4.5961 -26.1212 9.6597
3.7416 -24.6835 9.8891
2.8766 -27.6522 9.9121
5.7566 -26.176 9.7999
3.4544 -27.4154 9.8239
6.3334 -24.6968 9.5541
8.0528 -31.8184 8.1559
9.7849 -28.1275 9.4851
9.2038 -28.0312 9.1796
6.9083 -31.2985 8.1883
6.3261 -27.6447 10.22
5.7481 -29.8808 10.2453
8.6311 -29.1664 9.0024
5.1739 -25.5707 9.7678
7.7678 -28.718 9.0042
3.4543 -27.9206 10.8029
4.8873 -25.1945 10.0509
5.4683 -29.6625 10.5476
6.3339 -30.3918 8.6775
2.6881 -31.7474 8.8535
4.0204 -28.7532 10.0679
6.6128 -24.7871 9.6362
7.7676 -26.2936 9.9267
7.1988 -28.0528 9.6306
6.3261 -29.9448 10.1185
5.7566 -26.4779 9.908
9.5027 -29.0796 8.9171
10.5964 -31.1181 8.3347
4.3183 -26.6077 9.809
4.3184 -26.9519 9.7624
5.1815 -31.7457 8.5171
4.5959 -28.399 9.354
7.4842 -30.0058 8.7215
9.7849 -27.3387 9.3217
5.1812 -30.5383 8.997
5.1739 -28.0738 10.4939
4.893 -30.0466 9.1402
6.6129 -28.8336 10.1111
5.4683 -29.4924 10.6675
10.358 -24.9956 9.6225
9.5023 -26.2411 9.5782
2.8763 -26.1981 10.0893
5.7564 -24.3034 9.7083
9.7878 -26.2754 9.4598
6.0383 -28.2567 10.0171
8.6338 -27.4515 9.4789
8.0587 -27.5945 9.9365
4.0315 -28.7606 9.2104
9.4935 -30.6457 8.4979
9.2036 -31.0899 8.194
9.2148 -29.1853 8.9112
4.3181 -24.9471 10.1052
4.3112 -30.1527 9.1958
6.9078 -28.6028 8.9519
7.1936 -31.1672 8.274
7.4776 -26.6576 10.9552
7.484 -28.2211 9.4042
10.6022 -31.7551 8.316
8.9188 -29.7644 8.8321
2.8587 -26.4255 10.0587
7.4776 -28.3647 9.3714
8.6336 -27.0671 10.7
9.7851 -30.2834 8.5329
6.3334 -26.4818 10.0332
8.6311 -24.5022 9.8619
5.1808 -28.4297 10.0516
7.772 -31.058 8.3262
6.0442 -25.1097 9.4248
2.6728 -25.0913 10.1208
10.3754 -30.208 8.4953
8.0534 -27.1958 9.7297
6.9004 -30.2407 8.6464
8.0529 -31.0852 8.2753
6.0442 -26.8489 9.8868
4.3112 -24.5375 9.9632
9.788 -31.1725 8.1961
9.5031 -31.6655 8.1087
4.8873 -25.2367 9.8961
3.7416 -30.1449 9.3743
4.5961 -26.7253 9.8972
10.5963 -28.8849 9.0495
6.3335 -29.6353 10.374
7.199 -28.3761 9.216
10.6551 -26.9409 11.1253
4.8871 -28.5683 9.1547
10.6554 -29.813 8.553
5.174 -28.0937 9.9067
4.3112 -25.2412 9.9585
3.4439 -29.2134 9.5621
10.5961 -26.6417 9.4984
9.5031 -31.5526 8.1412
5.1741 -31.0174 8.9776
5.7484 -25.4251 9.5176
4.6056 -28.3533 9.5432
10.3585 -27.2191 10.2167
10.3589 -29.1917 8.968
10.3587 -28.1032 9.0322
2.687 -30.8293 9.3061
8.3431 -28.2124 9.2371
9.7878 -28.5533 9.1545
10.5964 -30.9856 8.2918
4.3112 -29.8696 9.1203
7.4775 -28.7818 8.8914
7.1996 -31.5029 8.2039
3.4439 -27.7808 9.6728
6.622 -25.6135 9.7202
5.7481 -29.7846 10.4312
9.2145 -27.9722 9.5678
9.2038 -27.1472 9.4733
2.8587 -26.7517 10.0224
10.3585 -27.1195 9.34
3.4438 -31.6665 8.9379
6.0384 -24.6327 9.7754
5.7569 -29.8867 10.0684
5.1813 -31.0582 8.8815
2.8762 -25.1194 9.9628
9.2036 -31.3939 8.1812
6.6128 -24.9385 9.7116
3.158 -26.9953 10.0112
6.0443 -29.191 10.2939
4.8931 -30.8311 9.0891
3.4439 -29.6858 9.3435
2.6881 -31.3557 9.0253
6.0383 -31.0901 8.6626
7.4775 -29.4766 8.8919
4.3187 -28.6993 9.264
2.8591 -31.332 9.0394
10.3748 -27.0871 10.2434
8.6339 -27.9381 9.2849
6.3335 -26.9388 9.954
3.4544 -27.3042 9.9424
5.1814 -31.4845 8.6245
7.1991 -28.507 8.945
9.503 -30.8164 8.3382
4.6051 -26.2673 9.6831
2.6883 -27.6866 9.6998
6.9003 -26.4082 9.9918
8.6338 -27.325 9.5086
9.214 -24.6737 9.7015
8.9256 -25.4772 9.6844
10.3593 -31.008 8.2984
5.757 -30.0312 9.8004
4.8871 -29.6338 10.4182
2.859 -30.2144 9.4675
7.1993 -29.9162 8.794
8.3431 -29.6262 8.8655
8.3432 -26.6226 9.8843
7.1936 -31.7986 8.0613
7.4839 -28.0924 9.5545
10.0703 -26.0002 9.6958
10.0702 -30.0393 8.4592
6.3335 -30.0804 10.3777
4.0205 -27.6416 9.8845
2.6882 -27.7431 9.7975
5.7568 -29.6417 10.5357
5.7481 -31.1899 8.7394
4.6065 -31.6519 8.725
3.4545 -28.7373 10.0818
7.1991 -29.1889 8.9857
2.859 -30.4234 9.4771
9.5028 -29.8262 8.5514
9.7879 -29.7111 8.6923
5.1739 -26.3891 9.8163
10.5962 -28.4796 9.2185
6.6219 -25.1214 9.635
4.5955 -30.9659 8.9682
10.6551 -27.6031 9.7432
2.8769 -28.8074 9.5491
4.0311 -24.8901 10.0334
8.9188 -30.1491 8.5447
10.5961 -27.2504 10.1787
7.1935 -30.325 8.6194
4.0313 -28.4844 10.1627
6.6226 -31.1682 8.4138
2.8765 -26.9194 10.0529
4.8925 -24.5706 10.0646
4.596 -27.028 9.8201
9.7877 -27.5709 9.9825
3.7352 -30.8079 9.1738
10.3583 -26.0491 9.622
10.6551 -27.5069 9.9291
2.6884 -24.7665 10.1371
6.3335 -29.4347 10.5658
8.6343 -31.2802 8.148
4.3181 -25.3101 10.0912
7.768 -31.8906 8.0297
10.5962 -28.6596 9.1362
6.3262 -29.2713 8.0202
4.6056 -28.5004 9.404
8.0533 -27.6577 10.1146
5.1739 -25.7708 9.7825
7.1929 -24.2195 9.3876
4.6053 -27.57 9.8867
4.0312 -25.6007 9.9163
4.3185 -27.6663 9.8386
9.2036 -31.659 8.267
4.8928 -28.6827 9.743
5.4683 -29.775 10.4935
6.3336 -30.4262 10.417
6.0447 -29.4411 8.0317
7.7712 -27.7578 9.9711
3.158 -27.7619 9.7423
6.3336 -30.4989 10.1904
8.6311 -28.5503 9.076
10.3586 -27.8826 9.1271
4.8928 -28.4052 10.1748
4.0316 -31.2186 9.051
5.7573 -31.4553 8.5762
5.7573 -31.6994 8.5221
8.3432 -27.7756 9.6417
8.9259 -28.1515 9.2157
7.7716 -29.1571 8.8699
8.9264 -31.3967 8.222
7.1934 -29.526 8.8529
6.0383 -30.0335 9.8596
10.0702 -27.399 9.2569
8.9189 -28.9188 9.0057
6.9004 -30.4186 8.6848
4.0205 -27.493 10.8502
5.4689 -31.4875 8.6905
8.3508 -28.4142 9.1071
8.0588 -27.7433 9.6551
5.181 -30.0283 10.0626
7.771 -26.8612 9.8697
4.8929 -29.1094 9.2795
10.5961 -27.6628 9.9186
7.484 -28.2622 9.185
3.4439 -25.579 9.9237
10.0702 -31.2342 8.2684
6.9074 -26.5318 9.8436
9.7851 -31.8485 8.2369
4.8872 -25.7386 9.7907
3.735 -29.3039 9.3476
5.174 -28.6176 10.2123
2.6883 -25.3972 10.1096
4.5959 -28.3144 9.4354
7.4773 -31.4358 8.0966
7.7716 -29.2555 9.0195
2.8771 -29.9215 9.4053
8.0529 -30.93 8.2347
6.0442 -27.0003 9.9623
2.6729 -24.8925 10.1705
10.5965 -31.3883 8.2221
10.6553 -29.1945 8.9539
7.199 -28.4817 9.0464
4.3112 -25.9137 9.9828
4.8927 -26.8105 9.9008
7.7678 -28.6201 8.8761
4.0312 -26.1577 9.8445
4.3191 -31.3894 8.9055
9.2037 -29.722 8.8107
5.7572 -30.9871 8.7814
5.1739 -26.2796 9.7926
6.3262 -29.3885 7.9742
6.3261 -29.923 9.9356
9.788 -30.1506 8.4168
10.3754 -29.9947 8.499
9.7879 -25.0351 9.4266
8.3432 -26.9095 9.6969
6.908 -30.003 8.5779
4.3186 -28.4962 9.555
4.0314 -29.1454 9.3792
4.0205 -26.8245 9.6722
7.4837 -26.2954 9.8425
8.0528 -31.3224 8.1057
4.8869 -31.637 8.6629
5.174 -29.6335 10.6028
3.158 -27.3673 9.9919
4.8871 -30.0385 9.9996
5.1809 -29.9094 10.2507
2.6882 -29.2459 9.5596
7.484 -28.3516 9.1117
6.0443 -29.6164 10.4501
9.502 -26.9733 10.7845
7.1985 -25.8454 9.8297
8.6343 -31.1233 8.2495
5.7481 -30.573 8.9981
2.6721 -27.6007 11.1697
8.343 -30.7153 8.3881
9.2039 -27.1631 10.7025
5.7483 -27.1004 9.9509
3.7349 -28.153 9.6975
3.7415 -28.2185 9.77
7.4843 -30.9665 8.395
5.1739 -25.3937 9.7723
9.4935 -27.1123 10.7133
5.7573 -31.2505 8.5533
3.4548 -30.4083 9.3889
9.5026 -28.9419 9.0726
8.0586 -26.2533 9.853
7.1986 -27.6154 10.2415
4.6049 -26.917 11.0782
3.4548 -30.9368 9.2467
10.5963 -29.839 8.6285
9.4935 -30.1151 8.5329
9.7878 -24.546 9.7199
8.9189 -26.8206 9.664
10.0702 -29.3434 8.8504
8.9256 -26.3182 9.7311
9.2149 -29.3649 8.8075
6.9003 -25.0297 9.6369
6.3261 -25.7116 9.6097
5.7484 -25.4363 9.6197
9.4935 -27.878 9.2824
6.6128 -25.2103 9.4568
6.6129 -27.0882 9.8053
6.3261 -29.0316 10.3203
3.7344 -25.0012 9.9
4.0205 -25.4876 10.0317
9.4935 -30.3785 8.5328
8.3431 -27.9778 9.5357
6.0383 -31.4137 8.4973
6.0442 -27.7638 9.9993
5.4687 -30.4815 9.0214
8.9188 -30.5934 8.5053
6.3335 -28.6332 9.9859
5.7567 -27.7934 10.0716
10.5963 -29.2889 8.8161
9.2143 -26.5571 9.6462
10.6554 -29.5955 8.7982
8.6311 -30.6301 8.4065
5.4682 -28.3492 10.0351
3.7349 -28.8915 10.0638
3.4547 -29.0966 9.4183
9.7848 -25.6987 9.737
7.7676 -24.3666 9.6169
10.6023 -27.1637 10.3166
9.4935 -27.097 9.5056
9.5029 -30.2636 8.3966
4.3112 -26.7825 9.8285
7.4837 -24.3425 9.3626
8.6338 -27.7068 9.527
5.7567 -27.076 9.845
3.158 -27.6926 9.9126
6.6223 -28.6688 8.9988
10.0702 -27.7393 9.2449
10.6551 -27.3548 10.0388
7.4776 -27.4813 10.3707
10.6555 -30.6826 8.4415
7.4774 -30.1735 8.7716
4.3112 -30.478 9.1165
10.3752 -27.7698 9.1866
10.3592 -30.6968 8.4023
10.0702 -31.398 8.2824
3.7416 -30.5481 9.3261
6.9003 -25.1742 9.5968
7.4835 -26.8627 10.9703
7.4838 -27.49 9.8588
5.4681 -26.6664 9.8988
7.4776 -26.6918 10.8486
4.3184 -27.5765 9.8905
6.6129 -28.3828 9.8284
6.0442 -25.4846 9.5558
9.5027 -29.3178 8.7905
8.0598 -31.8746 8.247
3.7415 -28.8671 9.9602
6.6128 -31.4733 8.1726
2.6652 -29.6301 9.531
9.785 -28.7375 9.111
6.0442 -25.6757 9.5758
3.4439 -28.2613 9.6342
9.215 -30.0062 8.6329
8.3505 -27.7287 9.8067
2.6652 -30.2578 9.5812
7.7676 -27.0195 9.8984
10.6023 -27.3717 9.1428
2.687 -24.4632 9.9958
6.0443 -28.2572 9.9208
10.6555 -30.8163 8.3207
6.3261 -28.5694 9.9139
9.5025 -27.7875 9.2502
2.6869 -26.2547 10.1125
6.0441 -24.2037 9.5352
3.735 -29.0176 9.7846
10.3585 -27.0269 10.5886
6.3336 -29.9594 10.2303
6.6221 -27.6499 10.0541
6.622 -26.0753 9.8771
8.6338 -27.791 9.4241
2.8586 -25.6012 10.1654
8.9188 -26.8612 10.9984
3.158 -29.239 9.3562
3.158 -28.814 9.4496
9.2145 -28.0428 9.462
2.6881 -30.0727 9.3536
2.688 -27.5858 11.0179
7.1929 -24.3589 9.7741
2.6727 -25.4842 10.2415
8.9258 -27.4354 9.5097
2.6869 -26.8442 10.0761
3.4438 -31.3365 9.0091
3.7415 -26.1573 10.0155
8.9262 -30.0969 8.6248
6.334 -31.5146 8.2792
4.3185 -28.4435 10.3347
9.7879 -28.4341 9.0931
9.5029 -30.2884 8.5018
8.3507 -27.9969 9.3588
4.3112 -30.6687 9.1149
9.7851 -30.079 8.5314
9.4935 -28.2363 9.26
4.0206 -24.7232 10.18
6.3261 -24.9784 9.7292
7.7712 -27.8839 9.6919
10.0703 -25.3602 9.7071
3.4439 -27.9509 9.7809
9.5029 -30.0216 8.558
8.9255 -24.726 9.814
4.5957 -29.4101 9.0523
4.3188 -29.6929 9.2225
5.4689 -31.6483 8.5542
9.2038 -28.1882 9.3061
2.6869 -26.0682 10.1006
9.2039 -24.7668 9.8713
7.7676 -27.5912 9.8724
6.9075 -27.7366 9.9191
10.0702 -29.5554 8.7822
9.4935 -31.0369 8.3045
5.4679 -25.0751 9.7965
6.0384 -26.6332 9.9014
4.3182 -25.272 9.7765
2.8771 -29.7454 9.4527
7.1986 -27.5555 10.4281
6.9004 -29.4319 8.8422
4.8927 -26.0165 9.7076
2.859 -29.6611 9.5045
6.3334 -24.6827 9.7577
6.6222 -28.2759 9.3343
10.3589 -29.4216 8.6613
2.6869 -25.9477 10.2029
2.877 -29.5628 9.4061
2.6869 -26.9515 9.9924
4.5959 -28.2503 9.6354
3.4547 -29.3805 9.3088
5.174 -29.2205 10.3853
9.2039 -26.4363 9.7972
3.7415 -24.8298 9.935
9.785 -28.6234 9.0792
6.908 -29.847 8.7223
6.0383 -28.1964 10.1823
4.887 -31.0432 8.9409
4.3112 -31.7485 8.6214
2.6882 -27.1385 9.9946
10.3585 -27.0588 9.2556
9.2143 -26.6922 9.5899
10.6023 -27.2722 10.0692
8.3505 -27.1383 9.5719
10.6554 -30.0088 8.581
7.7679 -30.4273 8.6469
6.6128 -24.6943 9.5377
5.1739 -24.8662 9.9576
4.596 -27.195 10.8968
10.3593 -31.3261 8.3101
5.7483 -26.781 9.8747
2.6653 -30.8939 9.3767
10.0702 -29.7289 8.6059
5.7567 -27.8721 10.1456
7.4776 -27.4022 10.5032
5.1805 -25.4831 9.6135
9.2039 -24.6037 9.4441
7.4775 -29.3496 8.9001
3.7416 -29.2304 9.5114
10.375 -27.6309 9.7338
9.788 -29.8167 8.5228
8.9262 -30.2453 8.55
6.9079 -29.1954 8.8379
8.6343 -30.9552 8.2488
9.4935 -27.2434 10.2356
3.4549 -31.1459 9.0283
6.9078 -28.7751 8.9393
9.4935 -31.8731 8.3427
7.7715 -28.4735 8.9714
6.9004 -26.6267 10.0176
6.3261 -30.496 8.8551
8.0594 -29.837 8.7611
4.6056 -28.7548 9.6372
7.1932 -28.2149 9.5886
8.9188 -29.3395 8.9256
3.7345 -25.3626 10.028
7.1993 -30.1321 8.6911
6.0382 -31.5779 8.5328
7.1992 -29.7268 8.8599
3.7348 -27.8093 9.7658
6.3335 -27.9773 9.8867
7.1931 -27.0944 9.8666
8.9188 -30.4087 8.5794
7.7679 -30.7325 8.4706
3.4439 -27.9242 10.7088
6.9004 -28.3781 9.2772
4.0204 -28.6246 10.2182
6.3261 -26.6587 9.9641
4.0315 -29.6743 9.2584
4.0206 -25.0272 10.1674
3.158 -30.5383 9.3879
6.6223 -28.697 8.8196
6.6129 -30.363 10.2917
2.859 -30.0318 9.4208
2.8772 -30.0921 9.3068
4.8872 -26.6168 9.8806
9.2038 -27.8577 9.3559
7.4836 -27.1445 10.7533
7.4844 -31.1461 8.2913
6.3339 -29.5778 7.9311
7.4837 -25.9231 9.8403
9.4935 -31.2018 8.1549
6.908 -30.1368 8.6852
8.6337 -26.5408 9.8092
6.0446 -29.9473 8.8255
6.6224 -29.3691 8.3664
9.4935 -24.7228 9.5412
6.3261 -26.9836 9.8633
6.0383 -28.0564 9.3182
7.1987 -27.2388 9.7965
10.6552 -28.1818 9.3979
4.6051 -27.4806 10.6443
2.8588 -27.331 9.9268
4.0316 -31.5734 8.8569
3.4439 -28.6226 9.5341
10.6551 -27.6057 9.8721
3.158 -31.2506 9.1286
5.4678 -24.6745 9.9735
6.6221 -27.7671 10.0082
10.3594 -31.7468 8.23
4.0312 -24.4861 9.8105
3.1581 -26.2411 9.9906
3.7415 -29.1565 9.6736
9.2154 -31.4797 8.054
10.3594 -31.5206 8.2738
9.788 -30.9698 8.2805
2.8767 -27.827 9.8003
5.4685 -30.1928 9.579
6.9083 -31.9039 8.0342
9.5022 -25.7588 9.7588
7.1933 -28.3499 9.0761
6.6221 -28.1288 9.7016
7.4837 -24.5502 9.5359
4.3181 -25.0253 10.1578
8.9255 -25.3832 9.7495
4.8869 -31.7502 8.6518
8.6311 -24.9793 9.6514
10.0702 -27.557 9.8826
8.6341 -29.8714 8.7768
6.6222 -28.2968 9.7023
10.3593 -31.4099 8.1857
6.3261 -25.2276 9.7046
5.4682 -28.0802 10.2121
4.0205 -28.5765 9.4096
5.7572 -30.8204 8.8451
8.9258 -27.7274 9.3519
6.6128 -29.2462 8.0693
9.502 -26.9254 10.8882
10.3584 -26.9763 9.4445
10.0702 -30.8289 8.4374
2.665 -26.4365 10.1375
5.7567 -28.1679 10.1811
10.3755 -31.5167 8.087
4.596 -27.3519 10.7953
6.3336 -28.3938 9.82
2.8585 -24.481 10.0085
6.3335 -28.7541 10.1333
7.7679 -30.4743 8.5002
10.5963 -28.9811 9.0917
7.772 -30.7912 8.3825
3.4542 -25.1751 9.9659
7.1996 -31.856 8.1521
7.1937 -31.9012 7.9695
8.0593 -29.5343 8.8382
7.7717 -29.5111 8.861
8.9189 -27.2524 9.458
6.0383 -27.889 10.2512
9.2142 -26.4395 9.6706
8.6311 -27.8908 9.468
7.768 -31.4605 8.0935
10.655 -26.6559 9.389
7.1991 -28.5831 8.8902
10.6553 -28.7097 9.0059
8.3511 -29.8727 8.6889
8.0597 -30.9143 8.3671
4.6048 -25.3331 9.9726
6.6221 -27.977 9.8327
5.4681 -26.94 9.958
6.0383 -30.0574 9.6937
6.6226 -31.5727 8.202
4.3185 -28.5863 10.2088
5.7483 -27.9299 10.3297
5.7569 -29.7858 10.2462
3.7416 -30.3531 9.341
9.5025 -27.9594 9.2162
8.0531 -29.5184 8.9416
8.3432 -26.1267 9.8342
9.4935 -28.055 9.2779
4.8928 -28.8554 9.7519
6.9076 -28.1449 9.6725
7.1985 -27.3747 10.4674
9.2145 -27.7256 9.2649
8.9259 -28.3965 9.2046
8.3431 -29.4577 8.8433
4.0206 -24.7035 9.8764
4.3112 -25.1305 10.0985
4.8929 -29.044 9.415
4.0204 -31.305 8.9305
9.2039 -27.4165 10.4365
2.6721 -27.6896 11.0749
9.503 -31.2012 8.2789
8.3431 -28.0722 9.2639
9.2039 -24.2949 9.2207
8.6311 -29.3776 8.8913
6.9004 -30.5896 8.6077
3.4438 -31.4819 9.012
10.6552 -28.3271 9.1727
9.2154 -31.3001 8.1576
7.4774 -30.6073 8.4449
8.343 -29.7617 8.8306
6.6224 -29.7266 8.7574
8.6342 -29.9411 8.628
8.6338 -27.6221 9.3804
8.0587 -27.0045 9.7233
2.665 -25.1106 9.9149
8.9255 -25.2959 9.7022
10.0703 -24.3516 9.6816
9.7849 -27.7508 9.2683
9.7879 -27.877 9.165
4.0205 -27.8408 9.8563
2.687 -29.9204 9.4943
9.7875 -26.9313 10.9274
4.0205 -26.7506 9.8344
5.1811 -30.3263 9.5213
4.0316 -31.4306 8.9828
8.9188 -29.6088 8.77
8.3513 -31.0498 8.2811
4.8928 -28.5087 10.1259
2.859 -30.6133 9.4326
4.8871 -28.9054 9.6551
4.8927 -28.4073 10.2821
9.788 -30.4777 8.4235
9.2038 -28.381 9.1839
10.5964 -30.4812 8.4964
8.3508 -28.8854 9.0523
7.1989 -28.2662 9.3989
10.6556 -31.6696 8.0774
4.3188 -29.0233 9.1203
9.4935 -28.4022 9.1534
4.887 -30.6375 9.0885
8.343 -31.3087 8.0887
2.6653 -31.0192 9.2826
8.9258 -27.9044 9.3475
6.9077 -28.4515 9.1045
6.9075 -27.9123 9.8502
10.3752 -26.559 9.4948
7.771 -27.3388 10.5932
8.6341 -29.7842 8.7294
6.0447 -31.15 8.5655
10.3752 -27.5432 9.2088
2.6724 -27.5116 9.896
8.634 -29.0364 9.0308
8.6339 -28.4302 9.1419
6.3334 -24.6216 9.6518
8.0532 -27.909 9.7413
8.0534 -26.8564 9.7846
8.3514 -31.9062 8.1887
6.3335 -25.0038 9.4637
6.9073 -24.9999 9.5335
8.3432 -26.488 9.9621
6.0443 -27.8523 9.883
6.0442 -29.3355 10.482
3.4549 -31.2651 9.0898
9.7848 -25.6953 9.5652
4.8872 -26.0794 9.8002
5.7484 -26.6549 9.9259
8.6311 -26.0114 9.7176
3.4439 -28.2598 10.4606
4.893 -29.368 9.0432
3.158 -30.9227 9.3071
5.7566 -25.8729 9.6274
6.0384 -26.7726 9.8317
9.4935 -26.9589 9.6396
7.1931 -26.9734 9.9474
10.0702 -28.7658 9.032
9.7851 -31.7374 8.1273
9.4935 -27.8136 9.689
3.7349 -28.6119 10.1602
4.6058 -29.1456 9.1944
7.768 -31.2887 8.1276
5.4687 -30.6123 8.9785
3.158 -30.7085 9.2679
2.8591 -31.6291 8.9112
4.887 -30.2333 9.5285
8.9188 -27.1066 10.7806
9.788 -31.6586 8.2086
4.5958 -29.0378 9.2782
4.8929 -29.2393 9.1936
5.7574 -31.7777 8.3466
10.0702 -30.4061 8.4102
5.4684 -29.8067 10.258
6.6128 -29.359 8.0367
9.7848 -25.0822 9.561
8.9256 -25.7248 9.5741
4.3111 -28.1093 10.322
10.6552 -28.2574 9.0935
2.8769 -28.9891 9.5528
5.7484 -25.9203 9.7529
3.4543 -25.8519 9.9771
10.3587 -28.1973 9.1951
3.4439 -25.4405 10.0363
7.4774 -30.7895 8.47
10.3585 -26.9787 10.8989
7.1992 -29.3839 8.9709
5.7482 -28.345 9.9704
4.3112 -28.8427 9.5398
9.4935 -27.7151 9.3113
7.4776 -27.5722 9.9271
10.3589 -29.3066 8.8147
10.359 -29.8794 8.6248
6.0442 -29.4915 10.5657
5.4687 -30.8072 8.9637
5.4688 -31.2079 8.7867
9.2155 -31.5819 7.9407
4.0206 -24.7963 9.7468
6.0384 -25.1992 9.7197
3.158 -27.4887 9.9326
3.158 -29.0821 9.4577
3.4439 -29.2651 9.4236
4.3112 -31.6746 8.7836
7.7676 -27.3492 9.8058
10.0703 -25.8214 9.3863
5.1807 -27.1992 9.8281
3.7416 -31.4096 9.035
8.6337 -26.7982 9.7367
7.4838 -27.6674 9.8759
4.6058 -28.9831 9.0167
4.893 -30.2424 9.1683
2.8589 -29.1263 9.5527
3.4544 -28.3512 10.3046
8.6311 -27.9668 9.4132
2.665 -25.371 9.9926
4.5958 -28.4988 10.0241
6.6223 -28.5354 9.141
4.3188 -29.2333 9.1729
9.7849 -27.1463 9.4655
4.3112 -28.8725 8.9903
9.2038 -27.0323 9.6266
5.1805 -25.6802 9.706
2.6649 -25.0226 10.0526
4.887 -30.3859 9.4403
9.2141 -27.2948 10.4475
6.0448 -31.8332 8.2145
6.6128 -24.7482 9.7347
3.4543 -26.4923 9.9875
6.0443 -29.843 10.1998
5.4681 -27.1153 9.8677
8.0599 -31.5873 7.9568
7.771 -26.7159 9.8668
6.6128 -25.4258 9.5603
4.3181 -24.7885 10.1208
4.0204 -29.7702 9.1546
4.3189 -30.2431 9.2632
9.2152 -30.8686 8.3849
7.4841 -28.6611 8.9221
7.7713 -28.1853 9.3224
6.6223 -28.5551 8.9885
8.3513 -30.8685 8.2988
6.9003 -24.8433 9.6251
3.7415 -25.8884 9.9644
5.1808 -29.7341 10.5692
4.606 -29.6937 9.1278
6.6219 -24.7952 9.4432
10.3752 -25.8959 9.4868
9.2036 -30.9193 8.2925
7.7678 -29.4393 8.9678
9.2038 -27.4895 10.2314
8.0533 -27.7475 10.0627
10.0703 -25.6406 9.6537
9.4935 -26.1252 9.7303
9.7851 -31.5655 8.1614
5.7567 -27.7015 10.2441
7.7678 -28.9754 8.9316
5.4688 -31.3058 8.6867
7.1996 -31.3126 8.2268
5.4686 -30.2458 9.505
8.6335 -24.2958 9.4873
2.859 -27.6119 11.0353
5.468 -25.5219 9.6581
8.3505 -27.072 9.6644
6.9079 -29.7221 8.8378
10.3587 -28.4538 9.0795
10.3755 -31.6843 8.0662
7.1992 -29.0726 8.8465
4.8869 -31.8165 8.5592
10.6556 -31.5551 8.2522
5.1739 -24.6854 9.9969
4.0205 -28.6799 9.1326
6.9004 -30.3237 8.7071
8.6343 -30.7398 8.3732
2.8774 -31.2131 9.0505
5.7569 -28.132 9.2896
9.4935 -27.0102 9.4797
8.0588 -27.4915 9.7788
9.2154 -31.8058 8.2458
7.1996 -31.2258 8.2009
6.6129 -29.7631 10.2691
4.0315 -30.0852 9.3687
3.158 -28.2783 9.6829
4.0204 -30.1669 9.2404
10.3587 -28.0452 9.5328
8.9255 -25.0698 9.7458
8.6311 -25.603 9.5082
5.4687 -30.7243 8.903
7.4838 -27.8295 9.804
6.6128 -24.422 9.7711
10.3592 -30.7814 8.3208
4.3112 -25.4687 9.9792
8.631 -30.9375 8.3375
8.9263 -30.421 8.4812
10.3752 -26.7839 9.3867
9.7849 -27.9676 9.2082
4.8871 -28.3713 9.5184
7.1936 -31.3822 8.1281
7.1936 -31.1193 8.3777
7.4842 -29.73 8.7829
6.3261 -26.1007 9.7651
2.6869 -29.1012 9.6307
9.2142 -26.3702 9.6128
9.2143 -27.5591 10.0343
10.0702 -30.5408 8.3324
7.1993 -30.0145 8.7155
3.158 -30.4477 9.3968
2.687 -30.0072 9.5202
9.2145 -28.1386 9.4827
8.6337 -26.3899 9.7552
9.5029 -30.3397 8.3418
6.0442 -27.0751 9.8431
3.735 -29.6164 9.3083
2.6652 -29.8447 9.5917
3.4439 -30.4883 9.2818
10.5961 -27.227 9.2471
6.9005 -31.7634 8.049
3.4545 -28.6244 10.1144
8.631 -31.5762 8.2617
6.6129 -28.2469 9.8418
5.1741 -31.6628 8.5612
3.7415 -28.9932 9.9091
10.6022 -29.6692 8.6846
6.334 -31.6988 8.1837
4.8871 -29.7774 10.3352
5.7484 -26.0379 9.7284
4.3182 -25.5187 9.8512
9.5025 -27.5161 9.2984
5.4689 -31.8167 8.5764
4.8927 -27.3239 9.9193
2.6721 -28.6694 9.6618
10.6552 -28.4357 9.1534
4.0313 -27.8893 9.6918
6.3335 -29.2159 10.2903
6.3261 -30.7974 8.7135
10.5962 -28.0371 9.1157
8.9189 -28.0843 9.2815
10.3754 -29.7424 8.6012
6.9082 -31.1031 8.4097
2.8768 -28.2426 9.6906
8.9262 -29.8258 8.6944
8.3431 -29.2149 8.9619
9.4935 -31.7217 8.0392
6.3261 -24.4722 9.8478
7.199 -28.2679 9.2567
2.6652 -29.0111 9.6822
9.7851 -30.7998 8.2454
9.214 -24.2962 9.4415
10.6553 -29.3381 8.8709
4.8931 -31.4613 8.8121
8.9264 -31.0427 8.2309
8.6311 -26.8049 9.8891
2.6724 -27.2547 9.9901
4.3187 -28.5423 9.3654
8.9262 -29.9875 8.6011
8.9189 -28.5773 9.1813
3.7352 -30.7002 9.2361
6.9076 -28.1795 9.5873
10.6023 -27.3371 9.228
2.6869 -26.6942 10.065
3.4548 -30.5891 9.3496
8.9189 -28.2369 9.1933
6.0383 -28.3434 10.043
2.665 -26.687 10.1774
8.6311 -27.6771 9.6784
7.1934 -29.8458 8.7224
3.4543 -26.1947 10.0941
9.5029 -30.668 8.4129
5.174 -30.2125 9.5948
6.9004 -27.7174 10.0609
2.8588 -27.75 9.7609
4.3112 -29.5344 9.1619
6.9083 -31.4575 8.1942
10.6555 -31.1921 8.2665
9.4935 -24.8311 9.7285
2.8773 -30.922 9.2512
9.785 -28.909 9.0554
10.6553 -28.7161 9.1
2.877 -29.3726 9.4291
7.7677 -28.0614 9.5464
2.8589 -28.9694 9.6542
8.3514 -31.5565 7.9561
2.8764 -26.3944 10.1389
4.606 -30.0302 9.1507
6.9004 -31.6014 8.1208
10.6023 -26.9395 9.3273
6.9078 -28.9513 8.8919
5.1806 -26.8845 9.9881
4.0205 -28.8005 9.0304
4.887 -30.1261 9.8403
6.0383 -28.0472 10.2142
4.8929 -28.6027 8.9203
4.8872 -25.5197 9.7434
8.9256 -25.6068 9.577
9.5026 -28.2938 9.1318
9.7851 -31.3 8.2822
4.0315 -30.4652 9.3013
8.9256 -25.5768 9.6703
10.6555 -30.9446 8.3769
3.4439 -30.163 9.3612
6.3335 -27.699 10.0474
8.9255 -24.809 9.6466
6.3335 -27.0962 9.8741
2.665 -28.2741 10.7487
9.2036 -30.6304 8.3727
4.0315 -29.2989 9.334
4.3187 -28.6783 9.124
9.7878 -24.9774 9.4925
8.9256 -25.9082 9.6637
10.0702 -30.3022 8.4376
6.6219 -24.602 9.772
5.4683 -29.7455 10.3802
6.6128 -31.3074 8.2793
9.2037 -29.8793 8.7307
9.7848 -26.9599 11.0287
9.7848 -27.0522 10.8776
8.0534 -27.1104 9.7682
5.1804 -24.7306 9.9067
7.4778 -24.9619 9.5126
9.5023 -26.0701 9.6552
8.343 -30.2712 8.6556
6.6128 -26.0074 9.8
6.6128 -31.0399 8.5209
4.3112 -28.7323 9.017
8.9188 -30.6818 8.389
5.7565 -24.2341 9.4225
4.8872 -27.1303 9.8989
2.6882 -28.5323 9.5264
9.2038 -27.0613 9.4903
7.7711 -27.1635 9.7712
10.3752 -28.8579 9.1012
9.2149 -29.4508 8.7905
8.3431 -28.9331 8.951
6.3335 -25.1808 9.4593
3.7344 -25.0535 10.2392
2.8585 -24.5199 9.91
2.6883 -26.5575 10.0043
3.4439 -28.1322 9.7631
4.8869 -31.3309 8.7964
6.0383 -31.2611 8.5855
10.6556 -31.803 8.1633
10.5964 -30.0814 8.4884
10.5963 -29.8916 8.533
8.0591 -28.3273 9.1115
3.7353 -31.1504 9.0412
4.596 -27.3654 9.8859
4.0205 -26.6198 9.8774
5.1739 -29.5489 10.6843
8.0535 -26.3399 9.844
9.7874 -26.8347 11.0918
3.4438 -30.9718 9.1654
2.8764 -26.6628 9.9404
10.0702 -31.0457 8.3774
5.1811 -30.3827 9.391
4.0314 -28.9406 9.3562
9.7848 -26.1925 9.6798
2.859 -27.4101 11.1627
6.6224 -28.9514 8.5967
5.4688 -30.9188 8.8667
8.6339 -28.148 9.3375
2.6869 -27.0221 9.8865
7.4837 -26.0188 9.861
8.3504 -26.3063 9.748
2.6649 -25.1637 10.0689
6.0382 -31.7599 8.3299
10.359 -29.9093 8.5315
4.8932 -31.4912 8.7188
4.0312 -28.3921 10.3138
5.4687 -30.4212 8.9585
7.1935 -30.8697 8.3808
2.6721 -27.2852 11.2867
5.1741 -31.4435 8.7205
10.0702 -27.2348 9.2214
10.0702 -27.679 9.182
6.9004 -30.6866 8.4648
10.5964 -30.6042 8.295
9.788 -30.5782 8.4523
4.0313 -27.3989 9.9206
4.5956 -30.4033 9.2171
7.4775 -29.0555 8.9505
2.687 -31.7682 9.0245
5.1805 -25.5074 9.6971
4.0204 -29.3666 9.1813
6.622 -27.4738 10.1015
9.785 -28.7858 9.0288
8.0534 -26.611 9.7743
8.6344 -31.4264 7.9659
9.785 -29.0714 9.005
8.343 -30.5987 8.4555
8.9189 -27.514 9.372
6.9079 -29.5558 8.923
3.4439 -26.6572 10.0286
3.7416 -31.0936 9.1305
6.6224 -30.0789 8.6626
8.9263 -30.5155 8.4375
4.318 -24.5704 10.1164
2.6883 -25.2899 10.1933
6.0383 -29.7309 10.3928
7.4779 -24.7405 9.5646
2.8588 -28.0993 9.7438
6.3262 -29.4488 8.0372
8.0532 -28.0385 9.6338
10.0702 -27.4723 9.964
10.0702 -31.5506 8.1943
8.6311 -30.2253 8.5969
4.8871 -28.6409 10.0469
9.7878 -24.838 9.5621
9.2138 -26.8398 11.0902
10.5962 -27.551 9.1033
6.0384 -25.345 9.7441
2.6727 -25.6373 10.1748
6.6222 -28.3768 9.6127
4.6058 -28.8142 8.973
3.7416 -29.6828 9.424
8.631 -26.9029 11.136
10.0702 -26.9583 11.0431
10.6023 -27.0305 9.3399
8.9188 -27.3921 10.5287
8.0584 -27.1405 10.8503
8.0585 -27.1649 10.7059
4.8871 -28.688 10.1284
8.9256 -26.3336 9.8199
4.6048 -25.4507 9.9481
3.4546 -28.9905 9.5664
7.1933 -28.7722 8.8538
8.343 -31.4065 7.9886
9.7878 -26.2361 9.5368
4.3112 -25.7936 9.8784
2.6649 -24.7096 10.0705
6.6224 -29.3383 8.6449
6.3261 -25.3486 9.6239
5.7568 -29.7246 10.3684
6.9004 -27.5758 10.0232
3.4541 -24.7137 10.0584
5.7483 -28.0475 10.3052
5.4682 -28.0302 9.9803
3.7345 -25.6264 10.0494
4.605 -27.2518 10.7872
8.0531 -29.2607 8.9928
4.0204 -29.9215 9.2301
10.3747 -26.9551 10.6781
2.6882 -27.873 9.7116
6.3334 -26.6092 10.0466
10.5961 -27.2474 9.1375
9.7879 -29.9454 8.6005
9.7851 -30.8755 8.3971
4.3183 -26.2041 9.8357
6.9003 -24.1686 9.4935
4.8926 -25.4979 9.8876
10.6556 -31.8822 8.2587
3.4438 -31.1223 9.198
6.6221 -28.0634 9.8371
10.6555 -30.5915 8.4289
8.3514 -31.6621 8.0146
4.8873 -24.663 10.043
2.6869 -26.4214 10.0488
8.3503 -25.4546 9.6205
7.7678 -29.8984 8.7677
6.9082 -31.1223 8.2357
6.6129 -29.5007 10.5402
6.3261 -31.829 8.3022
4.3188 -29.1118 9.2321
7.4838 -26.8718 9.8247
10.0702 -28.5811 9.1062
7.7678 -29.3294 8.9226
6.6129 -28.908 10.1984
4.3112 -26.7756 9.713
5.4683 -28.8066 10.2054
6.3335 -30.2813 10.4355
8.9257 -27.0959 9.5645
3.4544 -27.4889 9.8684
6.3261 -29.9965 9.9801
10.0702 -28.237 9.381
2.8586 -25.298 10.2209
7.193 -26.105 9.895
7.193 -25.0691 9.6354
9.7848 -26.4332 9.6819
2.8589 -29.4747 9.4927
8.0588 -27.5766 9.7188
7.1988 -28.0545 9.7165
7.1993 -30.224 8.7466
6.9073 -24.5886 9.4017
9.2038 -27.9432 9.3174
7.1933 -28.4097 8.8895
6.908 -30.0047 8.6638
6.3261 -24.8856 9.8588
3.1581 -25.9517 10.0491
6.0444 -28.1251 9.2151
3.4544 -27.6651 9.821
4.3189 -29.9699 9.2254
10.0702 -31.7464 8.2223
3.158 -31.5866 8.9019
6.0441 -24.7997 9.5929
4.0313 -27.2745 9.8296
3.158 -28.0282 9.6645
3.158 -31.3848 9.0293
4.5958 -28.8681 9.6478
10.6552 -27.7314 9.7994
7.7677 -28.4341 9.1139
9.5019 -26.8617 11.1096
4.6047 -25.0471 9.9748
3.158 -27.8354 9.7867
2.672 -28.5523 10.392
10.5965 -31.5602 8.1879
2.6882 -28.9295 9.6337
4.8929 -28.4689 9.0411
9.5023 -26.1543 9.5523
2.8764 -26.5632 9.9545
3.7416 -30.0543 9.3832
10.6551 -27.014 10.9202
6.3335 -26.7922 9.8866
7.4838 -27.1039 9.8536
6.6226 -31.4154 8.282
4.5957 -29.7795 9.1321
5.174 -28.1186 10.0118
8.6311 -27.064 9.6742
10.6022 -30.3477 8.5534
9.2153 -31.0452 8.359
6.3335 -27.8435 10.0074
10.596 -25.8675 9.609
10.5964 -31.2357 8.3103
5.7483 -26.9575 9.8487
2.6653 -30.7092 9.4508
9.2152 -30.7143 8.3871
7.1997 -31.735 8.0047
3.7348 -27.8926 9.6199
7.7722 -31.8814 8.1766
6.3335 -28.9012 10.2222
2.8588 -27.9035 9.7157
3.7416 -29.2232 9.3745
8.3432 -26.1608 9.7276
2.8764 -27.2876 11.2088
10.359 -29.5503 8.739
9.2038 -28.5041 9.2105
8.0533 -27.2415 10.8656
10.0702 -30.6147 8.3982
9.2036 -30.5637 8.4438
4.5963 -24.8027 10.0303
3.4439 -24.8158 10.1365
6.0442 -27.7972 10.0778
8.9259 -27.8035 9.2971
9.7848 -27.0766 10.7332
9.5023 -27.5386 9.9804
7.4836 -27.1915 10.6067
6.0442 -25.143 9.5033
4.8927 -27.3898 9.8053
8.0586 -26.4547 9.7041
10.5962 -28.0295 9.4134
9.7849 -27.4969 9.2847
8.0533 -27.3684 10.6293
8.3432 -27.6038 9.6758
9.785 -29.3848 8.7805
6.9079 -29.0539 8.8001
3.4542 -25.479 9.9533
2.665 -28.0771 10.8842
4.3184 -26.6509 9.6972
2.8768 -28.4504 9.6358
5.4684 -29.8986 10.0855
4.8871 -29.9855 10.0737
10.0703 -24.1566 9.4684
6.6129 -27.9408 9.9752
7.7714 -28.3286 9.218
8.9188 -26.9472 10.9813
8.343 -31.2296 8.2212
9.4935 -27.847 9.7674
7.1932 -27.8071 9.8568
7.7715 -28.7959 8.9699
10.5964 -30.8381 8.4096
5.7485 -24.8369 9.8465
3.7353 -31.2414 9.0537
4.0204 -30.922 9.0758
7.4844 -31.1705 8.1469
2.8761 -25.0442 10.0605
10.5962 -27.9631 9.0499
9.215 -29.6043 8.7454
8.6311 -25.4235 9.612
8.9188 -30.3274 8.6046
4.8928 -28.4881 10.0074
5.1741 -30.4586 8.9638
4.8873 -24.7635 10.0719
3.4544 -26.9861 9.9305
4.0312 -26.0385 10.0111
9.2145 -27.5195 9.4056
7.4842 -30.2405 8.6512
7.4837 -26.6516 9.941
9.2038 -27.6632 9.3923
7.4773 -31.7551 7.9446
10.5965 -31.6876 8.2012
8.343 -31.4933 8.0145
6.3334 -24.6203 9.8155
4.3111 -27.7981 10.6538
2.6869 -27.6865 9.959
10.5961 -27.579 9.8149
8.0531 -29.4282 8.972
8.0594 -29.9896 8.673
8.9259 -27.9656 9.2253
8.926 -28.7685 8.9573
9.5029 -29.9656 8.4818
8.6311 -30.3924 8.5547
6.0383 -29.5813 10.6313
6.6129 -29.1915 10.2953
4.0315 -30.3844 9.348
6.9073 -25.6237 9.6186
10.6023 -27.2209 10.0011
9.4935 -27.7901 9.8763
9.2147 -28.3943 9.0962
8.6341 -29.5469 8.899
7.772 -30.8724 8.3573
6.6129 -27.8113 10.0827
6.3262 -29.7292 7.9838
4.893 -30.0448 9.0543
4.8929 -28.5694 9.0699
7.7712 -27.851 9.863
8.6311 -25.1075 9.4795
9.5028 -29.8069 8.7254
8.0596 -30.5441 8.4722
6.3261 -24.801 9.9403
3.455 -31.765 8.8773
9.7879 -27.4956 9.168
4.605 -26.2049 9.7408
3.1581 -25.2629 9.893
9.4935 -27.2101 10.3852
4.6064 -31.2615 8.9612
9.4935 -30.5367 8.4958
9.5024 -26.6404 9.5649
8.343 -30.4896 8.4534
4.3112 -31.3048 8.9103
9.2144 -27.2305 9.4856
6.9073 -24.5642 9.5461
2.8588 -26.8342 10.0616
4.8873 -25.374 9.9471
10.3587 -28.0502 9.1063
2.6882 -28.4977 9.6115
5.1812 -30.3947 9.08
7.4844 -31.8118 8.2002
10.0703 -26.0426 9.7691
7.4779 -24.3001 9.5692
8.6336 -27.1993 10.7215
6.6129 -29.0679 10.2472
3.4439 -25.3498 10.0452
4.0313 -26.9243 9.8037
8.0531 -29.1606 8.9855
4.0313 -28.8816 9.8139
9.5028 -29.8732 8.6328
10.3583 -26.135 9.6049
5.4682 -28.1978 9.9595
8.3502 -25.1438 9.7456
7.4841 -28.5183 9.048
9.7879 -28.9587 8.9857
3.4439 -29.1848 9.7198
10.6023 -27.9237 9.4974
7.1986 -27.5132 10.3548
8.0529 -30.6804 8.4658
6.0442 -27.7489 10.16
9.4935 -29.1597 8.8895
3.7414 -28.2544 10.4335
4.8872 -28.3627 10.4358
8.6342 -30.3199 8.4961
3.4542 -25.0275 10.0836
7.4774 -29.9135 8.7155
2.6884 -24.5575 10.1275
4.3183 -26.0643 9.8838
4.8873 -24.8165 9.9978
8.059 -28.1413 9.3492
5.7481 -29.6081 10.6853
9.2154 -31.6986 8.1014
6.3335 -29.6746 10.297
10.0702 -30.1175 8.5117
6.6129 -28.5441 9.9416
4.887 -30.5315 9.0086
3.7346 -26.0188 9.9204
3.158 -27.6772 9.8237
3.4439 -29.8675 9.3472
4.6049 -27.0154 10.9997
6.6129 -26.7056 9.9721
6.3336 -29.7858 10.1785
4.6058 -28.6056 8.9848
2.6652 -30.1757 9.5634
8.6336 -27.3181 10.5334
4.5955 -31.5516 8.7384
8.3431 -29.1277 8.9146
10.358 -25.0692 9.6669
6.9003 -24.5453 9.7104
6.9003 -25.2947 9.4946
9.7877 -27.7299 9.7603
8.3429 -31.8973 8.0091
5.468 -25.8626 9.6677
3.7416 -24.9268 9.792
4.3188 -29.3414 9.1321
2.8591 -31.1887 9.1438
7.4845 -31.8131 7.8085
4.8871 -28.5925 9.9011
3.158 -29.7704 9.3643
10.3754 -30.5201 8.4345
9.2039 -24.3913 9.4909
8.9256 -25.8688 9.7407
8.9258 -27.1297 9.4363
8.9189 -27.5717 9.3061
3.1581 -25.1103 9.9811
4.3112 -25.6893 9.8843
4.3111 -28.397 10.4056
3.7414 -27.9834 10.7312
6.6129 -29.7293 10.1691
6.3338 -30.5247 8.742
5.7483 -27.7717 10.3668
6.6129 -29.9673 9.8143
6.9077 -28.283 9.3104
2.8766 -27.4162 9.9181
8.6342 -30.4884 8.5183
3.7415 -25.9174 10.0562
8.0532 -27.9138 9.9775
7.7677 -28.1823 9.2376
4.0204 -28.5224 10.3316
4.8873 -25.0658 9.9732
3.158 -29.5135 9.4584
3.7415 -28.3985 9.6878
7.1988 -27.9464 9.7573
3.1581 -26.2852 10.1498
6.0446 -30.094 8.8929
7.4774 -30.335 8.6783
9.4935 -24.6091 9.5309
8.9255 -25.1685 9.6888
6.9073 -26.1393 9.9725
6.6222 -28.219 9.6712
5.4681 -26.9383 9.8721
4.893 -29.2556 9.0973
3.4546 -29.1077 9.5205
8.6336 -26.9607 10.8267
7.771 -27.3371 10.5073
6.622 -26.8671 9.963
5.1809 -29.8568 10.1182
10.6549 -25.6804 9.6486
10.0703 -25.5107 9.7396
8.053 -30.2601 8.5674
6.0383 -28.19 10.0882
5.7483 -27.8521 10.2986
5.4685 -30.0393 9.8522
8.634 -28.8731 9.0382
3.158 -27.9521 9.7193
6.3261 -30.2587 8.7967
9.788 -31.4692 8.2745
2.6652 -30.3689 9.4627
10.6023 -26.7355 9.3474
6.3335 -27.6011 10.1473
4.887 -30.4289 9.1004
3.7346 -26.3091 9.9048
8.3431 -28.15 9.2949
3.4439 -28.4823 9.5608
5.1804 -25.0688 9.7875
9.7851 -30.7212 8.3994
2.665 -28.4049 10.4776
8.0534 -26.7662 9.815
10.5964 -30.7197 8.3912
7.4845 -31.6746 7.9211
4.596 -26.8296 9.8913
8.0531 -29.0341 9.0151
4.3111 -27.2973 9.9112
6.9003 -25.9583 9.7521
3.158 -29.9427 9.3517
2.6883 -26.2856 10.031
3.1581 -25.8734 9.9965
8.6311 -24.9155 9.4167
10.0702 -29.8957 8.5422
4.0314 -29.0762 9.5495
7.4839 -27.927 9.6826
10.3753 -29.2072 8.8561
5.4678 -24.5979 10.0068
6.0383 -30.3515 9.4152
7.768 -31.6179 8.0135
6.3261 -28.406 9.9213
5.7481 -30.0115 9.9743
10.0703 -26.0459 9.4847
8.9256 -26.3853 9.6814
7.4776 -27.7283 10.0107
9.2037 -28.8452 9.0133
8.3431 -28.7801 9.0177
7.1933 -27.9339 8.9363
4.0206 -25.0036 9.8986
4.3192 -31.8323 8.8018
10.3582 -25.7865 9.437
8.6311 -26.6681 9.8595
9.503 -31.3538 8.1908
2.6717 -30.7382 9.3467
7.1985 -24.3867 9.3142
8.6311 -28.7119 8.9826
5.7481 -31.0642 8.812
10.3753 -29.0635 8.939
7.7678 -29.597 8.9092
3.1581 -24.5066 9.765
6.0383 -28.1293 10.2319
3.7416 -30.2796 9.2965
3.7352 -30.4377 9.2791
5.4681 -26.3333 9.8195
9.5026 -28.5618 9.14
7.7675 -27.1851 10.6826
7.7675 -27.1868 10.5404
6.3261 -24.6915 9.9166
5.7485 -25.0784 9.6636
4.3185 -28.6941 10.1466
6.3261 -25.9006 9.7503
4.6064 -31.5411 8.865
8.0538 -24.4514 9.6426
8.6339 -28.31 9.2656
7.4775 -28.964 8.9165
5.4688 -31.0253 8.9681
9.7878 -25.5234 9.5465
10.3752 -28.3068 9.2457
9.7879 -28.0343 9.085
6.0383 -28.4174 9.8808
6.0447 -30.8751 8.6699
5.1741 -31.8086 8.5856
10.6023 -27.6966 9.042
9.7879 -29.7876 8.659
8.9264 -31.2517 8.2405
6.3261 -26.4765 9.939
2.8768 -28.3127 9.5633
4.3112 -31.7511 8.7503
4.3112 -28.4084 9.6169
10.5962 -28.0807 9.0254
10.6551 -27.1621 9.2703
2.6652 -29.563 9.5806
5.1808 -29.2283 10.4811
6.6221 -28.1305 9.7875
10.5962 -27.4711 9.193
3.7351 -29.784 9.2875
7.1934 -29.747 8.7795
6.3261 -29.8585 10.1141
6.622 -26.983 9.8527
8.3431 -27.8855 9.6868
4.6058 -28.727 8.9256
9.7849 -27.2297 9.3196
8.0591 -28.4906 9.1041
10.0702 -29.6772 8.7444
6.9004 -30.8952 8.4529
6.0441 -25.0725 9.6092
7.4842 -29.8536 8.8311
8.3431 -27.8792 9.8208
6.9073 -26.2889 9.9621
9.5023 -27.6498 9.8619
10.0702 -30.8225 8.3434
8.6311 -29.9419 8.7281
6.0384 -25.0761 9.9211
4.8927 -25.9695 9.6262
6.6129 -29.5725 10.4987
2.6653 -31.091 9.2411
3.158 -30.1005 9.2932
3.7345 -25.7585 10.0708
6.0448 -31.6101 8.4085
8.9188 -30.9392 8.3163
8.0589 -27.9263 9.4951
10.3754 -30.8865 8.3641
9.2146 -28.2459 9.171
2.8586 -24.6888 10.1817
10.6554 -30.2384 8.4809
10.6554 -30.0468 8.4395
5.174 -30.1292 9.7407
6.9003 -24.3101 9.5313
6.6128 -31.3148 8.4163
5.7484 -25.7561 9.7174
10.6555 -30.3701 8.4809
4.596 -26.8724 9.758
5.7566 -26.9281 9.9413
3.7416 -31.7187 8.8239
10.3746 -26.976 10.818
10.5961 -27.0766 10.7896
6.334 -31.5748 8.3421
8.631 -26.9943 10.942
2.687 -30.4911 9.4254
10.5963 -29.1905 8.8946
10.3754 -31.8219 8.1388
10.6554 -29.7784 8.6381
8.0529 -30.75 8.3169
4.8927 -28.2423 10.4317
7.768 -31.8466 7.8705
10.6551 -27.1962 9.1636
5.7571 -30.3283 9.4442
4.887 -30.9142 9.0698
9.7879 -28.3917 9.0198
4.0311 -24.6866 10.0749
3.4547 -29.4775 9.3939
8.9188 -30.805 8.4156
3.4439 -24.9257 10.1816
6.3335 -28.2578 9.8334
10.5963 -29.4201 8.7945
5.7481 -29.7193 10.5668
3.4439 -29.9949 9.3605
4.0313 -27.4891 9.8903
7.1985 -24.8228 9.5512
10.3587 -28.3593 9.1232
8.0598 -31.1324 8.1434
7.4844 -31.2748 8.141
7.4776 -28.2634 9.5277
2.8588 -27.0745 10.0423
10.0702 -30.5664 8.4805
2.859 -27.7466 10.9575
3.7347 -27.0004 9.7335
10.3583 -26.4616 9.5899
8.3512 -30.6338 8.3691
7.7679 -30.603 8.578
6.622 -24.797 9.3011
4.8871 -29.7583 10.5092
10.3752 -27.9378 9.1873
9.214 -25.3428 9.7823
8.3503 -25.9433 9.762
6.0442 -26.4128 9.8779
4.8871 -28.5636 10.2654
6.0383 -30.5416 8.936
4.319 -30.8092 9.1862
4.3112 -31.6002 8.6962
10.0702 -28.3947 9.0944
7.4838 -27.2668 9.8248
6.0446 -30.4792 8.8551
9.7848 -25.8094 9.597
10.6555 -31.0746 8.291
10.0702 -31.4236 8.2025
3.7416 -25.1859 9.8053
6.0383 -27.9801 10.2638
4.3111 -28.5231 10.3544
6.3261 -31.4177 8.3986
5.7574 -31.8247 8.4281
6.9073 -25.0439 9.4646
3.7345 -25.0552 10.097
3.158 -27.2139 11.1774
3.4439 -28.1247 10.5169
5.174 -30.0057 9.9207
3.1581 -26.4553 10.0298
9.2039 -27.3016 10.5899
8.6335 -26.838 11.0496
10.6022 -30.4703 8.3304
7.7675 -26.9522 10.8389
6.3339 -30.6509 8.6909
6.0442 -27.6625 10.1555
4.6061 -30.4881 9.1145
8.9256 -25.5461 9.4926
8.0585 -27.2465 10.7022
4.6059 -29.5167 9.1322
4.3112 -31.5263 8.8584
2.6651 -28.8537 9.7622
2.6882 -28.8008 9.5559
10.375 -27.7062 9.8641
10.3584 -26.6287 9.3195
9.4935 -26.5096 9.6494
6.3261 -25.5761 9.6445
10.0703 -26.6958 9.5111
4.0206 -24.562 9.8387
5.7567 -28.2564 10.0649
8.0586 -26.4842 9.8174
2.8589 -28.8325 9.6246
4.0204 -28.7875 10.1893
7.7676 -26.4966 9.8637
8.3429 -31.7468 7.9766
6.622 -25.1321 9.4877
4.0317 -31.6341 8.7133
3.7345 -25.0658 9.9496
7.1931 -26.787 9.9356
8.0532 -28.1898 9.4812
7.1934 -29.1707 8.7974
10.6551 -26.9336 10.9883
10.3585 -27.2576 9.2059
10.0702 -27.8291 9.1931
8.3432 -27.2323 9.7167
8.343 -30.3413 8.5282
3.158 -29.6802 9.3947
5.1739 -25.4045 9.853
7.1929 -24.361 9.6534
7.4838 -27.7495 9.8936
9.4935 -26.0453 9.8199
9.7848 -26.7872 11.0199
9.5026 -28.484 9.1089
7.7677 -28.2709 9.3494
2.8763 -25.7988 10.1027
3.4544 -27.167 9.8913
2.8588 -27.67 9.6224
6.0383 -30.2642 9.3678
6.334 -31.438 8.3125
3.4439 -24.8294 9.6833
6.0441 -24.99 9.5699
5.4679 -24.9532 9.8343
2.6869 -29.4009 9.6314
4.887 -30.1979 9.7988
6.3335 -28.1176 9.86
9.2143 -26.7567 9.6395
6.6224 -29.5812 8.7545
8.3504 -26.703 9.8339
6.9077 -28.0444 8.9594
3.158 -28.6293 9.5237
4.3112 -31.2522 9.0059
8.9189 -27.3289 9.4247
5.1813 -31.3618 8.8474
2.6884 -24.9589 9.9935
3.4547 -29.1958 9.3828
4.3111 -28.6984 10.036
4.319 -30.8425 9.0366
10.5965 -31.83 8.2819
6.0383 -28.1257 9.3759
7.4773 -31.5234 7.9373
6.9004 -28.5212 8.9447
6.9004 -28.6379 8.8773
6.9004 -27.1392 9.7649
3.4439 -25.4285 9.8912
8.0532 -28.3902 9.0613
8.926 -28.7531 9.0965
4.0204 -30.7642 9.1343
9.2036 -31.5559 8.1093
10.5962 -28.7618 9.0229
4.3111 -27.4157 9.9297
2.6869 -27.4748 9.8205
9.503 -30.9122 8.3589
4.0205 -27.0208 9.7218
6.9079 -28.891 8.829
4.8873 -24.6105 10.1386
2.687 -29.4578 9.5225
5.1739 -27.272 9.9144
2.687 -31.2932 9.1142
7.4843 -30.5436 8.5956
8.3431 -28.4261 9.0267
8.631 -31.8469 8.3985
6.9081 -30.4258 8.6052
2.8591 -31.78 8.9653
2.8769 -28.6941 9.5602
4.0205 -26.8579 9.7507
3.4548 -30.6691 9.26
8.0592 -28.8921 8.97
5.174 -29.9361 10.0695
6.6222 -29.815 10.0096
8.0532 -28.2761 9.2576
6.0383 -29.666 10.5498
4.0311 -24.9243 10.1548
10.5964 -30.1519 8.3825
8.3511 -30.1886 8.5934
8.3504 -26.7941 9.8466
5.1804 -25.2193 9.8201
5.1741 -30.8835 8.8703
8.343 -30.4922 8.5822
6.0383 -30.2551 8.9168
10.5961 -27.3828 9.9935
8.6311 -30.7917 8.3131
4.3188 -28.8083 9.0381
5.7481 -30.3913 8.9944
10.5961 -27.1518 10.6919
10.6555 -30.6851 8.3422
4.3112 -29.7717 9.2203
8.0596 -30.8194 8.3893
10.6553 -28.9376 9.048
9.7879 -29.3511 8.8568
6.622 -26.4041 9.9697
8.9188 -29.6866 8.801
4.3112 -28.4417 9.4673
4.8869 -31.201 8.8823
10.5962 -28.1249 9.4126
9.2036 -31.8373 8.3269
3.7348 -28.146 10.4728
8.3432 -26.8993 9.8657
8.6311 -26.9345 9.7816
6.6225 -30.4371 8.6404
6.6129 -27.6215 10.1272
10.6551 -27.5122 9.0679
3.4544 -28.2165 10.3824
5.1808 -28.5456 10.1694
10.6551 -27.2385 10.1277
5.174 -30.2958 9.4489
2.6869 -27.2799 10.0634
7.4841 -29.4931 8.974
4.5956 -30.1759 9.1965
8.3508 -28.3283 9.1241
5.7567 -28.0901 10.15
7.1931 -26.5245 9.9786
4.8927 -28.4941 10.308
9.788 -30.007 8.4998
6.0384 -26.2544 9.8052
8.3507 -28.2893 9.2226
7.4776 -28.0659 9.6418
3.4545 -27.8571 9.6559
4.3182 -25.4157 9.9216
4.3183 -26.5209 9.7831
5.1808 -28.9539 10.3789
6.3335 -29.0697 10.2444
8.0533 -28.0576 9.2317
8.0532 -28.6745 8.9731
7.1984 -24.4243 9.6075
4.5958 -28.3971 10.387
4.3181 -25.2994 10.0105
10.3754 -31.6821 8.1869
4.3183 -26.234 9.7424
6.0383 -30.0309 9.9588
2.6653 -31.5275 9.0433
4.0204 -28.7203 10.2389
4.605 -26.0651 9.7889
10.6552 -27.6921 9.8765
8.3514 -31.8169 8.0339
4.8931 -31.1552 8.9454
6.9004 -29.6217 8.7977
10.5961 -26.9689 11.08
6.9004 -26.7746 9.9213
10.0702 -29.4789 8.8156
9.4935 -24.3445 9.6947
9.4935 -25.2218 9.7417
8.9257 -26.7064 9.6155
9.5022 -24.7605 9.7921
7.7679 -31.1266 8.1994
3.158 -28.4502 9.6489
10.5962 -28.5771 9.097
3.7416 -31.6067 8.8994
7.4838 -26.08 9.7388
10.3753 -27.7142 9.1318
9.4935 -24.3389 9.4155
10.6551 -27.0858 10.8787
10.5962 -28.2098 9.1246
3.7346 -26.0398 10.0604
6.6222 -28.3969 9.2536
2.6721 -27.8234 10.9541
3.7347 -26.7991 9.8824
3.158 -26.9397 9.9564
5.4684 -29.8969 10.2277
9.5022 -24.5873 9.7617
10.5961 -27.0078 10.9815
9.4935 -28.872 9.034
10.6022 -30.8594 8.2578
6.622 -25.6576 9.6513
6.6222 -28.2746 9.498
4.5958 -28.9998 9.6478
7.1985 -25.901 9.8845
9.5026 -28.7688 9.0422
2.665 -27.1304 10.0951
10.0703 -26.4162 9.6075
9.2036 -31.2276 8.2665
4.8927 -26.2812 9.772
8.9254 -24.4267 9.8347
6.9073 -24.1957 9.281
10.6552 -27.7117 9.7239
8.0585 -27.0982 10.777
6.9004 -28.2366 9.4676
6.6128 -30.2358 8.7249
4.0204 -28.5962 9.4851
9.7848 -25.7851 9.7414
9.4935 -25.9632 9.8022
7.4838 -26.7358 9.8381
10.6553 -29.0628 8.9539
8.3431 -29.4013 8.9737
3.7344 -24.8714 10.214
3.7414 -28.1433 10.552
5.4681 -27.9742 10.3601
6.6227 -31.6291 8.0717
10.0702 -31.1166 8.2929
5.1739 -26.4694 9.7481
6.6129 -29.696 10.3187
4.893 -29.8456 9.0825
8.3503 -25.0392 9.2739
3.7415 -27.7097 9.7598
8.053 -30.152 8.6082
5.1806 -26.6738 9.8926
8.3512 -30.7714 8.4417
4.6061 -30.3025 9.1456
8.0592 -29.1495 8.8974
9.214 -24.7947 9.6208
8.9257 -26.5247 9.6118
4.3184 -27.4987 9.8594
8.3503 -25.373 9.6242
7.4843 -30.7236 8.5134
5.4683 -28.4355 10.0395
3.158 -29.4075 9.3784
8.0587 -27.5111 9.8543
7.7722 -31.8053 8.0033
5.1739 -25.1603 9.9071
4.893 -30.5647 9.1668
3.7416 -29.8687 9.4143
3.158 -31.6973 8.99
5.1739 -24.5828 10.0888
6.6128 -29.4146 8.0914
4.6051 -26.0322 9.5038
10.3584 -26.7283 9.3054
10.5961 -27.5534 9.8949
10.3753 -25.3982 9.3506
10.6023 -27.0904 9.1533
5.4683 -29.6612 10.7112
5.4687 -30.331 8.9888
5.1811 -30.2339 9.6724
6.9073 -25.1213 9.4742
4.8927 -26.3389 9.7061
6.3338 -30.3661 8.7575
9.2037 -30.4863 8.4342
3.158 -26.8307 9.9542
8.9255 -24.7316 9.637
6.9073 -24.6083 9.4772
8.6311 -25.3901 9.5335
8.9189 -27.4103 10.0837
8.3432 -27.2497 10.5757
8.0533 -27.2855 10.7967
4.8926 -25.4205 9.8779
4.3112 -25.5683 9.9651
4.0205 -26.3205 9.8982
6.3335 -26.7391 9.9607
2.6651 -27.8618 9.8898
4.8871 -28.6955 9.8307
4.8929 -28.6224 8.9959
3.158 -28.9564 9.5303
3.158 -29.8987 9.4206
3.7347 -26.9581 9.8883
3.7415 -24.6489 9.9742
7.4844 -31.4257 8.195
6.9005 -31.686 8.0394
5.7485 -24.9994 9.7961
8.6311 -24.5999 9.3057
9.2039 -25.5756 9.6754
6.6223 -28.5247 9.0603
5.7482 -28.6785 10.071
5.4686 -30.3232 9.5146
5.4688 -31.1322 8.863
3.158 -31.5101 8.9353
7.4839 -27.7692 9.7411
4.6051 -26.4443 9.6786
7.1935 -30.7401 8.4882
6.9074 -26.8948 9.8295
5.7484 -25.7864 9.6455
9.2145 -27.5913 9.3642
8.631 -30.2809 8.6517
8.6338 -27.0676 9.5811
6.3335 -25.1252 9.4045
3.1581 -25.5365 9.9522
5.1739 -28.2354 10.4005
4.8872 -27.0747 9.8441
3.7349 -28.7333 10.1009
3.735 -29.0915 9.6224
7.4773 -31.8718 7.8772
8.3506 -27.8677 9.4876
6.0442 -25.0276 9.407
5.1739 -26.1368 9.6905
9.7878 -27.3562 9.2376
2.8766 -27.5752 9.924
6.0445 -30.2154 9.5178
10.0703 -26.6432 9.6067
9.7878 -24.7499 9.6999
9.4935 -25.1521 9.6625
8.919 -26.5453 9.7471
6.9073 -24.253 9.1936
8.3504 -26.5615 9.7962
9.5026 -28.1219 9.1658
10.0702 -29.0877 9.009
9.2037 -28.9735 9.0695
9.2037 -29.3603 8.8894
8.3511 -30.03 8.609
3.4439 -25.3152 10.1304
4.0205 -26.3307 9.7294
2.8765 -26.9177 9.967
5.1808 -29.6319 10.6825
6.6129 -30.496 10.3561
5.7573 -31.5224 8.5266
2.6881 -30.298 9.495
3.158 -29.6028 9.3851
6.9004 -28.3392 9.3757
10.0702 -28.7171 9.0928
10.0702 -30.4574 8.4783
3.7415 -27.0718 9.8783
8.059 -28.0468 9.3929
10.3583 -26.1414 9.4708
8.631 -31.6942 8.2586
5.4679 -25.0447 9.8683
7.1985 -24.5731 9.5542
3.1581 -25.8884 9.8359
6.9074 -26.7905 9.8355
10.6551 -27.1207 10.5869
3.735 -28.9838 9.6847
7.4842 -29.5906 8.8525
7.4835 -26.902 10.8933
5.4683 -28.2979 9.967
4.6057 -28.6389 9.0633
9.4935 -26.6643 9.6686
6.0383 -29.2593 10.4263
7.1985 -25.0079 9.4987
9.4935 -28.6458 9.0777
6.0443 -28.1345 9.9156
5.174 -29.7122 10.4488
3.4546 -28.6015 9.4109
8.0534 -26.6226 9.898
3.7348 -27.5616 10.767
6.6224 -29.6577 8.7211
8.9188 -31.8164 8.1353
10.3751 -28.1957 9.3642
10.0703 -25.7453 9.4411
8.6337 -26.2304 9.7278
5.4685 -30.0735 9.9737
4.3182 -25.0903 9.7728
4.0204 -30.2546 9.3092
8.6336 -27.0415 10.78
6.9074 -26.6092 9.8533
8.0533 -27.2908 9.7074
6.9004 -28.4602 9.295
5.4681 -26.8472 9.8595
5.7572 -30.9901 8.7036
4.3187 -28.6176 9.2677
2.8772 -30.5154 9.3556
8.0532 -28.1265 9.268
9.7851 -31.3889 8.1874
6.622 -26.174 9.8201
4.8929 -29.0469 9.3372
9.7848 -26.0155 9.6843
7.4776 -26.6414 11.0515
9.4935 -27.1457 9.4448
10.3588 -28.5051 9.1476
8.0529 -31.0163 8.2391
3.158 -28.0971 9.7007
7.1931 -26.6737 9.9467
8.6311 -27.7571 9.8168
8.6338 -27.5443 9.3493
10.0702 -29.3921 8.7897
10.0702 -29.6802 8.6666
5.7565 -24.341 9.5454
3.4542 -25.0276 9.8555
5.181 -30.1424 9.8664
4.0313 -28.8842 9.9427
9.5023 -25.7293 9.6455
10.5961 -27.0009 10.866
10.6023 -26.8048 9.4051
8.9188 -29.5601 8.8307
6.3334 -24.5382 9.7977
5.4682 -27.2547 9.7981
10.5963 -28.8362 9.1102
5.4679 -24.7514 9.9616
9.2039 -24.8146 9.7676
10.6556 -31.4302 8.1397
7.4842 -30.0827 8.7096
8.9264 -31.0983 8.2857
6.6128 -30.2879 8.6079
6.9077 -28.3215 9.1904
2.688 -27.5089 11.0297
2.8768 -28.5111 9.4921
9.7849 -27.4407 10.0992
4.3189 -30.5142 9.1936
8.0585 -26.1845 9.8167
9.2139 -24.4745 9.7296
9.2141 -25.1637 9.6793
8.9188 -26.9625 10.8421
8.0586 -26.5184 9.9388
7.1987 -27.1618 9.8083
6.3334 -24.7656 9.5904
2.8763 -26.1293 10.053
4.0312 -28.2313 10.45
4.8871 -29.7894 10.2522
4.0204 -31.1434 9.0239
9.2149 -29.2931 8.849
7.7675 -27.5874 10.3633
10.0702 -31.2372 8.1907
2.6883 -25.9833 10.1295
5.174 -29.8049 10.3191
5.757 -30.1325 9.6441
3.7415 -25.5108 9.9326
2.6869 -28.7438 9.6959
10.0703 -24.4294 9.7126
10.0702 -30.7477 8.4626
8.631 -31.5317 8.081
4.6053 -27.573 9.809
4.0313 -28.85 10.0494
10.6554 -29.4694 8.8493
3.7415 -26.6644 9.9399
9.5024 -27.8675 9.6168
6.9003 -24.4033 9.6512
9.2037 -29.766 8.7419
10.6551 -26.8721 11.0891
4.0205 -27.772 9.8201
7.7676 -27.0358 9.8022
8.9188 -27.2596 10.7139
6.9079 -29.2642 8.8741
4.3184 -27.2263 9.8645
9.5022 -24.8122 9.6536
3.4547 -29.6062 9.4717
9.7877 -27.5196 9.9144
9.2038 -27.5695 10.1417
6.9004 -30.7926 8.5447
4.8872 -25.5394 9.8189
10.6553 -28.6452 9.1844
9.2139 -27.0395 10.8555
10.6549 -25.7419 9.5479
10.5962 -28.0039 9.4934
4.6046 -24.6597 10.1332
9.2037 -30.4573 8.5705
4.0317 -31.741 8.8362
9.5023 -26.7913 9.6189
6.0445 -30.076 9.5874
4.8927 -26.9823 9.8668
2.8765 -27.0391 9.9077
2.6882 -28.416 9.6152
10.6551 -27.6471 9.6743
10.5963 -29.9604 8.5692
7.7677 -28.1999 9.4338
4.605 -26.2156 9.8215
10.3578 -24.1725 9.3378
9.2144 -27.2835 9.4115
4.5957 -29.6465 9.0678
4.5961 -26.5722 9.7358
5.7484 -26.2487 9.8238
4.3112 -28.3395 9.5807
10.6023 -28.385 9.1766
9.2036 -31.7308 8.2255
8.6336 -27.2193 10.5904
3.1581 -25.7619 10.0936
6.0446 -30.1791 8.8329
7.4778 -25.151 9.6533
5.1739 -25.9068 9.7691
7.1929 -24.0942 9.2536
10.0702 -31.6715 8.1135
6.0441 -24.3769 9.5655
10.0703 -25.7009 9.7166
4.8871 -29.7197 10.4011
2.8591 -31.1007 9.2815
10.6554 -29.9395 8.5233
10.5963 -29.642 8.7641
4.0205 -26.0746 9.8664
6.3261 -29.1869 10.3609
3.4549 -31.405 9.0417
5.1812 -30.7025 9.0326
5.1813 -30.7461 8.9422
9.7851 -30.1872 8.4907
10.6556 -31.3366 8.2264
4.8928 -28.5527 10.057
9.2039 -24.3221 9.6612
6.9072 -24.3116 9.6268
7.4777 -26.078 9.9106
4.0313 -27.0526 9.8599
9.7878 -27.4165 9.3005
8.3432 -27.3489 9.6493
3.7346 -26.4036 9.861
6.3336 -30.5789 10.1008
10.3585 -26.9274 11.0588
4.0206 -24.7202 9.8016
8.9254 -24.682 9.8828
5.1803 -24.5352 9.9001
3.455 -31.7543 8.7966
2.672 -27.9397 10.8653
7.4776 -26.9865 9.9288
3.1581 -25.1898 9.87
4.0312 -25.9654 9.9881
4.8929 -28.3218 9.4083
4.3183 -26.0844 9.7527
10.6551 -27.4318 9.1361
9.7848 -26.0762 9.5406
6.3261 -29.7196 10.4333
7.768 -31.6619 7.9446
3.7415 -24.7567 9.912
7.193 -26.2645 9.9224
7.4774 -30.5257 8.4486
5.7485 -24.8707 9.7184
5.1739 -26.8543 9.9168
8.9265 -31.8648 8.245
10.596 -26.0274 9.6579
9.4935 -26.9572 9.5538
8.0533 -26.9132 11.0227
10.0702 -27.6301 9.9055
9.7849 -28.1109 9.5599
9.4935 -28.0367 9.4949
9.7879 -29.8723 8.5776
7.4775 -29.2051 8.9401
4.6051 -26.3404 9.706
6.3261 -30.1506 8.8374
4.6063 -30.9135 9.0427
7.4778 -25.0047 9.6074
9.4935 -31.8 8.3198
10.6551 -27.2494 10.6646
6.6224 -29.948 8.7056
10.0702 -26.8194 11.1343
7.4779 -24.596 9.6046
9.2038 -27.8684 9.2086
8.6344 -31.8454 8.2561
6.6128 -25.0202 9.7079
4.6047 -25.0441 10.0525
2.6649 -27.7838 11.2057
6.6225 -30.6 8.6115
5.174 -28.355 10.0273
4.0312 -28.3754 10.3885
7.7713 -28.0323 9.6171
5.181 -30.0449 9.9879
9.7877 -27.6264 9.8092
7.7717 -29.6736 8.8106
5.7568 -29.5173 10.6727
7.7675 -27.4626 10.4789
6.3334 -24.3988 9.8673
4.3184 -27.1545 9.906
7.4773 -31.8882 8.2371
4.6055 -28.2793 9.7053
3.4545 -28.9323 9.8389
4.8871 -28.7566 9.7085
6.9004 -27.0956 9.8553
6.9003 -25.6885 9.6581
8.3431 -27.9107 9.5853
9.4935 -31.8196 8.1673
5.7573 -31.6238 8.5984
10.6555 -30.9249 8.3014
7.4776 -28.1963 9.5773
3.7345 -25.307 9.9732
8.0533 -26.9923 10.8901
2.6881 -30.2236 9.4076
2.6654 -31.7203 8.9211
8.9263 -30.6613 8.4619
6.9004 -28.1021 9.7735
2.6869 -26.1149 10.1606
9.2039 -24.3521 9.796
7.4778 -24.8273 9.5904
3.1581 -26.5639 10.0105
9.7878 -24.8957 9.4962
3.4545 -27.9653 9.6152
4.0312 -25.6742 9.9607
2.8762 -25.7278 10.1871
4.0315 -29.5973 9.2703
4.8926 -25.6428 9.8691
4.3191 -31.418 8.9759
10.6555 -30.4966 8.4512
8.0533 -27.2915 10.6412
10.3578 -24.072 9.309
10.0703 -26.0626 9.638
10.0703 -25.9322 9.4744
9.5022 -25.6365 9.7751
7.1929 -24.6817 9.5659
8.0532 -27.9526 9.6509
8.0594 -29.8836 8.8211
5.7565 -24.1948 9.4995
5.1739 -25.3185 9.87
3.158 -28.4977 9.5237
4.8871 -29.9919 9.9396
8.0528 -31.7824 7.9485
8.6335 -24.802 9.8249
8.6337 -25.9196 9.6249
9.2147 -28.5397 9.0992
10.3594 -31.8024 8.2847
5.7565 -25.2119 9.7267
5.4681 -26.6198 9.8388
4.6047 -24.8889 10.0118
4.0205 -25.7831 10.0457
5.4683 -28.6861 10.0795
6.0383 -30.6395 8.836
8.0595 -30.5283 8.59
3.4542 -24.7189 9.8599
10.655 -26.6756 9.4645
7.7676 -27.2 9.8377
8.3504 -25.9963 9.688
9.2039 -24.6898 9.8832
7.4778 -24.9047 9.6
10.0702 -28.9356 9.1186
4.3112 -25.1472 10.0237
6.6223 -28.7971 8.827
6.334 -31.8036 8.1992
4.8872 -27.2068 9.8655
4.3112 -30.652 9.1897
6.0442 -26.3384 9.7905
2.8764 -27.2059 11.2125
4.6058 -28.872 8.9071
9.7849 -26.5363 9.6116
9.2143 -27.7002 10.0506
10.6023 -29.1442 8.9987
8.9188 -27.257 10.5851
8.6339 -28.0467 9.2656
4.0313 -27.9359 9.7517
4.3112 -30.0821 9.3017
4.0204 -31.7693 8.7601
9.5025 -27.2527 9.2983
4.6057 -28.907 9.5276
7.7676 -27.7126 9.8131
6.0384 -26.909 9.8398
5.7573 -31.3065 8.6295
6.6129 -26.8134 9.9099
3.4548 -30.3164 9.3333
5.7481 -31.3831 8.6386
8.3432 -26.4524 9.7763
2.687 -28.2936 9.6627
7.4776 -27.181 9.8924
9.7848 -25.6231 9.8133
2.8588 -28.0044 9.7661
7.1992 -29.4595 8.8947
7.7717 -29.8228 8.7787
10.5961 -26.622 9.4229
6.6129 -29.8844 9.9817
8.926 -28.6479 9.0595
3.7348 -27.953 9.6828
7.1991 -28.9132 8.8191
9.5029 -30.7493 8.3878
4.0313 -28.9817 9.8213
8.3431 -29.0576 9.042
2.8589 -29.308 9.5564
10.0702 -27.5675 9.2791
5.174 -29.1114 10.3831
9.7878 -27.8193 9.2309
8.6337 -26.6358 9.559
2.6884 -24.8431 10.1038
6.0383 -30.3126 9.5137
6.3261 -31.876 8.1556
4.606 -30.1041 9.2167
6.3261 -31.292 8.4712
2.6869 -25.1255 10.1889
5.757 -30.2466 9.4479
10.6552 -28.1625 9.1158
5.468 -25.4026 9.8247
4.0311 -24.9713 10.0082
7.193 -25.143 9.4732
10.0702 -29.2365 8.9556
8.9262 -29.9396 8.7048
8.9188 -30.1115 8.4795
4.3112 -24.461 9.9965
3.7346 -26.5224 9.901
6.0383 -27.7355 10.2965
6.3339 -31.0352 8.6102
6.3261 -25.4256 9.612
4.887 -30.9577 8.9795
3.4439 -28.29 9.7045
10.3746 -26.9927 10.7432
6.6219 -25.0838 9.5699
8.6337 -26.3369 9.8292
7.1936 -31.5635 8.1103
9.214 -24.8901 9.62
10.0703 -26.1596 9.495
9.5023 -26.4236 9.6248
7.1987 -27.2764 9.8616
10.6554 -30.1901 8.5631
9.5031 -31.3975 8.1005
10.6552 -28.5297 9.0882
8.6311 -29.7038 8.8548
2.687 -24.5355 9.9757
8.6335 -24.4758 9.6331
9.785 -29.6161 8.7663
5.4683 -29.2282 10.3965
8.6337 -26.7692 9.6448
10.359 -29.6773 8.7308
4.3181 -24.9236 9.8364
4.3185 -28.2836 10.2859
3.4439 -28.2063 10.5132
6.0383 -30.7348 8.8352
10.0702 -29.967 8.4792
8.3503 -25.1396 9.3028
10.6023 -27.0682 9.4051
7.7676 -24.4619 9.6162
7.484 -28.3507 9.2968
7.7715 -28.5458 8.9514
10.5965 -31.4606 8.2021
6.622 -25.7777 9.7557
4.0205 -27.5693 9.9045
4.893 -29.6635 9.0573
2.8772 -30.3345 9.3949
5.7564 -24.4594 9.7919
8.9261 -29.4372 8.7885
8.6342 -30.243 8.508
6.6222 -28.3246 9.2736
3.7416 -27.8123 9.6679
2.6651 -27.9324 9.7839
5.1741 -31.1494 8.7709
6.0384 -25.7063 9.644
4.3184 -26.8984 9.8149
9.785 -29.4895 8.796
6.0442 -26.7057 9.9912
4.8871 -29.8821 10.1226
4.887 -30.2709 9.5937
5.1807 -27.1274 9.8696
3.4547 -29.7409 9.394
8.3504 -26.0784 9.7057
8.3432 -26.5414 9.9095
10.0702 -27.51 10.0292
10.0702 -28.1091 9.1182
7.1987 -27.6646 9.9742
8.0532 -28.0718 9.4842
8.0532 -28.3522 9.2027
10.0702 -29.8025 8.6503
10.3754 -30.3162 8.4545
10.6022 -31.298 8.1673
6.0442 -25.3256 9.5499
4.5963 -24.7595 10.1422
4.3181 -24.8167 9.9416
3.1581 -26.3865 9.9935
5.174 -28.5243 10.0923
6.0443 -28.2675 9.7519
2.6869 -27.8023 9.8486
3.735 -29.5476 9.272
4.0316 -31.272 8.9984
6.3261 -27.6699 10.1185
5.1739 -24.7367 10.065
6.9079 -29.0235 8.8719
9.5024 -25.9149 9.3864
4.0206 -25.2892 9.8748
5.7567 -27.8588 9.9361
6.6224 -29.2734 8.5738
9.7878 -26.5033 9.502
10.0702 -27.6068 9.202
8.3432 -27.5829 9.7639
10.6022 -31.1672 8.2103
5.4683 -29.0315 10.3254
5.757 -30.2077 9.5464
7.4776 -28.4292 9.1929
8.9188 -29.4117 8.9056
5.7567 -27.6002 10.1723
7.1988 -27.8861 9.6943
10.0702 -29.2711 8.8704
6.0444 -30.0204 9.7607
6.0446 -30.0337 8.8299
4.893 -29.6079 9.0025
6.3261 -30.9607 8.7061
4.0315 -29.8025 9.3147
3.158 -29.817 9.4243
8.919 -26.465 9.8152
4.8932 -31.6238 8.7617
3.4542 -26.0545 10.1207
10.3752 -24.7685 9.6492
6.0384 -24.5305 9.6607
9.2038 -28.1001 9.2158
5.1806 -26.9329 9.9059
8.9188 -30.9695 8.2445
7.7718 -30.1486 8.721
6.9004 -29.3784 8.8948
2.6869 -28.0503 9.7597
10.6551 -27.1368 10.2625
8.351 -29.5541 8.8836
2.6882 -27.4254 10.0353
10.3745 -26.8743 10.9528
4.8927 -26.07 9.655
10.3588 -28.8933 9.0318
8.634 -28.8975 9.1219
8.0587 -27.1712 9.6596
4.0204 -28.6432 9.3385
6.0383 -30.1869 9.5863
7.1935 -30.6089 8.5097
3.4439 -25.1506 10.0734
6.9081 -30.5165 8.5964
4.0315 -29.9877 9.2621
4.5955 -31.0348 9.0044
5.7572 -30.6712 8.8769
6.3339 -31.0746 8.5332
7.1929 -24.497 9.6401
8.343 -31.0069 8.2088
4.8872 -25.8032 9.8403
10.5961 -27.0358 10.3461
9.5024 -27.7563 9.7353
5.7568 -28.4989 9.9249
2.6881 -31.6743 9.0586
4.0204 -30.4021 9.1914
6.622 -26.5721 9.9704
5.7481 -30.7615 8.8892
4.0204 -30.3298 9.2114
9.7878 -25.9834 9.6176
9.2147 -28.6974 9.0407
9.4935 -31.0655 8.3749
10.6023 -28.2238 9.2915
10.3751 -26.0516 9.777
4.0204 -31.0716 9.0654
7.772 -30.9892 8.2899
10.5965 -31.7645 8.1893
8.0583 -26.8921 11.1458
5.1808 -28.8756 10.3263
6.3262 -29.2684 8.0979
4.6063 -31.1439 8.9856
9.7849 -27.5969 9.292
4.0204 -29.2358 9.2243
2.8588 -27.753 9.6831
4.5957 -29.9381 9.1166
10.6554 -29.6211 8.7182
9.502 -27.0498 10.7512
7.1989 -28.1863 9.4885
5.7485 -24.3833 9.8697
7.7678 -29.0857 8.9982
4.0313 -27.6097 9.7881
3.7415 -29.0907 9.7877
7.1931 -26.5579 10.0571
5.174 -30.4634 9.4281
6.6128 -29.1025 8.1523
2.6883 -25.3322 10.2666
5.7482 -29.1951 10.4677
10.3754 -30.9352 8.3033
7.1935 -30.4776 8.5312
10.3589 -29.0211 9.0666
10.5962 -28.5378 9.174
7.1932 -27.7823 9.9797
10.3749 -27.648 9.9086
7.1985 -24.4991 9.4883
10.6023 -27.8107 9.0739
10.3593 -31.1213 8.2873
10.3755 -31.4491 8.1152
5.7568 -28.4343 9.8753
8.343 -30.3383 8.606
10.5964 -30.5577 8.4631
8.6311 -26.8528 9.7854
6.9075 -27.9799 9.8221
9.2036 -30.859 8.2296
6.3261 -28.5018 9.942
5.4686 -30.3664 9.4028
3.4548 -30.0705 9.3014
6.9004 -26.9931 9.9472
5.4679 -24.804 9.8661
8.3503 -25.47 9.7093
7.7712 -27.7022 9.9163
9.788 -31.1143 8.2405
3.4439 -25.9359 9.837
6.6221 -27.8427 9.9319
6.0383 -30.9503 8.7108
7.1929 -24.4085 9.5283
7.1934 -29.3276 8.924
6.3335 -28.8123 10.0889
3.4439 -27.9964 10.6887
9.2148 -29.2319 8.9712
6.6128 -25.9334 9.7341
4.887 -30.0512 9.7315
4.3112 -25.9586 9.7288
4.3183 -26.1015 9.4714
5.4682 -28.0974 9.9307
9.2039 -24.9737 9.7735
10.3587 -27.9871 9.5773
10.6553 -29.0244 9.0739
7.1994 -30.6785 8.5385
5.4679 -25.0007 9.7091
6.6129 -29.8144 10.1091
4.887 -30.7089 9.0255
10.5963 -29.5193 8.759
10.6552 -27.9714 9.0959
9.788 -30.3858 8.3679
8.053 -30.1088 8.72
6.6223 -28.6855 8.9241
6.0383 -30.6091 8.9078
3.158 -31.1027 9.2249
10.0703 -25.2815 9.6331
10.3754 -30.0622 8.4708
5.1813 -30.9377 8.9837
6.9004 -30.6093 8.6833
7.4774 -31.5306 7.8462
2.665 -26.4472 10.2182
6.9078 -28.0474 8.8816
3.158 -29.3596 9.4821
4.8927 -25.6723 9.7543
6.3336 -30.2659 10.3466
10.3752 -26.4902 9.4586
8.6335 -24.4604 9.5443
7.4838 -26.8136 9.8692
8.9189 -27.3954 10.2444
9.7877 -27.629 9.9381
9.5025 -27.3626 9.3435
7.4841 -28.5341 8.9303
7.7718 -30.0798 8.6847
5.7485 -24.7976 9.9236
5.4682 -28.0221 10.2565
4.893 -29.4057 9.1084
4.606 -29.8715 9.1663
10.359 -29.8072 8.6449
8.6341 -29.2468 8.8768
4.0312 -25.976 9.8408
4.596 -27.4235 9.8415
8.0595 -30.3474 8.6293
3.7415 -28.0363 9.7449
6.6129 -28.6831 10.0785
6.6224 -29.792 8.6219
4.0312 -27.2087 9.9436
7.1933 -27.9231 8.8556
4.3187 -28.5889 9.4254
10.0702 -28.2549 9.1426
8.0591 -28.63 9.0345
10.0702 -29.5267 8.7119
9.788 -31.8031 8.1686
3.158 -31.7452 8.8864
5.1812 -30.8436 9.0488
9.7875 -27.0377 10.8008
6.9074 -27.2407 9.8688
4.3112 -31.103 9.0378
6.0443 -29.722 10.2806
5.7481 -30.1342 9.7513
5.7482 -28.1467 10.2697
2.687 -29.6946 9.5595
9.7878 -25.5789 9.6013
9.4935 -27.6956 9.92
10.0702 -29.8358 8.5007
8.0598 -31.2371 8.1589
3.1581 -25.7982 9.6382
5.7482 -28.4869 10.0296
6.6222 -28.4088 9.1706
4.0204 -28.4625 10.2901
3.158 -30.1693 9.3294
6.9083 -31.5443 7.992
5.468 -25.409 9.6906
7.193 -25.1272 9.591
10.0703 -26.3242 9.552
2.6882 -29.3664 9.4574
8.3501 -26.9204 10.9573
9.7878 -26.6833 9.4198
8.059 -28.1978 9.2189
8.6341 -29.4597 8.8516
4.6047 -25.1146 9.9466
6.3261 -28.3295 9.9547
6.6129 -29.6182 10.2876
5.7481 -30.4077 9.3543
10.0702 -27.8966 9.1649
8.053 -29.9596 8.7519
7.7678 -29.7552 8.8722
8.6337 -25.5977 9.4198
9.2039 -27.4049 10.3129
7.1989 -28.1388 9.6136
2.8585 -24.6007 10.0914
4.8871 -28.6393 10.1891
5.1809 -29.8628 10.1908
6.3261 -30.0462 8.6153
6.0444 -29.9542 9.8533
10.596 -25.8162 9.5409
8.6311 -25.0096 9.5796
10.6551 -27.17 10.7757
10.0702 -28.1789 9.4255
5.1739 -24.8063 9.9162
2.8763 -25.9583 10.13
4.0205 -26.6907 9.793
2.6869 -27.3906 9.9235
4.887 -30.053 9.8174
10.5962 -28.2697 9.166
6.6129 -26.9818 9.932
6.0384 -25.5788 9.6307
8.0588 -27.6364 9.7603
8.6338 -27.1514 9.4567
6.3261 -24.8258 9.8173
6.6129 -28.376 9.941
4.3111 -27.1489 9.9861
5.4685 -30.1394 9.6316
3.7415 -28.4583 9.7293
7.1993 -29.9859 8.6451
6.6224 -29.8882 8.6641
6.3261 -30.4186 8.8455
5.1739 -25.5768 9.8403
9.5019 -26.9314 10.9607
7.7678 -29.966 8.7396
3.7349 -28.3931 10.3409
4.3112 -28.8487 9.6123
6.6129 -28.7566 10.1229
6.9084 -31.6871 7.8661
9.7878 -25.567 9.6843
7.1936 -31.673 8.1339
8.3432 -26.9365 11.0283
9.2152 -30.7819 8.359
4.3188 -28.9767 9.0603
10.6552 -28.0846 9.0847
6.6223 -28.836 8.7286
9.5023 -26.5031 9.7418
9.2143 -26.888 9.6181
10.0702 -27.9902 9.0782
7.4776 -27.4326 10.4314
7.4774 -30.9395 8.253
6.0384 -25.4343 9.6707
4.3112 -25.9578 9.9139
7.4778 -25.263 9.5777
8.6311 -26.4535 9.7989
6.3335 -28.9363 10.1585
7.1936 -31.8337 7.9976
6.9082 -31.2634 8.252
3.4542 -24.7488 9.9947
6.3339 -31.3217 8.4014
8.3501 -26.8682 11.0743
10.0702 -27.3302 9.2206
6.3261 -29.0915 10.3617
4.0204 -29.7351 9.2183
4.6048 -25.2373 9.9518
6.6128 -24.6722 9.7895
5.468 -25.9139 9.7358
4.596 -27.1599 10.9605
4.596 -27.2549 10.9382
6.6129 -29.6076 10.435
4.887 -30.1684 9.6856
3.7416 -31.1492 9.1853
4.6061 -30.5616 9.1589
8.9255 -24.8333 9.7303
9.7878 -26.337 9.3591
8.6337 -26.5575 9.7345
7.1989 -28.3389 9.4004
8.9261 -29.1986 8.8936
8.3508 -28.7319 9.0975
7.7718 -30.3325 8.604
3.7346 -25.9004 10.13
3.1581 -26.3074 9.898
3.4543 -26.4196 9.986
5.4682 -28.0636 10.0588
4.893 -29.7528 8.984
6.6128 -30.5256 8.6877
8.6339 -28.1963 9.2553
9.2152 -30.7203 8.4597
3.4439 -28.1273 10.6458
4.8872 -25.9156 9.7862
10.0702 -26.9954 10.6307
8.3502 -25.2165 9.7471
7.4844 -31.0734 8.2898
3.7416 -26.1876 9.7156
2.672 -27.7623 11.0763
8.9188 -26.8959 11.1413
7.7676 -24.3606 9.5444
8.3432 -26.7505 9.9191
9.2038 -27.4494 9.3746
10.6555 -30.4941 8.5504
7.4842 -30.0028 8.7992
5.4679 -24.8857 9.6343
2.6727 -25.5569 10.2429
4.5958 -28.4881 9.9434
4.0205 -27.4625 10.0097
4.0313 -26.997 9.8051
4.8931 -31.2766 8.8862
6.3261 -31.6827 8.2564
10.6555 -30.8719 8.3755
2.859 -27.8928 11.0034
10.5962 -27.5886 9.1685
9.2038 -27.4339 10.1766
9.2037 -29.9143 8.667
8.343 -30.4409 8.5141
7.7678 -29.2208 8.9419
5.7484 -25.3166 9.7649
3.4439 -28.0896 10.5806
2.8762 -25.0548 9.9132
6.9003 -25.2092 9.5331
8.6337 -26.5631 9.5575
8.3432 -26.9343 9.802
7.4776 -27.5412 10.4121
10.5964 -30.0464 8.5521
10.3754 -31.2572 8.2803
9.7851 -30.3184 8.4692
5.4679 -24.9182 9.898
3.158 -28.8966 9.4888
9.2038 -27.3828 9.4457
10.3752 -26.6257 9.4237
10.5965 -31.3165 8.2636
8.631 -26.8904 10.9694
7.1987 -27.5731 9.9401
6.0384 -26.5563 9.9133
6.6128 -31.7811 8.1251
8.0532 -28.5249 8.9835
5.4687 -30.8701 8.9274
10.0702 -27.1789 9.3732
10.0702 -28.1759 9.5032
10.0702 -28.1245 9.207
6.0383 -30.4001 8.8983
4.3112 -28.9056 9.5035
2.8773 -30.6693 9.3319
4.0204 -31.0117 9.0239
5.4679 -24.6591 9.8846
4.6052 -27.381 9.9741
2.6718 -30.5988 9.4164
10.5961 -26.5691 9.4969
6.908 -29.7567 8.7527
3.158 -29.162 9.3681
6.0442 -27.6022 10.0926
4.0204 -28.59 10.3034
2.8591 -31.3426 9.1201
10.6552 -28.0467 9.4542
6.6128 -24.5645 9.8518
8.3431 -28.586 9.0755
7.7676 -27.9426 9.7345
9.4935 -29.5581 8.833
8.3502 -26.9773 10.8485
9.5027 -29.4768 8.7964
2.8775 -31.8095 8.9016
2.8771 -29.721 9.3691
8.6311 -28.387 9.0835
6.6219 -24.9568 9.578
9.2151 -29.9639 8.5595
3.4547 -29.9346 9.3148
9.7849 -26.8535 9.5803
9.2037 -30.1726 8.6372
5.1741 -31.2773 8.8057
7.193 -26.1696 9.9446
10.0702 -27.11 9.337
7.1985 -27.4212 10.5273
10.0702 -30.9585 8.33
8.0594 -29.7741 8.7974
3.4439 -26.2849 10.0265
5.7567 -27.7306 10.1079
2.6651 -27.51 10.0061
4.3111 -28.1443 10.2583
3.158 -28.2155 9.7192
5.1741 -31.3204 8.6939
3.158 -30.0389 9.3939
2.6653 -31.094 9.1634
10.5964 -30.4042 8.5083
10.6551 -27.3228 9.1339
2.8589 -29.2028 9.5194
9.4935 -29.7372 8.7078
10.5961 -27.4867 9.966
2.877 -29.2229 9.4395
8.9262 -29.8092 8.7692
8.9188 -31.3235 8.2354
3.4547 -29.3275 9.3828
8.9188 -30.8306 8.3356
7.7678 -28.8544 9.0123
10.3752 -26.7305 9.4393
2.6881 -31.2211 9.1031
6.3261 -31.1663 8.5439
3.7346 -26.2168 10.0559
9.785 -29.1467 8.9072
6.6129 -26.5008 9.9493
9.5025 -27.6435 9.3117
2.6883 -26.7157 9.9673
3.4545 -28.3885 9.6641
4.8872 -28.1233 10.4982
8.9189 -28.5174 9.1399
10.3588 -28.7787 8.9786
9.7878 -26.1249 9.6553
10.5964 -30.2546 8.5187
9.2036 -31.6324 8.076
10.6554 -29.7203 8.6826
5.1804 -25.0273 9.9852
6.9003 -26.3569 9.9237
10.6022 -31.6559 8.1235
6.6224 -29.0301 8.2146
9.502 -26.848 10.8785
2.6652 -30.147 9.4931
3.4439 -29.0728 9.7954
10.3752 -25.819 9.4987
10.5961 -27.1094 9.2716
4.8869 -31.5698 8.7126
7.7676 -27.4539 9.8213
10.6556 -31.694 8.1611
2.6869 -29.2838 9.6773
8.6311 -27.2072 9.5697
7.1934 -29.237 8.9329
7.7715 -28.677 8.9299
10.6551 -27.1249 10.3455
10.6023 -27.1791 10.1774
10.5963 -29.0563 8.9939
4.3111 -28.6607 9.9708
2.6649 -25.2603 10.1326
7.7677 -28.1097 9.4642
8.9188 -31.3945 8.151
7.4776 -27.9946 9.7048
10.3588 -28.7266 9.0956
5.1739 -24.9688 9.8657
3.7416 -30.8769 9.1906
3.7416 -30.7157 9.3054
7.7719 -30.5441 8.5143
2.8591 -31.45 9.0364
9.2037 -30.0721 8.6084
7.1936 -31.0937 8.2296
10.3585 -27.0867 10.63
8.9189 -27.0207 9.6788
10.6552 -27.9801 9.5253
2.8773 -30.9891 9.2016
6.9078 -28.693 8.9216
5.1808 -28.28 10.062
10.6553 -29.1479 8.8939
8.6341 -29.6132 8.8064
6.9004 -27.8567 9.9913
7.4843 -30.8797 8.369
9.4935 -31.1091 8.2845
10.6023 -28.3687 9.2729
10.6551 -27.5368 9.8358
9.2038 -27.136 9.3711
2.859 -29.83 9.5482
2.8587 -26.558 10.1016
8.631 -27.3161 10.4627
6.9005 -31.8934 7.963
4.8926 -25.1191 10.0194
9.2039 -25.0947 9.6927
5.7481 -30.3173 8.9286
5.1803 -24.5142 9.9882
4.596 -27.2392 9.9371
8.6342 -30.0181 8.6161
8.6342 -30.0984 8.548
7.4845 -31.8011 7.8914
8.3431 -28.5125 9.0311
2.8769 -29.0237 9.6957
10.5964 -30.9826 8.3696
9.7851 -30.6258 8.4002
4.6064 -31.4013 8.9131
4.605 -26.1275 9.7312
2.6722 -28.5924 9.6737
8.6337 -26.9607 9.6863
4.319 -30.9614 9.0766
8.0583 -26.8635 11.0755
10.5961 -27.0982 10.2883
8.0528 -31.6747 8.0108
9.7874 -26.9116 11.08
6.0447 -31.0243 8.6381
7.1933 -28.3559 9.1487
2.8774 -31.1246 9.1667
6.9072 -24.5027 9.6468
3.7415 -26.9119 9.8295
7.4845 -31.6164 7.9655
9.2151 -30.2132 8.5351
10.5964 -30.7915 8.3497
8.9264 -31.5733 8.1961
6.0442 -25.4077 9.5677
7.4776 -28.4488 9.0404
7.4776 -27.8163 9.8729
10.6555 -31.1216 8.3724
6.6225 -30.8891 8.5315
4.606 -29.5787 9.053
8.9188 -26.8309 11.0702
10.3748 -27.2911 10.2233
10.6554 -30.0391 8.5092
6.9003 -26.2342 9.9186
8.3505 -27.2927 9.5697
10.3754 -31.3564 8.2448
7.4841 -28.8116 8.9547
8.343 -31.1287 8.1709
10.596 -25.7816 9.6261
8.6311 -25.1057 9.3937
5.7483 -27.9833 10.2771
3.158 -29.6867 9.4887
5.1805 -25.8879 9.6512
8.9189 -29.1539 8.9567
6.9004 -28.3947 9.2024
6.6128 -24.7056 9.868
3.735 -29.4433 9.278
8.9264 -31.5267 8.1361
10.3579 -24.5437 9.5035
10.0703 -25.6757 9.59
10.0702 -26.8654 10.7166
7.4777 -25.8736 9.9092
10.0702 -27.237 9.3288
8.0533 -27.3658 10.5005
8.6311 -27.7416 9.728
7.4776 -27.3582 10.5721
8.0589 -27.8104 9.6055
9.7879 -29.5487 8.7427
9.4935 -30.9642 8.3031
6.3261 -25.0968 9.7476
4.0312 -26.3801 9.8355
3.158 -27.071 9.9349
4.893 -30.3783 9.155
3.7416 -29.5588 9.3544
2.6651 -28.9179 9.7903
4.3191 -31.6049 8.7811
10.0702 -26.8813 10.8269
10.3753 -25.2742 9.281
2.8767 -28.0463 9.641
2.8761 -25.0502 10.1331
10.6551 -27.2809 10.201
8.6311 -31.0888 8.1848
10.0702 -27.3776 9.3236
8.3505 -27.2071 9.6082
6.9004 -29.0705 8.7142
4.0315 -30.3246 9.3065
7.4837 -24.3989 9.4603
6.6129 -30.4404 10.3013
9.5029 -30.4307 8.3544
7.4837 -26.4553 9.8914
9.2145 -27.7042 9.3316
8.0533 -27.5936 10.0864
10.0702 -28.8299 9.0602
6.9004 -29.156 8.6757
6.0441 -24.6629 9.5633
7.1986 -25.8805 9.766
2.8769 -29.0878 9.4958
5.7568 -29.7781 10.3158
4.3186 -28.7689 10.0274
2.8771 -30.1404 9.4527
10.3752 -25.4637 9.4432
9.2038 -26.5657 9.4617
8.9258 -27.0553 9.349
4.0205 -26.2465 9.8323
3.4542 -25.9138 10.1259
5.1739 -28.3384 10.3301
6.3335 -26.87 9.9177
4.3184 -27.234 9.7949
3.4439 -26.6649 9.959
4.8871 -28.6376 10.3313
5.181 -30.1989 9.7361
6.6128 -29.0328 8.0731
6.3336 -30.5066 10.1208
5.1741 -31.5645 8.6397
4.0204 -28.8928 9.1074
3.158 -29.3117 9.3577
2.8765 -27.2221 9.9758
3.7415 -28.6473 10.098
3.7416 -31.7973 8.8979
8.3432 -26.2335 9.729
10.6551 -27.1071 10.812
7.4776 -27.4711 10.5395
10.6022 -30.543 8.3319
7.7715 -28.8172 8.9032
6.6129 -28.6275 10.0238
3.7349 -28.3289 10.3128
9.7878 -25.6311 9.7124
10.3752 -26.4962 9.5311
10.3748 -27.2299 10.3455
10.6552 -28.4998 9.1815
7.7719 -30.45 8.5795
6.9083 -31.7653 8.1468
4.8926 -25.2183 9.9838
2.665 -25.0939 9.9897
4.5958 -28.3078 10.4603
3.4544 -27.2311 9.9194
4.8871 -29.8928 10.2033
3.4439 -30.2271 9.3893
8.9189 -27.3313 10.2163
7.1932 -27.8798 9.8582
5.7484 -26.102 9.7565
4.6051 -27.3686 10.7198
6.0442 -27.1375 9.7853
5.1808 -28.7781 10.2197
3.7415 -25.2103 9.889
9.7848 -26.3691 9.6538
6.9003 -25.5761 9.7122
10.3749 -27.5309 9.9545
9.7849 -28.0591 9.4703
9.4935 -28.748 8.9644
8.6344 -31.4948 7.9807
6.6219 -24.5913 9.6913
3.158 -28.3677 9.6096
2.8589 -29.1233 9.6305
4.319 -31.1683 8.9788
7.1997 -31.6666 7.9899
6.334 -31.7065 8.1141
8.6339 -27.6614 9.3034
9.5023 -25.8448 9.5137
9.7875 -26.9279 10.7556
9.2038 -27.0399 9.557
6.9073 -24.5202 9.3869
7.4836 -27.0192 10.8474
7.4837 -26.5832 9.9262
10.6551 -27.2864 10.024
10.6023 -27.9079 9.6151
9.4935 -27.2041 10.3127
9.4935 -27.9154 9.7822
8.9258 -27.4568 9.443
6.9075 -27.221 9.7932
7.4839 -28.1356 9.4427
10.0702 -30.6831 8.413
10.3754 -31.1721 8.3403
8.0532 -28.8147 8.9464
8.6343 -30.6119 8.3384
3.4439 -24.7808 10.2002
3.1581 -25.7238 10.0069
6.0383 -27.8206 10.2364
2.6869 -26.8519 10.0065
4.3111 -27.7959 10.5464
6.0383 -29.2397 10.3508
4.0313 -28.6431 10.1471
9.2037 -29.6536 8.796
7.7676 -26.3102 9.8519
10.5963 -29.3573 8.8308
10.5964 -31.0497 8.32
10.6556 -31.8138 8.244
3.7353 -31.5527 8.95
3.4542 -25.2435 9.9807
3.7344 -25.0338 10.1636
8.6339 -28.3314 9.199
9.5027 -29.2964 8.8571
3.4544 -27.046 9.972
4.893 -29.9422 9.1461
9.2139 -26.7748 11.0191
8.6311 -26.0883 9.7057
8.3505 -27.7501 9.7401
5.4685 -30.1316 9.7012
9.2039 -24.2736 9.2873
9.5023 -26.6053 9.6286
5.7481 -30.8984 8.9187
5.7564 -24.4351 9.9363
4.8927 -26.961 9.9334
2.8591 -31.0062 9.3252
8.343 -31.0095 8.3376
10.6553 -28.7987 9.1392
7.4776 -28.2398 9.2589
6.6129 -29.8686 9.8714
2.6869 -29.1961 9.6085
3.7416 -30.5695 9.2595
2.8591 -31.7073 8.9638
10.6556 -31.432 8.2256
10.3591 -30.1402 8.4958
3.4439 -30.779 9.2877
2.6716 -31.418 9.0519
9.2038 -26.9497 9.5874
8.0596 -30.6125 8.4871
7.771 -27.2542 10.6746
9.7878 -26.1587 9.5272
2.8588 -28.1754 9.689
8.6342 -30.6329 8.4783
4.5958 -28.6585 8.9325
6.0384 -26.7102 9.8895
4.0204 -30.8416 9.1439
3.4439 -27.7868 9.7454
3.7351 -29.917 9.3519
5.7481 -29.7359 10.492
9.2037 -29.51 8.879
3.7415 -26.0615 9.9948
6.3339 -29.2029 8.0281
3.455 -31.5982 8.941
10.6552 -28.2032 9.3312
9.2037 -30.0375 8.6936
8.6311 -27.9745 9.3436
8.0585 -27.2482 10.56
10.3754 -31.465 8.2255
6.9004 -26.5027 9.9481
10.375 -27.6818 9.7805
8.6338 -27.2741 9.4619
7.1933 -28.2324 9.3287
3.7415 -25.9465 9.92
10.3754 -30.6368 8.3671
6.9073 -25.1564 9.4105
6.0384 -25.0821 9.7656
5.4683 -29.7964 10.4269
4.0314 -29.0159 9.4866
6.3261 -25.2062 9.5432
6.3261 -29.9838 8.6731
5.1807 -28.1659 10.4863
4.6057 -29.037 9.4417
6.9073 -25.433 9.6201
10.6023 -27.6239 9.0406
8.6336 -27.2343 10.6578
7.4776 -28.2925 9.3914
8.3509 -29.2578 8.8265
5.7565 -24.4731 9.5668
5.1739 -25.466 9.7522
4.6047 -24.956 9.9622
6.334 -31.8143 8.0519
8.3509 -28.9619 9.019
8.053 -29.639 8.8394
3.158 -26.6413 10.0201
10.0703 -24.2293 9.4698
9.2039 -24.4063 9.5583
9.7878 -25.5849 9.4458
9.2151 -30.3581 8.5166
8.0594 -29.6963 8.7663
6.6128 -25.2001 9.6256
6.0384 -26.924 9.9072
3.4439 -27.6961 9.7543
5.7482 -29.1031 10.4122
4.6058 -28.9156 9.0448
6.0383 -30.3222 8.8672
4.5955 -30.8009 9.1178
3.4548 -30.832 9.2312
3.158 -30.2442 9.4383
3.158 -30.6012 9.3516
4.319 -31.014 8.9811
5.174 -28.6885 10.1278
10.5961 -27.335 10.0972
2.688 -28.3297 10.5231
9.7848 -25.1583 9.5061
8.9256 -26.2323 9.7481
9.4935 -28.0248 9.5778
8.3506 -27.6945 9.6853
9.2037 -30.3029 8.5728
7.4775 -29.2633 8.8956
2.665 -28.2592 10.6813
6.6225 -29.1746 8.1747
4.3188 -29.2482 9.2403
4.0315 -29.3746 9.2577
3.158 -30.3062 9.359
4.0206 -25.0708 9.8489
6.9004 -28.011 9.7609
10.596 -25.7234 9.6706
10.3752 -28.4787 9.2116
10.0702 -29.87 8.6221
5.7485 -25.0622 9.7598
3.4439 -25.9941 10.0206
6.3261 -28.1391 9.2935
4.887 -30.2359 9.6574
10.3585 -27.0708 9.4008
8.0584 -27.0165 11.0088
9.4935 -24.2235 9.5473
8.3503 -25.5111 9.4902
10.6023 -27.7222 8.9621
8.3432 -27.1236 10.6268
9.7851 -30.4369 8.4876
9.2036 -31.4426 8.1205
4.3183 -25.9613 9.498
2.859 -27.9142 10.9368
2.6651 -28.4672 9.7356
6.6129 -29.6751 10.4068
5.7484 -25.3 9.8397
9.7849 -28.11 9.2889
2.6869 -26.1709 10.0088
3.7416 -30.0034 9.3366
3.4545 -28.7882 10.1284
3.4546 -28.9072 9.4842
6.0441 -24.8348 9.5292
3.4544 -27.353 9.8817
3.4549 -31.1967 9.075
7.4841 -29.3435 8.9843
3.7415 -25.7845 9.9918
2.6883 -26.3019 10.1628
6.6128 -30.8839 8.6653
3.7346 -26.3241 9.9721
8.0589 -28.0131 9.521
10.0702 -30.2295 8.4362
5.7483 -28.1363 9.9823
6.0383 -28.4016 9.9986
8.0538 -24.3257 9.7152
4.893 -30.1569 9.2069
9.2155 -31.6327 7.9873
3.158 -27.2207 11.2929
8.9256 -25.7397 9.6414
4.3112 -30.5879 9.1616
8.9189 -29.0813 8.9553
9.5026 -28.2587 9.1955
10.6551 -27.5947 9.1071
6.622 -26.6362 9.9986
5.7481 -31.1271 8.7757
2.6883 -25.3249 10.1296
10.3754 -30.193 8.4279
10.6551 -27.0531 10.387
8.0529 -31.1065 8.2087
6.0444 -29.8631 10.0688
8.0529 -30.414 8.5437
7.1997 -31.732 8.0825
4.5954 -31.7192 8.7176
2.6651 -28.699 9.743
3.7344 -24.9158 9.9386
10.3747 -27.1804 10.5914
4.5954 -31.7854 8.6251
2.6725 -26.6065 10.0495
10.5961 -27.6495 9.709
4.8927 -26.6044 9.8135
7.1991 -28.7101 8.882
7.1995 -30.8538 8.4482
2.6882 -27.5768 9.8827
5.7568 -28.401 10.0249
8.9257 -27.0899 9.4919
5.7569 -28.0739 9.334
3.7347 -26.7037 9.8832
8.3503 -25.5222 9.5924
9.7878 -26.2245 9.4132
6.0383 -27.6295 10.2165
2.8773 -30.8711 9.2045
8.6335 -24.3108 9.5546
4.8872 -26.4616 9.84
3.7345 -25.6187 10.119
4.0205 -25.7617 10.1124
6.6128 -30.1481 8.6561
3.7416 -31.4848 8.9372
7.1933 -28.6573 9.0071
6.9081 -30.5379 8.5297
6.622 -24.9081 9.4107
3.158 -30.8547 9.3138
9.5023 -27.5733 9.8952
4.6053 -27.502 9.8934
10.0702 -27.467 9.2502
10.3754 -31.0319 8.367
3.4545 -28.1705 9.6596
5.1812 -30.5533 9.0644
3.4546 -29.1162 9.7219
8.0597 -30.8994 8.2997
4.3112 -25.6243 10.0414
2.6882 -28.1539 9.6797
10.0703 -24.9121 9.5532
7.4845 -31.8374 8.1203
5.4679 -24.8746 9.7602
3.1581 -25.8687 9.7603
5.1812 -30.6063 8.9904
4.0205 -28.7479 9.126
9.4935 -27.3122 10.2719
8.0533 -27.7872 10.0071
6.0383 -27.6582 10.2869
4.0205 -27.6067 10.8605
8.6311 -25.3524 9.4683
8.3432 -26.9028 11.1564
7.7676 -26.4231 9.8193
10.0702 -31.1945 8.324
10.3594 -31.5826 8.1945
8.053 -30.2204 8.623
8.343 -31.3668 8.0442
4.3182 -25.4674 9.7831
7.7711 -26.9091 9.7661
10.0702 -29.136 8.9268
3.158 -31.0253 9.2153
9.2154 -31.3121 8.0747
3.4541 -24.6457 10.065
9.7879 -29.2344 8.9242
8.3432 -26.9796 10.9164
10.5963 -29.7236 8.7604
9.214 -24.7549 9.6763
9.4935 -24.9182 9.5478
8.9257 -26.5623 9.677
7.4778 -25.2339 9.4859
7.7712 -27.8112 9.9185
10.3754 -30.438 8.4167
10.5964 -31.1579 8.2792
7.7678 -28.9356 8.9871
5.4679 -25.2072 9.818
2.665 -26.5545 10.1345
6.0443 -27.9511 9.826
8.9188 -27.3434 10.5895
6.0441 -24.866 9.7284
5.4682 -28.1401 10.2535
2.8587 -26.7119 10.0779
8.0599 -31.5475 8.0123
2.6653 -31.6301 8.9515
2.6725 -26.7792 10.0583
4.8873 -24.9063 9.9459
3.7415 -25.5626 10.0222
6.0442 -27.04 9.9068
4.8927 -26.8502 9.8453
9.214 -24.2565 9.497
10.6023 -27.0573 10.4432
7.4779 -24.2604 9.6247
7.193 -25.6112 9.7241
7.4776 -26.6319 10.8071
7.768 -31.5358 7.9957
5.4681 -26.2513 9.8017
4.3182 -25.184 9.9142
5.7569 -28.0055 9.3192
6.0447 -30.749 8.721
6.0383 -30.828 8.7271
7.4775 -29.0952 8.895
2.6882 -29.3138 9.5529
9.7849 -27.7095 9.6941
3.158 -30.7764 9.2612
7.4776 -27.8916 9.7751
2.8771 -29.8536 9.412
2.8775 -31.5847 9.0097
9.785 -29.2775 8.8642
7.1985 -24.8907 9.5446
6.9077 -28.268 9.243
10.3747 -27.1055 10.4826
8.0587 -27.5915 10.0143
6.3336 -30.431 10.197
6.9074 -26.9144 9.9051
9.2038 -26.8976 9.7044
2.6651 -28.9897 9.7488
7.199 -28.4138 9.0531
8.6341 -29.3109 8.9049
10.6556 -31.6363 8.227
2.6719 -29.7703 9.5365
4.0316 -31.4606 8.8895
9.2147 -28.8304 9.1051
4.0313 -28.5576 10.1856
8.9258 -27.5932 9.4512
10.5961 -26.9014 11.1081
6.9004 -28.4631 8.9891
6.9081 -30.6524 8.583
6.3335 -25.5771 9.5237
10.6023 -28.6851 9.1988
2.672 -29.161 9.7254
4.6051 -26.4819 9.7438
4.8869 -31.395 8.8245
2.687 -28.8511 9.6122
9.785 -29.0205 8.9583
2.8588 -27.6068 9.8653
4.6055 -28.5016 10.1526
2.8589 -28.6354 9.532
8.3502 -27.0568 10.7374
4.8872 -26.675 9.8362
7.1994 -30.4481 8.5956
8.3432 -27.0501 10.8105
6.9004 -27.6489 10.0461
6.9075 -27.7199 9.9939
2.665 -28.0044 10.8828
2.6883 -26.1924 10.1391
5.174 -28.3085 10.1954
6.9074 -26.861 9.9577
8.0532 -28.7613 8.999
2.6723 -27.7014 9.8516
4.6059 -29.2751 9.087
4.5958 -28.5177 10.2847
9.788 -30.1109 8.4724
4.0312 -26.1428 9.7771
2.6881 -29.8658 9.4514
6.9078 -28.7965 8.8727
4.0316 -31.3665 8.9547
2.665 -27.2398 10.1188
6.9004 -26.6472 9.908
7.7718 -30.2063 8.6551
6.0442 -26.0383 9.7683
2.859 -29.8975 9.5201
6.9082 -31.1471 8.3408
10.6022 -31.8825 8.3293
6.0448 -31.4963 8.3981
10.596 -25.1923 9.456
7.768 -31.1839 8.1121
2.665 -25.4595 10.1044
10.3752 -27.9776 9.1317
5.1813 -31.1993 8.8978
2.6721 -27.5199 11.2163
7.1987 -27.2969 9.752
10.6554 -29.5536 8.7463
5.7566 -25.9148 9.6793
4.6055 -28.5935 10.2081
5.4685 -30.1522 9.8197
4.887 -29.082 8.7383
4.3186 -28.6894 9.9104
9.5026 -29.0001 9.0282
2.6883 -27.7448 9.6553
4.3186 -28.5633 9.5054
10.6553 -29.401 8.8345
5.7484 -25.3936 9.753
9.4935 -27.1648 10.6178
5.7485 -24.5235 9.843
3.7344 -25.0312 10.0348
9.214 -24.6015 9.7214
8.9256 -25.6008 9.7325
9.4935 -27.9675 9.6652
9.2037 -29.0307 8.9821
8.3431 -29.6937 8.8373
3.7415 -24.9503 10.0608
2.6883 -26.5408 9.851
4.3184 -27.0977 9.7868
5.7574 -31.767 8.494
6.3336 -30.0564 10.3155
10.0703 -26.6718 9.4489
10.3585 -27.1795 10.5004
9.2038 -28.1241 9.278
10.6555 -30.7535 8.357
10.0702 -31.8781 8.2223
7.4774 -31.0233 8.3566
6.6128 -25.2778 9.4286
5.7568 -29.2573 10.3884
4.0313 -28.9569 9.9442
2.6653 -30.9657 9.3352
4.0316 -31.5974 8.9191
5.7485 -24.946 9.8487
8.6335 -24.7204 9.8286
8.6336 -25.8149 9.6094
3.7416 -27.9747 9.6175
5.4683 -29.3855 10.5446
7.4844 -30.9426 8.3328
10.6553 -29.2342 8.8983
9.2148 -29.1006 8.9926
6.908 -29.8709 8.7845
7.4844 -31.3697 8.1188
6.3261 -25.644 9.6379
5.7567 -27.9024 10.0738
5.7566 -26.7233 9.9184
5.757 -30.0551 9.8626
5.4689 -31.576 8.5742
4.3112 -29.0927 9.1021
4.0315 -30.723 9.2502
10.0703 -26.4739 9.5416
9.2143 -26.6246 9.618
7.1985 -24.3341 9.4098
5.4679 -25.1473 9.7765
4.0205 -27.7091 9.8564
3.158 -29.0099 9.4777
9.2142 -26.581 9.7084
2.8763 -26.0262 10.1234
6.0443 -28.3248 9.8926
6.3336 -30.1479 10.3496
6.9004 -30.0731 8.6672
10.3753 -26.0832 9.3135
7.7675 -27.1599 10.784
5.7485 -24.6976 9.9162
10.0703 -26.571 9.6267
8.6311 -25.5402 9.5445
6.9004 -26.74 10.0065
9.7879 -28.181 9.1523
7.7712 -27.7997 10.0229
6.9075 -27.8704 9.7984
6.9004 -31.5065 8.1431
6.0442 -26.4547 9.9297
4.3112 -25.8355 9.9302
2.6869 -26.9934 10.0442
2.8767 -27.7689 9.6166
4.3188 -29.819 9.1714
2.877 -29.2999 9.4276
10.6551 -27.4078 9.9647
6.6224 -28.9035 8.7004
3.4542 -24.9647 10.1199
10.3584 -26.7681 9.2499
10.3587 -28.1016 9.4025
10.3588 -28.6368 9.1475
3.4439 -25.9013 9.9222
5.4688 -31.266 8.7423
6.3261 -31.192 8.4639
10.6023 -27.2014 10.6098
6.0443 -29.8032 10.2554
4.3112 -29.9162 9.1803
6.9003 -24.9621 9.665
8.9265 -31.6631 8.1443
8.3432 -26.9774 9.6902
10.3592 -30.551 8.3779
3.4439 -28.054 9.7105
10.6553 -28.87 9.0762
5.7573 -31.1924 8.5977
10.3752 -28.3466 9.1902
10.3749 -27.2671 10.1612
9.4935 -29.025 8.9673
8.634 -28.5024 9.1219
4.8931 -30.7712 9.0476
2.6869 -27.8053 9.7709
10.6551 -27.0509 9.1607
6.3335 -25.5421 9.5874
10.3753 -29.3966 8.7901
4.6055 -28.2952 9.5876
5.7481 -30.6448 8.9566
10.5961 -27.1837 10.2498
3.4548 -30.4481 9.3333
3.7416 -24.9939 9.7424
2.6869 -24.7536 10.2082
5.1739 -27.0086 9.9145
3.7351 -30.212 9.3444
10.3752 -29.1277 8.9671
4.3112 -28.5639 9.2229
10.5961 -27.1441 10.7615
9.214 -27.0956 10.7037
4.3112 -30.3707 9.2002
8.919 -26.4726 9.7456
4.887 -30.5956 9.0367
2.8588 -28.1322 9.8009
5.4683 -29.1418 10.392
3.7347 -26.5909 9.9158
7.1931 -27.0315 9.9029
3.7416 -29.6498 9.367
6.3261 -30.529 8.9121
4.3112 -29.4763 9.2064
8.9188 -27.0736 10.7236
10.6023 -26.8865 9.4014
2.8773 -30.8643 9.3171
8.631 -31.2157 8.1767
6.6128 -31.8901 8.1272
6.3335 -29.5621 10.5791
9.5031 -31.5197 8.0842
8.0527 -31.821 8.2847
6.3339 -30.8728 8.6605
2.6722 -28.1217 9.75
9.2039 -27.1302 10.6455
7.4841 -28.6282 8.8651
8.926 -29.0468 9.0247
8.0531 -29.3953 8.915
6.044 -24.3965 9.8691
5.4679 -24.8459 9.6899
5.7566 -25.3829 9.4216
4.3183 -26.1712 9.7787
5.1807 -28.2749 10.2605
5.7482 -28.5797 10.1281
6.3261 -30.5589 8.8188
6.3261 -24.6303 9.5826
2.859 -27.6042 11.1049
5.4687 -30.6452 9.0355
8.9259 -28.3769 9.1291
7.4779 -24.3959 9.5899
8.6311 -29.0984 9.0091
4.6064 -31.4501 8.8524
4.3111 -28.6236 10.1552
5.1741 -30.4372 9.0304
8.0533 -27.1107 10.9086
3.7415 -27.5878 9.7975
10.655 -26.6128 9.5008
4.8873 -24.5096 10.0883
6.0384 -24.4968 9.7888
3.4438 -31.1339 9.0936
6.0382 -31.7997 8.2743
6.3335 -26.0359 9.7585
8.9264 -31.1513 8.2116
8.6335 -24.4348 9.8523
2.6882 -28.2407 9.7056
7.4774 -30.2085 8.7079
4.0317 -31.6132 8.8014
9.785 -28.4926 9.1222
3.735 -28.9295 9.9224
4.3188 -29.4402 9.0751
4.6065 -31.6938 8.7768
2.6869 -24.8254 10.1667
7.7709 -27.1541 10.8953
4.0204 -30.612 9.2439
3.455 -31.5448 8.9936
4.5958 -29.0848 9.3597
4.0204 -29.5085 9.2405
8.631 -30.8695 8.3441
4.5958 -28.7283 9.696
8.6343 -31.0322 8.2369
3.4439 -26.5392 10.0316
8.631 -31.6394 8.0187
3.4439 -28.9997 9.7725
10.6023 -27.3041 9.171
8.9264 -31.7233 8.2072
10.5962 -28.7541 9.0925
7.1932 -27.6609 10.039
10.6023 -27.1505 10.5632
5.7482 -28.7161 10.1362
3.735 -29.1637 9.6024
9.7848 -25.6666 9.4949
8.919 -26.4017 9.8301
8.6311 -30.1573 8.6036
6.3334 -24.9623 9.6615
8.6336 -27.1018 10.8429
8.3431 -28.188 9.1535
7.1934 -29.5893 8.838
8.9189 -27.448 10.1488
10.3752 -28.0828 9.1687
8.6339 -28.4631 9.199
4.596 -26.9647 9.835
4.6051 -26.0399 9.4342
6.6128 -29.2611 8.1367
9.788 -30.8039 8.3872
7.4775 -29.7164 8.851
7.4779 -24.4199 9.6521
4.8871 -29.6322 10.5604
7.1929 -24.175 9.435
6.9003 -25.7172 9.7284
7.1986 -26.5739 9.9305
10.0702 -28.346 9.1551
8.9189 -27.4499 9.3439
9.788 -31.0207 8.3272
6.9004 -29.9881 8.7272
6.3261 -25.2721 9.6572
6.0442 -27.0152 9.8016
4.0205 -27.8853 9.8089
4.8928 -28.6373 9.9756
5.4683 -29.7305 10.5409
4.5958 -28.9887 9.5456
4.893 -29.1957 9.0558
6.3339 -30.7719 8.6102
5.4688 -31.1476 8.7238
5.4689 -31.532 8.6431
9.5022 -24.6963 9.7639
7.4777 -25.8539 9.8337
7.1987 -27.0485 9.8194
10.6023 -27.8792 9.5448
9.7849 -27.1908 9.4181
8.343 -31.2642 8.1361
7.7722 -31.8498 7.9559
5.7566 -25.3055 9.412
3.4439 -25.9035 10.0295
3.4543 -25.801 9.9304
2.6869 -25.7566 10.1829
5.7569 -28.0897 9.2163
2.8588 -27.0685 9.9698
6.3261 -29.6033 10.5222
4.5957 -29.691 9.0204
5.4686 -30.4395 9.4257
9.7878 -28.3896 9.1405
6.6219 -24.8495 9.6617
2.6869 -26.828 9.9443
2.877 -29.6137 9.4528
8.0585 -27.123 10.6541
3.7414 -28.0988 10.5994
4.893 -30.5006 9.1387
9.4935 -24.3312 9.4851
8.3503 -24.9574 9.5056
10.3752 -27.6065 9.194
10.6552 -28.11 9.4394
8.9258 -27.3935 9.4578
8.9259 -28.2477 9.2579
8.3505 -27.6654 9.8215
8.0528 -31.4661 8.0227
5.468 -25.4791 9.5633
3.4544 -27.1093 9.9572
6.6224 -29.3623 8.7071
5.4687 -30.549 8.9933
4.0315 -29.4528 9.3103
3.7352 -30.9875 9.0701
3.158 -31.1373 9.1397
3.7347 -27.0517 9.8016
9.7849 -26.4965 9.6671
9.5022 -24.595 9.6921
9.2039 -25.538 9.6103
8.9257 -26.9202 9.6333
8.6311 -26.0464 9.6539
8.6311 -26.698 9.7662
7.1931 -26.9101 9.9622
10.0702 -30.4775 8.3472
10.6022 -30.7961 8.2726
8.0596 -30.6698 8.3997
7.7721 -31.2931 8.0492
8.0528 -31.4447 8.0893
6.9083 -31.6208 7.9587
6.6128 -25.2484 9.5434
3.4439 -25.6987 10.0066
4.893 -29.5271 9.0492
4.5956 -30.2178 9.2483
4.5954 -31.6499 8.6599
2.6882 -29.0825 9.567
3.7416 -31 9.2172
3.158 -30.3844 9.4116
10.6554 -30.1571 8.5061
3.735 -29.2377 9.4402
8.9258 -27.7603 9.409
9.7848 -25.7407 9.7888
6.9004 -27.9999 9.8868
7.7716 -29.4667 8.9084
6.0442 -27.8079 9.9304
9.7848 -26.3247 9.7012
10.0702 -29.0236 8.9808
9.5027 -29.4324 8.8438
8.631 -30.7853 8.4471
6.0443 -27.9267 9.7423
3.7347 -26.7879 9.7802
5.4688 -30.9877 8.903
10.3585 -26.8005 11.067
8.6311 -25.0301 9.698
10.0702 -31.8097 8.2075
5.7566 -25.4813 9.5712
4.3112 -25.0741 10.0008
3.7348 -27.6558 9.811
6.3261 -29.6717 10.537
4.8929 -29.1949 9.241
6.6225 -30.3927 8.6878
4.0205 -28.6145 9.2682
2.8773 -31.0802 9.2141
10.0702 -26.9139 11.0905
10.0702 -26.9164 10.9913
8.9188 -27.151 10.7332
9.2038 -27.7752 9.3167
10.6553 -29.0184 9.0013
10.3754 -29.698 8.6486
8.0593 -29.291 8.9352
4.8926 -25.2987 9.9157
5.7483 -27.9679 10.1883
2.6721 -27.6451 11.1223
4.5958 -28.766 9.7611
4.8871 -29.6082 10.4982
4.0313 -26.4968 9.7682
8.3506 -27.981 9.7046
6.9083 -31.4327 8.0891
9.7848 -26.989 10.8925
8.6338 -27.3882 9.4937
8.343 -30.122 8.6875
2.6882 -28.67 9.5989
3.7415 -26.165 9.9459
10.5964 -30.1579 8.4551
2.6649 -24.9738 10.1134
8.9255 -24.8846 9.7984
10.0702 -28.5965 9.195
8.9262 -30.2602 8.6174
5.7485 -24.9339 9.7036
3.1581 -26.2339 10.0816
5.7483 -28.0581 9.9298
5.1739 -26.8077 9.8568
5.7481 -29.9483 9.9891
6.6224 -29.2751 8.6597
5.7481 -30.9616 8.9039
4.6065 -31.825 8.7554
2.6881 -30.1604 9.4224
3.158 -30.9859 9.2923
3.4439 -29.1502 9.5769
10.6554 -29.5322 8.813
6.0443 -29.6608 10.4028
9.7851 -31.2307 8.2245
8.351 -29.6067 8.7881
4.0205 -27.2281 9.8735
4.5956 -30.0557 9.0921
2.687 -28.3616 9.656
8.9189 -28.3366 9.1792
4.6061 -30.4436 9.1619
4.0312 -26.7627 9.897
9.4935 -31.4438 8.2214
4.0205 -26.795 9.787
9.4935 -31.7324 8.1199
6.6219 -24.4626 9.8416
7.7712 -27.8395 9.7393
9.5028 -29.6765 8.7898
9.4935 -29.6069 8.7723
7.7675 -27.2869 10.5478
6.3334 -24.8178 9.7014
4.8872 -25.6103 9.7345
2.687 -31.2034 9.1661
6.6226 -31.1879 8.4893
7.7676 -26.5518 9.8971
6.9079 -29.2971 8.9311
8.0586 -27.2833 10.4964
5.4678 -24.5338 9.9787
6.6128 -31.1061 8.4283
2.8771 -30.0524 9.3624
2.8763 -25.7436 10.0693
7.7674 -26.9094 10.9722
3.4439 -26.2831 9.9406
6.3261 -28.5681 9.8494
9.7849 -27.5163 10.0229
6.0448 -31.6947 8.327
9.2143 -27.6271 10.0276
10.0702 -27.1715 9.2362
5.7485 -24.4979 9.9229
4.596 -27.1289 9.8705
7.4838 -27.3472 9.7566
7.1991 -28.5818 8.8257
7.4838 -27.6662 9.8114
6.0441 -24.6 9.5996
5.1739 -26.0329 9.7179
8.6311 -24.8941 9.4833
9.4935 -28.1328 9.309
8.9188 -31.049 8.1334
8.343 -30.0036 8.6691
7.7678 -30.0339 8.7329
6.6128 -24.6593 9.6014
6.0384 -26.0941 9.7349
2.6649 -24.5963 10.0816
2.8763 -26.1541 10.1581
6.3335 -27.1124 9.7778
6.0383 -30.3924 8.9679
6.6225 -30.8967 8.4619
10.5962 -28.2722 9.0668
7.1936 -31.4374 8.1614
6.6128 -24.6391 9.5044
5.468 -25.7818 9.7144
2.8586 -25.2446 10.2735
2.6649 -27.8783 11.162
4.8871 -29.8326 10.3685
2.8588 -28.4584 9.5365
2.6718 -30.6065 9.3468
9.2038 -27.888 9.2841
5.4682 -28.1247 10.1647
4.3112 -28.8504 9.4702
2.8769 -28.9339 9.5195
4.3112 -31.8037 8.6547
10.3748 -27.0803 10.3559
7.7675 -27.4698 10.3878
6.0441 -24.3247 9.6825
6.622 -26.2527 9.8942
4.8927 -26.5398 9.7639
3.1581 -25.2556 9.9841
7.7713 -28.0772 9.3631
4.8931 -31.4044 8.921
4.5958 -28.492 10.3647
10.6551 -27.1776 10.7061
6.3261 -25.8993 9.6859
10.3752 -25.6954 9.4505
3.7415 -25.1432 9.9386
10.6549 -25.7432 9.6123
10.6551 -26.9349 11.0527
7.4835 -26.7588 10.9977
10.6023 -27.8796 9.1101
10.0702 -31.3253 8.281
6.0384 -24.634 9.8398
2.665 -26.3736 10.1738
6.6222 -28.2772 9.3987
4.596 -27.0267 9.7557
6.334 -31.3555 8.2733
3.7415 -28.9919 9.8447
4.0315 -29.8992 9.3784
10.5961 -27.2517 10.2431
7.1932 -27.9426 9.8219
4.3111 -27.417 9.9941
4.6058 -29.1443 9.13
3.735 -29.1663 9.5032
4.3188 -29.6916 9.1581
3.4546 -28.554 9.536
9.2146 -28.3143 9.1858
8.9254 -24.5045 9.8658
8.9255 -25.2327 9.717
7.4837 -24.3437 9.427
7.4839 -28.0912 9.4901
6.3336 -30.4976 10.354
10.5961 -27.0779 10.8541
8.3508 -28.6438 9.0071
7.4835 -26.9178 11.0036
6.9004 -28.7585 8.775
2.8762 -25.1587 9.8858
5.174 -29.0563 10.3498
8.9189 -27.3503 9.358
8.0589 -27.9049 9.5618
3.7415 -25.4557 9.8993
2.665 -27.0496 10.1418
6.0443 -29.1465 10.3413
5.4683 -28.6698 10.1758
4.0314 -28.8855 9.3229
3.4547 -29.4356 9.3421
8.6311 -24.9706 9.45
8.9264 -31.8204 8.2924
8.6344 -31.396 8.0377
7.4843 -30.5736 8.5023
3.1581 -26.186 9.9573
5.4681 -26.7891 9.904
4.5955 -31.3413 8.8925
9.7851 -31.1465 8.3274
4.8869 -31.442 8.6778
8.6311 -28.6593 9.0782
7.4776 -28.2395 9.4655
6.6219 -24.9491 9.6476
6.622 -27.1193 9.8608
8.6337 -26.6435 9.7174
10.6022 -31.5879 8.1302
4.5958 -29.0959 9.2338
8.343 -30.8787 8.3806
8.9263 -30.9593 8.3768
4.6059 -29.3662 9.0996
8.6336 -27.1355 10.7148
4.6048 -25.5139 9.9333
2.6881 -30.6849 9.315
9.503 -31.3324 8.2575
8.6338 -27.708 9.5915
4.6061 -30.3401 9.2107
7.4776 -27.21 9.7561
2.8774 -31.276 9.0142
6.3261 -28.0465 9.8792
4.605 -27.2074 10.8346
5.4684 -29.7716 10.3217
10.0702 -26.9693 10.6892
9.502 -27.0293 10.6327
7.4837 -24.6507 9.5648
9.2145 -28.0167 9.5205
7.771 -27.2965 10.7479
10.6555 -31.1477 8.3139
9.4935 -31.2698 8.1482
4.3181 -24.9732 10.0467
4.0312 -25.8529 10.0422
4.8927 -28.3812 10.3406
4.3185 -27.6924 9.7801
2.6869 -26.9776 9.9339
5.7481 -30.9877 8.8454
6.3338 -30.4696 8.7086
6.0447 -31.2945 8.5255
3.4439 -29.2395 9.5036
3.4438 -31.0582 9.1699
2.6881 -31.6234 9.012
7.4837 -24.4459 9.5418
9.5025 -27.18 9.2969
10.3755 -31.3499 8.1507
9.4935 -31.1377 8.1268
9.4935 -31.2279 8.0964
6.3261 -24.91 9.7144
6.622 -24.95 9.4625
5.7484 -26.5454 9.9022
4.3181 -24.7239 10.0712
3.7416 -25.212 9.7468
5.1808 -28.4036 10.1101
3.4543 -27.9129 10.6445
5.1739 -27.0484 9.859
6.9073 -25.4817 9.5594
10.0702 -30.3082 8.5102
3.158 -27.1347 9.9416
9.2146 -27.9937 9.2731
7.7676 -27.5275 9.8657
7.199 -28.3316 9.2634
10.0702 -28.6534 9.0861
7.7679 -30.2734 8.6706
4.0206 -25.0349 10.0978
5.1809 -29.8213 10.3885
4.8931 -31.0474 9.0076
4.0315 -29.6324 9.2066
3.4439 -29.2062 9.6532
9.7879 -29.809 8.5924
8.3514 -31.6202 7.9628
7.1931 -27.5335 10.0257
7.7677 -28.1251 9.5531
9.5031 -31.8605 8.0939
7.4841 -28.7248 8.9288
7.7721 -31.4201 8.0411
7.4844 -31.2821 8.0499
6.6219 -25.0201 9.5632
3.7346 -26.5485 9.8425
6.0444 -28.0653 9.4017
3.158 -27.5597 9.8482
4.3187 -28.6843 9.1966
3.158 -31.4468 8.9501
6.6129 -30.3553 10.3613
7.768 -31.7422 7.8764
8.6311 -24.4761 9.9204
8.6337 -26.2732 9.8226
7.1936 -31.0142 8.3407
10.3591 -30.3805 8.4765
7.4779 -24.5323 9.598
6.9003 -24.8984 9.6584
7.4776 -26.5939 10.9486
9.4935 -27.3132 10.5429
8.6338 -27.7273 9.4175
10.6553 -29.274 8.8427
10.0702 -30.1808 8.4969
7.7678 -29.1297 8.9293
7.4775 -29.4133 8.9067
6.6128 -25.157 9.7374
4.8873 -24.8802 10.0044
4.0206 -25.1533 9.8882
3.7345 -25.4263 10.0346
2.6869 -25.0618 10.1823
4.3112 -26.0557 9.8139
2.8586 -25.6649 10.172
2.8588 -26.9667 10.1046
4.0313 -27.4382 9.8436
6.6129 -29.5115 10.6209
6.6128 -31.4288 8.22
10.6022 -26.9266 11.1704
7.768 -31.7256 7.9512
10.5965 -31.6239 8.1946
6.3261 -27.9152 9.9007
3.4439 -29.2771 9.5687
7.4774 -31.1661 8.2307
8.631 -30.3664 8.6132
10.0703 -25.6146 9.7122
6.9083 -31.3245 8.1298
6.0441 -24.8596 9.6344
6.0383 -30.1215 9.7218
5.1739 -29.5229 10.7428
5.174 -30.0502 9.8733
9.7849 -28.1869 9.277
2.687 -30.0332 9.4617
6.3335 -27.7319 10.1044
7.7719 -30.6758 8.5143
2.8773 -30.7561 9.3578
10.6022 -31.8103 8.3493
6.3261 -28.2602 9.8969
2.8591 -30.7924 9.3075
10.6022 -31.3887 8.1584
9.2154 -31.1996 8.1287
4.893 -30.4899 9.058
5.7481 -30.4448 8.9418
3.7415 -27.5481 9.8531
7.7709 -27.0579 10.8531
7.1986 -26.3157 9.9601
2.665 -25.9576 10.262
9.4935 -28.4351 9.2104
4.6059 -29.249 9.1455
2.859 -30.4495 9.4186
4.8927 -26.7549 9.846
9.5024 -26.5532 9.5175
10.3591 -30.2633 8.5224
10.3755 -31.5804 8.0937
7.4775 -29.7883 8.8095
9.5024 -26.8948 9.5701
4.6062 -30.7373 9.09
4.6062 -30.633 9.096
3.7416 -24.9687 9.8439
8.3505 -27.7967 9.8001
2.6652 -30.017 9.579
5.174 -30.2754 9.5585
7.7709 -26.9686 10.9264
10.6551 -27.6629 9.7847
4.596 -27.2927 9.8845
5.7566 -25.4107 9.6771
3.7416 -30.13 9.3069
10.3585 -27.3208 9.1911
9.4935 -30.2284 8.5218
10.5963 -29.916 8.6166
9.2039 -26.435 9.7328
5.7481 -30.5179 8.9648
7.1993 -30.3724 8.6718
6.622 -26.7529 9.9312
3.7416 -29.363 9.3263
10.6551 -27.2125 10.1862
4.0312 -25.4566 9.9778
10.6551 -27.2407 9.1162
8.0528 -31.738 7.9959
3.7416 -30.7593 9.215
3.7352 -30.9349 9.1657
6.6128 -30.756 8.6306
10.5963 -28.9178 9.1065
7.1936 -31.6118 8.0281
10.6554 -30.3068 8.4957
10.6556 -31.2554 8.2516
10.5963 -29.5744 8.7923
3.4548 -30.6571 9.343
4.6056 -28.3024 9.4965
5.7481 -31.1347 8.7061
10.6022 -31.7923 8.1316
10.6555 -31.0066 8.2977
10.5964 -30.6616 8.4356
5.4679 -25.3158 9.7988
10.6555 -30.4474 8.4905
5.4685 -30.2484 9.6338
7.4773 -31.5033 8.0684
4.6057 -28.9728 9.4136
9.2039 -24.4671 9.8707
10.0703 -25.7249 9.7788
8.9188 -27.0574 10.8199
9.7877 -27.6551 9.8796
10.6552 -28.1352 9.3379
7.1986 -27.6483 10.2985
7.4776 -27.9382 9.8351
8.6311 -27.7655 9.5621
10.5963 -29.0303 9.0524
10.3591 -30.0188 8.5551
9.785 -29.1206 8.9657
8.6341 -29.3729 8.8257
7.1992 -29.6588 8.8665
5.1739 -25.6199 9.7285
3.4543 -26.1708 10.0319
3.4439 -26.2327 10.1435
3.158 -26.7546 10.009
2.8588 -27.4892 9.8898
4.893 -29.3048 9.058
5.4687 -30.6615 8.9392
4.3112 -29.1928 9.1094
2.6652 -29.8939 9.5524
4.0204 -30.5389 9.221
2.8775 -31.4889 8.989
9.7878 -26.0407 9.7583
10.6553 -29.1265 8.9606
8.3513 -31.0759 8.2226
5.1809 -29.9838 10.11
9.2149 -29.332 8.7505
2.8589 -28.5722 9.5468
9.5023 -25.7315 9.5248
6.9003 -25.1802 9.6694
8.0531 -29.102 9.0085
8.6342 -30.21 8.451
4.0313 -27.3348 9.8925
3.158 -27.4301 9.9556
3.7415 -28.5964 10.0514
9.4935 -30.8035 8.4394
8.0529 -30.6641 8.5621
6.3261 -25.2798 9.5876
4.3182 -25.4743 9.8986
3.4545 -27.9263 9.7137
9.7878 -24.4874 9.7429
8.9189 -27.6637 9.3616
7.1932 -28.0824 9.7737
10.3592 -30.7554 8.3793
8.3508 -28.9183 9.1094
4.5958 -28.4402 10.0471
6.0443 -28.1196 9.8482
3.158 -27.3036 9.9852
4.606 -30.0921 9.2996
5.1741 -31.2187 8.8287
6.6225 -30.8258 8.5463
4.8869 -31.7579 8.5822
4.0204 -29.1772 9.2473
3.4438 -31.7174 8.9846
6.6128 -25.0646 9.6605
9.7878 -26.6307 9.5153
8.3431 -29.0785 8.9539
4.3188 -29.1704 9.2092
4.3112 -30.4194 9.1394
2.8589 -28.3879 9.6424
8.6338 -27.21 9.4338
10.0702 -30.0543 8.5266
6.6221 -27.7085 10.0311
3.4439 -28.4191 9.5757
4.893 -29.4625 8.9995
4.893 -30.2663 9.2305
9.7848 -27.0342 10.6599
6.9073 -24.6861 9.5083
10.3585 -27.4247 9.1636
8.0532 -28.1838 9.4087
9.5029 -30.4102 8.464
4.3188 -29.3744 9.1892
3.158 -29.2403 9.4207
3.4547 -29.5361 9.371
3.158 -30.6499 9.2908
3.7415 -28.0996 9.7301
10.0702 -30.961 8.2308
5.7566 -25.9221 9.5882
4.6049 -26.9662 11.0389
3.4544 -27.716 9.8677
8.9257 -27.0467 9.6037
10.3748 -27.215 10.2782
10.6023 -28.3106 9.3174
8.0533 -27.7094 9.9761
10.5963 -29.2397 8.8553
9.215 -29.8519 8.6351
8.634 -28.7731 9.0309
7.1935 -30.5597 8.5489
5.7565 -24.3564 9.6342
5.7565 -25.1324 9.8378
4.0312 -24.9636 9.8497
6.0442 -29.3774 10.5338
9.7878 -24.5131 9.6629
9.2039 -24.394 9.8478
10.3585 -27.5324 9.1014
7.4839 -27.6957 9.6967
6.9004 -28.2051 9.7031
10.6554 -29.8601 8.6344
6.3334 -24.5087 9.9125
6.6129 -29.6234 10.5453
8.9256 -25.7739 9.5348
10.3587 -28.0944 9.4936
10.5962 -28.6105 9.1755
3.4542 -25.034 9.9496
6.0442 -27.1525 9.8527
2.6651 -28.3672 9.7283
3.158 -28.6139 9.4348
10.3753 -29.6086 8.722
6.6129 -26.6125 10.0803
8.6311 -25.0215 9.4966
10.0702 -29.6187 8.7674
8.6311 -29.0159 8.9699
4.3112 -30.7324 9.1216
6.0447 -31.4715 8.5211
4.0204 -30.444 9.2432
3.7415 -26.8486 9.8443
6.6224 -29.264 8.3294
9.5031 -31.6164 8.1479
3.4439 -24.7696 9.6418
8.9188 -29.2715 8.9323
8.9188 -26.9822 10.9176
7.1931 -26.9405 9.8903
8.9188 -27.3502 10.4769
9.7879 -28.9078 8.939
7.1993 -29.9654 8.7547
5.4689 -31.3644 8.6638
2.8591 -31.4829 9.0934
9.7849 -27.0878 9.4884
6.9078 -28.5015 8.8801
10.3584 -26.9614 9.3771
7.1985 -24.479 9.3913
8.0598 -31.3556 8.1774
2.6869 -26.2217 10.0555
4.893 -30.3009 9.1454
6.0447 -29.3826 8.0546
4.5956 -30.6876 9.1289
4.8926 -25.0049 9.9876
7.4776 -28.2984 9.2359
10.3751 -26.0451 9.683
8.9257 -26.6666 9.6711
6.3335 -27.5416 10.1273
10.6551 -27.3557 9.1909
3.4439 -28.0559 10.7087
5.4683 -29.6548 10.6172
6.0446 -29.8571 8.6278
4.3112 -31.3852 8.8422
9.5023 -25.6896 9.473
6.6129 -28.1874 9.8218
2.665 -25.3633 10.0622
8.3509 -29.3219 8.8547
5.4681 -26.397 9.8262
6.3261 -24.9451 9.8787
6.3261 -24.8271 9.8817
8.6311 -27.1477 9.5498
5.1741 -30.8121 8.9333
10.0702 -28.4738 9.1899
7.1932 -27.781 9.9153
8.3505 -27.7163 9.8682
10.596 -25.1663 9.5145
9.7849 -26.7526 9.53
6.9073 -26.5485 9.9969
8.3432 -27.1847 10.5046
8.0533 -27.3808 10.5678
9.788 -29.9946 8.5613
8.3431 -29.3325 8.9374
4.0205 -26.5513 9.8626
6.6226 -31.7121 8.1324
9.4935 -27.8025 9.8148
9.2153 -31.147 8.2242
7.7721 -31.344 8.0959
5.7484 -25.6411 9.6426
6.0383 -29.9284 10.0506
4.5958 -29.0695 9.4989
7.4774 -29.8738 8.771
6.6129 -27.5446 10.1391
8.3432 -27.1253 10.7127
7.7679 -30.9155 8.3106
3.7349 -28.8235 10.0705
7.7674 -26.9244 11.0396
10.5961 -27.1688 9.2916
7.4836 -27.2509 10.6267
8.0532 -28.1312 9.5042
6.9004 -28.1969 9.5231
2.8763 -25.9429 10.0412
5.4683 -28.4753 9.984
4.5957 -29.8056 9.0736
3.158 -29.4669 9.3984
8.9255 -25.4785 9.7488
10.3749 -27.5886 9.8886
10.3753 -27.6509 9.1466
9.2038 -28.4447 9.1905
10.6556 -31.4914 8.2456
8.6342 -30.5478 8.5383
7.771 -26.6013 9.8135
9.5025 -27.422 9.3635
6.622 -26.6935 9.9112
3.4439 -28.5808 10.1665
9.2155 -31.5327 7.9799
7.7678 -29.2802 8.9619
5.7484 -26.6309 9.8637
5.1805 -25.7396 9.726
4.8927 -27.3637 9.8638
6.6226 -31.3213 8.3471
5.1804 -25.0983 9.9008
10.0702 -28.7765 9.1127
5.1739 -26.0479 9.7853
5.4681 -27.9148 10.3402
8.9265 -31.4117 8.0613
6.6128 -30.2755 8.6693
4.0312 -28.472 10.2241
8.3504 -26.3798 9.7924
8.0586 -26.391 9.6974
6.9074 -26.9072 9.7681
10.6552 -28.1501 9.1772
10.0702 -28.2383 9.2174
7.4776 -28.5963 8.9226
9.503 -31.2136 8.2175
10.6023 -27.078 9.2147
10.5961 -27.4854 9.9016
10.5964 -31.3041 8.325
10.596 -25.2219 9.5693
9.5023 -25.6177 9.5144
10.5961 -27.3226 10.1586
9.2037 -28.9089 9.02
9.2036 -31.0775 8.2554
3.7344 -24.8025 10.1778
8.3509 -29.2048 8.9006
4.0205 -27.4612 9.9453
2.6869 -25.6971 10.1629
7.4843 -30.4804 8.6104
8.3507 -27.9981 9.4232
9.2039 -27.2152 10.5855
6.9075 -27.8443 9.8569
8.3508 -28.708 9.0353
8.3503 -26.2669 9.825
2.8588 -27.1724 9.9424
10.5961 -27.712 9.8793
3.7415 -26.3445 9.8422
4.0313 -28.7743 10.1256
2.859 -29.7881 9.4964
4.3188 -29.5962 9.1588
8.3432 -27.0416 9.7183
9.7849 -27.4845 9.3461
6.9003 -25.1203 9.628
6.9004 -30.9491 8.4217
6.3262 -29.3346 8.0054
4.8926 -25.6967 9.8379
5.4681 -26.9922 9.841
5.1809 -29.8555 10.2818
5.4683 -29.2431 10.4639
9.7879 -24.9932 9.3748
9.214 -24.5236 9.6903
10.5961 -26.9539 11.0126
9.7849 -26.6188 9.6508
8.0588 -27.6894 9.6862
10.5963 -29.8377 8.5641
6.9079 -29.416 8.9711
6.908 -30.0569 8.5468
6.0384 -25.1453 9.7508
3.158 -27.3433 9.9297
3.158 -28.2407 9.6178
5.4683 -29.5518 10.6875
6.6224 -29.0297 8.6493
4.8929 -29.0944 9.2121
4.8931 -30.8298 9.0247
6.6128 -30.986 8.552
4.3111 -28.6257 10.2626
3.158 -28.788 9.5081
3.158 -28.7892 9.5725
3.4546 -29.0538 9.5516
7.4838 -26.1535 9.7833
8.3432 -26.8556 9.728
10.0702 -28.9608 9.0172
9.2149 -29.5047 8.7594
8.631 -31.4778 8.1121
6.0441 -24.5171 9.5389
2.6724 -26.9981 10.1057
2.859 -27.691 11.1308
4.0314 -29.1873 9.431
4.3112 -31.7498 8.6858
3.455 -31.4661 8.9195
8.9258 -27.2289 9.4008
4.3189 -30.1157 9.2499
10.6554 -29.8668 8.5218
7.1934 -29.0523 8.779
4.887 -30.3439 9.3885
2.8587 -26.4849 10.0787
9.5019 -26.9822 11.0074
8.6311 -27.261 9.5386
10.0702 -29.3673 8.9126
10.5964 -31.1819 8.3414
6.6219 -24.8329 9.5084
5.7566 -25.4877 9.6652
3.7344 -24.98 10.1947
3.1581 -26.6995 9.9757
3.7415 -28.2723 9.7389
9.5025 -28.1954 9.2103
8.6311 -27.3388 9.5697
6.9004 -28.8123 8.7439
6.0441 -24.4483 9.5026
8.9257 -26.7658 9.6355
10.5962 -28.1004 9.1009
7.1993 -30.286 8.6674
4.0205 -26.6783 9.8544
6.3261 -26.551 10.0263
3.4546 -28.6254 9.4731
9.4935 -31.6447 8.0511
10.5961 -27.203 9.1849
7.1935 -30.9744 8.3963
8.3507 -28.0461 9.3195
3.4543 -26.0485 10.0482
2.687 -29.4133 9.5699
3.4548 -30.2061 9.2667
7.4776 -27.7133 9.9433
7.1935 -30.1664 8.635
2.8587 -26.5879 10.0083
10.3752 -27.4795 9.2022
6.6225 -30.7086 8.5923
2.8767 -27.709 9.8033
3.4439 -28.8736 9.8236
10.3753 -29.3256 8.8745
9.2141 -27.3585 10.4541
5.1814 -31.4011 8.7704
9.7879 -28.8462 9.0397
10.6023 -27.1253 10.8927
2.877 -29.5184 9.4535
10.5962 -28.1924 9.3845
10.5962 -28.4211 9.2415
6.9005 -31.8314 8.0423
10.6555 -30.6407 8.3897
4.6059 -29.4568 9.0907
7.1933 -28.9497 8.8708
2.6652 -29.2594 9.6148
8.9189 -27.1887 9.4514
10.3589 -29.4139 8.7309
8.631 -31.2936 8.2077
7.4774 -30.6672 8.4864
2.8774 -31.3901 9.046
10.5961 -27.4031 9.1997
6.3261 -26.925 9.8863
2.8588 -27.3323 9.9912
2.6727 -25.6523 10.2422
2.6649 -27.4055 11.3591
10.6551 -27.6476 9.9239
10.5961 -27.6209 9.8668
2.672 -27.7636 11.1408
4.0204 -30.6466 9.1588
6.6128 -31.2421 8.4149
9.7878 -28.9022 9.116
7.4842 -29.5367 8.8836
4.0204 -28.7142 9.2541
10.6551 -27.1155 9.2103
9.2147 -28.6124 9.1007
4.0312 -25.534 9.9874
9.7878 -28.7308 9.1715
2.6882 -27.0847 10.0257
10.6551 -27.4827 9.1827
10.6551 -26.8965 11.1727
9.4935 -29.2148 8.9228
6.9074 -27.0363 9.8673
10.3752 -27.3709 9.2214
9.2038 -26.497 9.6535
2.6651 -28.4749 9.666
2.6652 -30.4322 9.4479
2.6654 -31.5702 8.91
6.3335 -29.7332 10.274
9.4935 -29.1114 8.9717
2.688 -27.856 10.9053
6.3335 -29.6002 10.4377
4.8927 -25.772 9.7402
7.1994 -30.3848 8.6104
7.1984 -24.3537 9.7134
9.2146 -28.225 9.2591
2.6869 -27.335 9.8687
10.6022 -30.9278 8.2726
8.9263 -30.7464 8.4019
5.7568 -28.3945 9.9308
10.6553 -28.6576 9.1229
10.5963 -29.4714 8.8626
4.5955 -30.8539 9.0437
2.8772 -30.2674 9.4445
6.0447 -30.9679 8.7684
9.2037 -29.5732 8.8641
2.6719 -29.6993 9.6209
10.5962 -28.4467 9.1615
10.5963 -29.2055 8.962
2.6651 -27.6314 9.9469
4.0205 -26.3816 9.776
2.687 -31.8062 8.8831
7.7712 -27.8271 9.8008
4.6051 -27.4314 10.6835
6.3261 -30.6666 8.7565
6.9004 -31.3227 8.2602
8.6343 -31.3439 8.1547
4.6056 -28.4585 9.3521
5.7481 -30.1812 9.6047
7.7675 -27.5237 10.3567
8.343 -30.8089 8.3014
4.3112 -26.6174 9.75
6.0443 -28.3359 9.7667
5.468 -26.0914 9.7529
10.596 -26.0902 9.6215
10.3584 -26.8878 9.3327
10.5961 -27.3247 10.0379
9.5021 -27.1474 10.4017
10.3585 -27.1593 9.2845
9.4935 -30.3888 8.5921
5.1803 -24.5771 9.9519
4.8872 -26.4513 9.7807
4.3183 -26.4294 9.749
2.8767 -28.0566 9.7003
4.6061 -30.2696 9.0886
2.8775 -31.4786 8.9297
3.158 -27.2347 9.9489
2.8764 -26.6569 10.0959
4.3112 -26.8389 9.6981
5.4685 -30.0632 9.9144
2.859 -30.2041 9.4082
7.1934 -30.0724 8.7002
3.7415 -26.2385 9.9903
2.8764 -26.3349 10.1189
4.3185 -28.2734 10.2266
6.3335 -30.218 10.4503
2.672 -28.6156 10.3771
5.1808 -29.7239 10.5099
5.4689 -31.6585 8.6135
2.6883 -26.6139 9.874
6.3261 -29.4999 10.5711
4.8927 -27.2688 9.886
10.0703 -25.311 9.7464
10.6023 -26.8933 9.2888
5.1739 -26.4353 9.8548
5.1806 -26.3574 9.7385
2.6724 -27.4479 9.8894
6.0383 -29.5463 10.695
5.7568 -29.6293 10.5972
3.7415 -29.1167 9.7292
2.8589 -29.3336 9.4764
2.8774 -31.3525 8.9808
6.3261 -24.9301 9.8114
4.3189 -30.0144 9.178
10.0703 -24.3255 9.7401
9.4935 -24.3787 9.8161
8.9255 -24.7752 9.7747
10.3752 -25.4098 9.4743
10.3753 -25.2482 9.3396
6.9003 -24.3542 9.6904
10.0702 -28.1797 9.2403
9.7878 -28.5995 9.193
8.926 -28.6176 9.1313
7.7677 -28.3944 9.1694
10.3589 -29.4678 8.6998
8.9188 -30.2342 8.4847
9.2036 -31.2673 8.2109
7.1933 -28.8184 8.8923
6.9079 -29.1877 8.9075
6.6128 -24.7944 9.7732
6.6128 -25.472 9.5988
6.622 -25.8038 9.6972
5.1806 -26.1872 9.6304
3.4542 -25.96 10.1644
3.4543 -26.5368 9.9401
5.1807 -27.2484 9.7888
3.7415 -28.3403 9.7323
6.6224 -29.5145 8.8255
4.8871 -28.8592 9.6166
4.893 -28.6472 8.873
4.893 -28.8362 8.7856
6.0448 -31.8794 8.253
6.6226 -31.5851 8.1405
5.7573 -31.7456 8.5606
5.1741 -31.6184 8.6086
2.877 -29.4188 9.4676
3.158 -30.2185 9.2902
2.8772 -30.3807 9.4334
2.672 -29.1551 9.6528
7.1934 -29.4418 8.9558
4.0204 -31.5773 8.6972
4.0204 -31.6628 8.6587
7.1993 -30.1424 8.7503
5.7568 -29.6314 10.4765
6.0383 -30.1972 9.6455
10.3585 -27.2084 9.2452
6.9075 -27.7952 9.8961
6.9004 -28.2439 9.6046
9.5028 -29.9365 8.618
10.5964 -30.9014 8.3948
10.0702 -31.1705 8.2618
6.3334 -24.6724 9.6985
6.3261 -24.8347 9.5841
4.3112 -24.5478 10.0224
4.3112 -25.3413 9.9659
6.0383 -28.5042 9.9067
4.0205 -27.5033 10.9094
6.3339 -29.5881 7.9903
4.887 -30.3004 9.4789
3.735 -29.2936 9.2884
3.158 -28.6879 9.5007
7.1997 -31.5392 7.9766
8.0588 -27.8207 9.6647
10.3582 -26.0375 9.4983
8.9256 -25.9762 9.657
7.193 -25.2204 9.4828
8.0534 -27.0424 9.7749
10.5962 -28.0268 9.0565
7.768 -31.9009 8.0889
5.7483 -27.991 9.9794
2.6882 -27.7328 9.7383
5.7481 -29.8316 10.2846
5.1813 -31.0685 8.9407
5.1741 -31.1157 8.8991
6.3339 -30.7377 8.7168
5.7481 -31.2438 8.7083
7.4843 -30.4517 8.5401
4.0204 -29.1605 9.3221
8.6311 -24.9395 9.707
9.2036 -30.9728 8.2399
9.4935 -24.6527 9.6686
10.3753 -29.2174 8.9153
6.6128 -28.9742 8.0961
6.6224 -30.0109 8.6693
5.4689 -31.7077 8.5742
10.6551 -27.0242 10.9794
6.3335 -30.354 10.437
10.6023 -27.2116 10.669
9.7875 -26.9916 10.7623
8.351 -29.3805 8.8317
7.1986 -27.553 10.2993
9.2149 -29.2439 8.8882
6.9004 -29.478 8.8807
6.0384 -25.5327 9.5922
6.3334 -26.0688 9.8155
5.4683 -29.0054 10.3839
4.8929 -29.1555 9.318
3.4548 -30.543 9.3111
7.4838 -26.696 9.8936
2.6883 -25.9372 10.091
9.4935 -24.8772 9.767
8.9265 -31.4702 8.0384
7.1933 -28.7111 8.976
4.0314 -29.0868 9.4021
7.4843 -30.3624 8.6134
2.6725 -26.9058 10.0287
6.0383 -29.8621 10.1432
4.0317 -31.8304 8.7629
8.9189 -28.0202 9.2534
8.631 -26.984 10.8827
4.3112 -25.0814 10.1378
9.788 -30.3366 8.4072
4.3181 -24.5208 9.9061
10.6023 -28.8227 9.0432
5.1805 -25.3509 9.8201
2.859 -30.5581 9.3993
10.6023 -28.6919 9.0862
2.6652 -30.079 9.4998
9.788 -31.3366 8.2316
3.7345 -25.3749 9.9665
4.8932 -31.6947 8.6773
8.0598 -31.7643 8.1804
8.9259 -27.9305 9.289
8.0598 -31.3812 8.0975
3.4439 -29.8688 9.4116
8.3506 -27.9139 9.5261
8.634 -29.1437 8.9472
8.6311 -28.5606 9.1352
10.6023 -26.677 9.3704
3.7353 -31.7672 8.7825
6.0383 -31.424 8.5566
3.7353 -31.3718 8.9893
7.4776 -27.0889 10.7277
4.3183 -26.3067 9.7439
10.6556 -31.5675 8.1908
10.5965 -31.5478 8.2494
8.926 -28.8839 9.0535
10.5961 -27.2401 10.1194
9.785 -29.6699 8.7352
5.7565 -25.073 9.8178
9.7851 -31.521 8.2088
2.6869 -27.2585 9.902
7.484 -28.4101 9.0887
9.2154 -31.3587 8.1347
6.3334 -24.6754 9.6207
9.7851 -31.4351 8.2259
6.0382 -31.6424 8.3544
10.5964 -30.7749 8.4245
6.9004 -26.8764 10.0146
7.1934 -29.55 8.9151
10.6552 -28.0308 9.1158
10.3752 -28.2516 9.2124
4.3112 -26.7188 9.8218
4.3184 -26.7659 9.772
9.2039 -27.4062 10.3773
6.9004 -29.9107 8.7176
8.6343 -31.1818 8.2265
6.6129 -27.9532 9.9138
8.343 -29.8279 8.738
6.0447 -31.1008 8.6047
2.687 -30.8396 9.3653
2.687 -29.5129 9.5558
6.9076 -28.1945 9.4266
8.0587 -26.8976 9.8285
4.8926 -25.5791 9.8624
7.7711 -27.3085 9.7527
10.3755 -31.5427 8.0285
2.859 -29.8963 9.4556
10.3752 -27.2675 9.2703
2.6869 -27.197 10.0027
2.6717 -31.1482 9.186
10.3752 -24.6911 9.6396
9.4935 -29.3807 8.8161
2.8763 -26.2289 10.0389
2.8772 -30.6385 9.3823
8.6337 -26.4207 9.7048
8.6338 -27.6093 9.6485
5.4684 -29.9623 10.0922
4.0312 -25.0021 9.9578
7.4778 -25.1633 9.5918
8.6337 -26.3301 9.7137
10.5962 -27.5202 9.1537
10.3587 -28.2281 9.1447
9.7849 -27.3079 9.3721
7.7709 -27.2525 10.8168
6.9076 -28.0581 9.6466
10.5963 -29.3265 8.8812
9.788 -30.9104 8.2605
6.9004 -31.2244 8.3387
6.0384 -25.003 9.8982
6.622 -25.077 9.4543
6.0441 -25.1033 9.5588
6.0384 -25.3758 9.6937
5.468 -25.5527 9.6077
3.4542 -24.6881 9.9103
2.6869 -25.0289 10.1252
6.0383 -28.0872 9.2678
4.8927 -27.4539 9.8334
4.6055 -28.2485 9.7557
2.859 -27.7158 11.0079
2.859 -27.6957 10.9109
2.859 -27.8509 10.9516
3.158 -27.6234 9.8548
3.4545 -27.9058 9.5952
3.4439 -28.3297 9.649
2.8588 -27.8727 9.7661
6.3339 -29.6372 7.9511
6.6128 -31.6828 8.2036
4.3112 -28.7015 9.0674
4.0204 -28.8467 9.0689
4.3112 -30.0227 9.2817
4.319 -30.84 9.1358
3.158 -31.2814 9.0782
8.0586 -26.8074 9.8588
9.4935 -31.688 8.1673
8.9264 -31.4501 8.1694
10.3753 -27.8006 9.1362
4.3189 -30.3141 9.1788
4.3112 -31.4497 8.8918
4.8871 -28.6511 9.8781
5.1806 -26.6186 9.8592
8.6311 -30.6891 8.4049
10.3588 -28.8343 9.0334
10.3583 -26.0862 9.4376
8.6339 -27.85 9.4226
9.2155 -31.7576 8.0999
10.596 -25.8752 9.5394
10.0703 -26.0382 9.5543
9.5022 -25.6955 9.7736
9.7848 -25.7504 9.5985
9.7848 -25.8244 9.6644
10.3746 -26.917 10.8195
7.4779 -24.6247 9.6749
6.9003 -24.6299 9.6289
6.9003 -24.8493 9.6977
8.0533 -27.0517 10.9101
8.0534 -26.6123 9.8387
9.4935 -27.2755 10.4778
9.2143 -27.7306 9.9788
10.3752 -28.1713 9.2805
9.7879 -27.7226 9.1672
8.0533 -27.4299 10.3005
8.0532 -27.8757 9.8908
7.4836 -27.1658 10.6867
7.4776 -28.0185 9.7669
9.785 -28.6785 9.1125
9.785 -29.7383 8.75
10.6556 -31.3563 8.3019
10.5965 -31.4302 8.2739
10.3593 -31.1427 8.2206
10.0702 -31.4826 8.201
10.0702 -31.5266 8.1321
10.3594 -31.8614 8.2832
10.3755 -31.8792 8.0514
9.788 -31.5996 8.2101
8.6341 -29.7397 8.7768
8.0594 -29.896 8.7596
7.1934 -29.213 8.8707
7.7679 -30.9864 8.2261
8.631 -31.6352 8.2601
8.631 -31.7045 8.3179
6.9004 -30.9286 8.5313
5.7485 -24.863 9.788
5.7484 -25.6877 9.7026
3.7416 -24.8422 9.8735
3.7345 -25.1142 10.0955
4.0205 -26.0764 9.9523
4.8927 -28.3013 10.4302
2.6721 -27.3442 11.2852
2.6649 -27.8492 11.0702
3.158 -27.0607 9.8757
6.3261 -28.6284 9.9124
4.8871 -29.9265 10.0752
6.3261 -30.1219 8.7671
4.893 -29.9046 9.081
5.174 -30.3548 9.4474
3.7349 -28.762 10.1712
4.0315 -29.7632 9.3917
3.4545 -28.6834 10.1129
3.158 -28.8726 9.4266
2.8589 -29.0673 9.5542
3.4439 -29.655 9.3939
2.859 -30.0241 9.4904
2.859 -30.0908 9.4193
3.7416 -31.5725 9.0061
10.6023 -26.7945 9.3459
8.9188 -27.2446 10.6465
9.788 -31.0553 8.242
5.468 -25.7399 9.6625
4.0312 -25.9341 9.7889
5.4682 -27.1957 9.7996
5.4689 -31.8065 8.5172
9.7878 -28.1177 9.1672
6.9083 -31.555 8.0728
9.7849 -28.2852 9.1985
7.7675 -27.0873 10.7826
4.596 -27.0852 11.0797
8.631 -26.9498 10.9894
7.4841 -28.9065 8.9325
7.1936 -31.3515 8.1785
6.9083 -31.3575 8.1868
3.7345 -25.6854 10.0479
10.3585 -26.7585 11.0152
8.0587 -27.654 9.9565
2.6724 -27.3816 9.9819
2.8588 -27.7167 9.9105
10.3747 -26.9858 10.6277
5.1804 -24.4929 9.8268
5.7484 -26.0071 9.7787
7.4835 -26.9884 10.8977
7.1929 -24.7591 9.5756
8.3502 -25.113 9.7959
7.7722 -31.8832 8.2625
6.0384 -25.1022 9.8626
6.0442 -26.8181 9.9371
4.8871 -29.7074 10.4626
6.334 -31.6398 8.1852
4.3187 -28.5731 9.3151
2.6882 -29.5986 9.4862
2.6881 -30.9966 9.2327
3.7416 -31.6896 8.9601
6.3335 -26.1457 9.8037
2.8761 -25.0886 10.0131
9.7878 -26.3062 9.4095
9.5023 -26.3552 9.61
8.3432 -27.2053 10.6231
7.484 -28.3208 9.162
8.343 -29.8916 8.7447
7.1997 -31.7658 7.9544
6.044 -24.4602 9.8758
6.0444 -28.0696 9.1603
2.672 -28.5215 10.4423
5.7568 -29.6695 10.335
5.4684 -29.8661 10.278
8.343 -30.6525 8.4244
10.3754 -31.0669 8.3033
8.0587 -27.1405 9.71
6.9077 -28.3463 9.0675
6.9079 -29.1359 8.8179
7.4774 -30.8202 8.4197
10.0703 -25.5808 9.6122
4.5959 -28.3683 9.4043
10.3754 -31.7912 8.1891
7.4776 -26.9441 9.8555
2.8766 -27.6829 9.8618
6.9004 -30.2647 8.7086
6.908 -30.1958 8.6838
3.4438 -31.7298 8.9231
6.6225 -29.3042 8.0673
6.6128 -30.9275 8.575
5.174 -28.1527 9.9052
10.5963 -29.78 8.63
3.7353 -31.5779 8.8485
9.4935 -25.7387 9.7038
7.1936 -31.2305 8.2592
8.3513 -30.9279 8.3188
2.8771 -29.9848 9.3905
6.9081 -30.841 8.4742
6.6128 -31.8051 8.1873
4.3112 -29.2843 9.1435
9.785 -28.3113 9.14
2.6651 -27.9909 9.7609
4.319 -30.9499 8.9529
8.6311 -28.0964 9.3057
2.8766 -27.2853 9.961
9.4935 -28.0901 9.2142
2.8768 -28.2824 9.6351
7.193 -24.9301 9.4985
9.4935 -26.8968 10.8378
6.3261 -24.786 9.6448
5.174 -29.7891 10.4369
9.7848 -25.5298 9.4653
3.7416 -30.5019 9.2876
7.4774 -30.7565 8.413
5.1807 -28.221 10.2916
6.9074 -27.1368 9.8962
2.6881 -30.0419 9.4039
3.7351 -29.7716 9.349
2.6651 -28.5514 9.6327
10.6022 -31.6546 8.0591
2.6653 -31.3282 9.0715
9.7879 -29.4401 8.762
9.7878 -27.5059 9.2272
8.0598 -31.8195 8.2137
2.6881 -31.8012 8.8224
7.1996 -31.5153 8.1424
10.3747 -27.0705 10.5462
3.7353 -31.6694 8.8825
6.3335 -27.8696 9.9489
7.7713 -27.9596 9.6157
8.3511 -30.0762 8.6475
7.772 -31.0841 8.2677
5.7482 -28.3005 10.0178
9.2153 -30.9717 8.3146
7.1932 -27.9952 9.7264
4.3191 -31.5099 8.8033
4.6065 -31.5488 8.7953
6.9004 -28.1948 9.6438
4.5958 -29.1823 9.2382
9.7878 -27.2848 9.3005
7.1993 -29.802 8.7621
6.0383 -29.9407 9.9892
10.6024 -25.6612 9.6639
6.0384 -26.6794 9.9399
10.3589 -28.966 9.0333
10.3752 -28.3987 9.0732
9.7878 -27.6427 9.2568
6.6128 -30.582 8.5574
3.7416 -29.4267 9.333
10.3752 -28.7044 9.1464
8.3509 -29.4455 8.9028
9.2037 -29.1436 8.9495
6.0384 -25.1992 9.4916
9.2143 -27.533 10.0928
8.9261 -29.4248 8.8499
4.8871 -28.8562 9.6944
6.0384 -24.8786 9.8072
6.6225 -31.0105 8.4723
7.7678 -28.541 9.0087
6.3261 -31.6109 8.2979
7.7714 -28.3529 9.0736
4.5954 -31.7782 8.7161
6.3335 -27.7665 10.0192
10.3746 -26.9329 10.9298
8.3431 -27.8779 9.7564
6.0444 -30.0452 9.6378
6.0383 -28.1799 9.1382
5.1814 -31.6752 8.623
2.6869 -27.3103 9.9916
10.6551 -27.5659 9.9276
5.174 -28.0813 9.9681
7.1933 -29.013 8.856
9.7878 -24.4284 9.7443
8.6311 -25.9575 9.7487
8.0586 -26.5475 9.8026
10.6551 -27.1887 10.5802
9.4935 -28.2556 9.3141
6.9004 -27.5951 10.0773
10.5962 -28.7425 8.9688
8.9188 -29.7059 8.8551
10.6555 -30.6108 8.483
10.5965 -31.7838 8.2434
4.8927 -26.0358 9.7617
4.0206 -25.0156 10.0437
3.4542 -25.0956 9.8489
3.1581 -25.8927 10.0506
4.8929 -28.3411 9.4624
2.6721 -27.737 10.9497
2.8588 -27.0937 9.8683
4.6061 -30.2444 9.19
2.8589 -28.7492 9.5424
3.158 -31.4041 9.0834
4.8928 -28.4497 10.1274
4.8928 -28.4894 10.0718
6.6221 -27.7478 9.9541
6.3261 -28.2004 9.8555
2.6869 -26.4111 9.9895
2.6726 -26.3658 10.0473
7.1985 -25.0186 9.5794
7.1995 -31.142 8.3253
6.6129 -27.0391 9.8446
8.9257 -26.5829 9.5674
7.1929 -24.2387 9.4417
8.0533 -26.894 10.9686
8.0588 -27.7625 9.7092
5.7566 -26.4971 9.9621
4.3183 -26.5017 9.729
4.0205 -26.9395 9.747
2.8775 -31.6774 8.8801
7.4773 -31.5426 7.9914
10.6549 -25.6996 9.7027
10.3752 -27.8468 9.1747
9.7849 -27.1271 9.4114
7.771 -27.3957 10.4843
7.7711 -27.1943 9.7209
7.1931 -27.1136 9.9207
6.9078 -28.622 9.006
9.215 -29.8219 8.7284
5.7484 -25.364 9.6398
2.6883 -26.6242 9.9332
5.7483 -26.8904 9.8984
4.8929 -28.3757 9.3772
6.0447 -29.4219 7.9776
4.0204 -29.9023 9.176
4.0312 -25.4125 10.0467
6.0384 -26.9581 9.8006
6.622 -27.5721 10.023
9.5023 -26.2672 9.5197
9.7878 -28.2182 9.196
4.0204 -28.547 9.5244
9.7848 -26.738 11.0592
8.9257 -26.4482 9.6452
9.4935 -26.905 9.6708
7.7676 -24.497 9.5525
8.3503 -24.9835 9.4471
8.0534 -26.9103 9.7535
9.4935 -28.0178 9.2342
9.785 -28.5601 9.094
7.7676 -27.3936 9.7584
8.3431 -28.4633 9.0704
7.7677 -28.2371 9.4775
10.3753 -29.5714 8.6783
9.4935 -30.2656 8.5655
9.788 -30.939 8.3309
9.2154 -31.4425 8.0103
6.622 -24.7525 9.3485
6.3335 -25.0577 9.4326
4.8925 -24.5334 10.0209
6.0442 -25.4474 9.5121
4.6053 -28.1604 10.3496
6.6222 -28.3276 9.652
3.7414 -27.9958 10.6698
4.3185 -27.7296 9.8238
4.3185 -27.7184 9.7216
6.6129 -28.5813 9.9853
6.0443 -29.6536 10.4938
4.0315 -30.1335 9.2865
2.8591 -30.969 9.2815
3.7416 -31.454 8.9876
6.0447 -29.625 7.9147
8.9255 -25.4139 9.6992
8.0533 -27.8718 9.6976
8.3504 -25.1747 9.2391
10.0702 -27.5262 9.9329
8.9257 -27.5046 10.0236
10.5963 -28.9439 9.048
6.3335 -25.041 9.5074
3.4543 -27.9762 10.6297
4.8931 -31.4985 8.8558
2.6654 -31.6831 8.8774
10.5961 -27.4339 9.1493
8.9255 -25.0326 9.7021
9.7848 -26.9227 10.985
9.502 -27.0665 10.6764
6.9072 -24.3321 9.7453
6.9073 -25.0371 9.5772
7.4837 -26.3326 9.8862
10.5963 -29.7215 8.653
9.7851 -30.2244 8.5344
6.9081 -30.463 8.6489
4.0206 -24.6111 9.7995
2.6649 -25.2231 10.0889
5.1807 -28.0616 10.0361
4.8929 -28.5078 9.1706
4.3111 -28.0785 10.3723
4.3111 -28.1465 10.3657
4.0312 -28.3549 10.2701
5.1808 -29.6691 10.7262
6.6224 -29.7573 8.7071
6.3339 -30.8091 8.6539
6.0447 -31.3578 8.5107
3.7416 -29.2676 9.5551
3.4545 -28.9695 9.8826
2.8769 -28.9284 9.6965
4.3112 -30.1899 9.2395
4.319 -31.0627 8.9203
6.0443 -27.8895 9.9267
4.0314 -29.1253 9.5103
7.7676 -26.8908 9.8207
4.887 -30.3436 9.5951
10.5961 -27.0202 10.92
9.4935 -26.7982 11.1229
8.6311 -24.5418 9.3502
10.6551 -27.3056 10.0781
10.375 -27.7216 9.7249
10.3752 -28.7989 9.1027
10.6554 -29.7591 8.5841
9.4935 -30.455 8.4995
9.788 -31.8899 8.1945
6.0441 -24.3576 9.5115
5.1739 -25.8388 9.7758
4.3112 -25.6264 9.9207
2.859 -27.4862 11.1079
4.3111 -28.2264 10.276
8.6311 -24.5806 9.2517
7.7716 -29.3812 8.9469
6.6224 -28.9997 8.2865
4.893 -29.2022 9.1499
6.6128 -30.3341 8.6463
7.1989 -28.2234 9.5322
3.7345 -25.0547 9.8474
10.6551 -27.3113 9.2383
7.4838 -27.304 9.8684
5.7485 -25.1156 9.7072
6.0384 -26.5935 9.9569
4.3182 -25.2609 9.9023
3.1581 -24.6109 9.759
3.7349 -28.8543 10.0202
3.7351 -29.6703 9.2772
2.6721 -28.8921 9.6744
10.0702 -28.7286 8.9884
9.4935 -24.3885 9.6258
8.3432 -27.4028 9.6181
7.1932 -28.2303 9.4494
4.887 -30.3917 9.0568
7.4778 -25.0586 9.5763
10.6551 -27.4877 9.8751
6.622 -26.9257 9.9401
5.1808 -29.6897 10.6166
10.6556 -31.2293 8.3101
3.4439 -25.8218 10.0333
6.3339 -30.5876 8.7057
9.5019 -26.9476 11.0925
9.7849 -28.057 9.591
9.7879 -29.6919 8.6383
10.0702 -30.8811 8.3204
9.2154 -31.4989 8.108
7.4774 -30.4389 8.6508
5.1739 -26.2604 9.7386
2.665 -26.4955 10.136
6.0383 -27.9993 10.3178
5.7567 -27.8058 10.0101
2.8588 -27.0112 10.0572
5.4684 -29.9739 9.9878
6.0384 -26.7919 9.8858
9.788 -31.6893 8.1583
4.0206 -24.9686 10.1903
4.3112 -29.3193 9.0798
9.4935 -29.8411 8.6804
4.6052 -26.8466 9.8156
5.748 -31.4917 8.6194
9.785 -29.6353 8.8204
6.6224 -30.184 8.6996
2.687 -31.7489 8.9705
6.6225 -30.8134 8.6078
2.6882 -27.5101 9.9538
7.4774 -30.1363 8.728
7.1997 -31.8458 8.0928
3.7415 -27.6665 9.8716
9.7851 -30.819 8.2994
4.5958 -28.5651 10.1596
7.7711 -27.1165 9.6898
5.7481 -29.8829 10.1246
5.7569 -29.8845 10.1891
8.6344 -31.541 8.0192
8.343 -30.7645 8.3488
10.6556 -31.7479 8.13
4.3111 -28.5667 10.2641
8.9189 -27.8492 9.3304
5.1739 -24.9154 9.9183
5.181 -30.1322 9.8072
9.7849 -28.0723 9.2238
5.7569 -29.9418 10.1018
4.6046 -24.5225 10.0821
9.5029 -30.1708 8.5262
3.7415 -25.2701 9.9305
10.3752 -28.586 9.1279
9.7849 -26.6714 9.5552
5.7567 -28.2077 10.1256
10.3753 -29.2662 8.8546
6.3262 -29.719 7.9245
5.7566 -26.6155 9.9806
2.6716 -31.5116 8.9652
7.4776 -27.0536 9.8791
6.0383 -31.2021 8.587
6.0442 -29.6237 10.5871
9.4935 -26.1744 9.691
7.7675 -27.3023 10.6366
10.6023 -29.3396 8.7773
7.1994 -30.7871 8.5193
6.3334 -25.1722 9.714
6.3334 -25.1658 9.62
7.1987 -27.5192 9.9712
6.908 -30.2997 8.6564
4.5958 -29.1942 9.1553
10.6023 -27.7305 9.8262
4.8871 -28.531 9.111
4.3112 -28.9277 9.0236
7.1987 -27.4555 9.9646
3.7351 -29.8841 9.2949
4.3112 -28.4994 9.4014
4.0205 -28.7082 9.1815
7.4776 -27.8446 9.9218
5.7483 -27.0721 9.902
9.4935 -30.1434 8.5818
4.0204 -29.8544 9.2797
4.0315 -30.2104 9.2747
4.6056 -28.8138 9.6357
5.7566 -26.6835 9.9739
4.3112 -29.3972 9.1109
8.351 -29.7247 8.7851
8.3512 -30.5444 8.4424
3.7415 -27.9093 9.7531
6.6225 -31.0695 8.4708
9.2143 -26.8106 9.6084
8.3504 -25.0977 9.2509
9.2144 -27.0979 9.4426
7.4776 -27.544 9.8782
6.9004 -28.6097 8.8284
6.3261 -25.6834 9.5608
4.3185 -27.6073 9.8401
3.158 -27.7311 9.7926
2.8774 -31.3923 8.9253
5.174 -27.2438 9.8655
9.5023 -25.7832 9.6144
9.2038 -27.5203 10.181
8.3507 -28.1534 9.2359
7.484 -28.3798 9.1606
10.6553 -28.9658 9.0969
8.343 -29.9314 8.6891
7.7721 -31.4928 8.0426
6.0384 -25.7554 9.6047
2.6883 -26.4989 10.0273
6.0445 -30.1508 9.4682
6.6128 -31.711 8.2525
4.3112 -29.9637 9.2832
3.7416 -31.2959 9.0246
8.9256 -25.5277 9.7096
9.4935 -28.3517 9.1282
7.4836 -27.0953 10.7926
7.4776 -27.5257 10.3232
7.7714 -28.4526 9.0595
8.926 -28.819 8.9825
9.215 -29.6351 8.695
4.3182 -25.1438 9.7202
3.4544 -27.3547 9.9676
2.8766 -27.5444 9.9743
3.158 -28.481 9.5985
5.4683 -28.5642 10.1173
4.0204 -31.7188 8.7349
3.7416 -31.0445 9.1698
8.0584 -27.0477 10.7518
10.3752 -29.0285 9.0027
9.7849 -26.904 9.6055
10.0702 -31.6091 8.1713
7.7679 -31.1771 8.2246
6.0441 -24.2251 9.4685
4.6048 -25.4699 10.0022
5.4682 -28.1675 10.0314
4.6057 -28.8856 9.5943
5.1741 -31.2896 8.7442
6.0383 -29.7946 10.1714
4.3184 -26.9014 9.7372
5.7573 -31.5686 8.5651
6.6128 -31.8884 8.0413
4.5958 -28.4273 9.4028
9.5029 -30.2601 8.4529
5.7566 -25.545 9.5778
4.319 -30.902 9.0566
5.1807 -28.1791 10.0117
6.9078 -28.4549 9.0482
4.6049 -27.0966 10.9745
9.5022 -24.5283 9.7632
7.1985 -24.4239 9.3579
8.6311 -26.8083 9.8328
8.9259 -28.1481 9.272
7.7676 -27.2765 9.8043
6.9074 -27.4873 9.9435
6.9075 -27.7918 9.9524
8.9188 -30.0457 8.5936
10.6022 -30.8628 8.2015
9.5031 -31.89 8.2072
6.9004 -31.0016 8.3262
5.7565 -24.409 9.5387
6.0384 -26.251 9.8615
5.1739 -25.9102 9.7128
5.468 -26.0272 9.7247
6.0383 -27.8856 10.3075
5.4682 -28.0187 10.3128
6.3335 -27.0457 9.8489
6.6222 -28.3404 9.3839
2.6869 -26.6908 10.1213
5.7481 -29.788 10.3749
5.7573 -31.5258 8.4703
4.0204 -28.8139 9.9242
3.158 -30.5417 9.3316
6.6223 -28.4721 9.1558
5.7573 -31.0803 8.6732
9.2039 -24.3952 9.6842
9.4935 -24.3979 9.414
8.0538 -24.4548 9.5863
7.4776 -26.661 10.8989
10.6551 -27.5088 9.1242
9.2036 -31.0741 8.3117
7.7678 -30.0305 8.7892
6.0442 -25.0605 9.464
5.4678 -24.4752 10.0016
3.7346 -25.9765 10.0752
4.596 -27.3886 10.5894
6.6129 -28.3794 9.8847
4.3111 -27.7391 10.6553
3.158 -28.0937 9.757
4.893 -30.1329 9.1447
6.0383 -31.0867 8.7189
2.6882 -28.9329 9.5774
2.6881 -28.2703 10.5031
3.158 -29.363 9.4258
9.7878 -26.2327 9.5931
10.3591 -30.253 8.4632
8.0596 -30.5407 8.5285
7.4773 -31.4392 8.0403
6.3335 -27.9807 9.8304
4.8869 -31.6403 8.6066
10.6023 -28.9035 8.9966
6.6223 -28.6183 8.9737
10.655 -26.7064 9.4141
8.6311 -25.3927 9.6623
10.6552 -28.2766 9.1476
7.7678 -28.5696 8.851
7.1936 -31.6225 8.1088
5.1813 -31.0091 8.9207
4.5955 -31.1279 8.8963
10.3582 -26.0388 9.5627
6.9004 -28.2905 9.4365
6.622 -25.664 9.7453
6.0442 -29.542 10.5908
9.4935 -24.4808 9.4747
8.9255 -24.8214 9.5851
10.6551 -26.846 11.1476
8.631 -27.2656 10.4376
10.3592 -30.8319 8.3459
10.5965 -31.5097 8.1628
6.9004 -29.5777 8.8665
5.1741 -31.3709 8.719
4.3112 -24.9138 10.1586
2.6881 -29.6576 9.4847
8.6311 -26.4817 9.8477
8.351 -29.7974 8.7866
4.0206 -24.695 10.1312
5.7567 -27.8216 10.1204
4.8931 -31.3048 8.935
2.8585 -24.6606 10.1329
7.7676 -27.108 9.7821
7.7679 -30.7607 8.5194
6.0384 -25.7345 9.6928
6.6129 -27.06 9.7565
2.8768 -28.3409 9.6121
4.887 -30.1966 9.7344
2.8771 -29.6864 9.4542
2.859 -29.7201 9.5031
3.7415 -24.6207 9.9254
4.0314 -29.204 9.3562
5.7566 -26.7917 9.9332
6.9004 -28.6687 8.8269
10.5964 -30.5316 8.5216
5.4688 -31.0514 8.9096
9.2149 -29.4543 8.7342
9.7878 -26.2168 9.4828
8.3503 -25.3422 9.6745
9.7879 -28.0082 9.1435
7.4838 -27.5345 9.8114
10.5964 -30.1075 8.4299
10.0702 -31.8037 8.1349
8.0592 -29.0319 8.9219
5.1806 -26.6537 9.7955
4.3184 -27.1041 9.8808
2.8588 -27.9539 9.7409
5.4683 -29.6022 10.7127
3.4545 -28.7912 10.0507
3.158 -29.5721 9.4354
2.8589 -29.4302 9.5401
3.158 -30.0697 9.3435
10.6023 -29.4764 8.8068
4.6054 -28.4075 10.4458
3.4439 -27.9524 10.7576
3.4543 -27.9843 10.8096
10.3755 -31.6856 8.1307
10.0703 -24.9766 9.6028
10.3753 -25.4017 9.2944
7.4837 -27.3565 10.4571
7.7722 -31.8336 8.0522
3.4542 -25.1716 10.0221
8.3432 -26.5722 9.8592
3.4439 -26.3353 10.0516
10.3585 -27.0691 9.3149
7.7679 -30.7864 8.4395
3.4439 -24.8753 10.1565
2.8763 -25.8492 10.1278
4.8927 -28.3611 10.2436
3.158 -29.1313 9.4185
2.6882 -29.4891 9.4625
3.158 -31.6469 8.9649
6.3335 -30.4228 10.4732
8.3432 -26.9061 9.7531
10.5962 -28.2064 9.1808
6.9004 -28.2871 9.4927
6.3261 -24.742 9.9418
4.5961 -26.7287 9.841
2.665 -28.4083 10.4214
10.0702 -28.5367 9.1536
8.3514 -31.8117 8.2323
4.0312 -25.752 9.9918
3.158 -28.1561 9.6993
4.5958 -28.9408 9.6493
5.7567 -27.0127 9.8599
6.0383 -30.2179 8.8732
2.687 -31.0251 9.3342
4.0204 -29.102 9.3451
2.6881 -31.4742 9.0438
9.2039 -27.0455 10.727
8.3431 -28.8306 9.0428
3.4439 -30.3545 9.4026
2.6868 -28.4732 10.4713
4.5958 -28.2612 10.4003
4.6054 -28.5721 10.2748
10.6022 -30.219 8.4756
7.1933 -28.4602 8.9146
9.2147 -28.5273 9.1606
2.6869 -24.8673 10.2186
8.3432 -26.1574 9.7838
8.9262 -29.8806 8.7063
8.9264 -31.2642 8.1791
6.908 -30.165 8.7341
3.4542 -25.5338 9.9652
4.0312 -26.5071 9.8274
2.665 -27.9646 10.9383
5.4689 -31.4772 8.6312
10.3749 -27.471 9.913
10.3578 -24.0891 9.2556
8.6311 -26.6087 9.8395
6.9004 -26.6301 9.9614
8.0532 -27.8552 10.0004
7.1991 -28.5241 8.8916
9.2036 -31.3768 8.2346
5.1805 -25.5664 9.6957
4.5963 -24.7856 10.0837
4.0205 -26.8074 9.7256
9.7849 -27.9505 9.2616
7.1991 -28.6511 8.8835
9.2039 -27.2998 10.504
2.8589 -29.2532 9.5446
9.7848 -25.6405 9.5534
10.5961 -27.4376 10.0053
7.1933 -28.4662 8.9872
5.1739 -26.9299 9.8405
3.7416 -28.4292 9.6375
2.6653 -30.6421 9.2723
4.8931 -31.1004 8.9336
9.2039 -24.3365 9.4791
3.4545 -28.0041 9.7448
3.7415 -26.259 9.8807
6.6227 -31.8348 8.1376
7.4841 -29.1425 8.9266
3.4549 -31.2823 9.0365
6.0442 -26.0259 9.8298
9.2151 -30.1311 8.5174
5.1803 -24.6378 10.0363
4.3112 -25.0035 10.1067
3.1581 -25.2022 9.8086
8.6311 -30.5087 8.4657
2.6722 -28.0597 9.8293
8.3432 -26.4648 9.7148
7.4837 -26.0492 9.7892
10.6023 -27.1117 9.0866
9.215 -29.9515 8.621
10.6555 -30.3667 8.5371
9.788 -31.169 8.2524
7.1993 -29.8615 8.7821
4.0312 -25.6481 10.0192
5.4682 -27.2607 9.8707
6.0442 -29.4368 10.5538
3.158 -30.7277 9.3219
2.6881 -30.8748 9.2705
8.6338 -27.4233 9.4301
9.5024 -27.1492 9.3472
8.0592 -28.8797 9.0315
8.6311 -29.2014 8.9387
8.6344 -31.3717 7.954
6.0384 -24.5318 9.7251
5.4681 -26.3457 9.7581
4.6047 -24.9013 9.9503
5.4681 -27.0606 9.8558
6.3335 -28.7576 10.077
6.6128 -30.0767 8.719
5.4687 -30.7525 8.9518
5.4689 -31.4328 8.6786
3.4548 -30.3711 9.3452
8.0532 -28.0282 9.5746
7.4776 -26.7089 10.7953
8.3431 -28.0616 9.4112
7.7721 -31.403 8.0944
4.0312 -25.858 9.8437
6.3336 -30.0055 10.2689
10.6551 -26.9507 10.935
9.2142 -26.3805 9.6721
8.6311 -25.373 9.5868
8.3503 -25.494 9.5435
7.771 -26.824 9.826
7.4776 -27.057 9.8228
6.9004 -28.4118 9.1491
10.3588 -28.9104 8.9785
8.6344 -31.7552 8.2865
5.468 -25.4197 9.7714
5.1806 -26.0778 9.6068
4.5963 -24.8532 10.0555
6.0442 -27.8143 10.0245
6.0383 -28.2849 10.066
4.6052 -27.1797 9.8949
6.6224 -28.9206 8.6471
5.4688 -31.325 8.7408
8.9255 -24.7722 9.8525
4.0317 -31.682 8.8377
5.7564 -24.2752 9.6594
6.0448 -31.3377 8.4137
10.358 -24.9785 9.6758
9.214 -24.6566 9.7548
9.2039 -24.7206 9.8328
9.2039 -24.7839 9.818
9.5022 -25.6194 9.8284
9.2039 -26.984 10.8277
6.9073 -24.5138 9.5209
8.9189 -27.1592 9.5662
10.6023 -27.756 9.062
9.785 -28.6063 9.1325
8.3432 -27.1506 9.7204
7.4838 -27.121 9.8003
8.3505 -27.1212 9.6252
7.7677 -28.217 9.3805
7.1933 -28.6064 8.9605
8.9262 -29.9567 8.6515
9.7851 -30.3689 8.4943
9.5029 -30.4136 8.4077
7.7719 -30.6587 8.5676
8.6344 -31.8283 8.3094
6.9082 -31.213 8.2268
5.1804 -24.9149 9.8112
6.3261 -25.4841 9.589
5.7484 -25.408 9.5709
5.7567 -27.6553 10.2056
5.7567 -27.7186 10.1908
5.4682 -27.9716 10.2313
3.7415 -26.6473 9.9932
5.4685 -30.0932 9.8211
6.6224 -28.9797 8.1895
5.4688 -31.1493 8.8097
5.4688 -31.3712 8.7793
4.0313 -28.8671 9.996
3.158 -28.5614 9.5304
3.4546 -29.1248 9.4672
4.3189 -30.5313 9.1403
3.158 -31.7281 8.9397
9.788 -30.8556 8.2487
8.634 -28.9317 9.0153
10.6022 -30.6657 8.3371
9.4935 -27.7322 9.258
9.7849 -26.7988 9.5685
10.6022 -30.5764 8.4104
4.0312 -25.9726 9.897
4.0205 -27.5477 10.862
9.2039 -25.0284 9.7853
10.0703 -25.9912 9.4729
9.7848 -26.1134 9.5843
9.5023 -26.4407 9.5715
8.6337 -26.2133 9.7811
10.6551 -27.5924 9.6625
10.6023 -27.8278 9.0205
7.7676 -27.5809 9.8131
10.6554 -30.1024 8.4943
10.0702 -30.56 8.3864
7.7678 -29.8044 8.8329
7.1935 -30.6076 8.4453
3.7346 -26.4677 9.8892
5.4683 -28.3526 9.9788
3.7414 -28.1138 10.6668
4.3184 -26.7056 9.709
6.3335 -28.6524 10.04
6.3261 -29.6649 10.4215
6.6224 -29.3144 8.3546
3.7349 -28.5572 10.1484
3.158 -30.9034 9.253
3.158 -31.3258 9.0308
8.9256 -25.2857 9.6429
6.6224 -29.9142 8.6056
10.3579 -24.524 9.428
9.4935 -24.6638 9.5427
10.0703 -26.1006 9.4965
8.6335 -24.4463 9.7479
7.193 -25.1259 9.5266
9.5023 -27.6669 9.8086
8.9189 -28.9735 9.0175
9.4935 -30.0442 8.6174
10.5964 -30.4709 8.4372
8.0595 -30.1255 8.6596
8.343 -31.3634 8.1005
6.6128 -25.1604 9.6812
5.7484 -26.6001 9.914
3.4439 -26.399 10.0583
6.0383 -27.7526 10.2431
6.0383 -28.405 9.9423
4.6055 -28.3499 9.5994
2.688 -27.5756 10.9586
6.6129 -28.8053 10.0622
6.3261 -29.4079 10.5156
6.3261 -29.7025 10.4866
5.4684 -29.8952 10.1418
2.6881 -31.1706 9.0779
9.5025 -27.9333 9.2747
5.174 -29.0944 10.4364
7.7675 -27.0026 10.864
10.0703 -25.332 9.6582
10.6023 -27.1494 9.1518
10.6551 -27.1792 9.2169
8.343 -31.1792 8.1961
6.6128 -24.7312 9.788
6.0384 -25.4378 9.6145
6.9082 -31.0569 8.3712
6.9003 -24.2627 9.6564
2.8775 -31.6018 8.9564
3.4543 -26.6022 10.0327
10.3753 -24.1639 9.3901
8.0595 -30.4646 8.5833
8.0532 -28.5753 9.0086
8.9263 -30.8858 8.3323
2.8588 -27.7692 9.815
3.7415 -27.0128 9.8798
6.0384 -25.1526 9.6597
7.7717 -29.6339 8.8661
5.7481 -30.3632 9.4017
3.4439 -26.2263 10.0494
4.3188 -29.4911 9.1218
5.1807 -28.0924 10.4419
2.6718 -30.4009 9.509
6.622 -26.0248 9.852
3.7349 -28.1998 10.4417
2.6717 -30.7485 9.406
8.0592 -29.2098 8.9604
8.0591 -28.4359 9.0923
8.0591 -28.5077 9.0508
4.5959 -28.3563 9.4873
7.7679 -30.8402 8.4083
4.8872 -25.8665 9.8254
3.4439 -28.1493 9.7098
8.0531 -29.5492 8.8913
3.4548 -30.121 9.3266
3.4549 -30.9175 9.1927
5.1808 -28.6362 10.1605
8.3504 -26.5068 9.7843
6.0448 -31.5511 8.41
4.8872 -25.869 9.7262
6.0442 -25.1601 9.45
5.7481 -30.085 9.7906
7.772 -31.0777 8.1737
3.7416 -30.3839 9.2906
3.7416 -30.6464 9.2476
2.6881 -30.4682 9.375
10.6552 -27.9253 9.5135
2.687 -30.8887 9.3261
10.6023 -28.3255 9.1567
9.4935 -28.8964 9.1176
9.4935 -30.8693 8.3253
5.7572 -30.5493 8.9147
9.502 -27.1298 10.6616
4.3112 -29.6439 9.1856
9.5025 -27.8158 9.2991
9.5025 -27.8961 9.231
5.7571 -30.2637 8.9384
10.0703 -26.6603 9.5534
9.2038 -27.1438 9.5295
8.0592 -28.7895 9.0619
6.6128 -24.7837 9.6924
9.4935 -25.277 9.775
10.5961 -27.0044 11.0377
10.0702 -26.8549 11.092
10.3584 -26.5788 9.5439
8.6335 -24.4655 9.802
7.4776 -27.3869 10.6425
7.4776 -28.1121 9.6803
6.0384 -24.4416 9.7555
4.3112 -25.2057 10.0008
5.7482 -28.6152 10.0858
4.0314 -28.9051 9.3985
10.6023 -28.3495 9.2189
4.0312 -26.1932 9.8022
2.688 -27.4734 11.072
3.7349 -28.5927 10.1061
8.0535 -26.4306 9.8351
5.7573 -31.18 8.6592
10.3746 -27.1004 10.681
3.4438 -31.8084 8.769
2.8589 -29.0001 9.6038
8.9257 -26.9664 9.6718
5.1741 -31.4469 8.6642
3.7349 -28.2259 10.3832
10.5964 -30.367 8.4646
9.2039 -27.1845 10.6358
10.3586 -27.8497 9.0701
6.9004 -27.9012 9.9439
7.4776 -28.5296 8.9937
10.6553 -28.853 9.1295
10.5964 -30.0532 8.4396
8.9189 -28.7692 9.0161
10.6556 -31.6153 8.0871
9.4935 -30.591 8.4861
9.2036 -31.5751 8.1634
7.4841 -29.214 8.8636
7.1934 -29.1164 8.8071
8.0599 -31.6463 7.9553
5.1804 -24.8435 9.8742
4.3181 -25.0959 10.0519
4.0312 -25.6199 9.9704
4.3183 -25.9647 9.4417
6.3261 -28.1934 9.2838
3.4544 -28.2969 10.3143
3.158 -27.4515 9.8889
3.158 -27.9808 9.7896
5.4683 -28.8259 10.2595
6.3261 -30.313 8.787
6.6128 -30.7437 8.6921
5.4689 -31.7624 8.5861
4.0316 -31.1878 9.1013
2.6884 -24.77 10.0809
3.7416 -29.195 9.5537
6.9082 -30.9432 8.3608
4.8871 -28.5111 10.361
6.3261 -29.9474 10.0193
3.4439 -30.6204 9.3033
7.4778 -24.9115 9.4875
10.6023 -27.2175 10.0574
8.9189 -27.4309 10.2022
7.1985 -27.3392 10.5096
8.0592 -28.9789 8.9959
5.4681 -26.6309 9.941
6.6221 -27.6533 9.9978
5.1807 -28.2014 10.4441
4.8928 -28.3949 10.1155
5.7483 -26.8357 9.8865
3.4544 -27.5244 9.8262
4.0205 -28.765 9.0726
2.6652 -29.3586 9.5792
2.6653 -30.6228 9.2183
9.214 -25.389 9.8208
9.4935 -25.2573 9.6995
8.9256 -25.5563 9.5518
8.9188 -26.8967 10.9562
10.3583 -26.0995 9.6471
8.9256 -26.1968 9.7903
8.9256 -26.2827 9.7733
6.9073 -24.6241 9.3595
6.9003 -25.2336 9.6168
8.631 -26.8836 11.082
7.1931 -26.8417 9.9474
10.6551 -27.4522 9.9173
9.7848 -27.127 10.7584
9.4935 -27.1713 10.7118
9.4935 -27.2789 10.1934
9.5023 -27.4882 9.9552
8.9189 -27.6873 9.8585
9.5025 -27.6606 9.2584
8.0533 -27.6222 10.1568
8.6311 -27.6416 9.7206
7.1988 -28.0173 9.6728
7.7713 -28.0075 9.512
9.2037 -28.7426 9.1052
9.4935 -30.0797 8.5752
10.6555 -30.718 8.3992
9.2151 -30.4086 8.5418
8.0531 -29.4637 8.9298
8.6341 -29.5777 8.8486
6.908 -30.0402 8.6216
7.1993 -30.1868 8.7029
7.4844 -31.3103 8.0988
6.9004 -31.6369 8.0786
6.0441 -24.3841 9.7025
5.4679 -24.7869 9.9194
5.7565 -24.7869 9.8201
6.0442 -25.6402 9.618
3.4439 -24.7939 9.7255
2.8585 -24.4844 9.9522
2.6869 -25.4111 10.1652
3.1581 -26.2056 10.0328
2.8762 -25.7633 10.1449
3.1581 -26.2719 9.9402
5.7567 -28.206 10.0397
5.4681 -26.9028 9.9143
5.4681 -27.0961 9.8136
4.0313 -28.5199 10.1205
3.4439 -27.8887 10.751
4.3184 -27.4632 9.9016
3.4544 -27.6296 9.8632
2.8764 -26.6821 9.9944
3.158 -27.5242 9.8904
2.8588 -27.455 9.9964
4.3112 -28.4439 9.5747
3.4439 -27.7316 9.7121
2.8768 -28.2007 9.6388
5.4683 -29.1063 10.4342
6.6223 -28.8326 8.7848
4.8929 -28.6579 8.9537
4.893 -29.7173 9.0262
6.0383 -31.5236 8.5425
4.3187 -28.7288 9.1492
4.0315 -29.9522 9.3043
2.6869 -29.0657 9.6729
2.6882 -29.3309 9.4996
2.859 -29.5119 9.5364
4.3189 -30.2786 9.221
3.4548 -30.8825 9.2564
4.3112 -31.6464 8.7347
7.4843 -30.1901 8.626
10.596 -25.7529 9.5558
8.3508 -28.3758 8.9989
9.5029 -30.0571 8.5158
2.6869 -26.7297 10.0228
4.3112 -28.6819 8.9919
4.0204 -31.5128 8.8757
2.8587 -26.7799 10.0712
4.6063 -31.2072 8.9708
9.2039 -24.658 9.4345
9.2039 -24.6208 9.3908
9.5024 -26.8405 9.5797
7.1985 -24.3696 9.3675
9.2143 -27.7067 9.9166
8.0585 -27.1525 10.7674
8.6311 -28.6046 9.0664
10.5964 -30.1007 8.5425
9.2037 -29.5993 8.8056
9.5029 -30.5231 8.4314
9.7851 -30.7152 8.3269
8.6344 -31.5901 8.208
8.0598 -31.1867 8.1338
4.3183 -26.01 9.8934
4.8927 -28.1739 10.4169
3.4544 -27.4697 9.8143
6.6129 -29.2108 10.3493
5.174 -29.1662 10.3949
6.3261 -30.2049 8.8278
4.5958 -28.8647 9.7041
6.3339 -30.8942 8.5939
6.6226 -31.5184 8.2116
4.0314 -29.0193 9.4303
4.3187 -28.624 9.1336
4.0204 -29.4209 9.1717
3.7416 -29.2847 9.5018
3.4547 -29.3262 9.3184
3.158 -31.2266 9.0664
4.5962 -26.0669 9.6693
9.4935 -24.2269 9.4911
9.4935 -24.6125 9.4746
10.0703 -26.0549 9.7076
9.5023 -26.2129 9.5293
8.3504 -26.6928 9.7747
7.7676 -26.3479 9.9171
7.1931 -26.7327 9.9452
10.6023 -27.2659 10.6594
9.5024 -27.764 9.6657
10.0702 -27.7748 9.2027
9.5026 -28.3109 9.0785
8.9259 -28.0972 9.2253
7.1987 -27.5539 9.8861
7.4839 -28.1467 9.5449
7.7713 -28.131 9.332
10.3754 -30.6402 8.3108
10.6555 -30.8706 8.3111
8.9264 -31.097 8.2213
8.3431 -29.2692 8.9523
8.6311 -30.5758 8.4161
6.6219 -24.8495 9.4336
5.7566 -26.2115 9.7577
5.468 -25.4676 9.6677
5.468 -25.9682 9.7262
3.1581 -24.5215 9.8324
4.3183 -25.9364 9.849
4.5961 -26.293 9.6256
6.0383 -28.1592 10.1386
6.6129 -27.1425 9.7957
6.3261 -28.3778 9.8725
4.3111 -28.3731 10.3434
4.3185 -27.6381 9.7897
5.4683 -29.7421 10.4365
4.6058 -28.9549 8.9678
6.6128 -31.3617 8.2697
6.0447 -31.3749 8.4574
4.3112 -28.7357 8.9607
2.8771 -29.7997 9.4431
3.7416 -30.8392 9.1254
2.8772 -30.4611 9.3653
3.7416 -31.2386 9.112
3.158 -31.1963 9.1382
3.158 -31.534 8.9975
10.6023 -27.2828 9.2376
7.1991 -29.0465 8.905
6.3261 -24.6517 9.516
5.7485 -24.8912 9.8369
3.4544 -27.4346 9.878
9.5025 -27.8418 9.2406
9.7879 -28.0848 9.1101
8.6339 -27.9924 9.2753
6.0441 -24.8891 9.5196
6.3261 -30.287 8.8455
8.9189 -28.4546 9.1762
3.4439 -25.5242 9.9119
6.3336 -29.9034 10.1541
4.3112 -29.0183 9.0147
4.8871 -28.317 9.528
6.6128 -30.662 8.6958
4.0315 -30.5007 9.2591
9.2039 -27.4541 10.2736
10.3583 -26.1768 9.4286
9.2038 -26.5684 9.5905
9.7848 -27.112 10.691
8.9189 -27.6164 9.9429
9.4935 -28.291 9.2719
7.1932 -28.3029 9.4508
10.6554 -29.7237 8.6263
10.6555 -30.8129 8.377
10.0702 -31.0812 8.3351
8.9188 -30.463 8.5697
8.3431 -28.8977 8.9932
8.6311 -29.8157 8.7793
7.7678 -29.8249 8.7233
4.8873 -24.6276 10.0852
4.8872 -26.1494 9.6728
6.3261 -27.6801 10.1778
3.4439 -27.6457 9.7291
2.6882 -27.6122 9.8405
5.7482 -29.0677 10.4544
4.893 -30.082 9.098
4.887 -30.4213 9.3981
3.7416 -29.7182 9.3818
2.687 -30.2555 9.4528
2.687 -31.1376 9.2801
10.6552 -28.4644 9.2237
5.1804 -25.2697 9.8453
9.4935 -31.6093 8.0933
5.1739 -25.5164 9.7774
2.8586 -25.3352 10.2646
4.8927 -25.9584 9.752
8.0538 -24.3291 9.6589
7.7679 -30.8736 8.2587
10.0702 -27.8484 9.2471
6.0444 -30.0033 9.814
8.9189 -28.9381 9.0598
2.6649 -24.9478 10.1719
9.4935 -30.3242 8.5425
3.4439 -28.511 9.6312
2.8765 -26.9899 9.947
4.0205 -26.0284 9.828
4.8925 -24.7488 10.1246
9.7849 -26.6286 9.4605
4.3185 -28.6975 10.0904
8.9261 -29.3252 8.864
4.3112 -31.2693 8.9526
7.7678 -29.0305 8.9649
9.7849 -27.9086 9.2097
8.9262 -30.1003 8.5685
6.9003 -25.6253 9.6729
8.9188 -30.3894 8.5253
4.8872 -28.2508 10.5114
7.4842 -29.6586 8.8459
5.1741 -30.3513 9.0475
2.6651 -28.8075 9.7237
6.9076 -28.1278 9.7258
7.1995 -31.0655 8.3586
8.9258 -27.556 9.4075
4.0205 -26.1388 9.8946
4.0315 -29.2707 9.2851
8.6311 -28.3751 9.1664
4.3112 -25.4379 10.0296
4.0313 -27.6063 9.8443
9.5026 -28.7012 9.0704
9.2038 -28.0831 9.4972
4.8928 -28.8007 9.7401
10.6022 -31.3352 8.211
6.9081 -30.7324 8.4934
6.9004 -30.6695 8.5181
4.0315 -30.6636 9.2302
5.7485 -24.4188 9.8274
9.4935 -29.9318 8.6715
10.5961 -26.6725 9.448
7.7714 -28.2332 9.2187
4.0313 -28.676 10.2041
5.1813 -30.8791 9.0066
8.0534 -26.7042 9.8942
6.6221 -28.0933 9.7438
8.6336 -27.2548 10.5482
7.1993 -29.8969 8.7399
6.3261 -26.9802 9.9196
6.6221 -27.8975 9.9437
9.5026 -28.5926 9.0896
7.7676 -27.7763 9.8197
9.7851 -30.1333 8.5218
6.9077 -28.401 9.0793
4.0316 -30.9022 9.1251
10.6022 -31.2091 8.2621
6.9079 -29.6674 8.826
2.8764 -26.588 10.0596
2.6652 -30.545 9.4153
5.1739 -24.5456 10.0451
4.0315 -30.0569 9.3199
9.4935 -28.683 9.1214
4.6063 -31.0849 8.9871
6.9005 -31.8382 7.9297
2.8589 -28.8582 9.5446
8.9189 -28.6978 9.0791
5.748 -31.649 8.5393
5.1804 -25.088 9.8416
8.9256 -26.4358 9.7066
4.6051 -26.7752 9.8786
3.455 -31.6628 8.9906
5.1807 -28.2078 10.5382
3.7352 -31.0337 9.1086
3.7352 -31.1333 9.0945
4.3112 -31.5617 8.8162
2.6653 -30.7934 9.3478
4.0316 -30.9595 9.0377
9.5029 -30.3516 8.487
5.1741 -31.7983 8.5263
5.174 -29.7506 10.3288
10.6022 -31.0916 8.2866
5.1808 -29.6704 10.5625
10.3584 -26.6091 9.4721
3.7351 -30.094 9.3474
2.6869 -27.6899 9.9027
4.0315 -30.8582 9.1939
4.0204 -30.7518 9.1958
8.6311 -28.2498 9.2605
8.3431 -27.9812 9.4794
8.0529 -30.8642 8.3487
9.5026 -28.9227 9.0185
4.0204 -31.5389 8.8172
3.4548 -30.7238 9.2719
9.2153 -30.9041 8.3427
8.3504 -26.8445 9.8717
3.4439 -26.3832 9.9479
4.6064 -31.2333 8.9123
7.4842 -29.6188 8.9014
8.9263 -30.5437 8.4864
8.0595 -30.3102 8.5856
3.4549 -31.1163 9.1431
3.4547 -29.8132 9.374
4.3112 -28.4968 9.5006
4.0315 -30.2485 9.3613
7.7713 -28.1481 9.2787
7.1936 -31.1706 8.2178
9.7849 -27.6961 9.2565
9.7877 -27.5743 9.9262
2.6653 -31.4244 9.1137
4.6066 -31.8404 8.6162
2.6721 -28.8002 9.6188
3.7353 -31.7553 8.8655
10.3754 -29.9592 8.5412
9.2037 -30.4607 8.5142
7.4774 -29.9597 8.7539
8.6343 -30.9835 8.2976
4.0314 -28.6666 9.2756
6.0443 -29.7323 10.3398
2.6652 -29.4249 9.4866
3.7415 -28.159 9.7501
2.665 -27.1474 10.0418
6.6128 -30.6428 8.6418
3.4547 -29.56 9.4332
5.1741 -30.4962 9.0289
3.7415 -28.909 10.0121
9.5026 -28.8235 9.0541
9.5025 -28.1877 9.2799
9.503 -31.4081 8.1812
4.8925 -24.7069 10.0727
8.0584 -27.0199 10.9525
2.6869 -25.1426 10.1356
4.596 -27.3014 10.7701
4.0204 -28.8127 10.0879
5.7481 -29.8256 10.212
5.7481 -29.6816 10.5016
3.7415 -27.7601 9.7849
9.4935 -26.7503 9.6516
8.3507 -28.2342 9.1892
8.0533 -27.1872 10.8752
5.1741 -31.5885 8.7019
10.3754 -29.9147 8.5886
2.6883 -26.2429 10.1643
4.0204 -29.3324 9.288
9.214 -27.0981 10.6044
8.3431 -28.3065 9.1719
5.174 -28.8455 10.2544
6.9077 -28.3108 9.1097
4.3112 -28.4981 9.337
2.6881 -30.36 9.4157
4.0316 -31.1904 9.0021
5.1813 -30.8244 8.9948
9.2036 -31.3396 8.1909
7.1991 -28.8456 8.8472
5.1814 -31.7149 8.5675
4.6053 -28.3528 10.434
4.0313 -26.4421 9.7563
5.7481 -31.036 8.7632
4.3181 -24.9663 10.1593
2.6649 -25.4724 10.2925
10.6023 -27.1869 10.792
5.1739 -28.2726 10.4442
9.4935 -29.98 8.5893
9.5031 -31.4565 8.099
2.8765 -26.8052 10.0211
6.908 -30.3681 8.6712
7.4844 -31.4565 8.1447
2.8767 -28.1481 9.7343
5.7572 -30.8709 8.8702
2.6869 -28.9614 9.6788
4.5955 -31.3058 8.9347
8.6342 -30.3836 8.5028
9.4935 -30.6264 8.4439
8.0584 -26.9763 11.0429
6.9003 -26.4484 9.9577
8.6338 -27.3284 9.4523
9.788 -30.8441 8.3531
8.9263 -30.4612 8.4471
8.053 -30.0058 8.7904
2.8763 -25.839 10.0686
4.596 -27.1796 11.036
2.859 -27.4653 11.196
3.1581 -26.7935 9.9105
3.158 -27.8756 9.7526
2.6651 -27.902 9.8557
6.6225 -30.5598 8.6456
2.8591 -31.0605 9.3156
7.1996 -31.8056 8.1269
10.3585 -27.0165 9.4104
9.214 -24.6771 9.6452
8.9256 -25.5174 9.6503
9.7848 -26.7363 10.9733
10.6551 -27.6459 9.838
9.7849 -27.4005 10.1333
10.0702 -27.5132 9.2887
7.4776 -27.2212 9.8583
6.9076 -28.1291 9.5621
10.0702 -28.8761 9.0986
9.7851 -30.4262 8.4069
7.4775 -28.8413 8.9114
4.8926 -24.9588 9.9491
6.0442 -26.1294 9.7809
4.8927 -26.3017 9.6624
6.6221 -27.8073 9.9741
3.158 -28.3275 9.6437
6.3339 -30.9574 8.5791
6.0447 -31.2616 8.4685
3.735 -29.415 9.2291
3.4547 -29.1556 9.4169
2.859 -29.6209 9.5386
4.3191 -31.3492 8.9396
6.3334 -26.7763 10.0044
3.7415 -28.2082 9.7108
9.4935 -24.6929 9.6345
9.7848 -25.6633 9.7792
10.0702 -26.9056 10.6825
9.7878 -26.7295 9.4583
8.9189 -26.6052 9.7885
10.6551 -27.3266 9.9899
10.6552 -28.4895 9.1223
8.9189 -28.2771 9.1592
8.0534 -27.236 9.6956
7.1986 -27.5153 10.4622
7.4839 -28.0522 9.5886
7.7678 -28.5799 8.9102
6.9004 -28.5614 8.9106
9.2037 -28.6588 9.0016
10.5964 -30.9454 8.3259
5.7485 -24.9711 9.7473
5.7566 -25.7498 9.6008
3.1581 -25.8285 9.7944
2.8764 -26.3751 10.0848
5.7483 -27.8119 10.3327
6.0443 -27.8925 9.8489
4.3185 -27.5389 9.8253
2.8588 -27.1532 9.8883
5.7569 -29.9384 9.93
5.7572 -30.8606 8.811
2.6652 -30.4963 9.476
9.214 -25.1923 9.7497
5.1804 -24.5754 9.866
4.3181 -25.3456 10.049
3.7416 -26.3253 9.7881
9.7878 -25.9462 9.5739
7.1929 -24.054 9.2877
8.6337 -25.5515 9.3813
8.0585 -26.1443 9.8508
7.771 -26.6654 9.8416
10.3587 -27.9986 9.4729
8.059 -28.1011 9.3833
7.7677 -28.308 9.165
5.1804 -25.0286 9.8216
6.6128 -25.466 9.5262
4.3181 -24.7483 10.1549
3.1581 -25.0684 9.9293
5.4681 -26.7066 9.8647
3.7414 -27.9415 10.6794
3.158 -27.0308 9.969
4.8871 -28.5991 10.2232
4.0204 -28.7934 10.0338
2.6884 -24.7127 10.1682
6.3335 -28.5737 9.9659
8.0586 -26.2341 9.7989
7.7712 -27.7035 9.9807
6.6221 -28.2472 9.7201
2.6869 -29.9576 9.538
10.358 -25.0452 9.6047
9.5023 -25.5805 9.4708
9.5024 -26.7447 9.559
9.4935 -27.0474 9.5234
8.0534 -26.573 9.9158
8.0586 -26.5778 9.7307
8.3432 -26.8633 9.6584
6.9073 -26.4989 10.0147
7.7676 -27.055 9.8562
8.9188 -27.21 10.7317
9.7877 -27.676 9.7914
10.0702 -27.3494 9.2747
10.3587 -28.0998 9.0885
10.6553 -28.5956 9.2022
9.2038 -27.8081 9.3737
8.3432 -27.5636 9.7099
10.6554 -29.7395 8.7366
10.0702 -30.0936 8.4495
9.5026 -28.788 9.0963
9.2036 -30.5808 8.3905
9.4935 -31.5011 8.134
6.9004 -29.0423 8.6653
5.1739 -26.4387 9.7985
6.6129 -27.6711 10.1094
2.859 -27.6615 11.0175
3.158 -27.643 9.9304
6.6129 -29.7259 10.2254
4.8871 -29.839 10.2344
6.3262 -29.4984 8.0194
5.4687 -30.4708 8.9407
6.0383 -30.9999 8.693
6.6226 -31.5355 8.1583
4.5955 -31.5276 8.6762
4.0316 -30.9565 9.1154
3.158 -30.4327 9.3294
5.1807 -28.0462 10.4034
4.6057 -28.556 9.0026
9.7848 -25.7158 9.6837
8.9255 -25.2835 9.7636
7.4837 -24.2929 9.3804
7.4776 -26.6221 10.9974
6.9073 -26.1889 9.9547
6.9074 -26.5626 9.7933
10.6551 -27.1005 9.1429
8.6338 -27.6572 9.5448
10.6554 -29.6707 8.7004
10.0702 -31.7092 8.1787
5.1739 -26.0872 9.7083
3.7416 -24.7237 9.855
4.3182 -25.2733 9.8409
4.596 -27.3356 10.6635
6.3335 -28.1325 9.9274
2.6882 -27.1509 9.9331
6.6129 -29.7648 10.1269
4.8871 -29.9889 10.0174
4.8869 -31.4916 8.66
3.7416 -29.8183 9.3892
5.4686 -30.2424 9.5612
2.6869 -29.645 9.5773
9.4935 -27.0598 9.4619
7.4837 -24.5006 9.5537
10.3586 -27.9322 9.1093
10.0702 -27.98 9.019
10.0702 -28.4409 9.1329
9.2145 -28.0924 9.4442
8.0588 -27.5411 9.761
7.1989 -28.2833 9.3456
10.6022 -29.9428 8.5157
8.9261 -29.5591 8.7507
10.0702 -30.3565 8.428
10.3755 -31.63 8.0759
9.503 -31.7912 8.2642
7.1993 -30.2736 8.7288
8.631 -31.4273 8.087
4.3112 -26.5024 9.6753
2.8763 -25.9087 10.1478
5.7483 -28.0372 10.246
4.6049 -26.9675 11.1034
6.334 -31.8318 8.2481
5.7573 -31.4049 8.551
7.4838 -26.345 9.8247
6.9005 -31.598 8.1771
2.6651 -29.044 9.7392
10.3753 -25.3486 9.3684
10.3585 -26.8945 11.0018
7.1986 -26.668 9.8653
8.9262 -30.1465 8.607
7.4773 -31.6431 8.0202
6.3334 -24.7464 9.5363
6.3334 -26.5125 9.9829
4.3112 -25.968 9.9731
8.0585 -26.2037 9.8707
7.7675 -27.5408 10.3033
5.7483 -28.0971 10.2874
10.0703 -25.5603 9.7219
9.5028 -29.8766 8.5765
9.215 -29.5804 8.6832
6.622 -26.1249 9.8594
3.1581 -25.4869 9.9699
2.859 -27.6538 11.0871
4.893 -29.9918 9.1284
2.6719 -29.9319 9.4431
4.3112 -30.2069 9.1861
9.5023 -26.2056 9.6204
10.0702 -27.5924 9.8403
5.7567 -28.1397 10.1323
4.6053 -27.6196 9.869
2.6721 -27.7067 11.0215
8.9188 -30.1846 8.5024
9.4935 -30.6953 8.4802
7.7715 -28.9652 9.035
8.0599 -31.7797 8.0412
7.4844 -31.2252 8.1587
4.3182 -25.2224 9.7942
2.6652 -30.2612 9.5249
8.343 -30.1481 8.629
8.9255 -25.11 9.7118
7.7712 -27.9241 9.6579
10.0702 -31.2744 8.2344
6.3336 -29.8277 10.2303
4.5958 -29.0169 9.5944
6.9084 -31.7273 7.8321
3.4542 -25.0468 10.1377
7.771 -26.6757 9.9008
10.5962 -27.5048 9.0649
5.1739 -25.2005 9.8731
2.6725 -26.5663 10.0835
2.8774 -31.0874 9.1231
5.4684 -30.0333 10.0077
7.1985 -25.9044 9.8282
9.4935 -27.7358 9.886
9.2145 -28.0317 9.5878
8.6311 -28.7521 8.9486
8.6311 -29.9841 8.5733
2.8587 -26.4447 10.1127
5.4682 -27.1555 9.8336
3.158 -27.8162 9.7326
6.3339 -30.995 8.6442
3.4545 -28.7339 10.1381
4.3112 -31.345 8.8763
9.7878 -25.5268 9.7183
10.6023 -27.9839 9.1042
5.1739 -24.7256 9.9629
4.0206 -24.5337 9.7898
3.4439 -25.1262 9.9898
2.6727 -25.5971 10.2089
2.8765 -27.0019 9.8641
4.6058 -29.0947 9.1478
5.1813 -30.9184 8.9296
4.8932 -31.8038 8.6795
4.0204 -28.6317 9.4429
2.8589 -28.6756 9.498
8.9189 -26.7805 9.6981
9.2038 -27.9911 9.2137
10.6556 -31.8539 8.2099
4.8872 -25.5702 9.7686
6.0442 -27.7467 10.0526
6.3261 -27.8113 9.9282
2.6651 -27.8991 9.9335
7.4777 -26.1152 9.9543
7.4777 -26.1181 9.8765
10.3585 -27.3906 9.2703
9.2038 -27.3366 9.4073
10.0702 -28.9757 9.0845
9.5028 -29.8227 8.6076
5.1803 -24.6275 9.9771
5.1739 -25.6169 9.8062
5.1739 -25.7307 9.8166
4.6048 -25.5605 9.9933
2.687 -24.4667 9.9395
6.6129 -29.0217 10.2087
6.3261 -29.9773 9.926
6.3261 -30.3785 8.8796
2.672 -28.5857 10.4705
4.893 -29.7858 9.041
4.3182 -25.7419 9.8853
2.6869 -26.4043 10.1021
4.596 -27.0569 11.0308
2.6725 -26.8122 10.1153
2.8761 -25.0997 10.1153
2.6652 -30.3073 9.5634
10.6022 -29.785 8.5742
6.0383 -28.3062 9.9993
3.735 -29.4928 9.2602
8.0593 -29.5838 8.8204
7.1991 -29.2394 9.0109
7.7677 -28.0366 9.6694
7.1985 -25.0669 9.4972
6.9003 -24.4405 9.6949
8.6311 -25.6222 9.5623
9.2038 -27.7137 9.4174
9.5029 -30.0972 8.4818
4.887 -30.0932 9.7833
3.735 -29.021 9.7283
2.6881 -29.9752 9.475
10.3751 -25.9742 9.7674
8.9262 -30.1957 8.5678
7.4774 -30.3846 8.6605
4.8932 -31.7935 8.6203
10.3754 -30.9814 8.3418
6.3261 -29.7563 10.2275
8.6311 -28.9851 9.0203
7.1933 -28.3208 9.2124
3.4439 -28.2211 9.6683
3.4439 -25.0826 10.0801
6.0448 -31.4292 8.4477
4.8931 -31.4305 8.8625
2.6881 -28.3643 10.4379
5.1808 -29.0082 10.3693
8.9264 -31.6229 8.1783
10.3754 -31.5376 8.227
4.8869 -31.3138 8.8497
2.8774 -31.2999 9.0764
2.6881 -30.1232 9.3788
5.7481 -29.9312 10.0424
9.7878 -27.7508 9.2161
6.3334 -25.0269 9.7111
6.0445 -30.135 9.586
8.6311 -30.4326 8.5206
7.1932 -28.085 9.6745
8.3507 -28.1004 9.3099
7.1933 -28.376 9.0176
2.6881 -31.5691 9.0216
2.6881 -31.6717 8.9298
4.5958 -28.7209 8.8748
7.7679 -30.3901 8.6032
6.6128 -31.6238 8.2051
2.6884 -25.0137 10.0053
6.3261 -26.6048 9.9952
4.5954 -31.6012 8.7206
9.2039 -25.0823 9.7542
6.0446 -30.7366 8.7825
9.7879 -28.9091 9.0034
8.0587 -27.0682 9.73
5.7567 -27.9268 10.1575
8.6337 -26.7486 9.7544
10.6023 -27.2545 9.1888
10.6023 -27.0707 9.3058
8.3432 -27.222 9.6575
10.3752 -25.7446 9.4113
5.7481 -29.7299 10.4194
10.3752 -26.7335 9.3615
8.9257 -26.8244 9.6126
4.6052 -26.9142 9.7875
9.7879 -29.0206 8.9064
5.1741 -30.6548 9.0133
7.4774 -31.2969 8.1877
5.757 -30.1291 9.7004
5.7568 -29.1539 10.4373
2.8591 -31.1785 9.0846
10.3586 -27.5517 9.1554
9.7848 -26.0313 9.5666
6.9003 -24.5902 9.6844
9.2038 -27.1921 9.4473
9.4935 -28.0816 9.4689
10.3589 -29.3767 8.6873
9.785 -28.7824 9.085
10.3754 -31.2123 8.3063
7.4843 -30.5838 8.5616
6.0441 -24.7813 9.8099
6.0384 -26.7264 9.7932
6.0446 -30.1389 8.8669
6.3338 -30.3469 8.7035
10.596 -25.1641 9.4072
10.0702 -26.8847 10.7707
10.6551 -27.1676 10.2122
10.0702 -27.2177 9.2747
8.6311 -28.0117 9.3872
10.6554 -29.6404 8.7722
9.4935 -29.3234 8.9035
9.785 -29.5177 8.8449
8.9187 -31.8357 8.1893
8.0531 -29.3504 8.941
6.3261 -25.1161 9.8017
6.622 -26.2976 9.8682
4.596 -27.0827 9.832
6.6129 -29.9301 9.7706
4.893 -29.4176 9.0255
4.5955 -30.9112 8.9563
6.6225 -30.7886 8.5027
6.0382 -31.5872 8.3211
5.1739 -24.9167 9.9828
6.3335 -29.6849 10.3562
4.0312 -26.6451 9.9214
4.5959 -27.4391 10.6146
8.3508 -28.4207 8.973
10.6556 -31.3815 8.2005
6.6129 -29.9224 9.8402
6.0383 -30.6844 8.8101
6.9078 -28.8461 8.8549
3.4549 -30.9817 9.2208
9.5025 -27.5263 9.3576
8.9258 -27.0925 9.3927
7.4838 -27.3023 9.7825
6.9004 -28.423 9.2513
8.3514 -31.8613 8.2146
6.0384 -24.5878 9.8013
5.1739 -26.5528 9.8303
3.1581 -25.0654 10.007
3.158 -26.9504 10.0371
6.3336 -30.5537 10.2022
2.6882 -28.5426 9.5856
3.4548 -30.2715 9.3592
2.6653 -31.3073 9.1596
7.1997 -31.9009 8.1262
3.7344 -25.0209 9.9755
10.596 -25.2372 9.4301
10.3752 -25.8925 9.5431
7.4835 -26.8037 10.9718
7.4777 -26.0331 9.9365
7.4837 -26.4104 9.9173
6.9003 -26.2149 9.8645
10.6023 -27.9245 9.0842
10.6552 -28.3908 9.1793
9.5025 -27.4712 9.3243
8.6336 -27.0864 10.7541
8.0533 -27.2889 10.7404
7.7712 -27.6573 9.9422
7.4836 -27.1466 10.6326
8.3507 -28.0217 9.2358
10.6553 -29.3189 8.8168
10.0702 -31.3787 8.2284
9.4935 -31.154 8.2586
5.4679 -25.0785 9.7402
4.8872 -26.0345 9.8261
4.3112 -25.6521 9.8407
2.8764 -26.6179 9.9663
2.6882 -28.2617 9.6175
6.0443 -29.1363 10.2821
4.0315 -29.853 9.3399
2.8769 -28.9788 9.4936
3.158 -29.0787 9.514
5.7481 -30.3333 9.495
8.9189 -28.2015 9.2355
6.622 -27.5093 10.0593
9.2037 -29.6818 8.8448
7.4845 -31.7939 7.7545
8.6311 -26.0216 9.7768
7.7715 -28.7411 8.958
6.6129 -27.8147 10.0264
9.785 -29.8324 8.6848
6.3261 -26.8767 9.9685
4.606 -29.6971 9.0715
4.8873 -25.4236 9.9293
7.7721 -31.2354 8.1152
6.9004 -31.244 8.1861
5.174 -29.9297 10.2036
7.1936 -31.5563 8.2013
6.6129 -26.7429 10.0158
7.768 -31.6337 7.8957
6.6219 -24.9043 9.6735
6.6129 -26.456 9.9752
4.8871 -28.6914 10.0721
8.3429 -31.6396 8.0604
8.9188 -30.0607 8.661
8.3515 -31.7694 7.9309
7.1987 -27.7283 9.9809
6.6129 -28.0203 9.8641
8.9188 -30.2992 8.5557
9.2038 -28.4164 9.1416
8.053 -30.0447 8.6919
4.5959 -27.4109 10.7938
2.8765 -26.8689 10.0277
7.4841 -29.0848 8.9925
7.4776 -28.5138 8.8833
5.174 -29.2487 10.4342
9.7851 -30.5224 8.4491
8.6336 -27.0222 10.726
2.672 -29.5749 9.5298
5.174 -29.9809 10.0436
7.1987 -27.1494 9.8698
4.605 -27.307 10.8205
4.5957 -29.5563 9.0982
8.9261 -29.7369 8.7892
8.0528 -31.2869 8.1479
8.059 -28.3021 9.213
9.788 -31.6167 8.1568
9.2037 -29.4817 8.8301
2.8771 -29.9677 9.4438
3.7415 -27.7815 9.7183
10.5961 -27.0364 10.8237
9.2138 -26.7949 11.1161
7.1984 -24.5376 9.5964
6.9073 -24.7032 9.455
9.5026 -28.4532 9.1592
7.7709 -27.1802 10.8368
8.0533 -27.2463 9.7548
8.6339 -28.0821 9.2234
6.9004 -28.3747 9.3335
10.3592 -30.7139 8.3489
9.2036 -30.7295 8.3371
8.3431 -29.4992 8.8737
8.3511 -30.2301 8.6238
6.908 -29.9632 8.6334
8.3512 -30.5936 8.4032
7.7721 -31.1499 8.1537
5.7485 -24.5394 9.9533
6.0442 -26.453 9.8438
4.6048 -25.2916 9.9422
4.0206 -25.2585 9.9252
3.1581 -26.2403 10.1757
6.6221 -28.0219 9.8067
6.3261 -28.5279 9.8835
2.859 -27.393 11.216
6.0442 -29.3851 10.4642
6.0383 -29.6228 10.6617
5.4686 -30.3403 9.4613
6.3261 -30.8389 8.7439
4.0204 -28.8588 9.8983
3.158 -29.1236 9.4881
2.6882 -29.2044 9.5292
4.0204 -30.2991 9.2618
9.7878 -24.8795 9.5925
9.2039 -24.4173 9.4324
9.4935 -25.1936 9.6929
9.5024 -26.6575 9.5116
7.4779 -24.2586 9.5388
6.9073 -25.1628 9.5046
8.631 -26.858 11.162
8.3514 -31.8647 8.1583
6.622 -24.7555 9.2707
5.1808 -28.4712 10.082
6.6222 -29.7735 9.9792
4.3188 -28.8498 9.0685
7.4837 -26.5477 9.9684
9.7849 -27.4761 10.057
6.9074 -27.5288 9.9739
6.3334 -26.4535 9.9844
4.8931 -31.4968 8.7699
8.6311 -25.0639 9.5699
6.9073 -25.0495 9.5157
7.1931 -26.7814 9.8845
10.3748 -27.0927 10.2945
10.6551 -27.6003 9.1582
10.6552 -28.2172 9.1276
9.2038 -27.4438 9.3235
8.6311 -27.7599 9.511
10.0702 -29.3977 8.8408
9.788 -30.0566 8.482
6.9082 -31.1279 8.2868
3.158 -27.2195 11.2285
3.158 -27.2686 11.1893
4.8871 -30.074 9.9574
6.0446 -29.9529 8.8766
4.3112 -29.54 9.213
3.158 -30.4879 9.3627
9.502 -26.9677 10.7334
3.7415 -24.6891 9.9402
2.8589 -28.464 9.5876
10.3584 -26.6343 9.3706
10.3584 -26.6834 9.3314
8.9257 -26.9779 9.5674
8.0586 -26.4786 9.7663
9.4935 -27.7957 9.9274
10.0702 -27.6846 9.2331
10.5962 -28.1193 9.3615
10.6552 -27.9658 9.0448
9.5025 -27.357 9.2924
9.7849 -27.6025 9.3431
6.9076 -28.1393 9.6214
9.2149 -29.4004 8.7653
9.788 -30.252 8.4887
8.9188 -29.4827 8.8211
10.3754 -30.3106 8.4034
9.2155 -31.8123 8.1118
9.2155 -31.752 8.0488
8.343 -30.0092 8.7202
7.7678 -29.904 8.8188
7.772 -30.7856 8.3314
6.9083 -31.4519 8.1431
6.6128 -25.1795 9.5071
5.4678 -24.5282 9.9276
5.4679 -24.9904 9.878
5.1804 -25.0444 9.9319
6.6128 -25.9719 9.8422
4.3181 -24.5756 9.9179
4.3181 -24.8757 9.9401
3.7416 -25.1363 9.8231
2.6649 -24.7152 10.1216
2.6884 -24.9299 10.1297
3.4439 -25.39 10.0112
3.4439 -25.4349 9.9852
2.8762 -25.1138 9.9117
3.1581 -25.7926 9.5871
3.1581 -26.3921 10.0446
6.0383 -27.9305 10.2816
5.7569 -28.1628 9.2392
4.8872 -26.902 9.8353
2.6649 -27.8287 11.1798
2.6649 -27.9138 11.1198
2.8767 -27.815 9.6551
5.7568 -29.5117 10.6216
5.7568 -29.6797 10.3943
4.8871 -28.6465 10.098
6.6223 -28.6799 8.873
6.3262 -29.4432 7.9861
4.6063 -31.1495 9.0367
6.3261 -31.1864 8.4128
5.7481 -31.3887 8.6897
3.4439 -28.9941 9.7214
2.8769 -29.0293 9.5187
3.7351 -30.2176 9.3955
2.8773 -30.9835 9.1505
5.4682 -29.4979 10.7186
10.3585 -26.8732 11.0685
9.7874 -26.8402 11.1429
8.0589 -27.8553 9.5796
6.9004 -28.764 8.8261
4.0205 -27.5422 10.8109
6.0383 -29.3136 10.4167
9.5029 -30.8219 8.3893
6.9074 -26.569 9.8873
8.0588 -27.6398 9.704
5.7573 -31.301 8.5784
5.7574 -31.7832 8.3977
6.3262 -29.394 8.0253
4.6062 -30.919 9.0938
8.9256 -25.9137 9.7148
9.4935 -26.1197 9.6792
9.4935 -26.6588 9.6175
8.3432 -26.6171 9.8332
8.0586 -26.4897 9.8685
8.6337 -26.7102 9.6463
9.5025 -27.5798 9.305
9.5029 -29.9711 8.5329
5.4679 -24.8545 9.8913
4.6048 -25.4058 9.974
4.3185 -28.3426 10.2844
5.7481 -29.7248 10.6179
5.4683 -29.6933 10.4972
6.6223 -28.7475 8.8448
6.6224 -29.5867 8.8056
6.6224 -29.3636 8.3153
6.0383 -30.3167 8.8161
5.4687 -30.4267 9.0096
6.0448 -31.8918 8.1915
4.8869 -31.6425 8.714
3.158 -28.9509 9.4792
3.4547 -29.7464 9.4451
8.3504 -26.2614 9.7739
9.4935 -24.7173 9.4901
9.7848 -26.0651 9.6665
8.9256 -25.5713 9.6192
7.771 -26.5474 9.8446
10.6552 -28.0412 9.4031
9.2145 -27.5858 9.3131
9.785 -28.732 9.0599
2.6869 -26.0375 10.151
6.3261 -29.8986 10.0801
3.4546 -28.985 9.5153
4.0204 -31.0062 8.9728
4.0316 -31.4251 8.9317
3.455 -31.688 8.8892
10.3578 -24.2079 9.2956
10.0702 -26.6847 9.637
4.5956 -29.9796 9.1469
10.3578 -24.214 9.3681
9.7878 -24.7914 9.7302
9.7878 -24.7854 9.6577
9.7878 -24.9359 9.4622
9.7879 -24.9808 9.4362
9.7848 -25.1237 9.5913
10.0703 -26.3657 9.5823
8.3503 -25.5637 9.6227
7.193 -26.0653 9.9506
8.9189 -27.2958 10.2585
9.4935 -27.8632 9.6712
10.6551 -27.4673 9.0939
8.9189 -27.6222 9.3313
9.5026 -28.4067 9.0992
10.6022 -30.2639 8.4497
10.6555 -31.0801 8.3421
8.3431 -29.5847 8.8351
7.4842 -30.282 8.6815
8.0529 -30.9715 8.265
6.6219 -24.5605 9.7417
6.0384 -25.3865 9.7744
4.8927 -26.011 9.6565
3.7345 -25.2715 10.0154
3.1581 -25.159 9.9204
5.1739 -28.1153 10.5242
6.6222 -28.3353 9.5824
3.7347 -27.0406 9.6994
2.8588 -27.7115 9.6528
6.6128 -29.0743 8.1034
6.3262 -29.736 7.8712
5.174 -30.254 9.6251
6.3336 -30.5481 10.1511
6.0383 -30.5001 8.9057
4.8869 -31.1595 8.852
3.7349 -28.6534 10.1905
4.0317 -31.7611 8.7051
10.5962 -27.9624 9.4631
7.4776 -28.1061 9.6077
10.6554 -29.8545 8.5833
9.2037 -29.3958 8.8472
9.2036 -31.7958 8.2966
8.9188 -31.7716 8.1612
6.9079 -29.4284 8.9097
4.8929 -28.5279 9.0396
2.6869 -27.0636 9.9168
4.6051 -26.4845 9.6446
6.3261 -26.7002 9.9944
10.3747 -27.1308 10.6092
10.3594 -31.6373 8.2063
7.4837 -25.9774 9.8306
8.9188 -27.148 10.811
3.4439 -27.8222 9.7032
6.3335 -28.7127 10.1029
4.5958 -29.0792 9.3086
4.606 -29.8301 9.1359
4.3112 -31.0616 9.0074
8.3507 -27.9567 9.3928
3.7415 -25.9298 9.9948
3.7415 -27.9949 9.7145
8.0531 -29.3021 9.0232
6.3261 -24.8685 9.9121
5.4679 -24.9118 9.8039
2.6869 -26.1563 10.191
9.5024 -27.9089 9.6472
7.4842 -30.0472 8.7519
2.6869 -29.8216 9.5513
8.6339 -27.921 9.3382
4.8869 -31.6998 8.6266
9.2147 -28.6526 9.0666
8.0597 -31.0353 8.2863
10.3752 -28.3175 9.0984
8.0596 -30.769 8.3641
7.484 -28.3199 9.3472
2.6884 -24.9645 10.0445
2.8763 -26.1485 10.1071
7.4776 -27.4869 10.4217
6.9004 -29.5721 8.8155
5.7481 -30.7671 8.9402
8.0529 -30.3786 8.5859
7.7719 -30.7373 8.4136
5.1805 -25.466 9.6668
6.6129 -28.477 9.9913
8.631 -27.3515 10.4205
6.9077 -28.2159 9.36
5.1805 -25.5245 9.6438
4.0312 -25.9346 10.0385
3.7415 -29.1321 9.818
6.3334 -26.6541 10.0207
4.8931 -30.69 9.0728
7.7676 -27.645 9.8412
7.768 -31.7538 8.0001
7.1995 -30.9205 8.3771
5.7567 -27.1226 9.905
7.1995 -31.1138 8.2764
7.1996 -31.5187 8.0861
6.9004 -28.6533 8.9661
8.343 -30.7209 8.4392
3.735 -29.3454 9.378
2.687 -30.7703 9.3076
2.8588 -27.8043 9.7513
4.8927 -27.1546 9.8542
8.6342 -30.0583 8.582
9.2146 -28.0518 9.2287
9.7849 -26.585 9.5508
9.5022 -24.8101 9.7743
2.6882 -27.9145 9.742
3.7353 -31.1919 9.0715
9.2148 -29.0014 9.0282
8.9188 -31.2008 8.2303
6.9003 -24.6017 9.58
6.9072 -24.5334 9.5965
5.1805 -25.4172 9.7275
5.757 -30.2672 9.5663
6.3335 -29.0248 10.2703
8.6311 -27.8091 9.4717
2.8769 -28.7903 9.6024
6.9073 -24.9922 9.6031
7.7717 -29.7151 8.841
9.215 -29.8574 8.6861
5.7481 -30.229 9.501
5.7573 -31.2561 8.6044
5.7481 -31.4327 8.6209
5.7481 -31.2839 8.6742
8.0533 -27.7641 9.7598
2.8765 -26.9549 10.0107
6.6128 -30.4841 8.6574
9.4935 -26.0748 9.7051
2.8591 -31.5355 8.9979
2.8774 -31.2234 9.1097
4.8926 -25.199 9.9298
8.3509 -29.165 8.9561
8.631 -30.5109 8.5731
6.3335 -29.2663 10.3155
7.1934 -29.7068 8.8136
7.1992 -29.767 8.8258
8.6311 -30.9182 8.2834
4.8927 -28.4005 10.3947
6.6128 -29.839 8.6392
4.6051 -26.2955 9.7319
5.1739 -28.285 10.3827
6.3335 -29.0752 10.2955
9.4935 -29.2503 8.8805
2.672 -27.6554 11.1815
2.6651 -27.8546 9.7528
5.1808 -28.9252 10.3086
9.2151 -30.1824 8.5855
4.8871 -28.6583 9.787
9.7851 -30.5643 8.5009
3.7416 -30.823 9.2217
6.9074 -27.1261 9.8155
10.3584 -26.6719 9.4358
8.634 -28.6867 9.0264
9.4935 -29.2717 8.8139
2.687 -30.9396 9.3727
2.687 -31.0649 9.2786
8.6311 -27.4333 9.526
8.6343 -30.7941 8.3635
6.6129 -27.8562 10.0567
6.6129 -27.7609 10.0575
2.8775 -31.665 8.9416
7.4845 -31.7241 7.9033
5.7569 -30.029 9.9211
2.6868 -27.7187 11.1134
2.6651 -28.1594 9.7831
6.3262 -29.5385 7.9853
3.7416 -31.2544 8.9943
8.6311 -28.4554 9.0983
8.6339 -27.909 9.4211
8.3431 -28.374 9.1438
6.0384 -26.8363 9.8384
2.6881 -29.7803 9.4899
2.6651 -28.1983 9.6846
8.3431 -27.9163 9.6364
8.3431 -28.3859 9.0608
3.4438 -31.3151 9.0757
8.0596 -30.7301 8.4626
4.6063 -30.9584 9.0167
9.7879 -27.6234 9.2027
4.605 -25.9821 9.5001
8.9255 -25.346 9.7059
9.5019 -26.8783 11.0348
7.1929 -24.8189 9.617
7.1986 -26.624 9.9342
6.9074 -26.8447 9.8258
10.3585 -27.1092 9.2808
10.3754 -31.872 8.1425
9.788 -31.7997 8.2249
6.908 -29.8068 8.7564
6.3261 -24.6745 9.9699
4.3181 -24.9202 9.8927
4.0312 -25.5506 9.9126
2.8761 -24.9941 10.0568
2.6883 -26.5147 9.9095
6.0442 -26.9502 9.9586
5.1808 -28.1325 9.9517
6.3262 -29.3085 8.0639
4.8929 -28.9939 9.4113
6.0383 -30.3143 9.3715
4.6061 -30.438 9.1108
6.334 -31.7489 8.1874
4.0316 -31.6235 8.8606
7.4839 -28.1857 9.4464
10.5964 -31.0327 8.3733
10.0702 -31.4428 8.2565
8.0593 -29.4988 8.8804
4.3187 -28.5924 9.3691
8.6311 -30.2308 8.648
8.6311 -27.0139 9.6705
10.6554 -29.9896 8.527
9.2037 -29.9644 8.6707
7.7717 -29.5612 8.8647
5.7481 -29.6582 10.689
6.3261 -30.4789 8.9084
4.8927 -27.099 9.7994
5.7484 -26.0733 9.6862
6.0445 -30.0209 9.5541
5.4679 -24.7099 9.9313
6.3335 -27.1457 9.8563
4.0312 -24.4642 9.8557
4.8928 -28.4868 10.1711
7.1936 -31.2745 8.1903
3.7416 -24.9516 9.8972
8.6341 -29.924 8.6813
7.1931 -26.2863 9.8772
10.6553 -28.5981 9.103
7.4775 -28.3429 9.4166
8.9254 -24.4049 9.8799
9.5022 -24.7904 9.6988
10.6023 -27.0591 10.9853
6.9073 -24.1542 9.2507
6.9073 -24.2312 9.2388
8.3503 -25.4144 9.6545
6.9003 -25.9801 9.7069
8.6311 -26.6463 9.9047
10.3749 -27.1987 10.1464
10.375 -27.6527 9.6886
9.7849 -27.2126 9.3729
8.0588 -27.4697 9.824
7.4839 -27.791 9.6959
8.6311 -27.0858 9.629
7.1933 -28.5675 9.059
9.5029 -30.2187 8.4225
9.5029 -30.3179 8.387
7.1994 -30.8089 8.4741
5.7565 -25.1901 9.7719
5.1806 -26.1192 9.6371
3.4542 -24.7873 9.8747
4.0312 -26.2941 9.8526
2.6869 -26.0931 10.2058
6.0383 -28.0844 10.2578
6.3335 -27.0906 9.823
2.8766 -27.6304 9.9573
5.7481 -30.1094 9.8743
4.8871 -28.7173 9.7855
4.6058 -28.7771 8.9293
5.1811 -30.3318 9.5724
6.6128 -31.1476 8.4586
3.4438 -31.7978 8.9164
3.158 -31.425 8.9953
2.8776 -31.8365 8.6579
9.2142 -26.4339 9.6195
8.9258 -27.7817 9.3423
4.0312 -24.5143 9.8594
5.1812 -30.7243 8.9874
10.3582 -25.8083 9.3918
9.5023 -25.7896 9.7085
10.6551 -26.9764 11.0831
10.655 -26.6341 9.4342
8.919 -26.5235 9.7923
9.4935 -26.846 9.6723
6.9072 -24.4612 9.6165
10.6023 -27.1188 10.3425
9.5024 -27.6879 9.7205
7.4838 -27.4682 9.904
10.0702 -29.5007 8.7704
9.785 -28.673 9.0614
9.785 -29.7601 8.7048
9.788 -29.7671 8.5405
10.0702 -31.8712 8.1068
9.2152 -30.6694 8.413
6.9004 -29.1778 8.6305
7.1936 -31.2087 8.3044
6.0442 -26.288 9.7654
3.1581 -25.1257 9.8419
5.4683 -28.3941 10.0092
4.6056 -28.5222 9.3588
2.688 -27.5504 11.0601
6.6129 -29.1321 10.2753
6.0383 -30.0553 9.8144
6.3261 -31.4771 8.4186
6.3261 -31.7336 8.303
4.0204 -28.6214 9.3837
4.3188 -29.7331 9.1884
3.4439 -30.1848 9.316
3.7416 -31.6481 8.9298
8.9256 -26.3554 9.7747
9.5025 -27.7657 9.2954
9.4935 -27.8562 9.3276
10.6555 -30.9664 8.3317
10.0702 -30.8507 8.3922
8.6311 -29.5131 8.8564
7.4841 -29.0023 8.9532
8.0529 -30.6586 8.511
5.468 -25.7181 9.7077
6.0383 -28.2182 10.1371
4.5958 -28.539 9.99
4.3185 -28.4884 10.3088
6.6226 -31.6706 8.102
3.158 -29.9975 9.3635
4.3112 -31.7981 8.6036
6.9083 -31.6623 7.9891
7.4841 -29.5149 8.9288
7.1933 -28.2482 9.2109
8.9256 -27.4507 10.0547
9.7878 -25.9663 9.6709
8.9256 -25.641 9.6985
10.6551 -27.0084 10.8691
7.7676 -24.4115 9.591
10.5961 -27.5316 9.9401
10.0702 -27.5852 9.9314
8.9189 -27.2306 9.5032
9.2038 -27.4276 9.4198
9.7879 -27.936 9.1635
8.0532 -27.9308 9.6961
10.6553 -28.6879 9.0511
10.0702 -29.9452 8.5244
9.5029 -30.3102 8.4566
9.4935 -31.0873 8.3297
9.7851 -31.8678 8.2909
8.6311 -29.8375 8.7341
6.9004 -30.5678 8.6529
6.9004 -31.3642 8.2905
4.0311 -24.9119 9.9882
4.0312 -25.9123 9.8341
3.4439 -25.7402 10.037
6.6222 -28.2686 9.6535
5.4682 -28.1388 9.961
3.158 -27.7144 9.8674
5.4683 -28.6643 10.1247
5.4683 -29.7087 10.5861
4.5958 -29.016 9.3234
4.0205 -28.5547 9.4548
4.3187 -28.6591 9.298
2.665 -26.8896 10.0929
3.7416 -29.2539 9.3241
10.6551 -27.4852 9.9743
10.3587 -27.9367 9.5522
10.6552 -28.025 9.4994
8.0533 -27.6385 10.0605
4.8872 -27.1851 9.9107
2.8588 -27.3815 9.952
2.687 -29.1461 9.6048
9.4935 -26.8037 10.9459
10.0703 -26.1126 9.6417
9.2144 -27.0479 9.4389
8.6335 -24.8054 9.7686
7.4837 -24.7268 9.51
6.9003 -25.2447 9.4909
8.3432 -26.1767 9.8379
8.6311 -26.5847 9.7773
7.193 -26.2196 9.9483
10.6551 -27.3728 9.1376
10.3752 -28.6078 9.0827
7.7675 -27.1351 10.6789
7.4776 -27.5222 9.9234
6.9004 -27.9499 9.8831
8.3505 -27.1785 9.5378
8.6339 -28.1929 9.3115
10.6023 -28.7069 9.1536
10.6554 -29.9588 8.5773
9.2149 -29.3149 8.8038
10.6555 -30.5466 8.4549
10.3593 -31.3761 8.3138
9.2154 -31.2501 8.1539
6.9004 -29.3284 8.8911
8.343 -30.3909 8.5104
5.1739 -25.3151 9.9263
4.5963 -24.7095 10.1385
4.3112 -25.4187 9.9755
6.0383 -28.2349 10.0623
4.6055 -28.505 10.0963
5.7483 -27.0504 9.9472
6.6221 -28.1788 9.7053
4.8927 -26.7604 9.8971
4.0205 -27.5135 10.9687
3.7414 -28.1933 10.5557
3.7347 -26.7935 9.8313
6.6222 -29.877 9.9304
4.8929 -29.1449 9.2373
5.4688 -31.0822 8.8593
6.0383 -31.1401 8.6663
4.0313 -28.9316 9.8176
4.0316 -31.2686 9.0547
4.0204 -31.255 8.9268
7.4835 -26.7088 10.994
6.9003 -26.4069 9.9274
9.2149 -29.5547 8.7631
9.2151 -30.0862 8.5433
10.5965 -31.3665 8.2673
9.7851 -30.7494 8.4483
9.503 -30.7664 8.3345
8.9263 -30.6113 8.4582
8.3512 -30.4914 8.5165
3.1581 -24.5566 9.7687
3.4543 -26.4868 9.9364
5.7572 -30.9371 8.7777
3.158 -31.7952 8.8901
9.5023 -26.525 9.6967
8.6336 -25.8696 9.6212
7.1986 -27.4247 10.4711
10.3752 -24.7719 9.5929
10.0702 -26.9108 10.9402
9.4935 -26.8289 11.0726
9.7849 -26.8659 9.5189
8.0534 -26.7213 9.8409
8.0587 -26.9545 9.7196
7.4835 -26.9076 10.9444
10.6551 -27.1031 10.3907
9.7849 -27.6159 10.0088
9.2144 -27.5071 9.4671
7.7675 -27.2368 10.5441
10.0702 -29.1865 8.9519
9.2037 -29.7716 8.7929
10.5964 -30.8415 8.3534
9.2036 -31.709 8.2707
9.2154 -31.5297 8.0577
8.3431 -29.0076 9.0383
7.7716 -29.3055 9.0232
6.9083 -31.4075 8.1905
6.6128 -25.2518 9.4871
6.3335 -25.1607 9.3623
4.8872 -26.1028 9.6128
4.3181 -24.8201 9.8853
2.665 -25.4133 10.0659
2.665 -25.9076 10.2583
6.3261 -27.5899 10.2082
5.4682 -28.2992 10.0314
2.665 -27.1898 10.1151
4.0313 -27.8859 9.748
3.158 -27.7811 9.7963
2.8588 -28.0544 9.7698
5.4684 -29.8469 10.224
5.4687 -30.3365 9.0399
4.8931 -30.7815 9.1069
6.6227 -31.7745 8.0746
4.0204 -28.5844 10.2523
3.7415 -29.1065 9.6699
4.3112 -29.4263 9.2027
4.0204 -29.9523 9.1797
3.4546 -29.0748 9.4635
3.7352 -30.5587 9.1984
2.8591 -30.7535 9.406
2.6881 -31.3057 9.0216
7.1985 -25.851 9.8808
10.3752 -27.7249 9.2125
8.9189 -27.3999 9.3402
9.7849 -28.0223 9.2201
6.6219 -24.5126 9.8453
6.622 -25.7076 9.655
2.6869 -25.9105 10.1592
5.7567 -27.126 9.8487
2.8588 -26.9723 10.1556
5.1813 -31.3118 8.8437
4.3112 -29.9196 9.124
3.7351 -29.834 9.2912
3.7352 -30.7575 9.1487
3.4438 -31.0821 9.2321
2.6653 -31.041 9.2374
9.7849 -27.5469 9.2884
10.0702 -30.8007 8.3886
6.6128 -29.3646 8.0878
6.6128 -29.409 8.0403
4.0204 -29.7851 9.2219
9.7851 -31.5963 8.1111
7.4779 -24.4699 9.6557
10.0702 -27.1976 9.1777
4.3112 -26.2369 9.7961
6.3261 -31.242 8.4676
10.0702 -30.4561 8.4139
10.5961 -27.3244 9.1256
3.7348 -27.8311 9.7206
9.2036 -31.1776 8.2628
10.6551 -27.064 10.9238
7.4778 -24.9265 9.5549
7.1932 -28.1042 9.7286
7.4775 -29.4548 8.937
6.3334 -26.4317 10.0295
5.1739 -26.5109 9.7785
4.0206 -24.745 10.1349
4.3182 -25.5405 9.8061
5.7483 -27.9017 10.2808
5.1807 -28.1992 10.3367
2.8588 -27.9826 9.8112
6.0383 -30.0117 9.9047
6.3338 -30.5029 8.7871
4.887 -30.9359 9.0246
4.6065 -31.6301 8.7702
4.0314 -29.0214 9.5377
2.6882 -29.5571 9.4559
2.8585 -24.7106 10.1366
10.0703 -25.9784 9.741
9.2145 -27.5695 9.4093
9.503 -31.2555 8.2693
3.7346 -26.4254 9.8159
4.5959 -28.2311 9.5813
6.6223 -28.5965 9.0188
5.4687 -30.7743 8.9067
3.7351 -29.7293 9.2757
9.2039 -24.3439 9.6161
10.6022 -26.9484 11.1253
3.158 -27.2357 11.1323
6.3261 -31.5207 8.3283
4.3111 -28.5449 10.3093
9.2145 -27.5413 9.3605
7.1986 -27.5773 10.383
4.0314 -28.6909 9.3592
4.3112 -28.4473 9.5184
7.7717 -29.5394 8.9098
10.359 -29.8692 8.5656
10.6553 -29.4227 8.7894
8.631 -31.3495 8.0559
8.6311 -26.9562 9.7365
10.6552 -27.7531 9.7543
4.3112 -28.7931 9.5576
6.0383 -28.1727 9.2293
3.7352 -30.4027 9.3428
2.8765 -27.1357 9.9714
6.6128 -26.0715 9.8281
9.4935 -27.1264 9.3908
4.606 -29.7719 9.1804
6.9005 -31.8729 8.0726
6.3261 -26.7485 9.9122
4.5957 -29.738 9.1018
2.6882 -28.9932 9.6403
4.6055 -28.2964 9.652
10.6022 -31.508 8.2198
6.0383 -30.263 9.5315
5.7482 -28.3924 10.0733
2.6882 -27.7486 9.8486
5.7482 -29.2352 10.4336
9.4935 -28.5437 9.1911
4.8873 -25.256 9.9502
4.3112 -26.5678 9.7678
10.3585 -26.9372 10.8685
6.3335 -26.6977 9.9303
4.3112 -30.7739 9.1519
10.6023 -28.5718 9.2099
8.6311 -29.6623 8.8245
7.4776 -27.9133 9.73
8.6311 -28.5003 9.0723
8.343 -31.0035 8.265
10.3583 -26.536 9.4492
2.6881 -31.375 9.0794
5.7483 -26.9631 9.8998
9.7849 -27.5197 9.9667
3.7415 -26.1158 9.9851
8.0534 -26.9924 9.7712
6.6222 -29.8206 10.0607
5.7566 -25.8327 9.6615
4.8926 -24.7741 10.0231
9.2144 -27.1475 9.4248
10.3583 -26.0513 9.7293
6.3261 -25.1994 9.6558
3.4438 -31.3861 8.9913
4.606 -29.9947 9.193
9.5024 -27.9902 9.622
7.4775 -28.6955 8.887
8.6342 -30.0553 8.6598
8.6342 -30.2844 8.5383
8.6311 -29.8918 8.7244
5.7571 -30.3505 8.9643
5.7565 -25.1619 9.723
8.3514 -31.2948 8.0419
5.7565 -25.4398 9.7689
8.0532 -28.315 9.1591
7.1936 -31.2989 8.274
8.0531 -28.9096 8.9241
7.4774 -31.1075 8.2537
4.5961 -26.237 9.7774
9.7879 -29.0228 9.0138
4.3112 -25.2912 9.9622
9.4935 -29.6808 8.8382
10.6022 -30.3062 8.523
10.359 -29.7879 8.5908
6.3335 -29.1398 10.3451
5.7572 -30.7704 8.8414
9.4935 -26.5596 9.6531
4.3184 -27.5269 9.9082
8.0533 -26.8145 11.0797
9.2143 -27.0009 9.5855
9.785 -29.6596 8.676
4.596 -26.9865 9.7898
4.0312 -25.0671 9.8008
4.5957 -29.3601 9.0486
4.6054 -28.4422 10.3607
6.3261 -31.3681 8.4164
7.4838 -27.8889 9.824
4.5956 -30.0754 9.1676
9.2143 -26.6507 9.5595
2.665 -28.3742 10.528
4.0206 -24.6732 10.1764
2.6721 -28.7784 9.664
3.7351 -30.3291 9.2984
5.748 -31.5135 8.5742
5.748 -31.6905 8.5697
6.9081 -30.5793 8.5601
6.334 -31.5646 8.2829
4.0311 -24.9876 10.14
6.0383 -28.1064 9.3218
10.6023 -28.0199 9.5396
4.0312 -26.4215 9.8659
4.3112 -30.8542 9.0838
5.7569 -29.7802 10.1951
8.3429 -31.6968 7.973
10.6023 -28.2657 9.1152
6.6226 -31.3752 8.316
6.6128 -24.4763 9.7615
4.6055 -28.4666 9.9882
8.6344 -31.7128 8.2132
10.6023 -27.029 10.3944
4.6056 -28.4602 9.438
3.4545 -27.8276 9.7707
7.7711 -27.0062 9.8512
6.0443 -28.2987 9.9511
2.6869 -28.6348 9.6937
9.2036 -30.8215 8.3926
5.1808 -29.2001 10.4322
6.0383 -31.1781 8.5248
7.7678 -28.6676 8.9791
8.351 -29.6482 8.8185
3.4544 -28.258 10.4127
4.3182 -25.8839 9.9445
4.3188 -29.0268 9.064
9.5031 -31.7797 8.1405
6.9083 -31.7824 8.0935
6.622 -27.605 10.08
6.3261 -29.8367 10.1593
7.7716 -29.2072 8.8736
8.3514 -31.4398 8.0235
4.0204 -30.1097 9.3278
4.596 -27.4517 9.8904
5.1814 -31.4947 8.6837
6.6128 -31.5883 8.2473
10.3753 -29.5043 8.7279
6.6222 -28.269 9.4469
9.2151 -30.0144 8.5847
9.788 -31.0758 8.3605
8.0531 -29.2525 9.041
4.0204 -28.6708 10.2567
3.7415 -25.8802 10.0126
9.2143 -26.6704 9.6351
7.4779 -24.3501 9.5728
8.3506 -27.9352 9.6875
4.3181 -25.2643 10.0741
4.3191 -31.71 8.8181
8.3502 -25.098 9.7285
8.0599 -31.6245 8.0004
10.3748 -27.0469 10.2774
8.3505 -27.1178 9.6815
7.4839 -28.0454 9.473
9.788 -30.1964 8.4339
10.0702 -30.9999 8.3603
9.4935 -30.4243 8.5499
4.0206 -24.7493 9.8935
3.7415 -24.9961 10.0779
3.4542 -25.9356 10.0807
3.158 -26.5468 10.0638
2.8771 -29.6124 9.3883
9.7879 -28.3883 9.076
3.4439 -25.3956 10.0623
6.3335 -26.9846 9.9711
9.2139 -26.8479 11.042
4.3184 -26.1096 9.4232
10.6024 -25.6693 9.6157
7.1987 -27.2888 9.8002
10.6554 -29.7703 8.6863
9.7851 -30.0709 8.5796
6.3334 -24.6284 9.7673
6.3261 -24.9382 9.7632
5.4679 -24.9926 9.7573
5.1807 -27.1355 9.8214
3.4544 -28.3431 10.3528
3.7416 -30.4938 9.3358
10.6554 -30.2303 8.5291
2.6649 -25.5267 10.2828
6.3261 -29.9012 9.9808
4.887 -29.0901 8.6901
5.7481 -30.3254 8.8804
9.503 -31.5445 8.1894
5.1807 -28.0047 10.373
2.6721 -27.5699 11.22
4.6057 -28.5975 9.033
10.0703 -24.3798 9.7304
8.9256 -25.9163 9.6155
6.9003 -24.7984 9.651
8.0585 -27.2051 10.6719
10.0702 -30.6066 8.4464
8.0531 -29.2111 9.0106
6.0384 -25.074 9.8138
5.4679 -24.9507 9.7054
6.6128 -25.9834 9.7378
4.0312 -24.9555 9.8979
4.3112 -25.9667 9.6806
6.0442 -27.757 10.1118
4.887 -30.1931 9.5626
4.0315 -29.9441 9.3525
2.6882 -29.254 9.5114
9.7875 -26.8774 10.9585
10.596 -25.1163 9.5109
8.9188 -30.6899 8.3408
8.053 -29.8245 8.8082
3.7415 -25.9546 9.8718
4.3184 -26.1515 9.4751
4.887 -30.6456 9.0403
6.0383 -31.1482 8.6181
3.735 -29.1731 9.3906
10.0703 -26.65 9.4941
6.9003 -26.0041 9.7691
10.6023 -27.2667 10.0181
10.5962 -28.0753 9.4304
7.4838 -27.6204 9.7944
10.6022 -30.5888 8.3489
4.8927 -26.2354 9.755
3.7346 -26.2783 9.9551
3.4439 -27.9967 9.7979
6.3335 -29.1701 10.2733
5.7568 -29.3031 10.4054
6.3339 -29.683 7.9681
7.1985 -24.5449 9.5053
9.5026 -28.248 9.1148
4.5958 -28.2578 10.4566
9.214 -24.8405 9.6378
9.2039 -25.0489 9.6757
9.7875 -26.9244 10.8119
9.7875 -27.0271 10.7201
8.9188 -26.907 11.0154
6.9073 -25.5779 9.6016
8.6337 -26.6439 9.5108
10.0702 -27.2844 9.2036
10.6552 -28.1318 9.3942
9.7879 -27.8274 9.1827
7.1989 -28.093 9.5966
9.785 -29.339 8.7635
4.3112 -25.2515 10.0178
2.6883 -26.3048 10.0851
5.1806 -26.9303 10.0051
6.6129 -27.0276 9.949
6.3261 -28.4274 9.8547
4.3184 -27.0519 9.7698
6.6129 -29.0645 10.3035
6.0383 -30.3207 9.4655
5.4688 -31.26 8.6697
5.7574 -31.7212 8.477
4.0315 -29.3447 9.351
3.4438 -31.4361 8.995
10.3589 -29.4711 8.6435
9.7848 -26.2789 9.6842
9.5023 -26.1102 9.6211
10.0702 -27.4272 9.3058
2.8764 -27.282 11.1577
6.6129 -29.1561 10.3375
4.3112 -31.7969 8.7673
4.3192 -31.6994 8.7374
6.3261 -27.0251 9.8936
4.3112 -30.9846 9.0193
10.3752 -28.4992 9.102
2.6725 -26.6561 10.0317
7.7712 -27.7522 9.92
6.9075 -27.9341 9.805
8.9256 -25.617 9.6363
8.9188 -26.8766 11.0873
9.5024 -26.5947 9.5478
7.4837 -24.605 9.5477
10.3588 -28.4594 9.1305
9.7849 -27.3844 9.3388
9.2151 -30.2589 8.5522
8.9188 -30.6361 8.3719
9.7851 -31.2551 8.3082
3.4439 -25.4806 10.0023
3.4439 -25.4862 10.0534
8.631 -31.1345 8.2019
10.3753 -26.0331 9.3098
5.1806 -26.9247 9.954
6.3335 -25.1406 9.4934
5.7565 -24.1884 9.4054
4.0312 -26.112 9.8274
6.3336 -30.1022 10.3325
5.4687 -30.381 8.9925
10.3752 -26.4239 9.5511
7.1987 -27.2306 9.8446
10.3753 -29.3465 8.7864
4.8929 -29.1012 9.3276
5.7573 -31.4497 8.5251
4.0314 -29.2908 9.3821
10.0702 -26.9664 10.995
9.5024 -26.8486 9.5316
8.6335 -24.2509 9.5132
6.9003 -24.302 9.5794
10.3587 -28.0583 9.0582
9.2144 -27.2754 9.4596
7.7715 -28.627 8.9262
10.6556 -31.7535 8.1811
8.9188 -31.0409 8.1815
9.788 -31.1224 8.1924
6.3335 -25.1889 9.4112
5.7485 -24.7476 9.9199
6.3261 -25.4337 9.5639
4.3181 -24.7966 10.0727
3.4439 -25.986 9.8407
2.8763 -26.1789 10.0352
6.3335 -27.9692 9.9348
3.7347 -26.7495 9.9002
2.6869 -26.8827 9.9561
6.6128 -30.9194 8.6231
4.0204 -29.3747 9.1332
3.4547 -29.3724 9.3569
4.3112 -30.4699 9.1646
3.4438 -31.49 8.9639
10.3753 -26.0913 9.2654
10.0703 -25.9241 9.5225
8.9188 -27.0074 10.8162
8.9189 -27.5636 9.3542
7.7675 -27.168 10.7359
8.9189 -28.8115 9.0894
9.2037 -30.1268 8.6202
9.2152 -30.5253 8.4745
6.3261 -24.4504 9.893
2.6883 -26.2937 9.9829
4.0205 -26.866 9.7026
8.3514 -31.4616 7.9783
7.1936 -31.8931 8.0176
8.3514 -31.5484 8.0042
10.5961 -26.5772 9.4488
7.4837 -25.9692 9.8788
8.3432 -26.5872 9.9266
8.6311 -26.6762 9.8114
8.6337 -26.7901 9.7848
9.4935 -27.8551 9.7193
10.3588 -28.6287 9.1956
8.9258 -27.7056 9.3971
7.7712 -27.8078 9.9748
7.1986 -27.5051 10.4029
9.7879 -29.5568 8.6946
10.0702 -30.9666 8.2819
9.2036 -31.8454 8.2788
5.4681 -26.6117 9.8869
4.3112 -26.0086 9.7324
3.4439 -25.9513 9.9259
3.1581 -25.9286 9.8018
2.6869 -26.179 9.9607
6.0384 -27.1142 9.8842
6.6129 -29.4559 10.5662
4.5958 -29.0767 9.4078
6.6128 -31.3155 8.2312
4.3111 -28.6526 10.0189
3.7353 -31.2 9.0234
9.5029 -30.7035 8.3707
8.9258 -27.4649 9.3949
10.6555 -30.5022 8.5023
7.1933 -28.9416 8.9189
6.9004 -31.5565 8.1468
5.7485 -24.942 9.6555
5.7565 -25.22 9.6786
5.7481 -30.5948 8.9529
7.7715 -28.4953 8.9262
8.0532 -27.7932 10.0797
9.4935 -24.3902 9.7117
10.3583 -26.0893 9.5879
9.7878 -25.9902 9.7331
10.3746 -26.947 10.7262
8.6337 -26.345 9.7811
10.0702 -27.1258 9.2192
8.9189 -27.2981 9.475
9.2147 -28.3588 9.1384
8.3506 -27.7253 9.6349
9.5028 -29.6983 8.7446
9.7879 -29.7419 8.642
9.5029 -30.0113 8.4988
10.0702 -30.4117 8.4613
7.1935 -30.1031 8.6498
7.7679 -30.8654 8.3069
6.9004 -30.6311 8.6381
6.622 -25.0919 9.5217
5.1739 -24.7311 10.0139
6.0442 -25.63 9.5588
6.6128 -26.0476 9.7659
4.0311 -24.9358 10.0504
4.0312 -26.2702 9.7904
2.6869 -25.9934 10.2199
2.8763 -26.048 10.0782
5.7567 -27.6566 10.27
2.665 -28.2284 10.7317
4.0313 -27.9389 9.674
3.158 -28.2326 9.6659
2.6882 -28.4921 9.5604
6.3335 -28.8042 10.137
6.6129 -28.976 10.1917
6.3336 -29.9136 10.2133
6.3336 -30.4617 10.1467
4.887 -30.3358 9.4367
5.1813 -30.8359 8.8904
4.5955 -31.1198 8.9444
4.0313 -28.7286 10.1086
3.7416 -29.2689 9.3915
2.859 -30.3691 9.4867
7.4845 -31.5707 7.9485
4.5961 -26.0771 9.7286
2.8771 -30.1024 9.3661
9.2143 -26.6028 9.6632
9.5023 -27.4984 10.0144
10.0702 -27.7291 9.1857
10.0702 -29.3216 8.8956
4.3184 -26.8116 9.789
4.0205 -27.6634 9.8394
6.3261 -29.4644 10.6134
4.8869 -31.5869 8.6592
2.8589 -28.9501 9.6001
4.0316 -30.8825 9.0495
9.2141 -24.8982 9.5719
6.3261 -30.9193 8.6757
6.9004 -29.7581 8.8058
4.3184 -27.3858 9.8919
6.0442 -26.972 9.9134
4.8931 -31.006 8.9773
5.7483 -26.731 9.871
4.6053 -27.3981 9.9208
4.3191 -31.6557 8.8278
2.6728 -25.1435 10.2319
4.3183 -26.1545 9.8535
6.9004 -28.9013 8.8772
2.6717 -31.2517 9.1371
4.3111 -28.4735 10.3722
7.7679 -31.0023 8.3365
5.1741 -31.7629 8.5685
2.6718 -30.191 9.4564
5.757 -30.053 9.7552
6.9004 -28.7384 8.9061
9.2036 -30.6799 8.3549
9.2148 -28.8522 9.06
4.0316 -31.0745 9.1125
8.3432 -27.6534 9.658
6.6128 -30.8381 8.6483
9.503 -31.0118 8.3448
9.4935 -31.1596 8.3097
5.7572 -30.8123 8.8932
4.3111 -28.6338 10.2144
9.2152 -30.598 8.4759
4.3184 -27.2764 9.8682
7.4774 -30.9198 8.4055
7.7676 -27.2081 9.7895
3.4439 -29.7358 9.3472
2.6651 -28.8618 9.7141
5.7484 -26.2889 9.7897
9.788 -30.6722 8.3872
4.0204 -31.6376 8.7601
8.0533 -27.6928 10.0509
6.9004 -29.9555 8.6916
9.7848 -26.9676 10.9591
7.4844 -31.1243 8.3365
2.6869 -27.2367 9.9472
2.6724 -27.0281 10.0124
10.3594 -31.7322 8.184
2.859 -30.7116 9.3541
9.7878 -25.6307 9.4628
2.8591 -31.5748 8.9209
4.0316 -31.5516 8.9021
6.9073 -26.1337 9.9214
9.4935 -27.3191 10.1593
5.1739 -24.9833 9.9117
7.768 -31.1694 8.0661
10.5963 -29.7091 8.7144
8.9189 -28.8598 9.0072
9.7879 -28.9552 9.0419
2.6869 -27.2384 10.0331
9.2145 -28.1557 9.4294
7.1933 -27.9014 8.9007
10.6553 -28.7662 9.1036
2.6882 -28.6298 9.633
9.7878 -26.5358 9.5376
7.7713 -28.0708 9.4972
10.6556 -31.7021 8.113
3.7415 -24.6814 10.0098
2.6651 -28.3347 9.6927
3.735 -29.0501 9.8202
4.0314 -28.9731 9.3918
8.0587 -27.559 9.9787
8.3505 -27.7612 9.8423
9.2152 -30.6151 8.4226
5.4678 -24.642 9.9379
3.7415 -24.604 10.0002
4.3182 -25.0578 9.7372
4.8927 -28.4398 10.3177
6.0443 -28.2247 9.8852
4.0205 -26.7749 9.69
4.3112 -28.3088 9.631
3.4439 -28.0865 9.7461
4.8928 -28.6019 10.0178
6.6224 -28.9839 8.6323
5.4687 -30.5033 8.9763
10.3585 -26.833 11.1026
10.3585 -27.027 10.8166
8.0585 -27.12 10.7318
8.6338 -27.2959 9.4167
8.3432 -27.3164 9.6137
6.9077 -28.2355 9.2074
10.3753 -29.4291 8.8257
7.7718 -30.0473 8.6491
6.0441 -25.04 9.5736
6.0442 -25.0772 9.3892
5.468 -25.4894 9.6225
4.8872 -26.4971 9.7977
4.0206 -24.8288 9.7824
6.0442 -27.5697 10.057
6.0383 -28.1374 10.1838
6.6129 -28.0733 9.7901
2.859 -27.7774 10.9072
3.4544 -27.2713 9.8854
4.8871 -28.5961 10.301
4.8929 -29.0794 9.3728
5.4686 -30.2907 9.479
6.3261 -30.3861 8.8099
5.174 -30.4309 9.3925
6.0447 -30.9918 8.6025
6.3261 -31.3245 8.5068
3.735 -29.0286 9.6587
2.8589 -29.1588 9.5883
2.6723 -27.5531 9.9264
8.9261 -29.3709 8.881
4.0204 -29.6295 9.1598
4.0315 -29.6824 9.2103
7.4839 -28.0219 9.6604
6.9076 -27.9824 9.7228
7.4839 -27.8149 9.7581
10.3754 -31.3645 8.1966
7.193 -25.5966 9.6782
9.5025 -27.646 9.2125
9.2038 -28.1736 9.2602
10.5963 -29.6274 8.7182
10.0702 -30.6977 8.4589
9.2036 -30.8736 8.2755
7.1993 -30.0291 8.7614
4.8872 -25.7532 9.8366
4.0312 -28.4378 10.3308
2.8588 -27.5922 9.8194
3.158 -29.6721 9.4428
2.8591 -31.2554 9.0727
7.4773 -31.5452 7.8921
10.3755 -31.8574 8.0966
8.6342 -30.5581 8.3695
9.7848 -26.3837 9.6997
10.0702 -27.8145 9.1472
7.771 -27.3534 10.6391
7.4776 -27.4168 10.5491
10.3754 -29.8378 8.6005
10.0702 -29.7345 8.657
10.6022 -31.2592 8.2658
8.9188 -30.4484 8.5238
8.9188 -30.9246 8.2704
3.7415 -25.8738 9.9185
5.4682 -27.3047 9.8018
5.1807 -27.1774 9.8733
4.3111 -28.1589 10.3042
3.4545 -28.4031 9.71
6.3261 -30.032 9.9378
5.4683 -29.6694 10.6631
4.8871 -29.6484 10.4641
4.887 -30.1479 9.7952
4.5955 -31.0202 8.9585
5.4688 -31.1933 8.7408
3.7349 -28.6884 10.1268
3.4439 -29.1916 9.6073
4.0204 -31.3196 8.9764
2.8761 -25.0694 9.9591
7.7676 -26.3688 9.829
9.7878 -27.3708 9.2835
7.7713 -28.0177 9.5712
10.3754 -31.3068 8.2625
4.5961 -26.3619 9.6619
3.7415 -26.3591 9.8881
6.6129 -28.2323 9.7959
5.7481 -30.0261 10.0202
10.0703 -25.7996 9.4315
10.6551 -27.0749 10.3418
8.0531 -29.0195 8.9692
6.0442 -25.013 9.3611
5.1739 -25.7161 9.7707
5.4683 -28.8656 10.2039
5.748 -31.8157 8.4756
8.6311 -29.4276 8.8949
9.215 -29.7228 8.7639
7.7676 -27.1298 9.737
6.0384 -26.502 9.9229
6.0442 -27.562 10.1267
10.6551 -27.5514 9.8817
6.0384 -25.221 9.6745
2.6869 -25.3611 10.1615
6.6224 -29.3238 8.599
6.622 -25.1539 9.4425
10.3593 -31.4018 8.2338
3.4541 -24.6812 10.0228
6.3338 -30.4063 8.7234
9.4935 -24.9725 9.5382
9.7878 -26.561 9.4361
8.9257 -26.6166 9.6674
7.4778 -25.2134 9.5955
7.4778 -25.2484 9.5318
8.0586 -26.2841 9.8026
8.0534 -26.8483 9.8327
9.4935 -27.258 10.2816
9.2143 -27.7755 9.9529
10.3752 -28.4133 9.1191
9.2038 -27.0938 9.5259
8.0585 -27.2337 10.5141
7.1988 -27.9006 9.7402
7.7677 -28.0759 9.5923
7.1991 -28.5215 8.9909
10.3754 -30.4235 8.3708
10.0702 -30.5519 8.4346
9.788 -31.7351 8.1753
7.1991 -28.7246 8.9279
7.1934 -29.4003 8.9255
4.8926 -25.1687 10.0016
4.0206 -24.7745 9.792
5.4682 -28.0721 10.2602
6.3261 -27.937 9.8556
4.8929 -28.3073 9.3624
4.0312 -28.3164 10.39
4.0312 -28.4139 10.2686
2.8764 -26.6483 9.8945
4.0205 -27.8263 9.8104
5.174 -29.619 10.5569
5.7481 -30.1957 9.6506
6.0446 -30.0482 8.8758
4.893 -29.1812 9.0099
6.6128 -31.7606 8.2347
2.6869 -29.0512 9.627
2.6869 -29.1157 9.6766
3.4439 -29.2506 9.3777
2.8769 -29.0733 9.4499
4.0316 -31.119 9.0651
8.6338 -27.6076 9.3345
4.3112 -28.8359 9.4243
8.9257 -26.6521 9.6252
9.2143 -26.7422 9.5936
7.1985 -25.8655 9.9267
8.631 -26.9865 10.7835
8.0584 -27.0396 10.8
7.1987 -27.1075 9.8179
10.6556 -31.8283 8.2899
8.343 -31.3232 8.1346
8.0528 -31.2724 8.102
5.7566 -25.4958 9.6171
6.3334 -25.9863 9.7763
4.8872 -25.7887 9.7944
4.318 -24.5559 10.0705
2.6883 -26.5793 9.9591
5.7568 -28.4488 9.9212
2.6721 -27.2997 11.3326
5.7482 -29.021 10.3945
5.4684 -29.8212 10.3039
6.3261 -31.4032 8.3527
4.5954 -31.7637 8.6702
3.158 -29.7303 9.3984
3.4547 -29.9128 9.3599
4.887 -30.8684 9.0528
8.9256 -25.9013 9.7762
10.0702 -28.2695 9.4165
8.9189 -27.5221 9.3239
7.4838 -27.717 9.8581
7.4775 -28.9315 8.881
8.343 -31.5258 8.05
5.1739 -25.4262 9.8078
3.4542 -24.7163 9.9592
2.665 -25.421 9.9963
3.7415 -25.8679 10.074
2.6883 -26.0188 10.0873
6.0383 -31.5561 8.578
8.9256 -26.3772 9.7296
9.2038 -27.8252 9.3204
10.5963 -29.8835 8.5811
6.3334 -24.9931 9.6111
5.1739 -25.8033 9.818
5.1806 -26.56 9.8822
2.6884 -24.525 10.092
3.4543 -26.4521 10.0215
6.6223 -28.5029 9.1055
2.6882 -28.3835 9.5797
4.0315 -29.4203 9.2748
3.158 -28.8465 9.4851
3.7352 -31.1008 9.059
3.158 -31.5558 8.9523
9.2038 -26.5295 9.689
8.3432 -27.2172 10.5401
8.059 -28.1088 9.3137
7.7677 -28.3034 9.3849
10.3753 -29.1631 8.9249
10.3755 -31.6518 8.0307
7.4841 -28.939 8.968
7.7679 -30.4888 8.5462
4.8926 -25.6642 9.8024
4.0311 -24.9025 10.2
3.7416 -26.1474 9.7496
6.0383 -28.0301 10.2675
4.8872 -28.1635 10.4641
6.6129 -26.9493 9.8965
6.3262 -29.2359 8.0624
4.3112 -28.84 8.9548
2.8771 -29.7535 9.4046
3.455 -31.7325 8.8418
8.9255 -24.7765 9.6111
9.4935 -26.0128 9.7844
9.7848 -26.809 10.9747
9.7849 -26.464 9.6316
9.2038 -26.6059 9.4276
8.3505 -27.022 9.6607
10.5961 -27.2901 10.1231
9.5023 -27.5408 9.8597
10.6023 -27.1784 9.2436
9.7849 -27.2622 9.3551
10.3593 -30.9319 8.3533
10.6022 -31.6961 8.0895
8.634 -28.865 9.0864
6.9078 -28.7255 8.9571
6.9004 -29.1885 8.7112
8.631 -30.5959 8.5131
7.4774 -30.5748 8.4094
5.7483 -27.8042 10.4023
5.7483 -28.0906 9.9653
4.6053 -27.5375 9.8512
3.7414 -27.9338 10.749
4.8929 -28.5775 9.0218
6.334 -31.4055 8.277
3.4439 -30.0274 9.396
3.4439 -30.0445 9.3427
4.0315 -30.4152 9.2976
6.6129 -28.1105 9.8337
4.3189 -29.869 9.1751
2.6869 -26.7399 10.082
2.8588 -27.5307 9.9201
10.3592 -30.4835 8.4061
4.5958 -28.7779 9.6782
7.4845 -31.707 7.9566
9.5025 -27.8094 9.2051
8.9264 -31.3552 8.1917
2.6652 -29.8794 9.5065
4.319 -30.695 9.1543
7.4841 -29.3106 8.9273
4.3187 -28.7497 9.0611
8.9262 -30.02 8.6367
7.7679 -30.4811 8.6158
4.8927 -26.0665 9.7113
4.8872 -26.8024 9.8494
8.9264 -31.0072 8.2731
4.8927 -27.0272 9.8409
6.0443 -28.3705 9.9096
7.1932 -28.1692 9.5716
2.687 -31.7613 8.909
6.9083 -31.723 8.0735
4.3112 -26.4725 9.7686
8.3429 -31.8516 7.9921
3.7349 -28.7735 10.0668
9.785 -28.443 9.14
7.4776 -27.2558 9.7732
8.3429 -31.7926 7.9936
9.5027 -29.1344 8.929
7.199 -28.3979 9.1708
10.3755 -31.4042 8.1411
8.0594 -30.0041 8.7189
8.0594 -29.9284 8.7952
6.9079 -28.9367 8.846
2.687 -30.1162 9.5224
8.6311 -28.2934 9.1702
10.3753 -27.7544 9.0977
3.7344 -24.9658 9.9422
10.3585 -27.2516 10.2523
6.3262 -29.6031 8.0349
9.7849 -26.5863 9.6152
7.199 -28.3919 9.0982
6.0383 -29.6954 10.435
7.1992 -29.2834 8.942
10.3591 -30.0406 8.51
8.0594 -29.7912 8.7441
9.4935 -29.8514 8.7396
2.6649 -24.7844 10.1793
4.3112 -28.7819 8.9992
10.3594 -31.7968 8.2336
6.9004 -30.1013 8.716
2.6869 -27.5163 9.8509
2.8591 -30.8826 9.2771
3.4543 -26.7022 10.0401
7.4837 -24.6965 9.5818
10.6023 -29.1613 8.9454
2.6728 -25.0571 10.2275
6.9004 -28.4922 9.081
6.9004 -29.7123 8.7887
4.0313 -26.7469 9.7866
4.3112 -28.6519 9.0852
6.0444 -29.9063 9.957
4.3188 -29.9109 9.2269
7.7713 -28.0874 9.4224
2.6652 -29.7947 9.588
7.7715 -28.488 9.0173
2.6881 -30.3481 9.4987
9.4935 -30.7124 8.4268
2.6881 -31.0731 9.1994
9.5025 -27.9923 9.2732
4.3188 -29.2414 9.1247
6.9074 -27.6763 10.0842
10.6022 -30.1378 8.5008
7.1934 -29.1913 8.9159
2.687 -30.704 9.4001
6.6225 -30.3871 8.6367
4.8932 -31.8564 8.584
2.6718 -30.2201 9.5482
9.785 -29.8448 8.6233
8.9258 -27.2836 9.4127
6.9004 -30.118 8.6412
2.6869 -25.1755 10.1926
4.5955 -31.4952 8.8688
3.7353 -31.35 9.0344
3.4439 -28.4109 9.6238
3.7352 -30.7417 9.2664
9.4935 -29.7351 8.8285
9.4935 -29.7975 8.7708
6.3261 -31.8739 8.2763
9.4935 -26.9264 9.6041
7.7679 -31.0373 8.2728
8.3513 -31.2567 8.1834
9.7851 -30.6139 8.4831
6.9003 -24.3619 9.6208
9.7879 -28.4789 9.0672
3.7415 -28.8222 9.9862
7.7678 -29.1793 8.9115
8.0598 -31.8665 8.2951
9.2153 -30.8362 8.3493
6.9073 -25.0696 9.6127
2.6651 -28.2359 9.7498
7.7717 -29.8763 8.7262
4.8872 -26.5754 9.8503
6.0382 -31.6954 8.2803
8.3431 -28.772 9.0658
7.7715 -28.9823 8.9817
8.6344 -31.591 8.0229
8.0585 -27.2807 10.5956
6.3261 -29.758 10.3134
9.7849 -28.0827 9.5111
8.343 -31.5104 7.9612
10.0702 -30.5172 8.2916
6.9004 -30.0329 8.7012
4.0312 -26.0149 9.9703
3.1581 -25.7383 10.0528
6.3261 -28.2838 9.9377
6.6129 -29.2415 10.2989
4.887 -30.1448 9.6448
8.0589 -28.0704 9.4337
3.4439 -29.5148 9.4206
6.3261 -31.4532 8.3564
8.9263 -30.5655 8.4412
7.1932 -27.6186 9.9657
6.3261 -31.1206 8.5268
8.6311 -26.5031 9.7811
7.1929 -24.1177 9.2944
7.4838 -26.7901 9.8284
10.6553 -29.4245 8.8753
10.6022 -30.1989 8.3786
10.0702 -31.7682 8.1772
4.3112 -25.6008 10.0006
5.7483 -27.8756 10.3394
4.8928 -28.5159 10.2629
6.3335 -30.2578 10.3947
6.6129 -30.3955 10.3272
3.7416 -30.3031 9.3373
8.0532 -27.8992 9.9316
3.158 -28.0064 9.7096
5.7571 -30.3048 9.4034
2.6721 -27.9162 10.8245
9.5023 -25.8683 9.5545
8.053 -30.2058 8.5771
6.0441 -24.1802 9.4944
7.7677 -28.282 9.2235
7.7713 -28.1563 9.4587
3.4439 -29.9731 9.4056
8.631 -31.8233 8.3578
8.6311 -24.436 9.9545
8.3503 -25.4782 9.6612
10.5963 -29.0799 9.0346
2.8588 -27.7928 9.8557
6.0383 -30.0719 9.7396
3.4545 -28.648 10.1551
3.158 -28.6375 9.4755
3.4439 -30.8026 9.3284
7.1989 -28.2915 9.2974
3.1581 -25.7123 10.1113
8.0532 -27.9928 9.6168
7.1929 -24.3175 9.7438
8.6311 -25.0839 9.4388
7.4778 -25.0283 9.6481
6.9003 -25.7381 9.6403
7.7676 -26.2654 9.8779
7.7677 -28.2059 9.2783
10.5963 -29.8036 8.6707
7.4775 -29.3732 8.9408
6.9083 -31.2749 8.1476
2.8761 -25.0053 10.159
6.0444 -29.9837 9.9666
4.8871 -28.5418 10.3106
5.1739 -29.4993 10.7021
4.8871 -29.7693 10.3833
6.0383 -30.3733 9.37
2.6718 -30.3227 9.4564
7.4838 -27.7803 9.8433
6.6219 -24.6362 9.6654
2.8586 -25.6247 10.2061
6.6129 -29.5508 10.5439
9.7848 -26.52 9.7078
7.4838 -26.6281 9.9003
3.7351 -29.6245 9.2601
9.7879 -24.1266 9.4082
9.7848 -25.6466 9.854
9.5023 -25.8897 9.4878
10.3746 -26.9525 10.7773
9.5019 -26.8852 11.1503
9.2139 -26.7983 11.0598
9.4935 -26.9807 9.5945
8.6335 -24.4258 9.6294
7.4837 -24.4224 9.5011
6.9073 -24.5651 9.361
7.7676 -26.2867 9.8112
10.0702 -27.6655 9.8633
9.2143 -27.5826 10.075
10.0702 -28.1326 9.1589
10.0702 -28.6046 9.1469
9.2038 -27.6397 9.3516
7.771 -27.3606 10.548
7.4776 -27.6783 10.007
8.0532 -28.3821 9.1094
10.0702 -29.779 8.6096
8.9261 -29.6104 8.8188
10.3754 -31.2807 8.321
9.4935 -31.8235 8.3605
9.2154 -31.7913 8.1999
8.0531 -29.1371 8.9448
8.631 -31.5997 8.3024
8.3429 -31.7114 8.0189
7.4844 -31.3248 8.1447
7.4844 -31.3932 8.1595
5.1739 -24.4678 10.0141
5.1739 -25.3702 9.7316
3.1581 -25.9162 10.0913
3.1581 -25.9282 10.0084
6.622 -26.8906 10.0037
5.1808 -28.3801 10.0694
6.0442 -27.0832 9.7949
5.4681 -26.9618 9.9128
4.0312 -28.3519 10.3478
6.0383 -29.6895 10.5905
4.893 -29.2791 9.138
5.1813 -30.9612 9.0244
3.4439 -28.9548 9.7984
2.859 -30.473 9.4593
2.687 -30.8058 9.2654
3.4438 -31.36 9.0498
4.8929 -28.4924 9.0818
6.6129 -28.9315 10.2391
9.5029 -30.9357 8.3996
8.9262 -30.359 8.5604
8.631 -30.4159 8.5954
7.4838 -26.8483 9.784
10.6551 -27.2259 10.6239
10.6023 -27.707 9.7855
10.0702 -27.4435 9.2095
10.359 -29.5738 8.7797
9.5029 -30.1473 8.4855
10.6556 -31.3131 8.1857
8.9188 -30.7053 8.4297
9.7851 -31.2765 8.2415
7.7721 -31.3966 8.0004
7.768 -31.7021 7.9105
6.0441 -24.7779 9.6381
4.8873 -24.8567 9.9637
3.4547 -29.2193 9.4235
8.0597 -31.0614 8.2278
2.687 -30.9789 9.2957
4.606 -30.0067 9.11
2.6883 -26.4635 10.0695
3.7348 -27.9072 9.6658
5.1809 -29.9111 10.1086
6.9004 -29.0137 8.8231
8.0589 -27.9588 9.5307
2.6882 -27.0928 9.9776
9.4935 -24.7832 9.8322
9.2155 -31.6751 8.0607
10.3584 -26.7763 9.4298
3.4543 -26.4983 10.0601
5.7482 -28.1411 10.2186
8.0529 -30.9454 8.3235
8.9188 -31.1632 8.1652
2.6729 -24.8869 10.1194
7.1988 -27.8433 9.8276
7.484 -28.2566 9.362
2.6719 -30.0473 9.5394
10.5965 -31.8231 8.1664
7.4776 -28.4813 9.0759
2.6882 -28.7119 9.6507
4.6062 -30.828 9.0812
3.4549 -31.021 9.1438
4.5956 -30.5376 9.1179
3.4545 -28.3346 9.6952
4.0204 -29.5586 9.2442
7.1987 -27.8767 9.9061
6.9004 -31.1068 8.3632
6.0446 -30.2753 8.8751
5.1741 -30.9622 8.9443
6.622 -26.6956 10.0186
4.5956 -30.5876 9.1215
9.7851 -31.123 8.2867
4.0204 -30.7099 9.1439
2.6869 -25.1875 10.1097
2.6883 -25.6956 10.274
6.9003 -24.3601 9.5349
10.6023 -27.9912 9.0131
9.4935 -28.3072 9.1756
6.6128 -24.9876 9.6724
9.7879 -29.3969 8.8738
7.1986 -26.146 9.8734
6.6219 -24.5618 9.8061
10.6023 -27.2116 10.2129
9.4935 -28.5154 9.1422
6.9075 -27.8905 9.8954
8.9258 -27.6423 9.4119
9.2036 -31.7633 8.261
10.3747 -27.0359 10.6314
9.7849 -27.7693 9.7355
7.4776 -27.594 9.8819
9.2038 -26.4752 9.6987
7.1933 -28.5405 8.8465
4.8926 -25.0447 9.932
5.1807 -28.3074 10.296
9.2154 -31.8601 8.2362
8.0593 -29.385 8.87
6.9077 -28.2975 9.3563
9.2038 -28.2454 9.2187
2.687 -31.2102 9.0535
5.174 -28.6672 10.1945
3.4439 -25.4742 9.9082
9.7849 -27.3241 9.2758
10.6023 -27.4119 9.1088
2.6882 -28.0141 9.7279
4.605 -27.2403 10.8916
8.6311 -29.413 8.849
6.6219 -25.062 9.615
10.3594 -31.5702 8.256
7.1992 -29.4271 8.8591
5.1806 -26.3078 9.7563
6.9004 -29.5105 8.9162
9.2038 -27.2417 9.4295
8.9188 -29.7849 8.7225
8.6342 -29.9736 8.6635
8.9189 -27.1348 9.4825
8.9189 -28.0347 9.2993
8.9189 -27.9492 9.3378
2.859 -30.4944 9.3927
10.6022 -30.4323 8.4719
8.9258 -27.3854 9.506
8.9189 -27.1267 9.5306
8.0531 -28.9379 8.973
8.0592 -28.7155 8.996
3.7348 -27.8636 9.7561
3.4542 -25.22 9.94
8.0532 -28.2436 9.222
8.0586 -26.385 9.8529
9.2152 -30.524 8.41
5.174 -29.8878 10.1518
4.3189 -30.6313 9.1477
2.8769 -28.8535 9.5876
4.0204 -29.3991 9.2169
6.0442 -27.704 10.1859
7.193 -24.9091 9.5866
6.0383 -28.1581 9.1834
6.0383 -28.0346 9.3633
5.174 -30.2877 9.497
2.877 -29.1473 9.5158
5.7568 -29.6742 10.5713
9.5028 -29.5936 8.7291
4.5957 -29.3199 9.0827
5.7481 -29.5624 10.6683
10.3586 -27.8972 9.173
7.4843 -30.3842 8.5682
4.8928 -28.6318 9.9245
8.0528 -31.5576 8.0567
2.6653 -30.6451 9.4226
2.6882 -27.4703 10.0093
2.6651 -28.0867 9.7816
4.6051 -26.3169 9.6653
6.9075 -28.056 9.7673
6.0443 -28.3919 9.843
2.6881 -31.543 9.0801
4.8869 -31.4527 8.7585
4.6055 -28.2242 9.672
6.9004 -31.4988 8.2127
10.3753 -29.757 8.6471
7.4774 -30.7394 8.4663
8.631 -31.0806 8.233
4.0313 -26.7935 9.8466
3.7348 -27.8572 9.6621
8.3432 -25.9654 9.721
5.7481 -30.7158 8.8721
6.0447 -31.0478 8.6788
2.672 -29.5219 9.6039
8.3511 -30.2934 8.609
9.4935 -28.6061 9.1333
8.3505 -26.9553 9.7318
8.3431 -29.4462 8.9478
8.9263 -30.8002 8.3708
8.9263 -30.4937 8.4827
6.0447 -31.2449 8.5433
4.0205 -27.4116 9.9631
6.3335 -28.6066 10.023
6.6224 -29.6723 8.767
3.158 -30.2796 9.3961
8.6335 -24.4839 9.585
7.1933 -27.9685 8.8511
10.3591 -30.3724 8.5246
6.9004 -29.1159 8.7097
7.1992 -29.3385 8.9754
7.4774 -30.1281 8.7761
4.0206 -25.0254 9.8534
4.596 -27.2095 10.9427
5.4682 -28.0756 9.9758
4.3112 -29.1381 9.0976
3.4546 -28.8618 9.4887
9.2038 -26.9869 9.6311
8.6311 -25.0241 9.6255
4.3183 -25.9159 9.5025
6.3261 -29.5555 10.6259
4.5958 -29.0241 9.5034
10.0703 -25.7688 9.4819
4.8927 -25.7177 9.7498
9.2038 -27.473 9.4153
8.9189 -28.5319 9.1858
9.2154 -31.4301 8.0717
6.6128 -25.1497 9.6004
9.214 -24.8003 9.6719
9.4935 -24.9126 9.4967
8.9255 -25.1856 9.6355
10.3584 -26.7227 9.2543
8.9189 -28.4464 9.2243
5.4679 -25.2016 9.7669
4.6047 -25.0017 9.9792
3.1581 -25.7528 9.6426
6.3261 -28.4514 9.9169
3.7348 -27.5851 10.8077
3.4439 -28.2144 10.465
4.893 -30.0902 9.0499
3.4543 -25.8065 9.9815
4.606 -29.6437 9.1241
4.3191 -31.2137 8.9744
6.3261 -31.779 8.2986
3.7416 -29.923 9.4047
7.4776 -27.4476 10.4988
7.1997 -31.7804 8.0003
5.1808 -29.587 10.7084
9.2147 -28.7428 9.0363
9.2039 -26.4812 9.7713
8.631 -30.6626 8.442
10.6023 -27.0224 9.388
4.8872 -26.1059 9.7631
5.7484 -26.6814 9.8888
6.3261 -28.356 9.9176
3.158 -30.8089 9.2967
6.9078 -28.0709 8.9223
10.0703 -24.8856 9.5903
9.7848 -25.1318 9.5432
9.2039 -24.7403 9.9084
9.4935 -25.1953 9.7788
10.3752 -25.8455 9.4616
9.5024 -25.9414 9.3493
10.3585 -27.0005 10.8537
8.9257 -26.4747 9.6081
6.9074 -26.6357 9.8162
6.9004 -27.0196 9.9101
10.6551 -27.1103 10.2996
10.3752 -28.2038 9.3161
8.0533 -27.3143 9.7481
8.6338 -27.5178 9.3864
10.6553 -28.9919 9.0384
10.0702 -29.1142 8.9719
10.0702 -29.6537 8.7037
9.788 -30.5042 8.3864
8.9188 -30.996 8.2074
9.503 -31.3038 8.1871
8.3508 -28.8589 9.0894
8.3431 -29.0841 9.0049
8.6311 -30.3377 8.5428
8.343 -30.977 8.3021
7.7679 -30.5884 8.5321
8.631 -31.3838 8.1773
7.1936 -31.59 8.0732
6.3334 -24.3753 9.8266
5.1739 -24.691 10.048
4.6048 -25.2835 9.9903
4.0312 -25.5742 9.9534
3.7346 -26.0107 9.9685
3.1581 -26.3117 10.1127
6.0384 -26.6597 9.8643
4.8872 -26.7015 9.7991
4.0205 -26.7241 9.8715
2.8588 -27.7265 9.7202
4.8871 -28.6718 10.2246
4.8871 -29.8039 10.2981
6.6128 -29.1261 8.193
4.893 -29.5536 9.0121
5.1741 -31.1952 8.788
4.8869 -31.3574 8.7593
4.0313 -28.9 10.0531
4.3187 -28.6441 9.2306
3.158 -30.3519 9.3761
6.3334 -24.6134 9.6999
2.6869 -25.887 10.1184
4.893 -30.2159 9.2054
3.7416 -31.0992 9.1816
10.3589 -29.1091 8.9288
8.9256 -25.7893 9.6237
8.9257 -26.6286 9.5844
7.1929 -24.2652 9.4046
6.9004 -26.7481 9.9584
8.3507 -28.1799 9.1988
10.0702 -29.2446 8.9075
9.785 -29.9038 8.6218
8.343 -30.3148 8.5653
6.622 -26.1976 9.8608
3.7415 -25.4843 9.9697
2.665 -25.0563 9.9245
2.8588 -28.2216 9.7275
6.6129 -29.7849 10.2239
5.7481 -30.1577 9.792
4.893 -29.1692 9.0929
5.7481 -31.0377 8.8491
6.3261 -30.7709 8.7506
6.334 -31.8408 8.0148
4.3185 -28.6676 10.1837
4.0204 -29.8087 9.2627
3.4439 -29.2506 9.6058
2.859 -30.0643 9.4564
8.6342 -30.4648 8.4776
4.0313 -28.744 10.1975
4.5961 -26.8138 9.7809
4.0313 -27.5387 9.8725
9.4935 -30.9561 8.3512
9.7878 -26.2061 9.6301
9.2141 -27.3213 10.4104
9.5023 -27.5467 9.9322
9.5019 -26.9049 10.9978
7.7709 -27.0011 10.962
9.2154 -31.2855 8.1117
9.2154 -31.672 8.1384
8.6342 -30.2164 8.545
4.6058 -28.7505 8.9663
6.0448 -31.7836 8.2322
8.631 -31.7989 8.2741
6.9083 -31.7807 8.0076
7.1929 -24.4064 9.649
6.9075 -27.1757 9.7977
8.6338 -27.5768 9.3849
10.6554 -30.0537 8.5551
10.6022 -31.3434 8.1629
7.4774 -30.3676 8.7138
6.0441 -24.4029 9.507
6.3334 -24.7725 9.7059
5.7485 -25.0703 9.7117
4.8873 -25.3287 9.9516
4.5961 -26.5269 9.7403
6.3335 -26.8247 9.9222
2.859 -27.8056 10.9561
4.3111 -27.3704 9.9342
3.158 -26.985 9.9519
5.181 -30.0971 9.8709
3.7416 -30.3014 9.2514
10.3588 -28.724 9.1948
10.0702 -29.4374 8.7852
9.2037 -29.9246 8.7262
9.2154 -31.4878 8.0058
8.0598 -31.2517 8.2049
6.9082 -31.1676 8.2312
7.4845 -31.852 8.1662
6.0443 -29.6083 10.4983
4.8871 -29.7527 10.4581
3.7416 -30.8914 9.2365
2.672 -27.8016 10.9993
9.5031 -31.5898 8.1849
9.2039 -24.4516 9.5538
9.2143 -26.4104 9.5788
8.0538 -24.4967 9.6381
8.6336 -25.8841 9.6671
8.3432 -26.5338 9.9792
10.0702 -27.5181 9.9811
10.5961 -27.6042 9.7135
10.6551 -27.1509 9.1681
9.7849 -27.8633 9.2142
8.3505 -27.842 9.7956
7.7676 -27.8973 9.739
8.3431 -27.956 9.5808
10.0702 -28.7205 9.0365
9.788 -30.1053 8.4213
10.6556 -31.4538 8.1805
9.2036 -31.4482 8.1716
6.9004 -29.0851 8.7601
8.631 -31.6248 7.9728
7.1996 -31.1843 8.1705
4.8873 -25.4155 9.9775
4.3181 -24.8783 9.8409
4.3182 -25.473 9.8342
3.1581 -25.8474 10.0551
3.1581 -26.3946 9.9454
5.7482 -28.5322 10.0251
6.0442 -27.0255 9.8608
6.0443 -28.2756 9.7038
4.3111 -27.781 10.7071
3.7415 -27.0684 9.9346
5.7568 -29.7456 10.2802
5.1808 -28.5627 10.1161
5.4684 -29.9478 10.0463
5.4685 -30.1847 9.6271
6.0383 -30.4454 8.8938
4.887 -30.3836 9.1049
5.7572 -30.9452 8.7295
5.7574 -31.8234 8.3637
2.6869 -28.6985 9.7004
3.4546 -28.6468 9.4064
2.877 -29.5128 9.4024
3.158 -30.124 9.3339
10.0703 -24.3969 9.6771
10.596 -25.7153 9.7187
8.0587 -27.04 9.6811
10.0702 -27.9449 9.0827
9.2145 -27.6803 9.2694
8.9189 -27.8342 9.2631
8.6311 -27.7335 9.7761
8.0532 -28.3603 9.1546
10.6553 -28.7332 9.0466
7.7678 -29.4846 8.9633
6.3261 -24.6462 9.9211
6.6128 -25.2937 9.5389
4.8873 -25.1492 10.0554
6.0442 -25.3337 9.5018
4.0206 -24.7437 9.8424
3.158 -27.6691 9.8719
4.0205 -27.7955 9.8608
4.3112 -28.3631 9.6214
6.6128 -29.0093 8.0324
4.893 -30.3702 9.2031
4.0204 -30.0314 9.2752
2.8589 -29.0147 9.6497
3.7416 -30.2343 9.301
3.4548 -30.4536 9.3844
3.158 -31.6324 8.919
2.8588 -28.2844 9.6913
10.358 -25.0239 9.6713
9.2139 -24.498 9.7703
10.0703 -25.6261 9.6078
10.6551 -26.9789 10.9839
10.5961 -27.1384 10.2542
10.375 -27.6762 9.7294
8.6311 -27.86 9.5184
9.4935 -31.564 8.0977
7.1935 -30.6948 8.4926
7.4773 -31.8429 8.2415
4.8873 -25.4689 9.9249
6.6222 -28.3259 9.338
6.0383 -28.0799 9.3589
3.158 -28.0517 9.7052
5.7481 -30.1795 9.7469
4.887 -30.279 9.5455
4.893 -30.5904 9.0869
4.0315 -29.2536 9.3384
4.0204 -29.7249 9.159
2.877 -29.5684 9.4572
9.2039 -24.2496 9.2251
10.0703 -25.5953 9.6582
8.6338 -27.1659 9.5026
7.1933 -28.2268 9.2776
10.359 -29.7226 8.7264
8.634 -28.9962 9.0649
7.4841 -29.0258 8.994
3.1581 -26.4318 9.9891
4.3185 -28.7394 10.1422
8.0533 -27.8637 9.7457
5.4679 -25.3573 9.8291
8.6338 -27.0411 9.6182
9.2141 -25.209 9.6749
7.1929 -24.4517 9.6445
7.193 -25.6565 9.7197
8.6337 -26.4352 9.7508
8.6337 -26.761 9.693
10.6551 -27.2603 10.0825
10.375 -27.6737 9.8286
10.6552 -28.1172 9.1202
8.0588 -27.533 9.8091
7.7712 -27.8057 9.8674
7.7676 -27.7344 9.7679
6.9076 -28.0996 9.6769
8.3431 -28.047 9.3653
8.0533 -28.1029 9.2273
7.1989 -28.2209 9.4033
9.5027 -29.0343 8.9215
10.6555 -30.6373 8.4459
10.5964 -30.7462 8.3541
9.4935 -30.8547 8.2794
8.0532 -28.8228 8.8982
7.7715 -28.8703 9.0572
8.0599 -31.542 7.9612
7.4774 -30.6219 8.4908
6.9004 -31.1483 8.3935
7.1997 -31.6521 7.944
6.0384 -24.4852 9.6651
6.3334 -24.7203 9.5948
6.6128 -25.1151 9.6856
3.7416 -24.9721 9.7876
4.3182 -25.1784 9.8631
3.4439 -25.9488 10.0251
3.4439 -25.8979 9.9784
3.4543 -25.8908 9.8786
6.6129 -28.3307 9.9454
3.7348 -27.6069 10.7626
4.0312 -28.2078 10.4093
3.7348 -28.1195 10.5099
4.3184 -27.3217 9.8638
3.7415 -28.413 9.7337
3.7415 -28.4438 9.6834
6.6129 -29.7178 10.2735
5.1808 -28.5909 10.1649
5.4683 -29.7908 10.3758
6.6224 -29.703 8.7167
4.6058 -28.8224 8.9249
4.6063 -31.0499 9.0508
3.7416 -29.6045 9.3714
2.8773 -30.9438 9.206
4.3191 -31.1765 8.9307
4.3191 -31.4445 8.9388
3.4549 -31.1912 9.0239
9.7878 -25.5935 9.6472
9.4935 -27.0021 9.5278
7.4776 -26.6465 10.853
10.0702 -28.0638 9.1226
7.4838 -27.1492 9.8492
7.4776 -28.2181 9.5321
10.6022 -31.2899 8.2154
7.4775 -28.9858 8.8713
7.4775 -29.1008 8.9461
6.9078 -28.82 8.9134
7.4842 -29.6847 8.7874
7.4843 -30.674 8.5312
6.9081 -30.4712 8.6008
7.1936 -31.3369 8.1325
3.7415 -25.1885 9.9342
4.8928 -28.4706 10.2673
6.6129 -29.6179 10.4942
4.887 -30.4862 9.013
6.334 -31.8489 8.1948
3.7415 -29.0385 9.9047
10.3585 -27.0012 10.6685
10.596 -25.9124 9.5831
9.7878 -25.5499 9.5095
9.5024 -25.9606 9.4034
8.9256 -25.6893 9.6163
10.0703 -26.5975 9.5897
8.6337 -26.1851 9.7323
7.4776 -26.6679 11.0145
10.6551 -27.0836 10.7713
9.7849 -27.736 9.6571
7.4836 -27.1983 10.7222
10.0702 -29.5772 8.737
10.0702 -31.2107 8.2277
10.6556 -31.6478 8.1226
9.7851 -30.902 8.3601
8.3509 -29.2313 8.8636
8.053 -29.6655 8.8024
4.6047 -25.0415 9.9237
4.0206 -25.2435 9.8578
2.665 -26.469 10.173
6.3335 -27.5865 10.1014
2.859 -27.4597 11.1449
2.688 -27.5354 10.9927
2.6725 -26.648 10.0798
4.3111 -27.1754 9.9491
3.158 -28.4002 9.6452
6.6223 -28.7419 8.7937
5.757 -30.109 9.6034
6.6128 -29.2197 8.1063
6.6224 -29.7655 8.6589
2.6881 -31.5007 9.0068
6.9005 -31.8669 8
7.1934 -30.0309 8.6698
5.7565 -24.3299 9.6713
2.6649 -25.0674 10.0267
9.2039 -24.7642 9.7425
9.7848 -25.7218 9.5282
8.9256 -25.6012 9.5259
10.0702 -26.8389 10.7536
9.7874 -26.8612 11.0548
9.7848 -27.0441 10.9258
9.5019 -26.9019 11.0755
9.5019 -26.9741 11.0555
10.6023 -26.913 9.3644
7.1984 -24.4508 9.5705
8.0535 -26.3664 9.807
6.9073 -26.2436 9.9666
9.2039 -27.3281 10.5528
9.5023 -27.5998 9.8582
8.9189 -27.1327 9.6032
10.0702 -27.0835 9.374
10.6023 -28.2691 9.287
8.9189 -27.6902 9.3246
9.7849 -27.9958 9.2571
9.4935 -28.3573 9.1793
8.0533 -27.2346 10.7501
8.0533 -27.3419 10.6663
8.3432 -27.6094 9.7269
8.6338 -27.6815 9.6285
8.3507 -28.0987 9.224
8.0532 -28.153 9.231
10.0702 -29.0612 9.046
10.0702 -30.0128 8.4962
8.9188 -29.5336 8.8677
9.7851 -30.7733 8.2824
9.2036 -31.6059 8.113
8.634 -28.6974 9.1071
8.3509 -28.9354 9.056
8.6341 -29.3374 8.8679
8.3513 -30.842 8.3358
7.7679 -30.3636 8.6402
8.631 -31.5552 8.1217
6.3334 -24.4253 9.8303
6.6128 -25.2266 9.5886
5.4679 -24.7583 9.8491
5.4679 -24.9011 9.7232
5.1804 -25.2458 9.7831
4.6047 -25.0706 10.0155
4.3112 -25.5418 10.0021
4.3182 -25.4012 9.8757
3.7345 -25.08 10.2021
2.8585 -24.4605 9.89
4.3183 -26.1297 9.7483
3.1581 -25.8999 9.9595
6.6129 -26.8771 9.9165
6.6221 -28.1523 9.7423
5.7567 -27.8323 9.9731
5.7483 -28.1628 9.9453
6.6222 -28.4234 9.2166
6.6223 -28.4794 9.0648
4.0204 -28.5079 10.2856
3.7414 -28.1698 10.515
4.3111 -27.2472 9.9076
4.3184 -27.181 9.869
5.4683 -28.9858 10.3084
4.8871 -29.9774 10.1218
6.6224 -29.2999 8.5368
6.6128 -29.076 8.1893
4.893 -30.0183 9.0913
6.6129 -30.3181 10.3177
5.7481 -30.6183 8.9936
3.7415 -28.8974 9.8884
4.3112 -28.8752 9.5753
4.0314 -29.0616 9.5036
4.0205 -28.7064 9.0956
2.8589 -29.0998 9.5897
3.4547 -29.6327 9.4347
3.158 -30.1458 9.2887
2.8591 -31.3691 9.0831
3.7415 -24.8747 9.909
9.7878 -25.5734 9.5502
9.4935 -26.8802 10.9126
7.1985 -24.8493 9.5142
8.0533 -27.4624 10.336
7.7675 -27.6139 10.3263
7.4838 -27.6927 9.7744
7.1991 -28.5566 8.9272
9.2036 -31.6855 8.23
5.1805 -25.7067 9.669
3.4439 -24.8992 10.2186
2.8586 -24.7341 10.1773
2.6727 -25.5244 10.2074
5.4681 -26.6463 9.8018
3.7349 -28.4196 10.3039
5.4684 -29.9234 10.1906
6.0383 -30.107 9.6759
4.0313 -28.8735 10.0901
9.502 -26.9579 10.9237
9.7878 -24.9509 9.5296
9.4935 -25.9367 9.8392
6.9004 -26.6716 9.9917
10.6551 -27.2229 10.7016
10.6552 -27.7382 9.6869
9.2039 -27.3724 10.2773
9.7849 -27.4642 10.14
9.5023 -27.6951 9.8574
10.6023 -27.5974 9.0776
7.7709 -27.2067 10.7998
8.0587 -27.565 10.0513
7.7676 -27.3227 9.8428
7.4776 -28.266 9.4284
10.6554 -29.8049 8.6011
10.0702 -29.7037 8.7074
9.2037 -30.064 8.6566
10.0702 -30.7742 8.4256
7.4842 -29.9036 8.8348
3.4439 -25.3417 10.0934
4.3112 -25.6722 9.9377
2.8764 -27.261 11.2458
2.688 -28.3562 10.4861
4.0313 -26.8978 9.8407
6.6129 -29.6507 10.3232
4.8929 -29.0204 9.3743
4.893 -29.3599 9.0914
5.1812 -30.5798 9.0274
5.1741 -30.7856 8.9703
6.622 -27.0364 9.8001
6.9074 -26.8152 9.9406
5.174 -29.8532 10.2369
9.785 -28.4075 9.1822
6.9004 -28.3674 9.4246
8.0533 -27.1817 10.8241
2.8766 -27.4487 9.9536
9.5031 -31.4193 8.0553
6.0447 -30.8986 8.7107
9.4935 -31.7542 8.0747
5.1741 -31.1708 8.9324
4.8926 -24.8066 10.0587
5.1739 -26.8945 9.8827
8.0534 -26.9394 9.8453
3.4439 -26.6247 9.9931
4.0312 -26.0312 9.8741
6.3261 -30.6931 8.7195
8.6335 -26.9449 10.9444
4.8873 -25.1111 9.9687
3.4439 -27.8945 9.6832
2.6883 -26.2398 10.014
4.0315 -29.4793 9.2733
4.5963 -24.8429 9.9963
4.3188 -29.5364 9.1173
4.3112 -28.3849 9.5762
6.6128 -24.6046 9.8177
7.4774 -30.8459 8.3397
10.3592 -30.6515 8.4067
4.3112 -31.1295 9.0007
8.6311 -27.3653 9.5326
8.9263 -30.6378 8.4212
7.1934 -29.5042 8.898
3.7351 -30.0021 9.2919
9.215 -29.7309 8.7158
2.6869 -29.3513 9.6492
2.6869 -30.1752 9.5209
4.3112 -29.817 9.2159
9.7848 -27.0197 10.8421
4.3112 -29.1894 9.1657
6.6221 -27.9505 9.8697
6.622 -26.6627 9.9615
9.2149 -29.3166 8.8897
9.2037 -29.3368 8.8487
4.0313 -28.8872 9.865
7.1934 -29.9723 8.6928
6.622 -27.0065 9.8934
6.3261 -31.0672 8.5794
4.0204 -31.7291 8.7942
4.8873 -24.6562 10.1556
6.3334 -24.5164 9.8429
8.0589 -27.9331 9.6107
10.6022 -30.4426 8.5311
10.6022 -30.5093 8.46
8.9188 -31.5313 8.1806
6.6219 -24.4121 9.8165
5.7565 -24.7972 9.8793
8.3431 -28.6125 9.0385
9.7851 -30.0337 8.5359
9.788 -30.2917 8.4331
3.7416 -31.2788 9.0779
8.9259 -28.2875 9.2024
3.7416 -31.5613 8.9039
10.6023 -29.2289 8.9172
4.0204 -31.1759 9.0594
3.4439 -28.1818 9.7453
3.4439 -27.7111 9.8217
9.503 -31.2401 8.1805
8.0595 -30.2653 8.6115
8.3432 -26.8198 11.0957
10.5963 -29.1059 8.9761
3.7352 -30.722 9.1909
3.4438 -31.242 9.0528
7.484 -28.305 9.2798
5.174 -30.4044 9.4296
3.4439 -28.5901 9.4986
6.6129 -29.8579 10.0187
9.503 -31.1721 8.1871
8.0596 -30.639 8.45
7.4837 -27.4053 10.3964
3.7348 -28.0977 10.5551
6.6128 -31.4571 8.2689
4.0204 -28.5151 10.1946
8.0595 -30.2256 8.667
3.7351 -30.3262 9.3762
3.4439 -29.4421 9.4191
4.3184 -26.6569 9.7698
7.1996 -31.3579 8.2224
4.0204 -29.9758 9.2204
9.5026 -28.5383 9.0992
9.785 -29.5925 8.7256
6.6128 -30.5555 8.5944
2.6882 -28.7512 9.5737
3.4546 -29.1081 9.7701
6.0441 -24.482 9.8306
6.6226 -31.2097 8.4441
2.8773 -30.777 9.2697
8.0598 -31.4381 7.9886
3.7415 -28.9667 9.9462
2.687 -31.7947 8.9875
4.0205 -26.3376 9.8449
5.181 -30.0484 9.9316
8.9188 -31.7036 8.1679
5.1807 -28.2946 10.1079
4.6062 -30.689 9.1722
6.6226 -31.4731 8.2161
8.0599 -31.7878 7.993
3.735 -28.956 9.8854
3.4543 -27.9873 10.7319
2.8773 -31.0349 9.2186
2.6869 -26.5394 10.0458
6.3335 -25.8627 9.7281
3.4438 -31.2296 9.1143
3.4543 -26.2743 9.983
4.596 -27.2527 10.8308
9.2038 -27.4947 9.3702
7.7722 -31.8759 8.1255
2.6881 -31.1283 9.2327
9.2036 -30.7492 8.4126
7.1994 -30.7238 8.5341
10.6023 -28.7924 9.1151
4.6061 -30.3803 9.1767
4.5959 -28.3029 9.5399
9.788 -31.5213 8.1575
10.3594 -31.4689 8.1842
7.7678 -28.5863 9.0043
10.3585 -26.9706 10.947
2.6869 -25.3303 10.2118
8.631 -26.8733 11.0227
10.3592 -30.8905 8.3229
8.6343 -30.7453 8.4243
3.7415 -26.056 9.9437
7.4774 -30.5009 8.5716
6.3261 -30.847 8.6958
7.4773 -31.6602 7.9669
3.4548 -30.4934 9.3289
7.4774 -30.3025 8.6427
2.8588 -28.4144 9.6053
2.6651 -27.8148 9.8084
10.6022 -30.0377 8.4935
2.6717 -31.2598 9.0889
10.6022 -30.0027 8.5572
7.199 -28.4462 9.0886
4.5956 -30.1494 9.2335
10.3592 -30.7357 8.3038
7.771 -27.4628 10.4347
2.8767 -27.7188 9.6129
8.3514 -31.6121 8.0109
9.2148 -29.0224 8.94
7.1988 -27.8976 9.818
7.7722 -31.66 8.0003
8.926 -28.7796 9.0595
8.0532 -28.6249 8.9909
8.343 -31.4283 7.9435
2.8587 -26.6033 10.0972
2.8764 -26.6966 10.0403
7.7678 -29.4247 8.9219
8.3429 -31.7849 8.0633
9.7878 -27.4567 9.2664
4.0313 -28.6029 10.1812
2.8767 -28.1066 9.704
2.6721 -27.8948 10.8912
9.2141 -27.261 10.5756
10.3583 -26.5142 9.4944
5.1739 -28.1234 10.4761
6.3261 -31.7229 8.2223
10.6022 -31.0749 8.3614
2.687 -29.2957 9.5944
4.5957 -29.4157 9.1034
7.7714 -28.3901 9.1173
7.7679 -30.1737 8.6847
7.7679 -30.2999 8.6336
7.7715 -28.8408 8.944
10.3752 -26.5761 9.4415
10.3583 -26.0115 9.7849
2.6722 -28.4547 9.6011
9.2037 -29.1894 8.9665
7.7722 -31.6138 7.9618
2.6653 -30.849 9.4026
2.6883 -25.667 10.2036
5.7482 -28.395 9.9741
8.631 -27.2896 10.4998
4.605 -26.1831 9.786
7.7722 -31.574 8.0174
2.8774 -31.1511 9.1297
10.6022 -30.6713 8.3881
8.3508 -28.4668 9.0115
9.2147 -28.7851 9.1096
7.1997 -31.585 7.9936
2.8591 -31.1178 9.2282
10.3754 -30.5915 8.3715
7.7675 -27.254 10.7188
4.0313 -26.8696 9.7918
8.631 -27.0101 10.8242
8.6338 -27.1129 9.5767
9.7879 -29.1891 8.9286
8.9189 -28.5627 9.1354
8.3511 -30.4469 8.5639
5.174 -28.736 10.2307
10.6023 -29.2823 8.8647
6.3261 -29.7127 10.3178
8.3432 -27.2523 9.5856
5.1811 -30.2014 9.6368
10.3589 -29.0874 8.974
10.6023 -28.4893 9.1707
4.596 -27.3572 9.9341
8.0533 -28.0811 9.2725
6.0443 -29.1965 10.345
3.7351 -29.6622 9.3253
4.605 -26.2502 9.7364
2.8588 -28.2425 9.6394
2.8588 -28.3592 9.572
3.735 -29.5711 9.3127
4.5956 -30.3029 9.1883
8.3504 -26.6628 9.868
4.8872 -27.3206 9.8758
5.1739 -25.3484 9.7767
4.0312 -26.0863 9.9074
2.6882 -27.888 9.779
6.3335 -28.4878 9.983
7.4775 -29.023 8.915
7.1992 -29.1227 8.8502
2.8588 -27.8582 9.7202
3.4548 -30.2168 9.3474
2.6652 -29.7353 9.568
7.4776 -27.7898 9.9099
10.6023 -28.5337 9.1233
2.8768 -28.5346 9.5329
9.7879 -28.9805 8.9405
5.7568 -29.6075 10.6423
10.6023 -27.1766 10.7327
2.8767 -27.9125 9.7618
4.8873 -24.731 10.0363
2.8767 -28.0947 9.7869
3.7416 -29.2069 9.4707
8.0528 -31.3489 8.0687
4.8927 -27.3445 9.8097
6.0384 -24.9089 9.7353
7.1935 -30.2404 8.7008
2.6651 -28.374 9.6157
3.7415 -28.9171 9.9639
10.6023 -27.0526 10.8912
4.0204 -31.0981 9.0283
6.0444 -30.0905 9.6334
9.2154 -31.5314 8.1436
2.8764 -26.5247 10.0744
7.4838 -26.9774 9.8832
10.3753 -29.3521 8.8375
4.887 -31.121 8.972
7.4838 -27.673 9.927
6.3261 -28.1315 9.8192
6.0442 -26.6368 9.9549
10.3754 -30.1665 8.4649
8.0586 -26.4282 9.7411
4.3112 -31.198 9.0155
10.6023 -27.1189 10.7987
5.1739 -26.6713 9.8488
9.4935 -31.3848 8.223
6.6129 -27.6976 10.0724
2.6884 -24.9944 9.9512
10.5962 -27.9637 9.5275
5.7484 -25.801 9.6914
8.3504 -26.786 9.8947
6.0383 -28.0816 9.2167
6.3335 -25.8572 9.677
5.7572 -30.6447 8.9139
10.3587 -28.0237 9.1434
10.6022 -31.7205 8.1731
6.0383 -29.76 10.2566
2.6882 -27.4776 9.9183
6.3261 -27.7412 10.0556
10.3754 -30.4705 8.4523
2.6722 -28.2517 9.6641
6.0446 -30.3573 8.8928
10.3592 -30.8601 8.3948
10.359 -29.6717 8.6797
3.4545 -28.0345 9.673
7.1936 -31.7721 8.0984
8.9188 -31.1286 8.2503
4.8926 -25.3756 9.9039
7.4775 -28.7648 8.9447
9.7851 -31.843 8.1858
4.3189 -30.6283 9.2254
9.5022 -24.8631 9.7003
7.768 -31.8701 7.9112
5.1808 -28.5131 10.1338
5.1741 -31.7748 8.4856
6.3261 -30.5623 8.7625
3.4546 -28.5955 9.5664
9.214 -24.3416 9.4371
8.3432 -26.821 9.8132
5.1739 -29.6618 10.6517
5.7568 -28.3462 10.013
4.0204 -30.9164 9.0247
2.6882 -27.3468 9.9612
9.2143 -26.8798 9.6662
6.6128 -31.4998 8.1356
3.4438 -31.2933 9.1209
4.8927 -26.8648 9.8912
9.2038 -27.6179 9.3968
8.9257 -26.8488 9.6963
8.3501 -26.8917 11.115
6.622 -26.5866 10.0163
9.4935 -30.8612 8.3735
4.0204 -29.3448 9.2265
7.7679 -30.83 8.3491
7.1992 -29.5681 8.8754
9.2039 -27.3661 10.4114
7.7717 -29.9408 8.7758
8.053 -29.742 8.769
9.2144 -27.0222 9.5189
2.859 -30.2905 9.4127
8.3501 -26.8947 11.0373
4.5957 -29.9116 9.1536
3.7415 -29.133 9.6329
7.7716 -29.3226 8.9698
3.4545 -27.7455 9.7529
6.6226 -31.2777 8.4375
7.7678 -30.1237 8.681
4.0313 -27.5306 9.9206
2.8768 -28.6124 9.564
9.7851 -31.0503 8.2853
5.1804 -24.7631 9.9423
4.3191 -31.4839 8.8618
8.3432 -27.0048 10.815
10.6023 -26.9543 10.9698
10.5962 -27.5967 9.1204
8.9189 -28.3575 9.0911
8.9188 -31.4411 8.211
7.7715 -28.8916 8.9906
4.5957 -29.4708 9.1367
7.4844 -31.0653 8.3379
6.3339 -31.3363 8.4473
3.4543 -26.6877 9.9942
5.1804 -24.867 9.9149
9.4935 -31.6999 8.0844
4.6061 -30.5116 9.1552
3.4439 -29.3468 9.4199
9.2148 -28.9339 9.0563
9.4935 -29.3358 8.842
4.0204 -28.9058 9.9797
5.1808 -29.2737 10.4766
4.8872 -25.4945 9.8449
7.7678 -28.4457 9.0095
8.3508 -28.5451 9.0641
10.6023 -27.6634 9.8759
4.6054 -28.4913 10.3214
4.8931 -31.0739 8.9706
4.6052 -26.9086 9.7364
8.3502 -27.1146 10.6715
4.3188 -29.12 9.184
7.4779 -24.5169 9.5091
3.7415 -26.6319 9.9043
4.3181 -25.0471 10.1126
3.4543 -25.86 9.9289
8.053 -29.8664 8.8601
8.3512 -30.7569 8.3958
8.0592 -28.8468 8.9745
5.1815 -31.8419 8.5593
5.7483 -28.1265 10.1727
10.6023 -27.0731 10.3255
5.174 -30.3741 9.5014
8.3504 -26.4576 9.8235
6.3334 -24.5835 9.7932
3.4439 -26.3186 9.8984
4.6053 -27.6183 9.8045
6.0448 -31.466 8.47
4.0314 -29.1236 9.4244
9.2141 -25.3877 9.7563
10.3754 -30.099 8.4931
8.0531 -29.3102 8.975
7.7717 -29.8596 8.801
6.622 -26.3344 9.8905
4.6048 -25.2202 10.0051
5.4683 -28.1923 9.9085
3.158 -29.8619 9.3983
8.3507 -28.0136 9.284
9.5027 -29.5136 8.8187
3.158 -29.2035 9.3984
2.6881 -30.3968 9.438
8.0529 -30.8141 8.3451
5.1805 -25.672 9.7541
8.9189 -27.9706 9.2712
3.7416 -29.9581 9.341
9.4935 -29.7958 8.6849
7.4845 -31.8396 7.7715
4.0316 -30.803 9.1606
9.7878 -24.5631 9.6666
6.9003 -25.2682 9.5316
8.6337 -26.3754 9.7093
8.0586 -26.8083 9.9018
7.1931 -26.557 10.0141
7.1987 -27.0494 9.8624
10.6551 -27.1198 10.5439
10.6551 -27.3557 10.0818
10.6552 -27.6912 9.8335
8.9189 -27.3838 10.1207
10.6551 -27.2732 9.1517
10.5962 -28.0304 9.4564
10.3587 -28.0935 9.4506
10.3587 -28.1007 9.1315
10.5962 -28.6096 9.1325
8.0532 -27.9983 9.6679
7.4836 -27.1924 10.6497
7.4776 -27.5266 10.3662
7.4839 -27.7457 9.7004
9.7879 -29.396 8.8308
9.785 -29.4352 8.8056
8.9189 -29.0804 8.9123
9.788 -29.9219 8.5598
10.5965 -31.8291 8.2389
8.9264 -31.8195 8.2494
7.1933 -28.7731 8.8968
6.9004 -29.0128 8.7801
8.631 -30.4651 8.5561
7.1935 -30.5606 8.5919
6.9082 -31.0578 8.4142
6.6128 -24.7047 9.825
5.7565 -24.1939 9.4565
6.3261 -25.3477 9.5809
5.468 -25.8635 9.7107
3.7345 -25.0667 9.9926
3.7416 -25.1868 9.8483
3.4542 -25.0331 9.9066
2.8761 -25.0895 10.0561
6.0442 -27.8134 9.9815
6.0384 -26.7273 9.8362
6.0443 -27.9276 9.7853
3.158 -27.9256 9.7563
2.6882 -28.1548 9.7227
4.8871 -29.6783 10.3708
4.8929 -29.194 9.198
4.893 -29.2411 9.0514
5.174 -30.1283 9.6977
4.5955 -30.9121 8.9993
6.3261 -31.6562 8.2934
3.7415 -29.162 9.7247
4.3112 -28.8734 9.0333
2.8769 -28.7445 9.5854
2.877 -29.4179 9.4246
10.3583 -26.0918 9.4886
9.7878 -28.5542 9.1975
9.2036 -30.5799 8.3475
8.3429 -31.8982 8.0521
4.6048 -25.5148 9.9763
4.5961 -26.5731 9.7788
6.6129 -28.1883 9.8648
5.1812 -30.3938 9.037
5.4688 -30.8692 8.8844
6.9003 -24.5444 9.6674
8.6339 -28.1471 9.2945
10.3594 -31.8033 8.3277
9.2036 -30.6295 8.3297
8.0593 -29.2901 8.8922
6.0384 -25.1535 9.7027
4.8871 -28.6905 10.0291
5.1741 -31.6175 8.5656
4.3187 -28.5432 9.4084
2.8589 -29.3345 9.5194
10.3748 -27.026 10.3656
8.6337 -26.894 9.7574
7.7677 -28.1242 9.5101
2.8764 -26.6034 9.9204
2.8591 -31.1622 9.1808
10.0703 -25.3102 9.7034
9.7848 -27.0774 10.7762
7.1929 -24.6825 9.6089
8.3504 -26.3298 9.7887
8.3506 -27.9131 9.4831
9.7879 -29.3503 8.8138
9.503 -31.8416 8.2894
6.9004 -29.3776 8.8518
8.0528 -31.8282 7.9655
7.1997 -31.7115 7.964
2.6883 -25.2907 10.2363
2.6869 -25.9926 10.1769
6.6222 -28.3704 9.2906
3.4548 -30.5438 9.3541
3.158 -30.5409 9.2886
9.7874 -26.9108 11.037
8.6337 -25.9188 9.5819
8.3432 -25.9201 9.7255
9.5023 -27.6233 9.8989
9.4935 -27.8478 9.8104
10.3752 -27.2683 9.3133
7.1986 -27.5983 10.2948
9.785 -29.0706 8.962
9.4935 -31.8188 8.1243
7.7678 -29.2794 8.9189
4.3181 -24.6106 10.0823
3.7415 -25.2693 9.8875
3.1581 -25.2548 9.9411
4.5959 -28.2112 10.3966
2.665 -27.1039 10.1321
5.4688 -30.9424 8.9074
4.8931 -31.3501 8.9306
2.8769 -28.7911 9.6454
3.4439 -29.1433 9.6895
2.687 -29.4586 9.5655
3.158 -29.8162 9.3813
4.0315 -30.2096 9.2317
3.158 -31.8422 8.5154
8.0584 -27.099 10.82
6.3339 -30.5239 8.699
3.4548 -30.9825 9.2638
6.9073 -25.0888 9.4387
10.6551 -27.1163 9.2533
8.0533 -27.2407 10.8226
8.6311 -28.0972 9.3487
9.2036 -31.0198 8.3214
9.2154 -31.3839 8.0332
8.9257 -27.0232 9.563
6.9073 -24.5634 9.5031
6.6219 -24.6605 9.7491
3.7415 -25.7853 10.0348
5.4682 -27.9901 10.0143
2.8588 -27.3331 10.0342
5.7568 -29.7238 10.3254
4.8869 -31.2458 8.8564
6.3261 -31.1655 8.5009
5.181 -29.9945 9.9627
5.7481 -29.5042 10.7127
8.3503 -26.0331 9.7102
9.4935 -24.3077 9.6725
9.2039 -24.4366 9.4864
6.9003 -25.5885 9.6507
8.6336 -27.065 10.8207
10.6551 -27.1408 10.6839
10.6023 -27.916 9.567
8.9188 -27.3425 10.5465
10.0702 -27.5666 9.2361
8.0584 -27.0909 10.8681
7.1932 -27.56 9.9886
8.6311 -28.29 9.2264
6.9004 -28.4149 9.2994
6.9004 -28.4263 8.9669
9.2151 -30.1679 8.5396
10.3591 -30.2898 8.4854
10.0702 -30.3347 8.4731
10.3593 -31.0845 8.2651
10.5965 -31.7244 8.2234
8.6342 -30.2831 8.4739
7.7678 -28.78 8.925
6.9079 -29.0684 8.846
7.1993 -30.1056 8.7281
7.772 -30.9092 8.3795
8.6344 -31.8822 8.2783
7.4774 -31.1925 8.1937
6.3261 -24.975 9.7854
6.6128 -25.2369 9.6478
6.0442 -25.0973 9.4862
6.0442 -25.3709 9.5455
4.3112 -24.5743 9.9854
4.6047 -24.9342 10.0074
3.1581 -26.2484 10.1276
2.6726 -26.329 10.0251
2.6883 -26.5207 9.9821
4.5958 -28.4809 10.2625
6.0383 -28.4674 9.8845
5.7569 -28.082 9.2859
5.4681 -26.6698 9.8425
5.1807 -27.0906 9.8474
4.3111 -28.4338 10.4278
3.4439 -28.1264 10.6028
3.7347 -27.0252 9.8386
3.7347 -27.0149 9.7794
2.6869 -27.5197 9.7946
6.6129 -29.0184 10.265
6.0383 -29.6941 10.3706
5.174 -30.166 9.7629
5.757 -30.2834 9.4701
5.7571 -30.2548 9.3997
6.3336 -30.6157 10.123
5.7571 -30.4326 8.9821
4.6061 -30.2961 9.0515
6.334 -31.8117 8.1511
4.5954 -31.6867 8.6821
4.0314 -28.9808 9.7783
2.6869 -29.247 9.6551
3.4439 -30.6794 9.3018
3.4438 -31.0086 9.1876
9.7878 -24.8876 9.5444
10.596 -25.7897 9.578
9.7848 -25.7483 9.7192
9.5023 -25.7661 9.6677
10.3584 -26.7651 9.3276
10.3584 -26.9349 9.4142
10.6023 -27.0673 9.3621
8.3501 -26.8314 11.0521
8.6311 -26.8451 9.855
10.0702 -27.4732 10.007
9.7877 -27.6931 9.7381
10.5962 -28.0636 9.0787
10.6552 -28.3643 9.2164
10.6552 -28.5263 9.1445
9.7879 -27.5324 9.1902
8.9258 -27.0844 9.4408
8.9258 -27.5017 9.4171
7.7676 -27.4907 9.8435
7.1932 -27.9794 9.8441
6.9075 -27.7584 9.8739
6.9004 -28.4486 9.1713
10.0702 -30.144 8.4747
8.6342 -30.1339 8.5058
7.1935 -30.8932 8.4215
7.4774 -31.2588 8.1011
7.4774 -31.4999 7.8966
7.1936 -31.7183 8.1295
6.0441 -24.3995 9.7914
6.3261 -25.243 9.5654
5.7565 -25.0464 9.8548
4.8873 -25.017 10.034
5.468 -25.5159 9.5855
5.1739 -25.947 9.735
4.3112 -24.511 10.0002
4.0206 -24.73 10.0675
4.3112 -25.3678 9.9289
2.687 -24.5436 9.9276
4.6051 -26.4811 9.7008
3.7415 -26.1915 9.9088
3.4439 -26.3845 10.0124
2.665 -26.4104 10.196
6.0442 -27.7121 10.1378
4.6049 -26.9786 10.9775
4.8872 -28.3572 10.3848
4.0313 -27.298 9.8703
3.158 -27.2082 9.986
2.8588 -27.0317 9.9476
2.6882 -27.9226 9.6938
6.3335 -28.9508 10.2044
5.7569 -29.9752 9.9522
6.0383 -30.2237 9.6085
4.6058 -28.6424 9.007
4.6058 -28.8638 8.9552
5.4687 -30.5858 9.0155
5.4688 -30.98 8.9726
4.887 -31.1514 8.9001
6.3339 -30.7642 8.6798
4.3111 -28.6975 9.993
4.3188 -29.1486 9.2543
4.3188 -29.279 9.1899
2.6651 -28.5895 9.7193
3.158 -30.4109 9.3746
3.158 -31.1108 9.1767
3.158 -31.1005 9.1175
2.687 -31.7224 9.0075
7.1988 -28.028 9.7536
10.596 -25.7161 9.5336
10.6551 -27.1736 10.2847
10.6551 -27.2753 10.1499
10.0702 -28.3579 9.0722
8.6336 -27.2916 10.5704
8.0533 -27.297 10.6923
8.0532 -28.0547 9.5376
6.0383 -28.0925 10.2097
6.6129 -27.0759 9.8668
2.8588 -27.0377 10.0201
5.7482 -28.7238 10.0665
4.0204 -29.0652 9.3229
3.158 -28.7144 9.4637
10.3584 -26.9246 9.3549
9.5023 -26.1911 9.5745
8.6311 -25.3362 9.5646
6.9004 -26.9563 9.925
10.3587 -27.9952 9.5292
10.6552 -28.4276 9.2015
7.4776 -27.7501 9.9655
10.0702 -30.5143 8.3694
9.4935 -30.4999 8.4736
5.468 -26.2294 9.8469
4.0206 -25.1165 9.866
4.3182 -25.7727 9.8349
5.7483 -27.9542 9.9572
3.4439 -28.2576 10.3532
4.3112 -26.8124 9.7352
4.3111 -27.4525 9.9519
5.1814 -31.5213 8.6467
4.3185 -28.6573 10.1244
4.0205 -26.3042 9.7664
10.6022 -31.5854 8.2294
7.7675 -27.0937 10.8766
5.7482 -28.2082 10.1689
8.9255 -25.2592 9.6799
4.8931 -31.2048 8.9276
5.4689 -31.6218 8.5912
5.4681 -26.288 9.824
10.6022 -30.9389 8.3747
7.4842 -29.83 8.7904
6.0448 -31.7439 8.2878
6.0448 -31.808 8.3159
9.2155 -31.6246 8.0355
9.2039 -24.6817 9.9314
6.0384 -25.6053 9.5937
9.4935 -24.4817 9.5176
9.4935 -24.5304 9.4569
8.9255 -24.7269 9.8569
10.6024 -25.6159 9.6683
10.6551 -26.8956 11.1298
6.9003 -24.1677 9.4506
8.6311 -24.9848 9.7025
7.193 -25.0682 9.5925
8.0533 -26.8136 11.0368
10.5961 -27.5525 9.852
8.9188 -27.3493 10.434
8.9188 -27.4002 10.4806
10.6023 -27.6957 8.9991
10.6552 -28.3262 9.1298
6.9004 -27.5356 10.0573
8.3432 -27.1668 9.6242
7.4839 -28.1476 9.5878
7.4839 -28.1365 9.4856
6.9004 -28.5221 8.9876
10.6553 -29.1274 9.0035
10.0702 -29.8948 8.4992
9.4935 -28.8955 9.0747
10.5964 -30.7206 8.4341
9.788 -30.4786 8.4664
9.788 -30.5547 8.4116
8.0532 -28.6754 9.016
8.0593 -29.5847 8.8633
7.4775 -29.206 8.983
8.343 -30.44 8.4712
8.0598 -31.3547 8.1345
7.1935 -30.5144 8.5534
7.4845 -31.4847 7.9655
7.4773 -31.5435 8.0343
6.3261 -24.7685 9.9047
6.3261 -24.8848 9.8158
5.7565 -24.3419 9.5883
6.622 -25.6631 9.7024
5.7484 -26.0524 9.7743
3.7416 -24.9003 9.8291
3.4541 -24.7146 10.1013
2.6649 -24.6694 10.1046
2.6884 -24.8422 10.0609
2.8761 -25.0433 10.0176
3.4439 -25.434 9.9423
2.665 -25.9585 10.3049
2.6869 -26.0439 10.245
2.8763 -25.9574 10.0871
2.6869 -26.114 10.1177
5.7567 -27.7763 10.1249
5.7483 -27.9688 10.2312
5.4682 -28.1256 10.2076
4.6056 -28.4576 9.3092
2.8588 -26.9214 10.109
3.7348 -28.1451 10.4299
2.665 -28.0762 10.8413
3.7347 -26.7046 9.9261
4.3112 -28.4408 9.4244
6.0442 -29.5411 10.5479
6.6129 -29.6742 10.3639
5.7481 -30.0859 9.8335
4.8871 -28.6025 10.1669
4.8871 -29.9274 10.1181
3.7416 -29.4955 9.3692
3.158 -29.0812 9.4148
2.877 -29.2238 9.4824
2.8589 -29.3789 9.472
3.158 -29.9436 9.3946
10.6551 -27.0701 9.2148
10.5961 -27.2021 9.142
7.4776 -27.5731 9.97
7.4776 -28.0668 9.6847
9.7879 -29.352 8.8997
9.2036 -30.9719 8.197
6.9004 -30.8961 8.4958
7.1936 -31.5554 8.1584
6.0442 -29.4924 10.6086
6.3261 -29.9465 9.9764
9.2039 -24.3512 9.7531
3.1581 -26.4562 10.0727
5.7567 -28.2573 10.1078
6.6224 -29.5136 8.7826
2.8591 -31.8125 8.7728
6.0442 -26.391 9.9231
7.7674 -26.953 10.8818
7.4835 -26.9516 10.8755
4.6048 -25.1138 9.9037
9.2039 -25.6021 9.6384
7.4837 -25.9239 9.8832
8.6335 -26.8388 11.0925
8.3432 -27.0424 9.7612
10.3585 -27.0859 10.5871
10.3587 -28.0444 9.4899
10.0702 -28.3007 9.1596
9.2038 -27.9423 9.2744
10.0702 -29.8692 8.5792
9.2036 -30.9274 8.2444
9.2155 -31.5827 7.9836
7.1934 -29.3268 8.8811
7.7679 -30.7872 8.4824
5.4678 -24.5971 9.9639
5.1739 -25.3643 9.8871
6.0446 -30.5617 8.8943
5.7481 -30.3905 8.9515
6.6226 -31.5843 8.0976
2.859 -29.5666 9.5482
3.158 -31.1035 9.2678
10.0703 -26.1588 9.4521
8.9256 -26.3845 9.6385
8.6311 -26.8896 9.8076
7.7711 -26.9549 9.7831
9.7849 -27.6651 9.9696
10.6551 -27.1954 9.1207
8.3432 -27.6542 9.7009
6.9004 -28.3622 9.1669
8.3512 -30.5422 8.5631
5.7566 -25.9229 9.6311
6.622 -26.1257 9.9023
3.4439 -24.9249 10.1387
2.6869 -26.1208 10.0051
6.6129 -26.8142 9.9528
4.0313 -27.3981 9.8777
3.4544 -27.3538 9.9246
3.158 -28.2775 9.64
6.3335 -28.8491 10.1111
4.893 -30.1577 9.2498
6.0383 -30.6852 8.853
6.0447 -31.1 8.5618
5.4688 -31.1484 8.7667
4.3189 -29.9691 9.1825
10.3585 -27.0699 9.3578
10.5963 -28.8066 8.9969
2.877 -29.4683 9.4498
5.1808 -28.3254 10.0576
7.1987 -27.8399 9.8839
5.7573 -31.3433 8.6517
8.9188 -29.8397 8.7343
2.6651 -27.5989 9.9113
10.3587 -28.0044 9.0893
9.214 -24.6806 9.5889
8.9256 -25.591 9.4667
10.5961 -26.9321 11.0578
9.2038 -26.529 9.4395
8.0533 -27.3317 10.6071
8.343 -30.6354 8.4777
6.6129 -26.4927 9.9974
3.7415 -26.2018 9.9681
6.6224 -30.1156 8.6848
5.748 -31.779 8.4534
3.158 -30.9492 9.2701
9.4935 -24.616 9.6464
10.6023 -27.6855 8.9399
9.785 -29.9405 8.644
9.788 -30.6325 8.4427
6.9004 -31.2599 8.2965
5.7484 -25.3713 9.5487
3.7344 -25.0167 10.2169
6.0443 -28.0978 9.8934
2.8764 -27.1978 11.2606
3.4439 -28.1696 10.491
2.6882 -27.8234 9.7294
6.3261 -29.2236 10.3831
4.6057 -28.9437 9.5498
5.4687 -30.5409 9.0414
5.4689 -31.8432 8.5394
3.7416 -30.1667 9.3291
9.7879 -27.3195 9.2154
8.0583 -26.9002 11.0977
8.0586 -26.4401 9.6582
10.5962 -28.1175 9.0476
10.5963 -29.4347 8.8404
8.9189 -28.8616 9.0931
6.3261 -27.6434 10.1556
3.4439 -28.4558 9.5979
2.672 -28.5891 10.4142
3.4439 -29.1767 9.5399
2.8772 -30.2978 9.3727
4.0204 -31.6821 8.7127
2.8591 -31.4953 9.032
7.4774 -31.4939 7.824
8.9255 -24.8479 9.7762
8.9255 -24.7145 9.6903
10.3752 -25.8557 9.5209
8.9256 -25.4405 9.6622
9.7878 -26.3737 9.3813
7.4838 -26.1167 9.761
10.6023 -27.1749 10.6468
10.5961 -27.2871 10.2009
10.6023 -28.2247 9.3344
10.6023 -28.4217 9.1988
7.1932 -27.9871 9.7745
7.4776 -28.3937 9.2351
8.9188 -30.1124 8.5225
8.3431 -28.7433 8.9955
5.1804 -24.5296 9.849
4.0206 -25.049 9.8941
6.3261 -27.8079 9.9845
3.4439 -28.1614 10.5391
6.6129 -28.7199 10.1007
5.1808 -29.7504 10.4729
4.893 -29.9055 9.1239
6.334 -31.6663 8.1481
4.8869 -31.5331 8.6904
4.6053 -27.4648 9.8497
5.1739 -24.7738 9.8806
6.0448 -31.5955 8.3626
8.6339 -27.9355 9.3841
4.3192 -31.7549 8.7922
4.8928 -28.7464 9.7497
3.4543 -26.4265 10.1015
4.5961 -26.1054 9.7775
4.3112 -31.6011 8.7392
9.7878 -28.771 9.1375
2.6869 -25.2247 10.1534
8.059 -28.1584 9.2959
6.6225 -30.246 8.6204
8.6311 -28.0237 9.3043
8.3511 -30.3652 8.5675
5.7572 -31.0778 8.7725
4.5955 -31.4366 8.8917
5.7573 -31.3967 8.5992
6.3261 -26.781 9.9478
2.6881 -31.1266 9.1468
2.6869 -29.5997 9.5817
6.6225 -30.6543 8.6019
9.2039 -25.5389 9.6532
10.6554 -30.326 8.5498
9.7851 -31.4342 8.183
5.7568 -29.1393 10.3914
5.7564 -24.4829 9.8327
5.7485 -24.497 9.88
7.7714 -28.3127 9.1076
4.6056 -28.3559 9.4439
2.6869 -27.0229 9.9294
2.8772 -30.1811 9.4401
8.926 -28.4855 9.1098
10.0703 -25.6522 9.5493
10.0703 -26.0019 9.7817
8.6311 -25.1292 9.4344
7.4776 -28.4189 9.1337
9.7879 -29.508 8.7553
9.788 -29.9617 8.5042
5.1739 -25.0261 9.7783
2.6649 -24.5818 10.0357
2.6649 -27.8638 11.1161
6.3261 -29.9393 10.0675
3.4439 -30.1223 9.3738
2.8591 -30.6628 9.4149
4.0204 -28.6301 10.2693
8.9255 -25.2092 9.6762
8.6337 -26.6028 9.73
10.3752 -28.3059 9.2028
9.2147 -28.4866 9.1732
10.6555 -30.9899 8.3725
9.7851 -31.3453 8.2778
8.631 -30.3257 8.6258
7.4844 -31.1298 8.1595
6.0441 -24.3362 9.5781
5.1804 -24.8742 9.8238
3.4439 -24.942 10.0853
4.0312 -25.9978 10.0237
4.0205 -26.3572 9.9204
3.4543 -26.4461 9.949
6.3335 -27.6537 10.0518
6.0383 -27.7762 10.2839
3.7415 -27.9542 9.7271
4.3189 -30.2931 9.2669
3.158 -31.062 9.2375
2.8774 -31.3516 8.9379
4.605 -27.3373 10.7487
7.772 -30.9579 8.3188
6.622 -24.817 9.3981
6.334 -31.4833 8.3081
9.5029 -30.4072 8.3137
7.1984 -24.4037 9.7171
9.215 -29.6543 8.7491
8.9262 -29.8571 8.6655
8.6344 -31.4273 8.0088
6.3334 -24.7969 9.5615
3.7416 -26.1462 9.6852
2.665 -28.3006 10.7117
3.7415 -26.9128 9.8724
2.6882 -27.283 9.9546
6.3335 -29.466 10.5369
8.9257 -26.5256 9.6548
8.9255 -24.7825 9.6836
6.3261 -25.1233 9.7106
6.6128 -31.2912 8.3756
2.8589 -28.6684 9.589
3.7415 -25.6259 10.0074
8.0592 -29.1862 8.9196
5.7569 -29.9854 10.0114
8.6311 -28.9043 9.067
6.0446 -30.6476 8.8773
2.8767 -28.0301 9.7373
5.174 -30.1963 9.691
5.7566 -25.7463 9.6571
10.3585 -27.1084 9.2379
10.6551 -27.5541 9.1198
10.3588 -28.5457 9.1349
4.887 -30.2256 9.5981
9.214 -24.8212 9.5837
3.4544 -27.0174 9.9017
9.5021 -27.1739 10.3646
10.3753 -27.5107 9.1733
6.9081 -30.3993 8.6423
6.3335 -30.0252 10.3444
4.8932 -31.528 8.741
3.7415 -29.1967 9.6396
4.3191 -31.8011 8.8307
6.9074 -27.6887 10.0228
4.8928 -28.3419 10.1896
6.6224 -28.927 8.7411
5.1814 -31.393 8.8185
10.3753 -24.1327 9.419
10.0703 -24.1831 9.4313
9.4935 -25.1833 9.6336
8.9256 -25.945 9.6859
9.7874 -26.8714 11.114
9.7848 -26.9911 10.9998
9.7848 -27.0787 10.8406
9.502 -27.0186 10.7801
8.9188 -26.8758 11.0443
10.0703 -26.4427 9.5705
9.7878 -26.5298 9.465
9.7849 -26.65 9.6219
8.6335 -24.7708 9.8538
8.6311 -24.8701 9.4211
7.1985 -24.3414 9.3187
6.9073 -24.5621 9.4387
8.3502 -25.2173 9.79
8.3504 -25.0383 9.2309
8.6311 -25.3892 9.4905
8.3504 -26.3375 9.7191
8.6311 -27.0375 9.7112
7.4837 -26.6204 9.9699
10.0702 -27.4788 10.0581
10.3749 -27.5621 9.9256
9.4935 -27.8401 9.88
10.5961 -27.2786 9.1086
10.6023 -27.6654 9.0709
10.3752 -28.2756 9.2746
8.9258 -27.0865 9.3201
9.2037 -28.5784 9.0697
8.926 -28.6488 9.1024
8.0534 -27.0839 9.8052
8.0587 -27.6227 9.9854
8.6311 -27.7267 9.6606
8.3505 -27.6342 9.8504
8.3431 -27.9104 9.7919
7.7676 -27.6707 9.7613
7.4776 -27.8475 9.844
6.9004 -27.7486 10.032
6.9075 -27.7511 9.965
7.4839 -27.9582 9.6537
7.1988 -27.9318 9.7113
8.3506 -27.8365 9.5165
8.0532 -28.221 9.4523
8.3508 -28.3595 9.0952
6.9077 -28.2368 9.2719
7.1933 -28.435 9.0161
7.1933 -28.4593 8.8717
10.6023 -28.7915 9.0721
10.0702 -28.6859 9.1217
10.6554 -29.9083 8.5522
10.0702 -30.2757 8.4746
9.2037 -29.4061 8.9064
8.9188 -30.1427 8.4506
10.6022 -30.7726 8.2319
10.0702 -30.9285 8.1952
10.6556 -31.2661 8.3323
10.6556 -31.5226 8.2167
10.6556 -31.6675 8.1981
10.6022 -31.6191 8.1013
10.5965 -31.6551 8.1657
10.6022 -31.7863 8.2871
9.788 -30.3849 8.325
8.9264 -31.0529 8.2901
9.788 -31.7039 8.2042
8.053 -29.5727 8.932
8.343 -29.9284 8.7669
8.6311 -30.1941 8.6258
8.053 -30.1511 8.5652
8.053 -30.2913 8.5385
6.9004 -28.9825 8.852
6.9079 -29.233 8.903
7.4775 -29.5416 8.9629
7.4775 -29.7571 8.8384
8.343 -30.5675 8.4844
8.3429 -31.7614 8.0225
7.7721 -31.2666 8.0863
7.4844 -31.2017 8.118
7.4844 -31.4877 8.1158
7.1936 -31.8619 8.0465
6.3334 -24.589 9.8443
4.8873 -24.6942 10.0141
5.7484 -25.3312 9.8108
6.0442 -26.3393 9.8335
5.468 -25.813 9.6855
4.8926 -25.5479 9.8913
3.7344 -24.8402 10.2429
4.3182 -25.7047 9.8416
4.3112 -25.7855 9.9265
3.7345 -25.6499 10.0901
3.7346 -25.9316 10.1011
4.3183 -26.2652 9.7135
4.0205 -26.2153 9.8612
3.1581 -25.7931 10.0647
3.1581 -26.5951 9.9816
2.6869 -26.4526 10.0199
6.3335 -27.8123 10.0363
6.0383 -27.8441 10.2772
5.7567 -27.8473 10.0405
4.8928 -28.5382 10.0111
6.3335 -26.8465 9.877
6.0443 -28.1508 9.8193
6.6222 -28.3058 9.4691
4.8872 -26.9388 9.8575
4.8872 -27.0756 9.887
4.5958 -28.5193 9.9145
2.8764 -27.2508 11.1866
2.6725 -26.8104 10.0294
2.665 -28.0506 10.9213
4.0313 -26.9979 9.8481
3.4544 -27.1358 9.9202
3.7347 -26.9572 9.8453
4.0205 -27.1969 9.9024
3.158 -26.7858 9.9801
3.7416 -27.9196 9.5842
6.3335 -28.6759 10.0807
6.3335 -29.171 10.3162
5.7481 -29.5769 10.7142
5.174 -30.0121 10.0147
4.8871 -30.0231 9.9107
6.6224 -29.6265 8.75
6.0446 -30.0025 8.8588
6.0447 -29.3907 8.0065
6.6224 -29.9335 8.6597
4.8929 -28.5762 8.9574
4.5957 -29.2853 9.1678
6.6129 -30.5272 10.3272
6.3336 -30.3078 10.3985
6.6129 -30.4716 10.2724
6.0383 -30.3061 9.4196
5.7481 -30.3645 9.4661
5.4686 -30.292 9.5435
4.6062 -30.8382 9.1404
4.8869 -31.4215 8.7874
4.6063 -31.2397 9.0064
6.0447 -31.0555 8.6092
4.8932 -31.7272 8.7129
4.3186 -28.7377 10.0563
4.0313 -28.8158 10.156
4.0204 -28.924 9.0785
4.0315 -29.5661 9.2992
3.4439 -28.9048 9.7947
2.8589 -28.9189 9.629
3.158 -29.2715 9.3918
4.0317 -31.7722 8.8073
4.3112 -31.7823 8.7214
3.4438 -31.1535 9.1691
2.687 -31.2042 9.209
2.8774 -31.3072 8.9853
2.8774 -31.3893 9.0031
7.4773 -31.8406 7.9061
6.9083 -31.5896 7.9876
8.9264 -30.9905 8.3479
9.4935 -24.356 9.5902
10.3747 -27.0688 10.4603
10.6023 -27.2521 9.9722
9.7878 -27.402 9.2546
7.7675 -27.5562 10.3922
7.1932 -27.6921 10.0101
8.6311 -27.7891 9.6028
7.1991 -28.6143 8.8613
6.9078 -28.634 8.923
8.9188 -29.3027 8.9034
10.3754 -30.4068 8.4456
8.0531 -29.0653 8.9862
4.8872 -25.4932 9.7805
4.8927 -26.3077 9.735
3.7346 -26.4181 9.9069
2.8586 -25.6324 10.1365
3.1581 -26.2659 9.8676
4.8929 -28.2906 9.4372
2.665 -26.7182 10.1485
4.3111 -28.4282 10.3767
4.0312 -28.4212 10.4056
5.7482 -28.9753 10.3775
5.1808 -29.6238 10.7306
6.6129 -30.3241 10.3902
6.3336 -30.6101 10.0719
6.6128 -30.5671 8.7181
8.6343 -30.8338 8.308
10.3752 -25.6629 9.415
8.9255 -24.8021 9.5311
9.7848 -26.4003 9.6249
9.2038 -27.0635 9.5977
7.4837 -26.05 9.8321
10.5961 -27.2205 10.272
10.5961 -27.529 9.8113
9.7849 -27.7196 9.2972
8.9189 -27.3742 9.4202
8.9259 -28.4136 9.1513
8.6336 -27.1881 10.6193
7.4839 -27.8816 9.687
7.1932 -28.1837 9.6175
10.3752 -28.8891 9.0723
10.6023 -29.1468 8.8995
10.6555 -30.9031 8.3466
10.5965 -31.6564 8.2301
10.0702 -31.6403 8.1424
9.7851 -30.7524 8.3705
8.6311 -30.28 8.6088
7.1933 -28.8124 8.8198
8.3512 -30.5209 8.4017
7.4774 -30.5111 8.4027
6.0441 -24.6958 9.8484
4.8873 -24.849 10.0333
5.7566 -25.8695 9.6837
3.7416 -25.2359 9.809
3.1581 -25.5374 9.9951
3.4542 -25.8826 10.1548
3.4439 -26.2506 9.905
5.7567 -27.9033 10.1167
6.6129 -27.9857 9.9493
6.3261 -28.0153 9.9081
4.8927 -26.9815 9.8238
4.3184 -27.2028 9.8238
6.0446 -30.0794 8.8469
6.3261 -30.015 8.6442
5.4688 -31.133 8.9059
6.0447 -30.9204 8.6655
6.0382 -31.7287 8.3588
4.0204 -28.8616 9.1363
3.4439 -29.1536 9.7487
2.6653 -30.6109 9.3012
3.158 -31.0171 9.2634
2.8775 -31.6214 9.0319
8.9254 -24.4579 9.8058
8.6338 -27.7585 9.3886
8.0594 -29.9584 8.7019
6.9004 -30.8238 8.5158
3.1581 -24.4754 9.7939
2.8763 -26.0981 10.0819
3.7349 -28.2977 10.3417
3.4544 -27.3842 9.8528
5.7567 -26.9268 9.8769
10.6022 -30.3558 8.5052
9.2038 -27.4395 10.2277
9.5025 -28.0043 9.1903
9.4935 -26.6237 9.6812
8.9257 -26.7466 9.5815
7.4778 -24.8679 9.5778
10.0702 -27.2583 9.2621
10.3752 -27.9066 9.2162
9.4935 -27.1004 9.4493
8.0585 -27.2457 10.6593
7.4838 -27.2142 9.9203
9.4935 -31.1783 8.1142
7.7719 -30.6967 8.4262
7.1936 -31.3968 8.174
6.0384 -25.0449 9.95
5.7485 -24.8301 9.731
5.4679 -25.2478 9.8054
3.7416 -27.9341 9.6301
4.0204 -28.7488 9.1689
9.4935 -26.0047 9.8325
7.4779 -24.2595 9.5818
7.193 -25.1798 9.4954
6.9073 -25.1222 9.5172
8.9259 -27.8899 9.3016
8.0587 -27.4705 9.8669
7.1933 -27.9604 8.8992
10.6022 -30.4738 8.2742
9.2036 -31.2682 8.2539
9.2036 -31.7967 8.3395
6.0441 -25.0319 9.6218
4.8926 -25.3837 9.8557
2.6649 -27.8163 11.2412
6.6223 -28.5615 9.0825
4.5956 -30.4576 9.2075
4.0316 -31.39 8.9954
3.7353 -31.4834 8.8922
10.0702 -26.7364 9.4985
7.4775 -29.8729 8.7281
6.0441 -25.0165 9.5329
5.7566 -25.5022 9.7111
2.8771 -30.0515 9.3194
5.4682 -28.3949 10.0521
9.7878 -24.4883 9.7858
9.2039 -24.233 9.2999
9.5022 -24.8528 9.641
9.214 -24.7143 9.6889
8.9254 -24.7145 9.9184
10.0703 -25.3726 9.6456
9.7848 -25.5601 9.3934
9.7878 -25.9428 9.6302
9.7878 -26.1655 9.6427
9.7878 -26.1955 9.5494
10.3752 -26.704 9.4763
10.0702 -26.6441 9.6496
8.9256 -26.3447 9.694
9.2143 -26.6913 9.5469
9.2038 -26.857 9.717
7.1929 -24.3204 9.666
7.1929 -24.7223 9.5533
6.9073 -24.7438 9.4424
8.3503 -25.5628 9.5798
7.1985 -25.0297 9.4535
7.193 -25.1695 9.4362
6.9073 -25.0807 9.4868
6.9073 -25.1619 9.4616
8.6311 -26.4129 9.8115
8.3504 -26.535 9.8332
7.4835 -26.7596 11.0406
7.4776 -26.6204 10.9115
7.193 -26.1059 9.938
6.9073 -26.5891 9.9843
7.4776 -26.9459 9.9414
7.4776 -27.0271 9.9162
9.4935 -27.2507 10.3726
8.9188 -27.3028 10.6021
9.5023 -27.5792 9.9678
8.9189 -27.4471 10.1059
9.2143 -27.6596 10.0632
10.6023 -28.6445 9.2114
10.3587 -28.3281 9.1521
10.0702 -28.3866 9.1425
9.4935 -28.0692 9.5304
9.4935 -28.2902 9.2289
8.9259 -28.0062 9.2127
8.6336 -27.1937 10.6704
8.0533 -27.1432 10.9441
8.3432 -27.0822 9.7057
7.7711 -27.2349 9.7083
7.7677 -28.0772 9.6568
7.1986 -27.5538 10.3422
7.4776 -27.954 9.7174
8.6339 -28.3549 9.2397
8.3507 -28.33 9.21
8.0532 -28.4308 9.0487
7.7677 -28.3538 9.182
10.3753 -29.0229 8.9516
10.6553 -29.1936 8.9109
10.6553 -29.2748 8.8857
10.0702 -29.4383 8.8282
10.6554 -29.5129 8.759
10.6554 -30.1978 8.4935
10.0702 -30.1889 8.4488
9.4935 -29.2003 8.8769
9.2037 -28.8046 9.0259
9.2148 -29.1173 8.9178
9.2037 -29.4364 8.8346
9.5028 -29.7663 8.738
9.788 -30.1515 8.4598
8.9188 -29.5233 8.8085
10.6555 -30.4068 8.5031
10.3754 -30.5607 8.4219
10.3754 -30.5184 8.3486
10.0702 -30.498 8.4657
10.5964 -31.0091 8.3326
10.6556 -31.5957 8.2396
9.4935 -30.9236 8.3157
9.2152 -30.4616 8.4678
9.2153 -30.9187 8.3886
9.2153 -31.0046 8.3716
9.7851 -31.4804 8.2214
9.788 -31.5145 8.2701
9.2036 -31.402 8.1331
8.3431 -28.8066 8.9806
8.6341 -29.5063 8.9116
8.0593 -29.2504 8.9478
8.3431 -29.3607 8.9863
8.3431 -29.4983 8.8307
8.343 -30.2306 8.6682
8.3511 -30.2293 8.5809
7.4774 -29.9144 8.7584
7.4843 -30.2623 8.606
7.7719 -30.4265 8.5388
7.7719 -30.7365 8.3707
8.0597 -31.0918 8.156
7.7722 -31.8263 7.9152
7.4843 -30.8391 8.3816
7.1996 -31.272 8.2394
7.1936 -31.4228 8.1155
6.9005 -31.8788 7.9171
6.3261 -24.7792 9.9854
6.3334 -24.8186 9.7444
6.6128 -24.8277 9.6236
6.6128 -24.6447 9.5555
6.0441 -24.8403 9.5803
5.4679 -25.0366 9.9165
6.3261 -25.9412 9.7377
5.7565 -25.4133 9.8059
5.1805 -25.4668 9.7097
5.468 -25.9084 9.6847
4.8927 -26.0007 9.5973
4.6048 -25.3322 9.9296
3.7415 -25.5617 9.9793
3.7345 -25.7179 10.0834
3.7347 -26.59 9.8728
3.4542 -26.022 10.0852
3.158 -26.6332 10.0683
3.158 -26.6007 10.0327
2.6883 -26.6028 9.9999
6.6129 -27.9002 9.9878
6.3335 -27.8841 9.9948
6.6129 -28.5176 9.9787
5.7482 -28.2047 9.9971
6.0384 -26.8128 9.7977
5.7483 -26.9118 9.8317
6.3261 -28.1598 9.8681
5.7483 -28.0175 9.9424
4.8927 -27.2833 9.9319
4.6055 -28.3199 9.6927
4.0205 -27.4627 10.922
4.0204 -28.4818 10.3442
3.7414 -27.918 10.6387
3.7349 -28.3619 10.3698
4.0313 -27.3583 9.9332
3.4544 -27.2076 9.8787
4.3112 -28.5233 9.2355
3.7415 -27.7409 9.7309
2.8588 -27.7573 9.8979
2.6869 -27.7271 9.9464
2.8768 -28.1601 9.6514
6.0383 -29.5407 10.6439
6.6222 -29.7744 10.0222
5.7481 -30.0521 9.9617
4.8871 -28.6474 10.141
4.5958 -28.6877 9.7086
4.5958 -28.7292 9.7389
6.6223 -28.5559 9.0314
6.6224 -29.9805 8.7411
6.6224 -29.6795 8.676
4.893 -29.5506 9.0899
4.893 -29.7934 8.9714
5.174 -30.2552 9.4615
4.606 -30.0776 9.2537
4.5957 -29.9056 9.081
6.3336 -30.3065 10.334
5.4686 -30.3638 9.502
5.4686 -30.407 9.3902
6.3261 -30.4554 8.8677
5.7481 -30.6833 8.8366
4.893 -30.4189 9.1424
5.1741 -30.418 8.9764
4.887 -30.555 9.0493
4.8869 -31.2001 8.8394
4.6064 -31.5817 8.8524
6.0383 -30.7874 8.7397
6.0383 -30.8289 8.77
6.0447 -30.8345 8.6825
6.3261 -31.6165 8.349
6.0448 -31.6507 8.3959
5.748 -31.7897 8.5341
4.3112 -28.5648 9.2659
4.3112 -28.8319 9.0029
4.0204 -29.8809 9.2427
2.6651 -28.9491 9.7614
2.6651 -28.8943 9.7496
3.158 -28.9932 9.5525
3.158 -29.6396 9.4073
2.859 -29.6064 9.4927
2.8771 -29.7129 9.4172
3.158 -29.9021 9.3643
4.0315 -30.3438 9.3606
3.4548 -30.7914 9.2438
2.8772 -30.5979 9.3949
2.8591 -30.8886 9.3497
2.8591 -30.9284 9.2941
2.6718 -30.6471 9.3342
4.3191 -31.3727 8.9803
3.455 -31.7868 8.8322
4.3183 -26.0955 9.8549
3.7352 -30.6784 9.2813
7.4837 -24.4395 9.4478
7.4842 -29.8223 8.86
3.158 -29.4677 9.4414
9.214 -24.7541 9.6333
6.9076 -28.1864 9.4748
9.788 -30.4264 8.3554
8.3511 -29.9894 8.6215
5.1806 -26.6332 9.9051
3.1581 -25.215 9.9966
4.0312 -25.7148 9.9482
6.6223 -28.6449 8.9366
4.8931 -31.3899 8.8751
4.6064 -31.3073 8.9782
8.3505 -26.9493 9.6592
2.8773 -30.8237 9.3297
7.1936 -31.4609 8.2021
8.9255 -24.7397 9.5888
7.4779 -24.5011 9.6268
7.4837 -24.6362 9.5189
9.2141 -27.2636 10.4763
9.7879 -27.4644 9.1968
7.4776 -27.2246 9.802
8.0589 -27.9669 9.4825
9.4935 -30.5055 8.5247
8.6311 -29.735 8.826
8.0596 -30.5753 8.4434
7.4845 -31.8062 8.1491
6.3335 -25.1261 9.4475
4.0311 -24.6554 10.1037
5.4682 -28.0324 10.0876
4.8928 -28.5236 10.1933
2.8764 -27.205 11.1695
4.0312 -28.4066 10.3597
3.7414 -28.2463 10.4817
2.8768 -28.2815 9.5921
6.3261 -28.6048 9.8716
5.7482 -28.6793 10.114
4.8928 -28.6006 9.9533
6.0383 -30.2318 9.5603
9.2139 -27.0083 10.8843
7.1985 -24.8595 9.5734
9.4935 -31.7884 8.1961
8.0596 -30.5813 8.5159
7.1935 -30.5764 8.4741
4.8926 -25.6116 9.8979
3.4542 -24.7501 9.8311
3.7415 -26.6237 9.9525
4.8928 -28.4556 10.1999
4.5958 -28.6897 8.9037
8.9263 -30.9225 8.3546
6.3261 -30.9949 8.5994
2.6869 -27.9152 9.816
8.9189 -29.2215 8.9286
9.4935 -28.7399 9.0125
2.665 -27.2971 10.0314
2.665 -27.4326 9.9965
6.3261 -29.2181 10.332
9.5023 -26.4745 9.6715
5.1811 -30.3254 9.4784
3.4438 -31.6264 8.972
8.3514 -31.3667 8.0005
10.6023 -28.8736 9.0899
5.7571 -30.3672 9.3457
6.9082 -31.0035 8.4238
9.2037 -29.2248 8.9243
5.174 -29.7203 10.4006
10.3751 -26.4971 9.5741
5.1804 -25.1295 9.8719
7.7678 -29.379 8.9048
3.4439 -30.6285 9.2551
3.4548 -30.4246 9.2926
6.3335 -29.6011 10.4806
6.6219 -24.873 9.7024
2.665 -27.0936 10.0729
2.6651 -28.5078 9.723
6.6129 -26.4158 10.0093
9.2037 -29.8481 8.7596
8.3508 -28.4151 9.15
8.053 -29.7048 8.7254
6.0383 -29.7954 10.2143
4.3112 -29.6879 9.1167
3.4547 -29.6956 9.3984
10.6022 -31.431 8.2317
8.9189 -28.1211 9.3037
7.1935 -30.3306 8.6705
9.788 -30.7004 8.436
4.8927 -28.2111 10.4606
8.9187 -31.8785 8.2841
2.8764 -26.4491 10.1507
4.3188 -29.6475 9.2269
4.8927 -28.2658 10.4724
4.8871 -28.7972 9.6959
8.634 -29.0582 8.9857
10.6022 -29.6795 8.7438
10.6023 -27.2103 10.1485
6.9073 -26.3154 9.9251
8.0533 -26.8607 11.1182
3.7344 -25.0094 9.8519
10.5962 -28.0496 9.5104
3.4546 -28.5228 9.5649
2.8769 -28.9737 9.692
9.214 -25.1325 9.7082
4.3188 -29.4009 9.1521
10.3753 -27.7553 9.1407
10.3752 -27.9789 9.1962
7.7677 -28.2405 9.4212
9.2037 -30.2765 8.6098
6.0384 -26.7508 9.8769
6.0383 -29.2226 10.4041
4.887 -29.0409 8.7294
3.7349 -28.7744 10.1098
7.4845 -31.6335 7.9122
6.9077 -28.2804 9.1815
9.4935 -29.0703 8.9628
7.7679 -30.5619 8.5691
6.0384 -25.4754 9.6796
4.0312 -25.8935 10.0296
5.1813 -31.2305 8.8689
3.7416 -31.1347 9.1394
7.1929 -24.3914 9.5816
10.5961 -27.103 10.7526
8.9189 -27.6929 9.9096
10.6551 -27.233 9.1858
10.6023 -27.3452 9.1799
9.7849 -28.2134 9.24
8.3432 -27.1642 10.6142
8.6339 -28.422 9.1901
10.6553 -28.9111 9.0851
10.0702 -31.1534 8.3151
8.6342 -30.2019 8.4991
7.7678 -29.6381 8.9181
5.1739 -24.6234 10.0762
6.0384 -26.2955 9.8141
3.4439 -26.2408 10.0953
5.1739 -26.8137 9.9294
6.6223 -28.6376 9.0277
5.174 -30.2343 9.5496
5.7571 -30.3514 9.0073
5.4687 -30.6623 8.9822
4.3189 -30.0152 9.221
3.7353 -31.6775 8.8344
2.6721 -27.5207 11.2593
7.768 -31.7833 7.8853
9.7878 -26.0488 9.7101
10.0702 -26.913 11.0476
8.9188 -27.0655 10.7717
9.7878 -26.2651 9.4006
10.6023 -26.8454 9.3925
8.9256 -26.2883 9.8244
8.3503 -25.1807 9.3117
8.3432 -27.0207 10.9253
10.6551 -27.1482 10.8209
10.3749 -27.2616 10.1101
9.2038 -27.475 10.1855
10.5962 -27.5057 9.1078
10.3752 -28.3867 9.1561
9.7878 -27.6016 9.2479
9.2147 -28.4354 9.1051
8.6311 -27.3021 9.5475
7.1933 -28.3148 9.1398
10.5963 -28.9892 9.0435
10.5963 -29.6009 8.7552
10.6554 -30.0879 8.4484
10.6554 -30.1401 8.5595
9.2037 -28.6579 8.9586
10.0702 -30.7242 8.4219
10.5965 -31.3447 8.3124
10.3754 -31.1712 8.2974
10.0702 -31.2753 8.2773
8.634 -28.732 9.022
8.6342 -30.1395 8.5569
7.1934 -29.1472 8.7567
6.3261 -25.3888 9.5898
6.622 -25.8188 9.7646
6.0442 -26.4539 9.8868
4.3181 -24.7474 10.1119
3.4541 -24.9655 10.1628
2.8585 -24.6319 10.0625
3.4439 -25.1271 10.0327
4.3183 -26.0318 9.8483
6.3335 -27.6276 10.1103
6.6222 -28.2335 9.4891
6.6222 -28.3558 9.2447
2.6721 -27.7781 10.9586
4.0313 -27.0381 9.814
5.7568 -29.4762 10.6638
6.0383 -29.7365 10.4439
5.4683 -29.1829 10.4009
4.8871 -29.7177 10.5218
4.5958 -29.137 9.2427
4.893 -29.6224 9.0484
6.0383 -30.501 8.9486
5.7572 -30.6301 8.868
4.6061 -30.3436 9.1545
4.887 -30.47 9.1093
5.1814 -31.4422 8.7793
5.7572 -31.0312 8.7125
3.7416 -29.6417 9.4151
3.4547 -29.4767 9.351
4.0204 -30.3709 9.2203
9.2039 -27.3737 10.3418
6.3261 -30.6085 8.801
4.887 -30.0521 9.7745
4.0205 -28.7594 9.0216
5.7564 -24.4906 9.7631
9.214 -24.5604 9.7126
8.6311 -25.541 9.5875
8.631 -26.9247 11.0908
10.6551 -27.4086 10.0077
7.7675 -27.295 10.4996
10.5964 -30.6205 8.4268
8.343 -30.3794 8.6148
8.631 -31.2568 8.1855
5.7485 -24.6984 9.9592
2.6883 -25.3561 10.1008
3.7348 -28.1049 10.464
4.8871 -29.6749 10.427
6.3261 -30.5371 8.8639
5.7481 -30.8573 8.9099
4.3188 -29.2115 9.218
2.6652 -30.1346 9.5546
7.4773 -31.8004 7.9402
10.3584 -26.5377 9.5351
8.6335 -24.5066 9.8108
7.4776 -27.5231 9.9663
10.3592 -30.6728 8.3401
8.343 -30.7234 8.34
7.4774 -30.9822 8.3478
5.7485 -24.5646 9.8518
2.687 -24.5043 10.0046
2.6883 -25.2916 10.2792
3.4439 -25.8624 10.0207
5.4687 -30.8154 8.9155
4.8932 -31.5827 8.7529
2.6652 -30.4972 9.5189
3.7347 -26.7862 9.9224
8.059 -28.0597 9.3529
10.6553 -28.7533 9.1436
6.0441 -24.9771 9.6099
5.4682 -28.0627 10.0158
7.4775 -28.2946 9.4988
5.4688 -31.3515 8.7038
2.6882 -27.7319 9.6953
9.214 -24.8772 9.66
9.7848 -26.0284 9.6443
10.3753 -29.176 8.8849
7.4774 -30.9266 8.293
5.4679 -24.9661 9.7943
6.3261 -25.6569 9.5979
5.7567 -27.7177 10.1479
6.0383 -28.3563 10.003
2.859 -27.4182 11.1146
5.4687 -30.4579 8.9807
4.3112 -29.1056 9.0621
4.3112 -31.5134 8.8984
3.7416 -31.5938 8.9394
4.606 -29.6112 9.0885
8.6335 -24.7075 9.8686
9.4935 -27.8918 9.7415
9.2038 -27.9009 9.2441
8.9189 -28.5644 9.2213
7.7714 -28.403 9.0773
7.1989 -28.1734 9.5285
10.3591 -30.3399 8.4891
8.0592 -29.0952 8.9071
5.4679 -25.1602 9.7365
6.3334 -26.5254 9.9429
4.3112 -25.9266 9.9428
3.4439 -25.9488 9.797
6.0442 -27.7767 9.9593
4.6053 -27.411 9.8808
3.7348 -27.6687 9.771
2.6651 -28.4292 9.649
5.1808 -28.9953 10.4093
5.1809 -29.8342 10.3485
4.5957 -29.614 9.0322
4.5957 -29.951 9.0766
6.6225 -30.9976 8.5123
3.7351 -30.0529 9.3385
3.158 -29.5126 9.4154
2.6652 -30.3202 9.5234
3.4551 -31.8321 8.5997
2.6724 -27.353 9.9116
4.8872 -28.3315 10.4647
6.9074 -26.6058 9.9095
5.1804 -25.1308 9.9363
6.9004 -29.2865 8.8393
8.3431 -27.8654 9.5898
3.4438 -31.6298 8.9157
9.2039 -24.9865 9.7335
10.3585 -27.1388 10.513
10.375 -27.719 9.8241
10.6555 -31.0434 8.3199
10.6556 -31.7902 8.2033
6.9004 -30.9363 8.4617
3.158 -27.3801 9.9519
5.4685 -30.0265 9.8922
4.8871 -29.9056 10.1633
5.7574 -31.8559 8.3992
4.0315 -30.0441 9.3599
3.4546 -29.0666 9.5116
7.771 -27.2653 10.7768
8.6339 -28.4896 9.1619
6.3335 -29.6875 10.257
5.1806 -27.1146 9.9096
2.8589 -29.5247 9.4964
9.7878 -24.5002 9.7029
10.358 -25.082 9.6269
9.4935 -24.3573 9.6547
9.2039 -24.4799 9.8307
8.9254 -24.4592 9.8702
9.5022 -24.7733 9.7521
9.7878 -25.5242 9.5895
9.4935 -26.0581 9.7799
10.6023 -26.7227 9.3874
9.4935 -26.5224 9.6094
7.4779 -24.3831 9.6299
6.9003 -25.6757 9.6981
7.4837 -26.006 9.901
8.3501 -26.9076 10.9973
8.3432 -26.9818 11.0238
8.3432 -26.9493 10.9883
8.0586 -26.5312 9.8988
7.771 -26.5885 9.8535
7.1931 -26.5698 9.9741
6.9074 -26.519 9.8836
7.4838 -27.0167 9.8062
7.1986 -26.6552 9.9053
7.1931 -26.9862 9.9074
10.5961 -27.414 9.9646
10.6551 -27.6159 9.7032
10.375 -27.6609 9.8686
9.2039 -27.287 10.544
8.9189 -27.3719 10.2037
9.7877 -27.458 10.0151
9.7877 -27.6632 9.8314
9.7877 -27.7171 9.8003
10.3752 -27.6877 9.1688
10.3586 -27.8369 9.1101
10.5962 -28.0881 9.3904
10.0702 -28.2242 9.421
9.7849 -27.4434 9.3373
9.2038 -27.1066 9.4859
8.9189 -27.3524 9.4654
9.7849 -28.1228 9.2489
9.785 -28.5729 9.054
9.2038 -28.1369 9.238
8.3432 -27.2625 10.5357
8.0588 -27.5911 9.7647
7.7712 -27.8638 9.823
7.1932 -28.1709 9.6575
8.0532 -28.0787 9.5998
8.6311 -28.3879 9.1264
7.4776 -28.3442 9.2529
10.5963 -29.0691 8.9539
10.0702 -30.0808 8.4895
9.785 -29.5754 8.7789
9.788 -30.0198 8.4598
9.7851 -30.1205 8.5618
9.2037 -29.7588 8.8329
10.3754 -30.3568 8.4419
10.6022 -30.7461 8.2689
10.6556 -31.3238 8.2664
10.0702 -31.2872 8.1944
10.0702 -31.5138 8.1721
10.0702 -31.5634 8.1543
10.0702 -31.8653 8.2623
10.3755 -31.8074 8.0929
9.788 -30.9232 8.2205
9.2036 -31.0318 8.2384
9.4935 -31.4883 8.174
7.4841 -28.712 8.9688
7.7678 -29.0985 8.9582
7.1933 -28.9625 8.8308
7.7678 -30.1019 8.7262
7.4774 -30.0914 8.7539
6.9004 -29.6089 8.8377
8.343 -30.8915 8.3406
7.7718 -30.3453 8.564
8.0528 -31.6619 8.0508
7.1935 -30.6495 8.4971
7.4773 -31.8754 8.2771
6.6219 -24.6148 9.732
6.3261 -24.5846 9.5656
5.7485 -24.9588 9.8087
5.7485 -25.0122 9.7561
4.8873 -25.0666 10.0162
6.3261 -25.6073 9.6157
5.7484 -25.3952 9.6109
5.7566 -25.3423 9.4342
6.6128 -25.9462 9.6941
6.622 -26.4169 9.9297
6.6129 -26.6253 10.0403
6.0384 -25.9902 9.7624
5.468 -25.3962 9.7306
3.7345 -25.068 10.057
4.0312 -25.4438 10.0178
3.4439 -24.8422 9.6433
3.4439 -25.3972 9.9201
2.8586 -25.2852 10.2609
6.6221 -27.7213 9.9911
4.596 -27.1471 11.0005
4.6053 -28.1104 10.3459
6.3261 -28.0922 9.8962
4.3111 -28.5103 10.3944
2.665 -28.1916 10.7095
4.3184 -27.1105 9.7468
3.4544 -27.1905 9.932
3.158 -26.9085 9.9853
2.8765 -26.9305 9.927
2.6882 -27.1877 9.9553
4.0205 -27.7219 9.8164
3.4545 -27.9135 9.7537
2.6869 -27.7895 9.8886
6.6129 -29.5243 10.5809
6.6129 -29.6623 10.4468
6.6129 -29.6635 10.2832
6.3335 -29.6481 10.334
6.3336 -30.1607 10.3096
6.6222 -29.8278 9.9696
4.887 -30.0059 9.736
6.0383 -30.2758 9.4915
6.6224 -28.9967 8.5923
6.6224 -29.3118 8.6819
4.5958 -29.116 9.3308
4.893 -29.4185 9.0684
4.893 -30.2881 9.1854
5.4687 -30.5618 8.9533
4.893 -30.3377 9.1676
4.887 -30.4417 9.0604
6.6225 -30.9391 8.5352
6.334 -31.4508 8.2725
6.3261 -31.4049 8.4386
6.0383 -31.5364 8.5025
5.7481 -31.2027 8.6994
5.7573 -31.2052 8.5577
5.4689 -31.5632 8.6142
4.5955 -31.5148 8.7162
4.5955 -31.5644 8.6984
4.3112 -28.9184 9.4635
4.3188 -29.3286 9.1721
4.3112 -29.4891 9.1664
4.0315 -29.7897 9.3547
2.8589 -29.1716 9.5483
3.4548 -29.9846 9.3185
4.0315 -30.3699 9.3021
4.0204 -30.6248 9.2039
2.6881 -30.7256 9.3024
4.0317 -31.8317 8.5992
3.455 -31.5854 8.981
3.7417 -31.8405 8.558
2.6881 -31.2929 9.0616
6.9083 -31.5315 8.032
9.7848 -25.7979 9.7014
7.1929 -24.1622 9.475
7.7676 -26.4838 9.9037
7.4838 -26.7683 9.8736
7.7676 -27.0486 9.7622
6.9074 -27.0491 9.8273
7.4838 -27.7042 9.8981
8.3507 -28.1132 9.2699
8.0532 -28.6377 8.9509
9.2154 -31.8798 8.3117
8.0532 -28.8553 8.9338
7.4774 -30.3222 8.7183
7.1994 -30.6657 8.5785
3.4543 -26.158 10.0719
6.0383 -29.6972 10.5209
6.6128 -29.4458 8.0625
6.0447 -29.675 7.9184
3.158 -31.3583 9.0664
3.7352 -30.6057 9.2798
8.631 -30.7844 8.4042
10.3752 -28.9289 9.0168
8.9188 -29.9123 8.7358
2.6869 -26.9434 10.0405
2.8775 -31.4333 8.9342
10.0702 -27.6478 9.2109
6.9077 -28.2565 9.3474
10.6554 -29.5946 8.7552
10.6554 -29.8194 8.647
10.6022 -31.4297 8.1673
8.9263 -30.8413 8.3797
8.3509 -29.1638 8.8917
7.4774 -30.5667 8.4575
5.4679 -24.8049 9.681
5.1803 -24.5762 9.909
6.0384 -25.5476 9.6596
6.622 -26.4891 9.9097
4.5963 -24.6651 10.1859
6.6224 -28.8625 8.6915
4.893 -29.7045 9.0662
6.0446 -30.5202 8.864
5.1813 -31.1583 8.8889
5.4689 -31.3725 8.6157
4.0204 -28.5489 10.2945
4.3186 -28.5624 9.4624
2.6882 -28.8418 9.5648
3.158 -29.776 9.4154
3.4439 -29.9539 9.3516
4.0204 -30.4431 9.2003
4.0316 -31.4661 8.9406
10.3755 -31.7809 8.1299
10.6549 -25.7022 9.6034
9.7848 -27.071 10.6821
9.7878 -26.7239 9.4072
8.9257 -27.0634 9.5289
8.3503 -25.4812 9.5835
8.6311 -25.5812 9.5534
8.3503 -25.9843 9.7709
8.631 -26.9455 10.7746
6.9003 -26.2559 9.8734
7.1931 -27.0726 9.9118
10.6551 -27.6066 9.915
10.5961 -27.6218 9.9097
8.9189 -27.6108 9.8918
10.5962 -27.4792 9.1448
10.0702 -28.1349 9.4943
9.2038 -27.7128 9.3745
9.7879 -28.1801 9.1094
8.0585 -27.2059 10.7148
7.7711 -27.3495 9.7616
8.0588 -27.7023 9.6462
6.9004 -28.2461 9.712
8.0588 -27.2025 9.6307
10.6553 -29.3599 8.8257
10.6554 -30.2311 8.572
9.785 -29.4767 8.836
9.785 -29.9897 8.6048
10.5964 -31.1947 8.3014
10.6022 -31.136 8.2392
10.3754 -31.1409 8.3692
8.343 -29.9724 8.698
6.9079 -29.0949 8.809
6.9004 -30.159 8.6501
7.7719 -30.7168 8.5232
6.9004 -30.4596 8.6937
5.7485 -24.8652 9.8954
5.4679 -24.9126 9.8469
5.1804 -25.1098 9.7964
3.1581 -25.1094 9.9382
4.3112 -25.8346 9.8873
5.7483 -27.9427 10.2897
5.1807 -28.2339 10.2516
5.7567 -27.8178 9.9272
5.7568 -28.4753 9.8842
6.6222 -28.3823 9.2077
6.0444 -28.1106 9.1692
2.859 -27.5961 11.153
4.0205 -26.8985 9.7381
2.6869 -26.8498 9.8991
2.8765 -27.1767 9.9803
3.4545 -27.9631 9.7359
5.1808 -29.1873 10.4722
5.4683 -29.734 10.4846
5.4684 -29.8823 10.1818
6.0445 -30.1098 9.4593
6.3261 -30.2177 8.7878
4.6058 -28.9421 9.0078
4.6058 -29.0955 9.1907
2.877 -29.1819 9.4306
2.859 -29.789 9.5393
2.687 -30.4501 9.4165
4.0316 -31.2314 9.011
4.3112 -31.5673 8.8673
2.8775 -31.6992 8.8349
7.1936 -31.8602 7.9606
10.6549 -25.7214 9.6575
6.9077 -28.0034 8.9505
8.3429 -31.8572 8.0432
3.4542 -25.0057 10.1288
6.622 -27.5148 10.1104
6.0444 -29.9794 9.7518
5.4685 -30.0803 9.8611
4.893 -29.6489 9.0114
4.6063 -30.9994 9.0256
3.158 -31.384 8.9864
4.5958 -29.1951 9.1982
10.0702 -27.6076 9.245
10.6022 -31.8513 8.3582
7.4842 -29.5778 8.8925
8.0528 -31.5071 8.0316
7.4843 -30.5428 8.5527
6.3261 -27.0661 9.9025
6.6129 -28.5941 9.9453
5.4687 -30.7025 8.9481
7.1935 -30.8385 8.4096
8.3504 -26.193 9.7591
2.6653 -31.3291 9.1144
10.5962 -28.569 9.1451
10.3753 -25.2332 9.2722
10.0703 -24.9356 9.594
8.9256 -25.7658 9.5829
10.6551 -27.6467 9.8809
8.0531 -29.3872 8.9632
3.7347 -27.0414 9.7423
4.3184 -27.5397 9.8682
3.158 -27.0718 9.9778
6.3261 -30.1921 8.8678
5.7481 -31.0232 8.8032
6.0443 -29.6814 10.2932
9.7878 -25.5524 9.6383
10.6551 -27.3147 9.1821
10.0702 -27.8701 9.2019
9.5025 -27.2471 9.2472
7.1985 -27.3802 10.5185
8.9188 -29.6456 8.7922
4.3111 -28.1854 10.2672
3.7415 -28.4848 9.6922
6.6129 -29.7704 10.178
6.0446 -30.6019 8.8602
6.6223 -28.4217 9.1307
6.9081 -30.4387 8.5653
3.7416 -29.8816 9.3744
8.0592 -28.7527 9.0396
8.3504 -26.662 9.8251
4.0312 -26.4113 9.8067
3.158 -30.6867 9.3131
2.8588 -28.5482 9.4846
3.4545 -28.1033 9.7092
2.6649 -25.0974 10.1615
9.7849 -27.1006 9.4485
8.6311 -28.5918 9.1063
6.3261 -30.2459 8.8366
7.1997 -31.8069 7.9632
10.3752 -24.7279 9.6618
9.214 -24.6143 9.6815
10.0703 -25.5475 9.7618
10.3584 -26.6415 9.2796
9.7849 -27.051 9.4662
9.5023 -26.1415 9.5922
9.215 -29.5676 8.7231
7.1934 -29.0395 8.8189
3.4543 -26.0951 10.1081
2.6869 -26.2089 10.0954
4.5958 -28.4035 10.0248
4.893 -29.8328 9.1224
2.8591 -30.9818 9.2416
3.158 -31.6011 8.9479
8.0584 -26.9528 11.0021
8.3432 -26.5008 9.9222
10.3754 -30.7912 8.3648
3.7346 -26.0252 10.0145
5.174 -29.7921 10.3591
9.214 -27.0498 10.6866
4.6052 -27.2036 9.9571
6.0383 -28.1414 9.2581
5.1806 -26.9696 9.9281
8.0529 -30.5692 8.5843
6.9078 -28.4801 8.9468
10.3585 -27.0751 10.5063
10.3748 -27.2543 10.2011
8.059 -28.235 9.2626
2.6718 -30.512 9.3905
5.1739 -27.2309 9.9055
6.9079 -29.3835 8.9356
2.665 -28.4332 10.5265
8.9264 -30.9666 8.2857
6.3336 -28.221 9.8112
6.3339 -31.2905 8.4302
9.5027 -28.9894 8.9475
2.6881 -30.9304 9.3253
3.7416 -27.9893 9.6634
3.7353 -31.71 8.8699
9.2144 -27.1108 9.4026
8.631 -26.9383 10.8657
3.4542 -25.1909 10.0762
6.9004 -28.6879 8.8809
8.3432 -27.0843 10.7038
2.6716 -31.5048 9.0778
8.3431 -28.1812 9.266
6.9004 -28.0127 9.8468
6.9004 -31.645 8.0305
2.687 -30.6219 9.3824
3.7346 -26.3459 9.927
5.1808 -29.0676 10.3893
7.1994 -30.6332 8.543
10.5963 -29.0153 8.985
8.9188 -31.4851 8.1421
3.4439 -28.1999 10.4191
10.3593 -31.2611 8.2391
2.6882 -28.8927 9.6115
3.4438 -30.8684 9.2143
5.1808 -28.8748 10.2834
6.3261 -26.6578 9.9211
8.9264 -31.3009 8.2013
2.8591 -31.7018 8.9127
5.1739 -28.2345 10.3576
2.859 -30.5572 9.3564
9.2038 -27.4127 9.3524
9.2147 -28.2819 9.1502
9.4935 -29.5709 8.7931
8.351 -29.2984 8.814
8.6343 -30.9912 8.228
8.0529 -31.1425 8.1879
7.1985 -24.9951 9.5386
8.6311 -27.1712 9.5905
7.1933 -28.4242 8.9354
6.9079 -29.1719 8.7971
5.1739 -26.7717 9.8776
5.181 -30.0809 9.9671
9.4935 -26.7806 9.5797
6.6221 -27.9873 9.8919
3.4439 -28.9155 9.8754
3.4439 -29.7726 9.3694
2.6652 -29.4168 9.5347
9.2141 -27.2756 10.6215
8.9255 -24.8693 9.7096
6.6222 -29.7846 10.0814
6.9076 -28.0184 9.7021
6.9076 -28.2155 9.5666
10.6022 -30.5063 8.3097
8.9188 -30.7738 8.4445
8.053 -29.6399 8.8824
4.3181 -25.0831 10.0919
2.6884 -24.8025 10.1164
2.8761 -25.0177 10.0976
4.0205 -26.5873 9.8419
2.8765 -26.8817 9.9877
8.9188 -29.8004 8.8114
9.7851 -30.6249 8.3572
5.4678 -24.6385 9.9942
6.0446 -29.8806 8.6685
3.4546 -28.5887 9.4509
8.0533 -26.8726 11.0353
9.5027 -29.4315 8.8009
3.7416 -30.7939 9.1298
9.4935 -27.7519 9.3335
6.3261 -31.5442 8.369
5.1739 -28.3093 10.2383
2.8591 -31.7745 8.9142
10.0703 -26.0785 9.7483
8.9188 -26.9463 10.9384
8.6335 -24.3989 9.8731
7.4778 -25.1869 9.6325
8.3432 -26.7873 9.9413
7.1986 -26.3516 9.9393
6.9073 -26.572 10.0376
10.6023 -28.3614 9.1359
9.5025 -27.2168 9.3191
9.2038 -27.8555 9.2485
8.9259 -28.0613 9.2461
6.9075 -27.2535 9.8288
6.9074 -27.4514 9.9643
10.3588 -28.8197 8.9875
8.926 -28.8044 8.9365
8.9189 -29.1172 8.9345
9.2151 -30.3222 8.5374
8.343 -30.3584 8.4749
7.1936 -31.0834 8.3985
7.1996 -31.4794 8.1632
6.3261 -25.5303 9.6275
6.3335 -25.5412 9.5445
3.4439 -25.3563 10.1393
2.8766 -27.4521 9.8973
5.174 -28.9652 10.3373
5.1813 -31.0941 8.8607
4.5954 -31.614 8.6807
3.7349 -28.6525 10.1476
4.0314 -28.8496 9.3437
3.4439 -29.1066 9.6673
2.6717 -30.6976 9.3593
3.7416 -31.7614 8.9187
9.7879 -28.8697 9.0804
8.6341 -29.2057 8.8679
10.0703 -24.1934 9.4906
10.0703 -26.0147 9.5136
10.3585 -26.7646 11.0878
10.6551 -27.0712 10.8328
8.9188 -26.9497 10.8821
8.919 -26.5812 9.7263
7.4778 -24.8688 9.6208
8.6311 -25.3533 9.5113
6.9073 -25.4689 9.5993
8.6337 -26.599 9.5367
7.4836 -26.9867 10.8118
10.6551 -27.2497 10.2299
10.3585 -27.3888 9.1844
10.6552 -28.01 9.432
10.6552 -28.2912 9.1935
10.6553 -28.6217 9.1437
9.785 -28.4934 9.1651
8.0533 -27.1513 10.896
7.7676 -27.2406 9.8251
6.9075 -27.8208 9.8161
7.4776 -28.4847 9.0196
6.9004 -28.3264 9.4157
10.6553 -29.1633 8.9827
8.9188 -29.4476 8.8848
10.0702 -30.6472 8.4338
10.6022 -30.8953 8.237
10.6556 -31.3943 8.1605
9.4935 -30.3477 8.5832
7.4842 -29.9669 8.82
7.7678 -30.193 8.7388
7.7718 -30.2957 8.5817
8.0529 -30.7069 8.4288
7.7679 -31.0907 8.2202
6.6128 -24.6012 9.874
6.3261 -24.9092 9.8995
6.3261 -25.3897 9.6328
5.7484 -25.3577 9.7738
4.5963 -24.8002 10.1296
3.4439 -24.8167 10.1794
3.4439 -25.0501 10.0446
4.6051 -26.4452 9.7216
2.8587 -25.7021 10.2157
6.6129 -27.5805 10.1183
6.0443 -28.1704 9.8948
4.3111 -27.8284 10.582
4.0313 -26.9611 9.8259
3.7347 -26.7055 9.9691
3.7415 -27.5511 9.7753
3.4544 -27.5603 9.8054
2.8588 -27.5709 9.8861
2.8766 -27.6111 9.9032
6.0445 -30.1795 9.5386
6.0446 -29.893 8.607
4.5958 -28.9006 9.6833
4.6057 -28.8711 9.5484
6.6129 -30.4549 10.3472
6.0383 -31.3829 8.5477
5.7573 -31.5583 8.5058
5.748 -31.732 8.6
4.8869 -31.4061 8.6986
3.7351 -29.8075 9.3282
3.7416 -30.0043 9.3795
2.877 -29.2588 9.4187
2.6869 -29.4368 9.6106
3.158 -30.6371 9.3308
2.6881 -30.9607 9.2535
4.319 -31.0499 8.9603
4.0316 -31.3045 9.0339
6.6226 -31.3448 8.3879
8.6343 -30.5794 8.3028
4.596 -26.8609 9.8624
8.3506 -27.854 9.7127
8.9189 -27.0874 9.6077
4.3184 -26.6103 9.7098
6.9004 -28.5926 8.8817
7.4837 -26.7196 9.9343
5.4682 -28.262 9.9877
10.0703 -26.1331 9.5321
10.5961 -26.6058 9.5191
10.6551 -27.0363 9.1148
9.2039 -26.3991 9.7535
8.9257 -26.5615 9.6341
7.1984 -24.532 9.5453
8.3502 -25.1806 9.7678
10.3748 -27.327 10.2026
10.3749 -27.6352 9.9486
10.6023 -27.6598 9.0198
10.6552 -28.186 9.1565
9.7879 -27.9937 9.0976
8.926 -28.6073 9.0721
8.6311 -27.793 9.7961
7.4836 -27.1299 10.7074
6.9004 -28.1431 9.7823
8.3506 -27.9498 9.5054
10.3753 -29.5355 8.699
9.785 -29.2407 8.842
10.6022 -30.5071 8.3526
8.0532 -28.7104 8.9523
7.4842 -30.1186 8.6889
8.0529 -31.1211 8.2546
5.1739 -25.1766 9.8109
5.1805 -25.817 9.7356
3.4542 -25.0404 9.8155
2.8585 -24.4485 9.9729
3.4542 -25.2075 10.0014
4.8927 -26.9969 9.9127
4.0313 -28.4485 10.1834
2.665 -28.0403 10.862
3.4439 -28.0914 10.6665
2.665 -28.2951 10.6606
2.665 -28.4408 10.4569
3.4544 -27.3171 9.9024
4.0313 -27.9718 9.731
4.3112 -28.4776 9.4466
3.158 -28.4664 9.5526
2.6651 -28.5155 9.6534
6.6129 -28.7925 10.1022
6.0383 -29.2722 10.3863
4.5958 -28.7651 9.7182
4.5957 -29.5414 9.0308
6.0383 -30.3045 9.5618
6.334 -31.3209 8.3584
6.334 -31.6655 8.1052
5.7573 -31.3424 8.6088
4.0313 -28.9201 9.922
3.735 -29.3389 9.2839
4.3189 -30.4783 9.2143
3.4439 -30.3481 9.3085
3.7352 -30.4689 9.2502
4.0317 -31.5982 8.734
2.8591 -31.7432 8.9431
7.4773 -31.8774 7.9283
8.6339 -27.6289 9.2679
3.7345 -25.0697 10.1429
9.2039 -24.3006 9.4998
9.7878 -26.3387 9.445
8.6335 -24.7563 9.8079
6.9073 -24.2119 9.1848
6.9003 -25.2101 9.5761
8.6311 -26.0473 9.6969
8.6337 -26.5622 9.5145
8.3432 -26.8984 9.8227
10.0702 -27.6085 9.2879
8.3432 -27.8433 9.8416
7.1987 -27.609 9.9194
8.3506 -27.878 9.5468
7.4776 -28.1835 9.6173
6.9004 -28.3803 9.3846
9.4935 -28.7805 8.9999
8.9261 -29.1627 8.9143
8.9188 -29.5729 8.7907
8.9188 -30.3728 8.6001
8.3431 -28.8618 9.0139
8.053 -30.1845 8.6437
6.9079 -29.1595 8.8586
7.7718 -29.9665 8.6958
8.0529 -30.8941 8.2554
8.6344 -31.5051 8.0399
7.1995 -31.1014 8.3379
7.1936 -31.1347 8.2385
5.7564 -24.4205 9.8904
5.1805 -25.7755 9.7053
2.8761 -24.9458 10.139
3.7346 -25.9372 10.1522
3.7415 -26.3086 9.8629
5.4682 -28.0268 10.0366
4.8872 -28.2845 10.3833
3.4439 -28.0905 10.6235
3.4439 -28.1255 10.5599
3.7347 -26.8247 9.8024
5.7569 -30.0145 9.8752
5.1812 -30.6666 9.0533
4.8931 -31.2407 8.9069
5.1741 -31.4068 8.6983
4.6065 -31.5847 8.7746
4.0315 -29.6332 9.2496
3.4439 -28.5573 10.1258
2.6651 -28.6622 9.7208
2.6882 -28.6332 9.5767
3.4439 -29.313 9.548
3.4439 -29.2763 9.5258
2.6881 -30.0873 9.3995
4.3189 -30.1935 9.281
4.3112 -31.3616 8.8015
3.7416 -30.4481 9.3187
10.0702 -26.9586 10.6085
9.4935 -26.7002 9.6479
8.6311 -29.2023 8.9817
6.3335 -25.578 9.5667
6.6223 -28.644 8.8937
10.3749 -27.495 9.9752
8.6339 -28.2788 9.2945
3.1581 -25.8525 9.8566
2.6883 -26.3378 10.1421
5.7567 -28.2205 10.0856
6.0383 -29.5822 10.6743
6.0445 -30.1025 9.5504
3.7351 -30.2573 9.3399
8.0529 -30.7906 8.3043
6.0441 -25.0793 9.7247
4.8931 -30.7306 9.0602
4.8926 -25.4517 9.8491
4.6064 -31.5176 8.8242
5.1812 -30.4973 8.9882
2.6724 -27.4351 9.9294
7.1991 -29.2522 8.9709
6.9075 -28.0158 9.8013
6.9004 -27.9751 9.7817
6.0384 -26.0812 9.7749
8.0596 -30.7835 8.41
5.1806 -26.0624 9.746
8.3432 -25.9599 9.6699
3.735 -29.2128 9.3351
4.5955 -31.2049 8.8844
5.1813 -30.8727 8.9126
8.926 -29.0781 8.9958
8.9189 -29.118 8.9775
3.735 -29.1227 9.5935
3.7352 -30.9717 9.1879
3.4439 -30.4075 9.3285
2.6722 -28.3008 9.6249
2.6869 -25.6125 10.2444
3.735 -29.0283 9.8653
10.5965 -31.691 8.1449
6.9004 -28.5623 8.9536
8.6311 -29.5909 8.8875
2.6869 -28.0815 9.7308
6.6224 -30.0476 8.6915
9.4935 -25.6669 9.7453
4.6062 -30.8823 9.0715
8.3509 -29.2416 8.9228
6.6128 -24.4635 9.8015
3.735 -29.3984 9.3039
7.7722 -31.5364 7.9522
6.0442 -26.7185 9.9512
9.2153 -31.2107 8.2309
4.319 -31.1337 9.064
9.4935 -30.4097 8.504
9.4935 -31.2951 8.2748
2.6649 -25.2962 10.1118
8.6341 -29.8244 8.6953
7.7717 -29.9263 8.7299
2.6653 -31.5403 9.0033
2.6653 -31.5946 8.9937
4.0313 -26.7114 9.8289
2.6651 -28.7396 9.7304
6.9004 -29.6623 8.7851
6.9079 -29.5323 8.8823
6.3338 -30.3251 8.7486
9.2037 -28.9589 9.0236
2.6881 -30.4609 9.4661
8.0532 -28.8019 8.9863
4.3189 -30.2376 9.2121
6.9004 -27.0965 9.8982
2.8769 -28.9348 9.5624
2.6869 -28.9939 9.7144
10.3752 -28.3581 9.0858
4.3112 -30.4066 9.1794
6.9073 -26.2744 9.9162
4.6051 -26.8201 9.8526
8.9189 -27.0199 9.6358
7.4837 -27.3925 10.4364
4.0316 -31.0326 9.0606
2.8771 -29.9318 9.4646
5.7484 -25.4201 9.716
4.3182 -25.3447 10.006
5.748 -31.6131 8.5601
2.687 -29.8622 9.5387
9.2154 -31.5891 8.0777
2.859 -29.6509 9.4453
5.1809 -29.7495 10.4299
3.7415 -27.6969 9.7997
6.3261 -27.5664 10.1674
5.1813 -30.7773 8.9133
10.3593 -31.1222 8.3302
10.3752 -28.7583 9.1153
6.9004 -31.3355 8.2202
4.0316 -31.0591 9.0236
6.334 -31.7908 8.2392
6.3334 -24.9495 9.7014
8.9189 -27.3144 9.3788
2.687 -31.5984 8.9379
8.0586 -26.8066 9.8159
2.8588 -27.6474 9.8527
6.0383 -30.987 8.733
8.0532 -28.1748 9.1858
10.3752 -27.2893 9.2252
10.6022 -29.921 8.5609
9.215 -29.7715 8.7032
6.6129 -27.8634 9.9657
7.1929 -24.4752 9.6852
6.9083 -31.5285 8.1098
3.7346 -26.1368 9.9174
4.596 -27.3784 10.7582
10.6022 -30.7068 8.3459
8.0534 -26.7671 9.8579
2.8587 -26.5174 10.1142
6.9082 -30.8897 8.4134
8.343 -31.0851 8.2613
3.7415 -25.7443 10.0259
9.2036 -30.8655 8.3237
2.8588 -27.4182 9.9742
9.788 -30.768 8.4079
6.3334 -25.1923 9.583
10.3589 -29.24 8.8858
4.3112 -26.0441 9.9183
6.0448 -31.8388 8.2656
2.6728 -25.0977 10.2149
10.6023 -26.6064 9.4763
10.5965 -31.871 8.2908
10.3753 -29.2542 8.9375
4.0204 -30.2093 9.3137
4.0204 -30.3401 9.2707
2.6882 -27.9654 9.7886
8.6311 -29.269 8.9106
8.3431 -28.9746 8.9813
6.0447 -30.9311 8.7462
9.788 -30.4418 8.4442
5.7485 -24.4624 9.9652
4.5961 -26.0925 9.8174
9.788 -31.4281 8.2657
4.3186 -28.5274 9.5261
5.7567 -26.8263 9.848
2.687 -30.1375 9.4558
4.0204 -30.8813 9.0884
4.6059 -29.5158 9.0893
6.6225 -30.473 8.6197
7.4777 -25.8864 9.8692
10.3588 -28.8215 9.0734
10.3589 -28.9805 9.0792
2.6882 -28.5845 9.6374
4.3111 -28.6671 10.0648
9.7851 -31.3436 8.1919
4.8927 -26.9199 9.9245
10.6023 -29.3687 8.8691
3.4439 -30.5426 9.2722
4.0204 -30.1725 9.2914
4.6052 -27.3297 9.906
4.0204 -31.4264 8.8712
7.1986 -26.5166 10.0178
4.5958 -28.8232 9.6737
2.8587 -26.9992 9.912
6.0446 -30.4172 8.9343
4.3111 -27.1344 9.9402
4.0204 -31.1562 8.9839
2.8587 -26.3844 10.0498
4.3112 -30.1539 9.2602
10.6022 -29.5307 8.7972
5.1812 -30.44 9.0755
8.9261 -29.6698 8.8388
4.3189 -30.5595 9.1891
8.9189 -27.9338 9.249
10.3754 -30.733 8.4093
2.8587 -27.0484 9.8728
8.9264 -31.3544 8.1487
4.0315 -30.5773 9.2258
10.3591 -30.1568 8.421
7.4779 -24.7037 9.5424
4.8927 -26.1153 9.6506
10.3594 -31.5014 8.2197
2.6881 -30.7816 9.3787
6.6128 -31.0805 8.5082
4.0315 -30.2887 9.3273
9.785 -28.8217 9.008
5.7566 -26.533 9.9414
8.9188 -29.8452 8.7854
8.6338 -27.8508 9.4656
6.9083 -31.6777 8.0779
7.768 -31.1429 8.1032
2.6869 -28.2807 9.7026
7.771 -27.2935 10.5976
4.5958 -28.4142 10.3336
7.7709 -26.9938 10.825
8.343 -31.0881 8.1835
8.3513 -31.1015 8.1426
2.6881 -31.7085 8.952
4.8926 -24.8181 9.9542
9.2036 -30.7928 8.3222
4.3191 -31.2915 9.0055
4.3191 -31.3086 8.9522
9.7879 -29.3152 8.8775
7.1985 -26.2704 9.9645
4.8927 -25.8814 9.7639
9.785 -29.2416 8.8849
4.0314 -28.6127 9.3067
7.7716 -29.4047 8.9876
3.7352 -31.0743 9.096
6.3261 -28.0097 9.857
4.0204 -29.5992 9.2316
8.9261 -29.4013 8.8092
9.7878 -28.694 9.1493
9.7878 -26.7128 9.5331
8.631 -30.5993 8.4568
4.0313 -27.7474 9.8606
9.785 -28.3519 9.1274
10.3593 -31.0679 8.3399
7.7722 -31.6912 7.9715
2.687 -30.5732 9.4431
6.9081 -30.7734 8.5023
4.5958 -28.5621 10.2373
4.6064 -31.3607 8.9257
8.0585 -27.2841 10.5393
2.6725 -26.8652 10.0413
6.3261 -29.5914 10.6052
9.4935 -31.5357 8.0489
4.3112 -28.7251 9.1081
2.6869 -26.9926 10.0013
8.9188 -31.232 8.2014
6.0383 -31.297 8.5648
9.7879 -28.5157 9.0894
2.672 -27.6862 11.1311
4.0205 -25.4958 9.9836
8.6311 -28.8603 9.1359
6.6225 -30.2246 8.6871
6.6226 -31.3341 8.3072
6.6226 -31.3919 8.2412
8.9188 -31.4304 8.1303
8.6344 -31.5692 8.068
9.2038 -28.0873 9.2558
9.7851 -31.1153 8.3563
9.7851 -30.9785 8.3268
8.0586 -26.521 9.8396
3.4439 -30.313 9.3722
7.7716 -29.1212 8.8906
8.3511 -29.9129 8.6548
6.6227 -31.8793 8.0902
8.343 -31.5835 7.9841
4.8931 -31.0346 9.0476
8.9188 -31.5625 8.1517
2.6869 -28.0375 9.7997
10.3594 -31.4659 8.2619
7.7679 -30.6295 8.5409
7.4776 -28.5595 8.9004
2.6869 -26.6886 10.0139
2.859 -30.2451 9.4171
5.7568 -28.2556 10.0219
2.6869 -27.3761 9.8776
4.6046 -24.6909 10.1044
7.7717 -29.6745 8.8536
5.7481 -29.703 10.663
4.596 -27.2799 9.9245
8.0533 -27.9073 9.6554
6.9004 -29.8795 8.7465
8.0588 -27.6766 9.7262
8.0533 -27.7221 9.708
10.3585 -27.2956 10.1834
2.665 -27.2389 10.0758
6.9005 -31.7421 8.1156
8.3513 -31.0353 8.2352
2.8591 -31.5714 8.9772
8.631 -31.7348 8.246
8.3502 -26.9657 10.9529
2.8587 -25.7055 10.1594
2.8767 -27.9673 9.7736
2.8591 -31.6394 8.9705
4.3112 -27.2062 9.8987
2.8764 -26.5714 10.1344
8.0591 -28.4671 9.0634
7.1933 -28.8902 8.8508
7.1932 -28.1162 9.6456
2.687 -29.4937 9.5018
9.2037 -30.3286 8.4928
6.9004 -27.8255 10.0202
2.6882 -29.1916 9.5692
8.0589 -28.0392 9.4625
8.3432 -26.9343 10.9209
6.9004 -31.0427 8.3351
7.7718 -29.9951 8.7661
8.634 -29.1078 8.9679
4.3182 -25.225 9.9231
7.7679 -31.0925 8.3061
6.6225 -30.438 8.6833
6.6128 -30.4128 8.7204
9.7848 -26.1006 9.6243
4.5961 -26.155 9.7597
2.6881 -30.4203 9.4787
2.8587 -26.6333 10.0039
4.8932 -31.6088 8.6944
2.8775 -31.7728 8.8793
2.6729 -24.851 10.1401
2.6881 -29.6901 9.5203
7.1931 -27.1936 9.831
3.7415 -26.7627 9.8614
2.6883 -26.2591 10.068
10.6022 -30.1724 8.4157
10.5964 -30.5559 8.3772
9.2038 -28.3566 9.1002
2.6882 -28.7153 9.5945
2.687 -30.5766 9.3868
8.0528 -31.5836 7.9982
7.1932 -27.7498 9.9442
4.606 -29.8844 9.1263
5.7485 -25.1028 9.7472
2.6869 -27.2991 9.8894
8.634 -28.5939 9.156
3.4546 -29.0593 9.8308
8.0597 -30.9353 8.2789
2.859 -30.671 9.3667
3.4545 -27.787 9.7833
9.5031 -31.8575 8.1716
2.687 -31.1132 9.1964
8.3432 -26.8578 9.8354
4.3112 -30.3211 9.2179
2.859 -30.4085 9.4097
2.859 -30.1498 9.4179
2.8772 -30.3217 9.4349
2.8591 -30.833 9.2949
4.8927 -27.1136 9.8453
10.3585 -26.8975 10.9241
2.8772 -30.4218 9.4423
8.3512 -30.5179 8.4794
7.7711 -27.078 9.8097
8.6341 -29.9745 8.7064
6.0384 -25.3736 9.5863
4.8873 -25.2257 10.022
4.3183 -26.2708 9.7646
10.5963 -29.456 8.7738
9.2144 -27.3574 9.4774
2.687 -28.4235 9.5767
4.3112 -28.649 9.1629
5.7573 -31.4865 8.5473
8.3513 -31.1896 8.233
8.6342 -30.5414 8.4443
4.8927 -26.7138 9.8372
8.0591 -28.5389 9.0219
7.768 -31.794 7.966
9.2039 -26.3982 9.7106
6.6225 -29.273 8.0962
4.6052 -27.2207 9.9038
4.3112 -30.1031 9.2136
6.3261 -25.1922 9.7469
6.3261 -26.9122 9.9262
6.3339 -30.638 8.7309
2.6651 -27.6673 9.9261
3.4546 -29.0401 9.7767
6.9074 -26.9016 9.9451
8.0596 -30.7104 8.3871
2.6652 -30.029 9.4961
4.3112 -29.0517 9.0932
10.6023 -26.6641 9.4103
4.3112 -29.8063 9.1352
6.3261 -31.0261 8.5706
7.1929 -24.3602 9.6105
10.0702 -29.829 8.6133
9.785 -29.3087 8.8353
6.0442 -27.8489 9.9393
6.9005 -31.9199 7.926
8.9188 -27.2929 10.5643
6.0384 -24.8687 9.7694
5.4681 -26.3009 9.784
2.6881 -31.6644 9.0208
7.1991 -29.0825 8.8843
3.7415 -25.5237 9.8927
9.2039 -24.3814 9.4531
9.4935 -26.7032 9.5701
8.0586 -26.2242 9.7611
10.6551 -27.117 10.8498
8.9188 -27.1609 10.771
10.0702 -28.2284 9.1796
6.9077 -28.3116 9.1526
10.6553 -28.8115 9.0992
9.2147 -28.7073 9.0785
9.7851 -31.2406 8.2623
7.7716 -29.2456 8.9817
6.0384 -25.4215 9.7107
4.6047 -25.0116 10.017
4.3181 -25.3002 10.0534
4.3182 -25.1032 9.7328
3.7346 -26.2882 9.9929
2.8763 -26.1088 10.1626
2.6869 -26.0781 10.1384
2.6883 -26.292 10.125
4.8928 -28.5283 9.9733
2.665 -27.9945 10.845
4.0205 -27.238 9.9113
3.158 -26.9496 9.9942
6.3262 -29.4039 8.0631
6.6129 -30.4861 10.3183
4.6065 -31.8379 8.7154
3.7415 -29.0808 9.7499
4.0204 -28.806 9.0815
4.0204 -31.529 8.7794
8.9188 -29.1638 8.9945
6.6223 -28.9369 8.7789
5.1814 -31.3519 8.8096
9.502 -27.0131 10.729
10.3752 -26.7206 9.4015
8.6311 -25.4303 9.4994
9.5024 -27.9803 9.5842
10.6551 -27.4053 9.1731
10.0702 -27.2943 9.2414
9.2147 -28.5764 9.1214
7.4776 -27.9283 9.7973
7.1988 -27.9105 9.778
9.4935 -29.8864 8.6759
10.6022 -30.806 8.3104
10.0702 -30.8712 8.2826
10.0702 -30.9217 8.3078
9.4935 -30.9543 8.2653
9.7851 -31.3761 8.2274
9.2154 -31.3488 8.0969
8.634 -28.7632 8.9931
8.3431 -28.8878 8.9554
7.4841 -28.8659 8.9451
7.1994 -30.4382 8.5578
7.1997 -31.7449 8.0425
6.6128 -24.7936 9.7302
5.7485 -24.8972 9.6814
4.8927 -25.7621 9.7024
3.7416 -24.7832 9.875
2.8763 -25.7889 10.0649
5.7483 -27.9136 10.1979
4.6049 -27.0072 11.0478
6.0443 -27.9024 9.8867
5.1739 -26.8444 9.879
5.4681 -26.8571 9.8973
3.158 -28.1462 9.6615
6.6129 -29.6341 10.398
4.6057 -28.845 9.6069
6.6225 -31.0006 8.4345
6.334 -31.739 8.1496
5.7572 -31 8.7414
2.877 -29.2687 9.4565
3.158 -29.5622 9.3976
2.6652 -29.3685 9.617
4.0315 -30.5106 9.2969
6.0442 -25.5958 9.6654
3.4439 -28.2952 10.4184
10.3589 -29.1558 8.9888
6.9004 -27.2132 9.8308
7.1932 -28.1913 9.3198
10.3753 -29.7078 8.6864
10.0702 -26.9595 10.6514
9.5019 -26.9117 11.1133
6.9072 -24.3214 9.6646
8.6311 -25.048 9.4596
10.3586 -27.942 9.1471
9.5026 -28.2489 9.1577
8.3505 -27.7869 9.7623
10.0702 -31.0359 8.3396
6.0384 -24.4869 9.751
5.7569 -28.1222 9.2518
3.4439 -27.8789 10.7132
5.4684 -30.0029 10.0796
4.8871 -30.0287 9.9618
2.6882 -29.3211 9.4618
8.6311 -24.4663 9.8826
8.6336 -27.0962 10.7919
6.0442 -25.1503 9.4122
10.0702 -26.7056 9.5489
9.5023 -26.6045 9.5856
6.9072 -24.5236 9.5587
8.9257 -27.4409 10.0169
9.5025 -28.1317 9.2036
9.788 -29.8625 8.5398
4.893 -28.6481 8.9159
9.5023 -25.6631 9.51
10.0702 -26.9237 11.1283
9.5019 -26.9724 10.9696
8.9257 -26.7162 9.6533
7.1984 -24.4863 9.5282
8.3432 -27.0403 10.7727
7.7676 -26.4329 9.8571
7.1986 -26.3059 9.9223
9.4935 -27.2887 10.2312
9.7877 -27.6192 9.9003
8.9189 -27.642 9.8629
10.6552 -28.172 9.3601
10.0702 -28.1661 9.4654
10.3587 -28.1875 9.1573
10.3587 -28.2777 9.1269
9.2038 -27.3101 9.4443
8.9258 -27.4666 9.4808
9.2038 -27.744 9.3456
9.2145 -27.7354 9.3027
8.3505 -27.7189 9.7689
7.1987 -27.152 9.7705
6.9075 -27.7101 9.9561
6.9004 -28.1692 9.7238
8.0589 -27.8951 9.524
8.6311 -28.5948 9.0286
6.9076 -28.0987 9.634
10.3752 -28.6676 9.1242
10.6553 -29.1167 8.9228
10.6553 -29.1577 8.9317
10.6553 -29.1838 8.8731
10.0702 -29.8456 8.5385
8.9262 -29.9469 8.6137
10.0702 -31.091 8.3729
9.4935 -31.6978 8.2051
8.634 -29.1339 8.9094
8.3509 -29.1197 8.9605
8.351 -29.5443 8.8458
7.7678 -29.0207 8.9271
7.4775 -29.1953 8.9023
6.9004 -29.2189 8.6393
7.7679 -30.2832 8.7084
7.4774 -30.2183 8.7457
8.0529 -30.7129 8.5013
8.6344 -31.3815 7.9918
7.7679 -31.1365 8.2372
7.1935 -30.4251 8.6267
6.9081 -30.5067 8.5586
7.4844 -31.4663 8.1825
6.0441 -24.7368 9.8573
6.3334 -24.6626 9.6607
6.6128 -25.1595 9.6382
6.0384 -25.0436 9.8856
4.8873 -24.9161 9.9837
6.0384 -25.3856 9.7315
5.7484 -25.4461 9.6575
5.7484 -25.6779 9.6648
5.7566 -26.2213 9.7955
4.8873 -25.4591 9.8871
4.8927 -26.53 9.7261
3.7415 -24.9863 10.0401
3.7415 -25.4245 9.9282
3.4542 -24.7287 9.8977
3.4439 -24.7841 9.6877
3.1581 -25.1492 9.8826
4.3112 -25.7953 9.9643
4.3183 -26.0942 9.7905
4.0205 -25.7929 10.0835
4.0312 -25.8431 10.0044
3.7346 -26.207 10.0181
3.4542 -25.9716 10.06
3.1581 -25.8786 9.7981
5.7566 -26.6933 10.0117
6.6129 -27.7707 10.0953
4.8872 -26.9486 9.8953
4.8872 -27.0854 9.9248
4.8927 -27.3996 9.8431
4.8927 -27.4637 9.8712
2.859 -27.706 10.9701
2.859 -27.9044 10.899
4.0313 -27.0791 9.8229
3.4544 -27.394 9.8906
3.4544 -27.6749 9.8588
3.158 -27.6332 9.8926
3.4439 -27.7218 9.6743
2.8588 -27.9946 9.7283
3.158 -28.4404 9.6111
3.158 -28.5075 9.5615
6.3335 -29.6947 10.394
5.4683 -28.6049 10.1047
4.8871 -29.9791 9.9796
6.3339 -29.6274 7.9133
4.8931 -31.5066 8.8077
6.3338 -30.4794 8.7464
6.3261 -31.077 8.6172
6.3261 -31.6729 8.2186
5.4689 -31.6979 8.5364
4.8869 -31.4518 8.7156
4.0314 -28.8953 9.3607
4.3112 -30.0325 9.3195
4.0315 -29.9975 9.2999
3.4545 -28.801 10.0885
2.8589 -29.4204 9.5023
2.8773 -30.8809 9.2423
9.4935 -28.9584 9.0384
4.8925 -24.6663 10.0853
10.6023 -27.0897 10.2507
2.6723 -27.8511 9.8412
10.3752 -28.5099 9.1827
10.3582 -26.0584 9.4102
10.0703 -26.7086 9.4711
8.9261 -29.7681 8.7603
9.2039 -24.3674 9.6568
9.4935 -24.6403 9.502
10.3752 -25.8198 9.5416
9.5022 -25.7233 9.801
9.5024 -26.9213 9.5331
7.4778 -24.8282 9.6334
6.9073 -25.1286 9.3831
6.9073 -25.4052 9.5927
8.3501 -26.9225 11.0647
6.9074 -27.0085 9.8399
10.6023 -27.1216 9.1244
9.7849 -27.5204 9.3254
8.6336 -27.2471 10.6178
6.9004 -27.8289 9.9639
8.6338 -27.6995 9.3901
10.3591 -30.2842 8.4343
9.7879 -29.5358 8.7827
10.3594 -31.6501 8.1663
10.0702 -31.6993 8.1409
10.3594 -31.8336 8.2558
8.9263 -30.7186 8.3745
8.3431 -29.4094 8.9256
8.6311 -30.1582 8.6466
6.3334 -24.9901 9.6889
5.7565 -24.4859 9.5268
5.1803 -24.4899 9.9045
6.0442 -26.3376 9.7476
5.4681 -26.3735 9.7855
4.5963 -24.7578 10.0563
3.7344 -24.8436 10.1866
3.1581 -25.227 9.9137
2.665 -26.3471 10.2108
6.0383 -27.6573 10.2439
4.8927 -28.1461 10.3895
6.0442 -27.1097 9.7579
5.174 -28.0535 9.9407
4.8929 -28.5001 9.0122
4.0205 -27.5789 10.8331
3.158 -27.1069 9.9142
3.4439 -28.2622 9.6771
5.1808 -28.779 10.2627
4.8928 -28.7186 9.7223
6.6225 -29.1468 8.1473
6.0447 -29.3548 8.0272
6.3261 -29.956 8.6457
4.6057 -28.9134 9.6217
4.893 -29.3056 9.101
5.7573 -31.4857 8.5044
3.158 -29.3352 9.3984
3.7416 -30.867 9.1528
2.6653 -31.047 9.31
4.6046 -24.7499 10.1029
2.665 -25.0841 9.9519
9.7878 -25.0086 9.4636
10.3751 -28.1546 9.3553
9.7879 -29.7731 8.6131
8.351 -29.4177 8.8754
7.4845 -31.318 8.0292
4.0311 -24.9615 9.9704
2.6721 -27.7345 11.0489
10.0703 -24.2421 9.4298
10.596 -25.1941 9.5419
9.5022 -24.5595 9.7343
9.4935 -24.3667 9.4429
10.6549 -25.7697 9.5753
10.596 -25.844 9.5683
10.0703 -26.0694 9.5254
9.7848 -25.7376 9.6385
9.7848 -25.7782 9.6259
10.0702 -26.8647 11.1298
10.3585 -27.0283 10.8811
10.6023 -27.0166 10.4558
9.7875 -26.9001 10.7282
9.7875 -26.9557 10.783
8.9188 -26.9903 10.8695
9.7849 -26.5371 9.6545
7.4779 -24.5969 9.6475
7.1984 -24.2704 9.6312
8.3503 -25.4422 9.6819
8.6337 -25.6195 9.3746
7.1985 -25.0357 9.5261
7.4778 -25.2745 9.4733
6.9003 -25.7163 9.6855
7.7676 -26.3201 9.8897
7.193 -26.1418 9.9172
6.9074 -26.8738 9.9177
6.9074 -26.8866 9.8777
10.6023 -27.2381 10.632
10.6551 -27.1485 10.6143
10.3748 -27.2428 10.3056
10.3748 -27.3189 10.2507
10.6023 -27.8673 9.6277
10.6023 -27.8801 9.5877
10.0702 -27.6023 9.8781
8.9188 -27.2318 10.6865
8.9188 -27.2724 10.6739
9.7877 -27.6273 9.8522
9.5024 -27.7157 9.7479
9.2143 -27.6724 10.0232
10.0702 -27.1378 9.3644
10.5962 -27.5608 9.1411
10.6023 -27.8518 9.0827
10.3752 -27.5073 9.2296
10.3587 -28.131 9.0596
10.0702 -28.0835 9.1982
10.6023 -28.3234 9.2774
10.0702 -28.3588 9.1151
9.7878 -27.7915 9.2035
8.6336 -27.1633 10.7422
7.7675 -27.2129 10.71
7.771 -27.3679 10.4569
8.3432 -27.5418 9.7551
8.0533 -27.5944 10.1294
7.7676 -27.1358 9.8095
7.7711 -27.2807 9.7253
8.3506 -27.9087 9.7245
7.4776 -27.3591 10.6151
6.9075 -27.2616 9.7806
6.9075 -27.9063 9.7776
8.6339 -27.8222 9.3952
8.6339 -27.9646 9.2479
8.0532 -28.153 9.459
8.0532 -28.2197 9.3879
7.4841 -28.4093 9.0458
7.7678 -28.5132 8.9813
7.4776 -28.5574 9.0211
7.1989 -28.3111 9.373
7.1933 -28.5615 8.9864
10.6023 -28.7197 9.1136
10.0702 -28.6893 9.0654
10.0702 -28.9347 9.0757
10.6553 -29.0906 8.9813
10.3589 -29.1152 9.0014
10.0702 -29.2857 8.9163
10.6554 -30.17 8.4661
10.6554 -30.2662 8.5083
9.4935 -29.1392 8.9991
9.2147 -28.8582 9.1325
9.2149 -29.2653 8.8216
9.2037 -29.4086 8.8072
9.2037 -29.6092 8.8434
8.9261 -29.7091 8.7618
8.9262 -29.9118 8.6774
8.9262 -30.2235 8.5952
10.6022 -30.5422 8.289
10.3591 -30.4083 8.5039
10.6555 -30.8407 8.4044
10.6555 -30.8441 8.3481
10.6022 -30.8872 8.2852
10.6022 -30.8316 8.2304
10.3755 -31.4213 8.0878
10.6556 -31.6085 8.1996
10.6556 -31.7176 8.2018
10.3755 -31.5526 8.0663
10.3755 -31.6578 8.1033
9.5029 -30.5509 8.4588
9.4935 -30.6675 8.4528
8.9187 -31.8575 8.1442
8.0532 -28.7869 8.919
8.6341 -29.4499 8.8138
8.3431 -29.3735 8.9463
8.6341 -29.8962 8.6539
6.9004 -28.7307 8.7476
7.7679 -30.2456 8.6432
7.1934 -29.6171 8.8654
6.9004 -30.0159 8.7546
8.6311 -31.0481 8.1975
8.3513 -31.0481 8.1952
8.631 -31.3214 8.2351
8.6344 -31.6722 8.2258
7.4844 -31.0375 8.3105
6.9004 -31.4787 8.1157
6.3334 -24.6412 9.7273
6.0441 -24.7535 9.7825
6.0441 -24.4893 9.5115
6.6219 -24.823 9.4706
6.6128 -25.0655 9.7034
6.6219 -25.056 9.5425
6.6128 -25.2206 9.516
5.7565 -24.3778 9.5676
5.7565 -25.1589 9.8008
5.7485 -25.0425 9.6843
5.4679 -25.1063 9.7676
6.0442 -25.4068 9.5247
6.0384 -25.4788 9.6233
6.3261 -25.9399 9.6733
5.1805 -25.4382 9.6394
4.8926 -25.615 9.8417
5.1806 -25.9286 9.6386
4.8927 -26.0422 9.6276
4.8927 -26.6322 9.8409
4.0206 -24.7467 9.7646
4.3112 -25.1194 9.9963
4.0206 -25.1661 9.8482
3.7345 -25.4027 9.9939
3.4541 -24.6466 10.108
3.4439 -24.8086 10.2276
4.0312 -25.702 9.9881
3.7346 -26.0043 10.1026
4.3183 -26.184 9.7387
4.0205 -26.3701 9.8804
3.7346 -26.5126 9.8632
3.1581 -25.7644 9.9943
2.8763 -26.1511 10.0078
6.3261 -27.7066 10.1407
4.6049 -27.0688 10.9471
6.0384 -26.8962 9.8798
6.0384 -26.9368 9.8672
6.0442 -27.1247 9.8253
6.0443 -28.3081 9.7393
5.7569 -28.0333 9.3466
5.7569 -28.0461 9.3066
2.6649 -27.4333 11.3865
4.3111 -28.3466 10.3804
2.665 -28.4395 10.3925
4.3184 -26.7381 9.7446
3.1581 -26.6541 9.9801
3.158 -27.2758 9.9578
3.158 -27.5319 9.8208
4.0205 -27.7985 9.783
3.4545 -27.9644 9.5722
3.4439 -28.3019 9.6216
3.158 -27.9799 9.7467
3.158 -28.1249 9.7281
3.158 -28.5336 9.503
6.0383 -29.7668 10.144
6.0383 -29.9562 10.078
5.4683 -29.0413 10.3632
5.4683 -29.2153 10.4365
5.4683 -29.256 10.4239
4.8871 -29.5916 10.573
5.4684 -29.9264 10.1129
5.4685 -30.0324 9.9648
4.8871 -29.9577 10.0463
4.887 -30.0808 9.8448
5.7481 -30.2171 9.5839
6.3261 -30.1228 8.81
4.5958 -28.972 9.6204
4.893 -29.4903 9.0269
4.893 -29.5814 9.0395
6.3335 -30.395 10.4458
6.3336 -30.4032 10.1696
5.4686 -30.3942 9.4302
6.0446 -30.4065 8.8536
4.887 -30.6811 8.9981
4.887 -30.7948 9.0084
4.8931 -31.0752 9.035
4.6063 -31.1807 9.0079
4.5955 -31.3135 8.8651
6.6225 -30.8613 8.5041
6.6226 -31.6129 8.1679
6.6226 -31.621 8.1198
6.334 -31.7865 8.0245
5.1741 -31.2495 8.7783
4.0204 -28.7597 10.1619
4.0205 -28.5979 9.343
3.735 -29.2009 9.418
3.7416 -29.2569 9.4744
4.0204 -29.798 9.182
3.158 -28.5926 9.5015
2.6882 -28.9654 9.6129
3.158 -29.0509 9.4866
2.859 -29.6889 9.5319
3.4548 -30.0252 9.3059
2.6652 -29.9892 9.5516
4.3112 -30.6007 9.1216
3.4548 -30.8192 9.2712
3.158 -30.2164 9.4109
2.6653 -30.9217 9.4041
4.3112 -31.413 8.8696
4.0316 -31.2442 8.971
4.0317 -31.6542 8.8103
4.3112 -31.8477 8.5858
3.4438 -31.3878 9.0772
3.7416 -31.5126 8.9646
3.7353 -31.5249 8.9226
3.455 -31.5704 8.9136
3.455 -31.8146 8.8596
3.158 -31.0749 9.1975
2.8591 -31.0729 9.2541
3.158 -31.419 8.9227
10.375 -27.7224 9.7679
10.0702 -31.8375 8.2349
6.3261 -25.4534 9.6394
2.8765 -26.9095 10.0151
4.8871 -29.8317 10.3255
5.4685 -30.2206 9.6064
3.158 -29.3318 9.4547
2.6652 -30.1949 9.3894
7.7677 -28.479 9.088
6.9079 -29.3425 8.9267
8.3513 -31.1165 8.21
5.1739 -24.5956 10.0488
2.6722 -28.3748 9.6907
6.908 -29.947 8.7297
6.9079 -29.6007 8.8971
2.8588 -27.7107 9.8379
6.9074 -27.625 10.0161
10.3752 -27.4295 9.1985
2.6653 -31.0025 9.3574
10.6023 -27.1297 9.3043
4.3112 -29.9949 9.2543
10.6553 -29.4595 8.8116
9.4935 -27.7457 9.9237
10.3752 -28.2204 9.2413
10.3752 -28.4688 9.1739
10.6555 -31.1887 8.3228
3.4439 -26.272 10.0665
4.0313 -28.5298 10.1582
10.3583 -26.1315 9.4331
8.9256 -26.5042 9.7214
8.6339 -28.0368 9.2279
10.3594 -31.8365 8.1781
9.7879 -28.0488 9.1309
9.4935 -25.2671 9.7373
8.6311 -25.3828 9.6246
9.4935 -27.2854 10.5155
9.2038 -27.7637 9.4211
9.7849 -28.151 9.2978
7.7676 -27.9327 9.6968
10.6555 -30.4573 8.5282
9.7851 -30.3283 8.5069
9.4935 -31.8295 8.205
6.622 -26.0347 9.8897
3.7414 -28.1531 10.5898
4.887 -30.3477 9.1256
2.8769 -28.5979 9.518
4.0204 -31.5748 8.7964
10.3584 -26.6826 9.2884
8.6337 -26.6336 9.6797
8.6311 -27.6317 9.6829
10.5964 -30.8014 8.3874
7.4775 -29.7784 8.7718
7.1993 -29.9376 8.7273
5.7484 -25.2901 9.802
5.1739 -24.9589 9.828
4.0205 -26.3717 9.7383
4.0313 -27.0282 9.7763
4.5956 -30.0656 9.1298
5.1811 -30.4781 9.3902
3.4546 -28.8973 9.4465
2.6881 -31.4011 9.0209
4.3112 -29.7798 9.1722
2.6869 -24.7814 10.2356
8.0532 -28.7741 8.959
4.0204 -29.9087 9.27
10.596 -26.0552 9.6852
8.6337 -26.3091 9.8019
8.0534 -26.6435 9.8099
6.0384 -26.8812 9.8124
2.6652 -29.2872 9.6421
2.687 -24.5077 9.9484
10.0703 -25.7463 9.7122
10.3585 -27.0065 10.9262
10.6552 -27.7036 9.7721
9.7879 -28.3605 9.0487
9.2038 -28.0723 9.1885
8.0533 -27.353 10.5405
7.7676 -28.0054 9.6982
8.0532 -28.1808 9.2583
10.3588 -28.8655 9.0045
10.0702 -30.2167 8.4761
8.0592 -28.9156 9.0108
5.7484 -25.4529 9.5449
5.174 -28.4431 10.1176
6.3261 -27.8874 9.8734
2.6651 -27.4822 9.9788
6.6129 -29.4837 10.5935
3.7349 -28.7342 10.1439
4.3112 -28.8209 9.585
2.8589 -28.7034 9.5253
3.158 -30.6221 9.2635
8.9255 -25.2062 9.754
10.3753 -25.3704 9.3232
9.5023 -25.7083 9.7336
7.7676 -26.4111 9.9023
9.2147 -28.6401 9.1281
8.3505 -27.1794 9.5808
7.4775 -29.2505 8.9356
7.7722 -31.8613 8.0796
7.4845 -31.6964 7.8759
6.0443 -29.6331 10.3754
5.4683 -29.6335 10.6838
6.6225 -29.1874 8.1347
6.0446 -30.303 8.9025
5.4689 -31.7752 8.5461
9.7875 -26.8872 10.7682
6.9074 -26.8182 9.8629
10.6023 -27.1181 9.1807
9.2154 -31.7263 8.1288
6.9081 -30.6247 8.5556
3.4544 -27.137 9.9846
5.757 -30.2189 9.4205
6.9004 -31.1838 8.3513
6.0442 -26.6646 9.9823
7.4844 -31.8618 8.2039
10.3746 -26.9829 10.7055
6.9074 -26.5724 9.831
6.9004 -28.2465 9.5054
8.9188 -30.2894 8.518
8.0598 -31.1965 8.1715
6.6219 -25.1116 9.5973
5.7485 -24.8271 9.8088
3.4439 -25.4644 9.8705
3.4439 -25.9843 9.9829
4.8928 -28.3851 10.0778
6.0442 -26.8587 9.9245
6.6129 -28.1776 9.7841
6.0443 -28.3607 9.8719
2.859 -27.7368 10.9198
4.3184 -26.8886 9.7772
2.8766 -27.585 9.9617
4.0313 -27.9261 9.714
4.3112 -28.534 9.3162
4.887 -30.1948 9.6485
5.4688 -31.092 8.897
3.158 -29.4173 9.4162
2.6881 -29.7311 9.5291
4.3112 -30.9397 9.0452
4.0316 -30.9693 9.0754
4.0204 -31.6132 8.6764
6.0443 -29.8237 10.1458
9.5028 -29.467 8.7587
7.1936 -31.5913 8.1377
2.6652 -29.1701 9.6881
9.214 -24.8623 9.5926
8.0584 -26.9357 11.0555
7.4842 -30.1999 8.6637
5.1804 -25.3056 9.8245
6.3339 -31.3666 8.3754
10.0703 -24.4422 9.6726
10.3579 -24.5338 9.4657
9.4935 -24.6831 9.5968
9.7878 -25.9915 9.5694
9.7848 -26.7461 11.011
9.7875 -27.0369 10.7578
9.5023 -26.3958 9.5974
8.6311 -26.1195 9.6768
10.6551 -27.127 10.2248
10.5961 -27.6397 9.6713
10.6551 -27.4729 9.145
9.5025 -27.2159 9.2761
8.6336 -27.1257 10.6771
8.6338 -27.3784 9.456
10.5963 -29.3167 8.8435
9.7879 -29.2442 8.9619
10.6555 -31.1575 8.3516
10.3755 -31.3401 8.113
10.6022 -31.8415 8.3205
9.5029 -30.7591 8.4255
9.788 -31.0305 8.3649
8.6342 -30.1805 8.5657
7.4845 -31.7913 7.8537
5.7566 -25.9631 9.5971
5.1739 -25.6297 9.7662
3.7415 -25.9563 9.9577
4.3112 -26.4823 9.8063
3.1581 -26.1958 9.995
2.8763 -25.8086 10.1404
5.7567 -27.9525 10.0775
5.4681 -27.9644 10.3224
6.3335 -28.5284 9.9704
4.6053 -27.5828 9.8467
6.6129 -29.8016 10.1491
4.8928 -28.8105 9.7778
5.7481 -30.5277 9.0025
5.4688 -31.0155 8.9304
5.1741 -31.3302 8.7316
4.3186 -28.7411 10
4.3112 -28.9154 9.5412
4.3112 -28.6917 9.0296
3.7416 -29.4365 9.3707
3.4439 -29.4323 9.3814
3.158 -29.8064 9.3436
3.158 -30.0599 9.3058
3.158 -31.6875 8.9523
6.0383 -29.6548 10.4476
9.2148 -29.06 9.0052
7.4845 -31.5805 7.9862
2.859 -29.9963 9.463
7.4773 -31.7632 7.8965
10.359 -29.6367 8.7434
10.3753 -29.6492 8.7094
7.1986 -26.6962 9.9142
9.2037 -28.7088 9.0052
2.8769 -29.0977 9.5335
9.2037 -29.0714 8.9695
6.9078 -28.7554 8.8638
6.9004 -31.5916 8.0831
6.9076 -28.0872 9.7384
9.2154 -31.6443 8.111
6.9076 -28.2445 9.4303
6.0383 -29.7621 10.3639
6.0384 -27.0783 9.9049
4.3112 -28.9375 9.0614
2.6882 -29.3899 9.4981
2.8767 -27.7757 9.7322
6.0383 -29.9924 9.8507
2.6723 -27.778 9.8182
6.0383 -29.8523 10.1055
2.6649 -24.5557 10.0942
2.6884 -24.5104 10.0461
7.4774 -30.9049 8.3382
2.6652 -29.961 9.5028
7.4844 -31.253 8.1861
4.3183 -25.9642 9.8764
3.4548 -30.5836 9.2985
2.8587 -26.4037 10.1039
6.9004 -30.7516 8.5358
8.3429 -31.6802 8.0477
9.2039 -24.3511 9.525
2.6716 -31.7279 8.8837
8.3515 -31.7288 7.9435
6.9074 -27.1359 9.8532
6.9004 -27.0858 9.8175
3.4438 -31.4489 8.955
2.6653 -31.2068 9.1308
4.3112 -26.1647 9.8161
6.0447 -30.9615 8.6744
9.2039 -27.0943 10.6662
4.3112 -26.4627 9.7308
2.8588 -27.2506 9.9949
2.8588 -27.0676 9.9268
2.6884 -24.5699 10.0661
10.6024 -25.6971 9.6431
3.7415 -26.6763 9.8569
6.9076 -28.1697 9.5495
9.5025 -28.0552 9.2369
4.5955 -30.7556 9.1222
7.7715 -28.5911 8.9469
7.4775 -29.7442 8.8784
6.622 -26.7794 9.8942
3.7346 -26.248 10.027
9.214 -27.1315 10.6829
5.1807 -27.2817 9.8673
9.4935 -29.1742 8.9354
5.174 -29.8177 10.2792
2.859 -30.1284 9.4845
9.5027 -29.2122 8.9601
9.2039 -27.1272 10.7232
10.6022 -29.6124 8.7935
6.3335 -28.218 9.8889
2.665 -25.4236 10.1251
2.6651 -27.9452 9.7439
2.8588 -28.4991 9.5239
4.3112 -29.5759 9.1923
6.908 -29.8871 8.6882
8.3513 -30.9647 8.341
9.502 -26.8874 10.8015
4.3189 -30.0661 9.2676
2.8767 -27.7813 9.7832
9.2036 -30.96 8.2799
2.6652 -29.5348 9.5318
7.4839 -27.8603 9.7537
5.1814 -31.549 8.6741
5.1814 -31.6029 8.643
7.1935 -30.4794 8.6171
5.1741 -30.9246 8.8792
2.6869 -28.0294 9.8478
9.7851 -30.8349 8.4097
3.7415 -26.2689 9.9185
7.7675 -27.4258 10.4567
10.3754 -24.1404 9.3494
4.8872 -27.0345 9.8782
9.2143 -27.5925 10.1128
3.7353 -31.6236 8.8655
10.6023 -29.3952 8.832
8.0534 -26.5845 9.8114
8.6343 -30.9022 8.3228
9.788 -31.5585 8.2012
10.5964 -30.6278 8.3357
6.0447 -30.7986 8.7033
5.1813 -31.2617 8.84
8.0587 -27.199 9.687
9.2141 -27.3226 10.4749
9.214 -27.1529 10.6163
9.2038 -28.0283 9.2573
8.3513 -31.1469 8.1382
8.0534 -26.9035 9.866
7.1996 -31.3118 8.1839
2.6653 -31.4509 9.0766
2.6881 -29.8299 9.4721
9.4935 -28.7412 9.077
10.3754 -30.7544 8.3426
9.5026 -28.6431 9.1148
9.5023 -26.7503 9.6101
2.8766 -27.3443 9.9595
9.2037 -29.2663 8.9546
8.3502 -27.0051 10.8759
6.6128 -30.6188 8.5796
2.8587 -26.6345 10.0683
10.3583 -26.5074 9.6069
10.3585 -27.2947 10.1404
2.6725 -26.5903 10.1457
2.6716 -31.6377 8.9141
2.8765 -27.1844 9.9107
9.2145 -28.1121 9.5197
4.6058 -28.7578 8.8752
10.3589 -29.4237 8.7687
6.3261 -26.9152 9.8485
6.9074 -26.5386 9.9592
7.1936 -31.6948 8.0888
7.7674 -26.95 10.9596
3.7416 -29.6905 9.3544
6.3261 -26.1063 9.8162
10.6022 -31.7564 8.1524
9.5026 -28.6033 9.1703
6.9072 -24.3381 9.5898
6.9004 -30.5083 8.6329
7.1987 -27.8048 9.9476
9.5024 -27.8362 9.6457
6.9004 -30.6759 8.6121
10.3584 -26.7408 9.472
6.0384 -26.9859 9.828
10.6023 -28.8586 9.0225
8.631 -31.5342 7.9818
10.3591 -30.094 8.4574
2.6649 -24.7558 10.109
7.7713 -27.9964 9.6379
8.9189 -28.3772 9.1666
10.3594 -31.7681 8.1633
7.4842 -30.1738 8.7222
8.343 -29.7146 8.7492
3.7416 -29.5306 9.3055
8.3513 -31.2157 8.1745
9.5026 -28.8137 9.0163
5.174 -30.1651 9.7199
5.7481 -30.6893 8.9092
7.768 -31.3827 8.0624
5.7572 -30.4818 8.9428
10.6023 -27.1155 10.8549
6.3339 -31.1024 8.5606
5.7572 -30.5549 8.9658
8.9189 -26.9532 9.7069
10.3754 -30.5193 8.3915
9.2151 -30.096 8.581
8.9189 -28.7427 9.0532
2.6652 -29.6767 9.591
6.9082 -31.2993 8.2312
6.3335 -29.1064 10.2666
10.3754 -31.031 8.3241
2.687 -30.1063 9.4847
3.455 -31.5576 8.9536
7.4841 -29.1703 8.954
5.7572 -30.9016 8.8199
6.334 -31.3927 8.317
3.7349 -28.187 10.4817
6.9081 -30.5533 8.6186
10.6022 -29.8128 8.6016
9.4935 -28.0191 9.2986
4.5958 -28.5373 10.1322
5.1805 -25.8807 9.7423
2.6869 -26.1555 10.148
4.3112 -31.7152 8.771
2.6882 -29.233 9.5996
8.926 -28.8596 8.9699
8.9259 -28.4914 9.1824
10.3592 -30.6138 8.3416
2.6653 -30.8614 9.3411
5.1808 -29.6961 10.4825
9.2037 -30.397 8.5075
7.7716 -29.5035 8.9306
9.2036 -31.1228 8.251
4.6062 -30.7839 9.15
4.5961 -26.1083 9.6997
2.8768 -28.1887 9.7217
6.9004 -30.6793 8.5559
8.631 -31.1751 8.1893
8.3514 -31.4038 8.0442
9.4935 -28.2145 9.3052
5.1741 -31.1593 8.8087
4.6061 -30.1939 9.1648
6.3261 -26.4359 9.9516
8.6344 -31.6735 8.2902
7.4841 -29.0605 8.9088
7.7678 -29.7851 8.7788
3.4438 -31.7289 8.8801
4.3112 -30.1227 9.2891
7.7678 -30.1297 8.7536
9.7849 -27.5453 9.8867
2.6651 -28.5523 9.6756
7.7678 -29.8574 8.7588
4.3188 -29.291 9.107
4.3188 -29.45 9.1129
3.4543 -26.2478 10.02
5.748 -31.5866 8.5971
8.9189 -29.0142 9.0049
2.6882 -27.0176 10.0753
2.8589 -29.0219 9.5586
3.4438 -31.1616 9.121
9.2143 -26.938 9.6218
2.8767 -27.8399 9.7603
9.2036 -31.7277 8.0752
10.6022 -31.0236 8.2933
7.7678 -28.7035 8.9583
10.6022 -31.5977 8.168
4.3188 -29.6505 9.1492
10.3585 -26.9073 10.9618
6.622 -26.4579 9.9386
6.3261 -31.8858 8.1934
9.4935 -26.8947 10.9585
7.768 -31.8936 7.9519
6.9004 -31.2274 8.2609
7.1935 -30.4785 8.5741
5.7482 -28.3014 10.0608
8.926 -28.5308 9.1054
10.0703 -26.0237 9.7365
10.0703 -26.3114 9.592
9.7849 -26.9352 9.5766
7.4777 -25.8283 9.9137
6.9003 -26.338 9.8911
10.6552 -28.0718 9.1247
10.0702 -27.9155 9.1975
8.3432 -27.0941 10.7416
7.4841 -28.553 8.9629
8.9264 -31.2453 8.1465
8.0594 -29.8647 8.7885
7.1934 -29.2909 8.9018
7.7679 -30.9467 8.2817
7.4843 -30.3435 8.5808
7.4843 -30.4615 8.5778
6.6219 -24.9757 9.6106
4.3112 -25.7354 9.9228
3.7415 -25.9487 10.0274
4.6055 -28.4477 9.9556
6.0444 -29.9353 9.8207
4.887 -30.9548 9.0572
10.0702 -26.836 10.8314
10.6023 -26.8941 9.3318
7.1929 -24.3799 9.686
8.6311 -24.9441 9.487
10.6551 -27.1511 10.7431
9.4935 -27.7145 9.9526
8.0533 -27.4111 10.496
9.5027 -29.1155 8.8964
8.0594 -29.8771 8.727
7.7715 -28.76 8.9906
7.4774 -31.1472 8.1981
5.7485 -24.3735 9.8319
5.1739 -25.5579 9.8077
3.7344 -24.9487 10.2236
5.1808 -28.1514 9.9843
4.8872 -27.2257 9.8981
5.7571 -30.2903 8.9014
6.6128 -31.2232 8.3823
3.7349 -28.8424 10.1031
4.3187 -28.6184 9.3106
3.4439 -29.2916 9.3866
3.4548 -30.0804 9.3392
10.6024 -25.7424 9.6387
10.6024 -25.689 9.6913
7.1934 -30.0596 8.7401
9.2038 -28.3451 9.2046
6.6129 -26.751 9.9677
7.1935 -30.2528 8.6394
9.2146 -28.2147 9.1998
10.3753 -27.4607 9.1696
9.5029 -30.4573 8.3174
7.4841 -29.2819 8.857
6.0442 -29.6271 10.5309
4.0314 -28.9128 9.785
10.3578 -24.0442 9.2816
10.0703 -25.7808 9.3989
10.3582 -25.8271 9.4244
10.0703 -26.0814 9.6706
10.0703 -25.96 9.5018
9.5022 -25.6553 9.8077
10.6551 -26.9221 11.0927
10.3752 -26.4774 9.4985
9.7878 -26.6705 9.4598
9.7878 -26.7483 9.4909
9.2143 -26.4745 9.6069
8.919 -26.5641 9.7797
9.2038 -26.5872 9.6231
6.9003 -25.1614 9.6368
6.9073 -25.5613 9.6764
7.4837 -26.0133 9.8099
8.3432 -26.9608 10.8838
8.3502 -27.038 10.7048
8.0533 -27.0329 10.8775
8.3504 -26.361 9.7598
8.3432 -26.4836 9.7474
8.6311 -26.7168 9.7988
10.6551 -27.2041 10.669
10.3748 -27.1846 10.35
10.5961 -27.6932 9.8467
9.5024 -27.7285 9.7079
10.6023 -27.7372 9.0294
10.3587 -28.2469 9.1773
9.7849 -27.1938 9.3403
7.7675 -27.5596 10.3359
7.1988 -27.9164 9.8506
8.0532 -28.1124 9.4716
7.4776 -28.5108 8.9611
7.1933 -28.5217 8.8139
10.6553 -29.0372 9.0339
8.9189 -28.7166 9.1117
9.4935 -29.4765 8.8368
8.9262 -29.9755 8.6841
10.0702 -30.4587 8.3146
10.6022 -31.5691 8.0976
10.0702 -31.9118 8.0942
9.788 -31.0865 8.2131
8.6341 -29.4785 8.8842
8.053 -30.09 8.6874
6.9004 -29.1372 8.6431
8.6311 -30.3565 8.5754
7.4845 -31.8785 8.1291
6.0441 -24.3687 9.6136
6.0441 -24.6441 9.5307
6.622 -26.6174 9.966
5.4681 -26.4283 9.7973
4.6047 -25.1334 9.9792
2.8585 -24.6418 10.1003
3.1581 -25.1663 9.8293
5.4683 -28.4347 9.9966
4.5958 -28.289 10.4277
5.4683 -28.4565 9.9514
4.0312 -28.3331 10.3152
4.3184 -26.6697 9.7298
3.4544 -27.0049 9.9631
4.3184 -27.2528 9.8275
4.3112 -28.3819 9.654
6.3261 -29.3891 10.483
4.887 -30.0119 9.8086
6.6223 -28.7872 8.7893
6.3261 -30.0963 8.8471
6.3339 -29.1763 8.0651
5.7481 -30.4265 9.3869
4.3185 -28.7129 10.1792
3.7351 -29.7528 9.3164
2.8589 -29.2892 9.5238
2.6882 -29.295 9.5203
2.8771 -29.8125 9.4031
4.0315 -30.4819 9.2265
4.319 -30.9687 8.9855
3.7416 -30.9179 9.1994
3.158 -30.7636 9.3012
2.8775 -31.718 8.8675
7.7678 -28.6569 8.8983
7.1997 -31.6256 7.981
9.214 -25.1825 9.7119
8.631 -30.5275 8.4983
8.0595 -30.5005 8.5626
8.0528 -31.8022 8.2521
9.2139 -24.5245 9.7333
10.3752 -25.4825 9.4758
10.0703 -25.8402 9.4189
10.3752 -26.6445 9.4563
7.4779 -24.3237 9.6099
8.3503 -25.5094 9.6323
7.193 -25.1071 9.494
10.6551 -27.0915 10.267
10.5961 -27.1649 10.2172
10.3749 -27.6074 9.9212
9.5023 -27.6686 9.8945
9.4935 -27.7713 9.8437
9.5025 -27.4019 9.2665
7.771 -27.3794 10.5806
7.1932 -27.6421 10.0064
8.0591 -28.5265 9.0834
6.9078 -28.4361 9.0156
10.0702 -29.0689 8.9764
10.0702 -29.5366 8.7496
10.6022 -31.278 8.2984
10.5965 -31.4704 8.2398
10.3593 -31.3573 8.2812
8.3431 -29.0388 9.0094
7.4841 -28.8304 8.9873
8.631 -30.6814 8.4746
7.4774 -30.6484 8.4538
6.9004 -30.6507 8.4855
7.1995 -30.8726 8.4808
6.0441 -24.8185 9.6255
6.622 -24.8893 9.3781
5.7565 -24.3111 9.6387
4.8873 -24.6464 10.1178
3.7415 -25.4655 9.9371
2.8585 -24.5879 10.1314
4.605 -26.2314 9.7038
3.4542 -26.0002 10.1304
6.3261 -28.492 9.9043
5.7568 -28.5207 9.8797
5.4682 -27.2419 9.8381
4.8927 -26.8314 9.8127
3.158 -26.6866 10.0157
2.665 -26.6682 10.1448
3.4439 -27.8528 10.7717
4.3111 -27.1079 9.9772
4.3111 -27.3892 9.9668
3.4545 -28.1893 9.6922
5.4683 -28.7049 10.1121
5.7481 -30.2478 9.5336
6.3261 -30.065 8.6479
4.6058 -28.6689 8.97
4.0204 -28.8293 10.0131
4.3112 -30.6067 9.1942
3.158 -30.8675 9.2738
3.455 -31.7137 8.8092
10.3752 -24.7407 9.6218
9.214 -24.2753 9.5296
9.7878 -25.6123 9.6798
10.6023 -27.0403 10.9527
9.7848 -26.9988 10.9302
10.3584 -26.6531 9.4032
9.2143 -26.6058 9.5854
8.6311 -26.6275 9.8721
7.4776 -26.673 10.816
7.4835 -26.9388 10.9155
7.4837 -26.4365 9.8588
10.3749 -27.5121 9.9219
9.4935 -27.8213 9.8474
10.6023 -27.7919 9.0413
10.6552 -28.5575 9.1156
9.2145 -27.5383 9.4382
8.0532 -28.0906 9.5168
7.1933 -28.5487 9.0264
10.0702 -28.8171 9.1001
10.0702 -29.2053 8.9845
9.5029 -30.2914 8.424
9.5029 -30.2991 8.3544
9.5029 -30.3585 8.3744
9.788 -30.9202 8.2983
9.4935 -31.2091 8.0638
8.9188 -31.4133 8.1836
5.7485 -24.8895 9.751
5.7484 -26.0832 9.7239
5.468 -25.3838 9.7921
4.8926 -25.5291 9.8587
4.3112 -24.4798 10.0291
4.6047 -25.0894 10.0481
3.7415 -25.1697 9.9016
3.4542 -25.0643 9.8777
3.7346 -26.4489 9.8566
5.757 -30.0936 9.7426
5.174 -29.1303 10.4157
6.6223 -28.877 8.7374
6.6128 -29.8031 8.6599
4.6065 -31.6489 8.8028
6.6128 -31.107 8.4712
6.6227 -31.7433 8.1035
5.1814 -31.6961 8.5349
6.3336 -29.9696 10.2896
10.0703 -26.0361 9.675
9.7848 -25.6765 9.5326
10.5961 -26.989 10.9489
9.5023 -26.4621 9.733
6.9004 -26.7891 9.9672
10.6552 -28.1984 9.095
10.3752 -28.6048 9.1605
9.5025 -27.6157 9.2843
9.5026 -28.4344 9.1266
7.7675 -27.218 10.5115
8.0533 -27.7991 9.6961
8.6338 -27.2553 9.4293
7.7678 -28.5346 8.9147
6.9004 -28.4819 9.0217
10.0702 -28.8949 9.1312
10.0702 -29.0424 9.0134
9.503 -31.3226 8.2197
8.6341 -29.6995 8.8109
7.1992 -29.3651 8.9383
6.9081 -30.3805 8.6097
5.7484 -26.5903 9.8763
2.8761 -25.063 10.0931
2.665 -25.3945 10.0333
4.0312 -26.2291 9.7815
2.6869 -25.8793 10.1881
5.7482 -28.5057 10.0622
4.5958 -28.3266 10.4929
6.0383 -28.4409 9.9215
4.0312 -28.1813 10.4463
4.0205 -27.371 9.9757
5.7481 -29.7487 10.452
5.181 -30.2177 9.7687
5.4685 -30.0906 9.6923
5.4685 -30.1582 9.6642
5.1741 -30.515 9.0615
4.8869 -31.3762 8.7919
5.4689 -31.4584 8.5986
3.7415 -28.6738 10.061
2.6652 -29.1919 9.6429
4.3191 -31.3992 8.9433
3.7353 -31.353 8.9567
4.8872 -26.0952 9.6824
7.7679 -31.1673 8.1868
7.768 -31.4204 8.1275
8.6343 -31.06 8.2643
8.631 -31.0041 8.2663
9.2153 -31.1081 8.3227
10.596 -25.7973 9.5084
8.919 -26.4461 9.7827
8.6311 -25.043 9.658
8.3432 -26.5982 9.8007
10.0702 -27.1917 9.3332
8.6311 -27.1883 9.5372
10.6022 -30.1189 8.4683
10.0702 -31.0623 8.3026
7.1992 -29.4784 8.9272
6.6129 -28.654 9.9867
6.3261 -28.6549 9.8753
6.3261 -29.0505 10.3528
4.5958 -28.6396 8.9
10.0703 -25.2913 9.6709
8.0594 -29.9272 8.7307
6.3261 -25.1421 9.7432
8.3511 -30.0403 8.6682
7.4776 -28.3549 9.3336
9.2038 -28.2766 9.1898
5.1807 -28.2993 10.3441
3.7353 -31.4129 8.9981
2.665 -27.1663 10.0744
3.4439 -29.5704 9.4754
5.174 -28.8421 10.3107
7.768 -31.5101 8.0757
2.6718 -30.5223 9.4497
9.2142 -27.5339 10.1358
10.3752 -28.6266 9.1153
10.0702 -26.6791 9.5859
9.4935 -26.8349 10.9171
9.7848 -26.1493 9.5636
9.7849 -26.8347 9.5478
6.9003 -25.1554 9.5643
8.0586 -26.3722 9.6649
6.9074 -26.876 9.797
10.6552 -27.9613 9.4928
10.6552 -28.012 9.0833
7.1986 -27.5795 10.2623
9.2037 -29.8028 8.7641
10.6556 -31.4726 8.213
8.0599 -31.7113 8.0264
7.4843 -30.7048 8.4809
4.8872 -26.4163 9.8444
4.0312 -24.9743 9.9304
4.6051 -26.0134 9.4713
3.7346 -26.3848 9.8285
3.4543 -26.0673 10.0807
3.7349 -28.3743 10.3084
2.6868 -28.492 10.5038
3.158 -28.1967 9.6867
5.1809 -29.8906 10.2182
4.6059 -29.2563 9.0545
4.8869 -31.3497 8.8289
3.7353 -31.3312 9.0019
9.7878 -25.5858 9.7168
7.1984 -24.4696 9.603
9.4935 -27.2229 10.3452
9.2147 -28.5085 9.1281
7.1987 -27.3076 9.8327
9.2151 -30.055 8.5721
9.2151 -30.1944 8.5025
9.503 -30.7852 8.367
7.1934 -29.4854 8.8655
4.3182 -25.4465 9.8712
2.6721 -27.8046 10.9216
3.158 -31.764 8.9189
9.214 -24.6925 9.734
10.6551 -27.0452 10.8913
8.9189 -27.3501 10.2488
9.4935 -27.6963 9.2788
9.2038 -27.6367 9.4293
7.7711 -27.4423 9.8601
10.5965 -31.8103 8.2064
6.0442 -27.1828 9.7809
3.4544 -27.0362 9.9342
3.158 -27.9876 9.6771
6.3261 -29.6837 10.4541
6.6224 -29.8783 8.6263
4.887 -30.9765 9.012
4.0314 -28.9808 9.5503
4.0314 -29.0402 9.5702
3.4548 -30.0517 9.2689
6.9084 -31.6683 7.8336
10.5961 -27.5166 9.8727
10.3594 -31.6014 8.2271
8.6341 -29.2921 8.8724
7.1933 -28.8714 8.8183
2.665 -25.0486 9.9941
4.5956 -30.7004 9.0889
4.3111 -28.5637 10.3418
3.7352 -30.5326 9.2569
4.3111 -28.6966 9.9501
10.3588 -28.9211 9.0592
3.7353 -31.7681 8.8255
4.596 -27.395 10.6834
4.6046 -24.5216 10.0392
5.7481 -29.7602 10.3476
5.1808 -29.4909 10.6662
5.7573 -31.118 8.7384
2.6882 -26.9722 10.0798
6.9004 -28.3294 9.338
2.6649 -25.1521 10.1733
7.7674 -26.9372 10.9996
8.9189 -29.2527 8.8997
2.6869 -27.3205 10.0508
10.3588 -28.8091 9.1348
5.1739 -25.0094 9.8531
10.3747 -27.1064 10.5255
9.5027 -29.6042 8.8098
2.6653 -31.5437 8.947
9.2151 -30.4813 8.5433
8.3511 -30.1895 8.6364
5.1739 -29.6716 10.6895
9.4935 -26.5724 9.6131
4.3111 -27.4285 9.8897
7.7676 -27.7404 9.8405
10.3588 -28.7885 9.0163
3.4439 -28.5011 9.5934
6.3261 -24.491 9.8804
6.9004 -28.9226 8.8105
3.7415 -26.8358 9.8843
8.3512 -30.4101 8.5416
2.6649 -25.1372 10.1059
7.1989 -28.2671 9.4418
9.4935 -26.8515 10.8423
8.0598 -31.4394 8.053
8.3431 -28.6715 9.037
6.3335 -29.6425 10.511
2.6869 -25.9558 10.1547
5.7481 -29.6915 10.5394
6.3335 -29.5981 10.5584
4.5956 -30.5974 9.1593
9.785 -28.8183 9.0643
10.3588 -28.7672 9.083
3.7416 -30.6054 9.2387
2.6882 -29.1103 9.5944
2.6881 -30.0607 9.4365
2.6881 -31.1676 9.1557
6.9074 -27.1073 9.7829
2.6649 -24.9926 10.146
4.3191 -31.6147 8.8189
8.3431 -28.9255 9.0206
8.3431 -28.4505 9.1104
8.3508 -28.2877 9.1367
6.3261 -30.9599 8.6631
5.7571 -30.3005 8.9606
4.5958 -28.4249 10.4143
5.1739 -26.1 9.6683
2.6882 -27.7696 9.7605
2.6881 -31.6499 8.9749
9.5028 -29.8326 8.6454
9.788 -30.2152 8.4664
7.4837 -24.4053 9.5544
4.6064 -31.3825 8.8805
9.2037 -29.6848 8.7671
3.4543 -26.6189 9.9579
8.3508 -28.3428 9.17
6.6226 -31.7129 8.1753
10.6023 -29.3764 8.7995
10.3589 -29.3827 8.7598
9.2146 -28.1531 9.3005
8.3431 -28.7442 9.0384
10.3753 -27.5235 9.1333
9.7879 -27.977 9.1724
10.3584 -26.6031 9.3995
9.788 -30.3464 8.445
7.4775 -29.6886 8.8237
10.3752 -27.2486 9.2378
10.3751 -26.0238 9.7497
9.7849 -27.6061 9.9711
8.3505 -27.0049 9.714
4.0205 -25.8609 10.0768
7.4774 -30.0007 8.7628
9.785 -29.2694 8.9123
3.4439 -29.0809 9.7473
8.343 -29.7608 8.7877
5.7569 -29.8448 10.2447
5.1806 -26.9688 9.8851
6.622 -27.1604 9.8697
3.4543 -27.9595 10.7045
8.3431 -29.5902 8.8862
4.8871 -28.4743 10.3388
10.6022 -30.2737 8.4875
4.3182 -25.3759 9.9771
2.6883 -25.3258 10.1726
2.6883 -25.7213 10.194
6.6129 -26.91 9.9735
4.0312 -26.1129 9.8704
5.174 -30.1583 9.8325
9.785 -28.8812 9.028
8.3513 -31.0139 8.3018
8.0591 -28.4979 9.013
9.2036 -30.9382 8.3251
9.7851 -31.775 8.1925
9.2036 -30.7484 8.3696
9.502 -27.0763 10.7142
9.502 -27.1708 10.6705
6.334 -31.6368 8.2629
4.606 -30.1819 9.2478
4.6061 -30.2084 9.2107
7.4779 -24.6413 9.6001
9.7879 -29.1699 8.8746
10.3582 -26.0226 9.659
8.0528 -31.4135 8.1182
8.343 -30.1122 8.6498
10.6023 -27.4603 9.9389
10.3754 -30.2208 8.4553
6.6128 -30.7971 8.6395
4.6062 -30.7826 9.0856
9.7849 -27.7089 9.2165
9.5029 -30.618 8.4092
6.0447 -31.2372 8.6129
6.3261 -24.7988 9.6048
9.7878 -28.6436 9.1242
6.0444 -29.9041 10.0777
4.3112 -26.2091 9.7687
7.4779 -24.4763 9.5217
3.7353 -31.4522 8.9211
9.2037 -29.2787 8.8932
2.687 -28.4701 9.6367
10.6022 -29.5572 8.7602
3.4438 -30.9081 9.1588
5.1739 -26.6345 9.8266
8.0598 -31.2273 8.1212
5.1814 -31.4392 8.6289
4.0313 -27.6375 9.8155
4.6051 -27.4216 10.6457
9.5022 -27.1683 10.3136
9.2037 -30.3525 8.555
7.4774 -30.2444 8.6872
6.3334 -25.2389 9.643
8.0597 -31.1431 8.2241
9.2037 -30.4919 8.4853
7.484 -28.3216 9.205
9.7879 -29.1113 8.8975
10.5961 -27.0636 10.3735
7.199 -28.3483 9.1886
9.5031 -31.4252 8.1279
3.4549 -31.1557 9.0661
10.3754 -30.6868 8.3708
6.3335 -28.3185 9.9178
10.3752 -29.002 9.0397
10.3752 -28.0639 9.1362
5.748 -31.735 8.5223
10.3593 -31.2445 8.3139
8.6311 -26.5437 9.7685
9.215 -29.6873 8.8061
2.6652 -29.2518 9.6844
6.0383 -29.8873 10.0418
9.2037 -28.8192 9.0718
7.484 -28.2631 9.2279
7.4775 -29.3086 8.8912
3.4545 -27.781 9.7107
3.4545 -27.8579 9.6988
2.6652 -29.9251 9.5235
4.0315 -28.7063 9.22
2.6652 -29.4805 9.5414
6.3335 -27.9102 9.9363
10.5964 -30.5389 8.4305
5.748 -31.6593 8.5986
8.9188 -29.4728 8.7834
9.2144 -27.3788 9.4108
3.7416 -29.4758 9.2937
7.1985 -26.1968 9.9201
6.0446 -30.3762 8.9254
9.7879 -29.6346 8.7257
3.4439 -27.7239 9.7817
7.4843 -30.7856 8.4342
4.5958 -29.0177 9.4093
2.6869 -26.3731 10.131
9.788 -30.293 8.4975
6.9079 -29.4096 8.8771
2.687 -29.8028 9.5188
10.6022 -30.0655 8.5209
4.5957 -29.3618 9.1345
8.3514 -31.6612 7.9717
2.6882 -29.4532 9.4833
4.6054 -28.5294 10.18
9.785 -29.1565 8.945
2.687 -31.1841 9.112
9.7851 -31.7652 8.1547
7.1932 -28.1238 9.576
4.8929 -28.858 9.6527
7.4775 -28.7836 8.9773
4.0204 -28.6744 9.3096
2.665 -26.5356 10.1019
9.788 -31.0831 8.2694
10.5964 -30.0186 8.5248
2.6654 -31.766 8.9381
9.2153 -31.1735 8.1872
9.7851 -30.8062 8.3394
4.605 -27.1278 10.9456
6.9004 -27.949 9.8402
8.0595 -30.4146 8.5796
5.1739 -27.0762 9.8863
7.4774 -30.0379 8.8065
7.768 -31.7521 7.9142
5.7572 -30.9166 8.8873
7.4841 -28.5923 8.8858
6.9083 -31.4173 8.2283
2.6719 -29.896 9.4639
9.7851 -30.7023 8.3668
7.1933 -28.3021 9.4079
4.887 -30.8094 9.0543
2.6723 -27.7202 9.8841
5.7566 -26.7639 9.9058
9.7851 -31.6519 8.1658
9.7849 -27.2981 9.3343
9.7851 -31.5899 8.2451
8.6335 -24.5117 9.6124
7.1931 -26.9229 9.9222
10.0702 -28.6358 9.118
9.7849 -27.461 9.3054
9.4935 -28.1504 9.2771
7.1933 -28.6474 8.9694
7.4842 -29.6218 8.8237
6.3261 -24.7852 9.8299
6.0441 -24.5812 9.567
3.7415 -24.7391 9.9439
2.6869 -27.1794 10.0346
4.3185 -28.3012 10.254
4.8926 -25.7001 9.7817
4.5963 -24.5026 10.0082
7.4838 -26.8307 9.8159
7.7713 -28.1499 9.3646
6.908 -30.0812 8.6305
2.6883 -26.5861 9.8466
2.6883 -26.6315 9.8421
6.3261 -29.5277 10.5985
4.0204 -29.1781 9.2902
7.1985 -24.4966 9.3594
9.4935 -27.8978 9.8141
10.0702 -28.4914 9.158
8.6338 -27.7256 9.5596
10.6554 -30.0567 8.4773
8.9261 -29.5928 8.8507
7.1993 -29.9453 8.6577
6.9082 -30.9256 8.3927
6.9083 -31.8 8.0616
4.8927 -25.6899 9.7224
4.0205 -27.5311 10.9368
2.8765 -27.2045 10.0077
2.8588 -28.1498 9.769
6.6224 -29.2464 8.3613
4.606 -29.8125 9.1678
2.859 -29.8787 9.4875
8.9255 -25.5832 9.7644
9.788 -29.8266 8.5605
2.8765 -27.2122 9.9381
9.7878 -26.2344 9.4509
8.9189 -28.1839 9.2674
8.3507 -28.0157 9.3913
10.6553 -29.3834 8.8664
5.7564 -24.5005 9.8008
4.0206 -24.7026 9.8335
5.1808 -29.7063 10.5418
4.0204 -29.2182 9.2562
3.158 -28.9923 9.5096
5.7567 -28.091 10.193
7.1935 -30.8184 8.5407
9.7851 -30.6626 8.4224
6.3261 -29.8191 10.1912
6.9003 -24.9985 9.6658
7.1932 -28.1939 9.4486
10.0702 -31.1727 8.3692
9.7851 -31.1594 8.2875
6.6128 -24.6755 9.5052
4.8927 -25.9994 9.7609
5.1806 -26.3476 9.7008
4.0206 -25.1221 9.9171
6.3261 -30.9966 8.6853
6.0447 -29.6258 7.9576
3.158 -31.3091 9.1056
10.3751 -26.4603 9.5519
2.8762 -25.7731 10.1826
3.4546 -28.9687 9.8397
9.5022 -24.7327 9.7647
10.0703 -26.4063 9.5697
9.5023 -26.8277 9.6197
7.7676 -24.4978 9.5954
8.3503 -25.0199 9.4479
6.9003 -26.1978 9.9178
7.1931 -26.5215 10.0563
10.0702 -28.1609 9.2078
10.5962 -28.3847 9.2407
9.7849 -27.6333 9.2928
8.0587 -27.1041 9.7092
7.4838 -27.3121 9.8203
8.6338 -27.2886 9.5078
8.3432 -27.3292 9.5737
8.3431 -28.6224 9.0763
9.7879 -28.9864 9.013
9.785 -29.7965 8.7056
10.3754 -30.9716 8.3041
9.5029 -30.45 8.4085
7.4775 -28.6591 8.8862
6.9004 -30.2283 8.7078
8.3514 -31.3312 8.0427
7.7722 -31.8468 8.2617
7.1935 -30.5961 8.5497
7.1936 -31.6306 8.0606
6.6128 -24.8201 9.6932
5.1803 -24.5506 9.989
6.0442 -25.6766 9.6188
6.622 -26.2715 9.9267
5.4679 -25.3671 9.8669
5.468 -25.8006 9.7469
5.468 -26.055 9.7521
4.3182 -25.5038 9.7839
5.4682 -27.9909 10.2854
6.0443 -27.9631 9.7431
4.3184 -27.4623 9.8586
4.0205 -27.6057 9.9053
6.0446 -30.1423 8.8107
6.6224 -29.3016 8.3946
6.6224 -29.9745 8.6685
4.6061 -30.2615 9.1367
4.893 -30.4553 9.1432
5.1813 -30.8846 9.0577
5.7573 -31.1167 8.674
4.3112 -28.9089 8.9911
4.0315 -29.8628 9.3776
2.672 -28.5579 10.4431
3.158 -28.7243 9.5015
2.8771 -30.016 9.3616
2.6652 -30.3933 9.5464
3.7353 -31.8036 8.7833
10.3753 -25.2118 9.3388
10.3748 -27.0615 10.3234
10.6023 -27.1427 10.1766
10.6551 -27.4417 9.1739
6.9078 -28.0838 8.8824
10.3588 -28.7368 9.1548
9.2148 -29.137 8.9934
10.3754 -31.3286 8.2174
6.6223 -28.7996 8.7278
4.893 -28.846 8.8233
6.6128 -30.7073 8.6913
2.6652 -30.0534 9.5798
6.0384 -26.0577 9.7342
9.4935 -25.2317 9.7795
10.6023 -27.0323 9.4258
8.6311 -24.5589 9.2969
10.6551 -27.4488 9.9736
10.6551 -27.5668 9.9706
8.6311 -27.8019 9.5628
2.8586 -25.2634 10.3061
4.0204 -28.498 10.2479
2.6724 -27.4381 9.8516
3.4439 -28.0176 9.7098
6.6128 -30.1678 8.7316
4.6063 -30.9502 9.0649
3.7352 -30.9973 9.1079
8.0535 -26.5746 9.7736
10.3586 -27.5688 9.1021
3.7416 -24.7203 9.9113
2.6881 -30.124 9.4217
10.3579 -24.5073 9.5028
8.9255 -24.7624 9.8147
10.596 -25.7538 9.5987
10.3582 -26.0011 9.4976
9.7848 -25.7043 9.7881
8.9256 -25.5644 9.7318
9.2139 -26.806 10.9902
6.9073 -24.1948 9.2381
7.1985 -24.5303 9.4594
8.6311 -25.007 9.4507
8.6311 -25.1421 9.3944
8.6311 -25.5666 9.5075
7.1985 -25.8146 9.8801
8.0584 -27.0529 11.0095
8.3501 -26.884 10.9566
7.4835 -26.7939 10.934
6.9004 -26.7382 9.9206
6.9004 -26.9619 9.976
9.2039 -27.4177 10.2729
10.3752 -27.7241 9.1695
10.0702 -28.2648 9.1803
9.2038 -27.1728 9.3933
9.5026 -28.0813 9.1784
8.3432 -27.0865 10.8112
8.3432 -27.1617 10.7134
7.7675 -27.2659 10.6359
7.7676 -27.4898 9.8006
8.6311 -27.7694 9.7554
7.7676 -27.6762 9.8124
8.0532 -27.9356 9.9323
7.4776 -27.2412 9.7273
7.4776 -28.0313 9.727
8.6338 -27.2476 9.4989
8.6338 -27.2377 9.4612
8.6339 -27.8846 9.3375
8.3431 -28.2701 9.1712
7.1932 -28.2311 9.4923
10.6553 -28.9012 9.0473
10.3589 -29.051 8.9733
10.0702 -28.8663 9.0609
10.0702 -29.1241 9.0097
10.0702 -29.3985 8.8837
10.5963 -29.8754 8.6292
10.0702 -29.5673 8.6993
9.7879 -29.5209 8.7153
9.2037 -30.0011 8.6929
8.9188 -30.2244 8.4469
10.5964 -30.765 8.3867
10.6022 -30.6969 8.3082
10.3754 -30.7694 8.41
10.6555 -31.1113 8.3132
10.6022 -31.2036 8.211
10.3593 -31.1525 8.2584
10.0702 -31.2008 8.19
9.5029 -30.8993 8.3989
9.788 -31.2054 8.2531
9.4935 -31.6516 8.1666
9.2036 -31.3037 8.2116
8.6341 -29.7761 8.7775
8.6342 -29.9817 8.6154
8.3511 -30.0664 8.6097
7.7678 -29.1263 8.9856
6.9004 -29.0487 8.7594
7.7678 -29.768 8.8322
8.6343 -31.2438 8.1473
8.631 -31.5188 8.121
8.631 -31.8597 8.3585
7.7721 -31.303 8.087
6.9084 -31.7175 7.7943
6.9005 -31.857 7.9623
6.6128 -24.6358 9.7888
6.6128 -24.6229 9.6007
6.0384 -24.4407 9.7125
6.0441 -24.6176 9.5677
6.3261 -25.2421 9.5225
5.7485 -24.9703 9.7043
5.1804 -25.0632 9.9645
6.0384 -26.5571 9.9562
5.1805 -25.3873 9.8208
4.8872 -25.5296 9.7812
4.8927 -26.2713 9.7343
4.6047 -25.0779 9.9244
3.7345 -25.2706 9.9725
4.3112 -25.6529 9.8836
4.0205 -26.0648 9.8287
4.0205 -26.3452 9.7753
3.4542 -25.9502 10.1266
3.4543 -26.5287 9.9882
2.665 -26.4113 10.2389
5.4682 -28.1611 10.1654
6.3335 -27.1312 9.8104
6.0384 -26.6696 9.9021
6.3335 -28.0812 9.8593
6.6129 -28.4072 9.9121
6.0443 -28.2884 9.8919
5.1807 -27.2356 9.8288
2.859 -27.4289 11.1953
3.7414 -28.1266 10.6268
3.4439 -28.0182 10.6436
3.7416 -27.9175 9.7049
3.158 -28.3373 9.6815
2.6651 -28.3928 9.6483
6.6129 -29.0957 10.2746
6.0442 -29.5873 10.5864
6.6129 -29.8943 10.0194
4.8871 -28.6089 10.261
6.6223 -28.7163 8.8737
6.6224 -29.4781 8.8248
6.0444 -30.0354 9.6
5.7481 -30.1448 9.604
6.0446 -29.9837 8.8262
6.6224 -28.9394 8.6797
6.6128 -29.0615 8.1434
6.3261 -30.0052 8.6064
4.6057 -29.0006 9.441
4.8929 -28.6126 8.9581
4.5957 -29.4465 9.053
4.606 -29.9083 9.1885
4.606 -30.114 9.2544
5.7481 -30.3532 8.9078
5.7572 -30.938 8.8206
5.4688 -30.906 8.9067
4.887 -30.3803 9.3892
4.893 -30.4061 9.1824
4.893 -30.5087 9.0906
5.1741 -31.1853 8.7502
4.0204 -28.5953 9.4422
3.735 -29.0551 9.6217
3.735 -29.1582 9.5513
4.3188 -29.2846 9.241
4.0204 -30.0122 9.2211
3.4439 -29.3104 9.4192
2.877 -29.119 9.4669
2.8589 -29.4666 9.5408
2.6882 -29.4028 9.4581
4.0315 -30.2468 9.2754
4.0204 -30.5517 9.181
4.3112 -30.6884 9.1904
4.319 -30.7639 9.1906
4.319 -30.9349 9.1136
3.158 -30.2698 9.3583
2.8772 -30.3709 9.3956
2.8591 -30.9698 9.3245
4.3191 -31.5685 8.7804
2.6881 -31.6379 9.0579
3.4547 -29.7819 9.4029
5.1808 -28.6862 10.1642
10.5961 -27.1928 10.7007
3.7416 -29.7358 9.3499
6.6128 -29.8244 8.5933
3.7415 -25.3249 9.9423
4.605 -27.2694 10.7553
9.7849 -27.4817 10.1081
9.7849 -27.5351 10.0555
5.7484 -25.3273 9.6176
4.0206 -24.9537 10.123
2.8767 -28.0288 9.6729
4.8871 -29.8462 10.1433
5.7569 -29.7956 10.2839
8.3503 -26.0609 9.7376
5.4682 -28.138 9.9181
2.8772 -30.1199 9.3342
8.9188 -27.033 10.7362
8.6311 -24.54 9.2643
8.0534 -26.6538 9.8691
10.3589 -29.0386 9.0347
5.1739 -24.5281 10.077
2.6652 -30.1496 9.3939
9.7878 -24.4109 9.7762
9.2039 -24.4238 9.5264
8.9255 -25.0732 9.6896
10.6549 -25.7932 9.616
9.5023 -25.6002 9.5463
8.9188 -26.8407 11.108
9.2142 -26.398 9.6402
7.4777 -25.8458 9.8818
8.631 -26.9665 10.9146
8.0583 -26.928 11.1251
8.3432 -26.5513 9.9473
8.6311 -26.9964 9.7024
8.3432 -26.9518 9.7701
7.7674 -26.8906 10.9396
7.4777 -26.0788 9.9535
10.6023 -27.2394 10.6964
9.5021 -27.1196 10.3743
9.5023 -27.6173 9.8263
9.5024 -27.7738 9.7034
9.7849 -27.5657 9.3209
7.7676 -27.5634 9.845
7.4838 -27.366 9.7892
6.9004 -28.4337 9.332
10.3591 -30.1227 8.5277
9.7851 -30.188 8.5336
10.5964 -30.3302 8.4424
10.6556 -31.4713 8.1486
10.0702 -31.3428 8.2491
8.9265 -31.6806 8.1124
7.7718 -30.0973 8.6528
6.908 -30.0577 8.5897
6.9083 -31.6602 8.1098
4.8872 -25.8062 9.7625
5.4681 -26.3158 9.8514
4.3182 -25.2049 9.8261
2.6649 -24.8302 10.1963
3.7346 -25.994 10.0433
4.3183 -26.3242 9.712
4.3183 -26.4119 9.7809
4.0312 -26.5246 9.7955
2.6869 -26.3936 10.0214
5.174 -28.0638 10
6.622 -27.0005 9.8208
5.4681 -26.8066 9.8721
5.4681 -26.9747 9.8729
4.8927 -26.6497 9.809
2.8588 -26.9834 10.0298
2.672 -27.7841 11.0312
2.688 -28.3122 10.555
4.0205 -26.6608 9.8863
3.7415 -27.0406 9.9072
3.7347 -27.0692 9.7697
3.7415 -27.684 9.8397
3.158 -27.7136 9.8245
2.8767 -28.0741 9.6684
5.174 -29.2662 10.4023
4.887 -30.1791 9.7663
6.6224 -29.0126 8.2465
4.893 -30.4831 9.1706
4.887 -30.7495 9.0129
4.6062 -30.6518 9.1285
4.6063 -31.1127 9.0145
4.5955 -31.1609 8.9533
6.3339 -31.0921 8.5013
6.3261 -31.2745 8.5031
3.7415 -29.0915 9.8306
4.3112 -29.3604 9.0887
2.8589 -28.7667 9.5105
3.4438 -30.9543 9.1973
4.3112 -31.7323 8.7177
4.0317 -31.8026 8.7355
2.8775 -31.4611 8.9616
6.3262 -29.7467 7.9519
8.3509 -29.363 8.8636
7.1936 -30.968 8.3022
4.3187 -28.7908 9.07
9.2039 -25.004 9.7016
10.3583 -26.082 9.679
10.3582 -26.055 9.4664
9.7848 -25.5473 9.4334
9.5023 -25.7118 9.6774
10.6551 -26.9161 11.0202
9.4935 -26.8362 10.9815
7.1929 -24.7766 9.5437
8.6311 -24.9805 9.4877
7.193 -25.1447 9.5591
8.0534 -26.5948 9.8706
8.3432 -26.8731 9.6961
10.6551 -27.1336 10.775
10.6551 -27.1875 10.7438
10.6551 -27.1561 10.3166
9.7849 -28.0898 9.1919
8.9259 -28.2302 9.2898
8.0533 -27.3936 10.5279
7.771 -27.4324 10.5065
7.7711 -27.4611 10.3488
8.6311 -27.716 9.808
7.1987 -27.7005 9.9535
8.6338 -27.0804 9.5412
6.9077 -28.0209 8.9186
10.359 -29.5328 8.7709
9.2149 -29.4872 8.7913
8.9188 -29.7234 8.8232
8.9188 -30.2817 8.5876
10.0702 -30.9785 8.1989
10.6556 -31.8647 8.2906
8.6311 -30.1115 8.5866
6.3334 -24.5557 9.7658
4.8872 -26.5471 9.8014
2.665 -25.477 10.0725
5.1739 -28.1743 10.5227
5.4682 -28.3167 9.9995
6.622 -26.711 9.8793
4.596 -27.1464 9.8386
4.8929 -28.3582 9.4091
2.8588 -27.057 10.0742
2.665 -27.0671 10.1099
4.0312 -28.4545 10.256
3.4543 -26.7052 9.9623
2.6869 -27.0101 9.9694
2.8588 -27.8757 9.6883
2.6651 -28.4574 9.6979
5.7481 -29.8654 10.1565
5.174 -29.8254 10.2095
6.6128 -29.0153 8.105
6.3261 -30.6491 8.7884
5.7572 -30.7263 8.9102
3.735 -29.074 9.6543
4.0314 -29.1865 9.3881
3.735 -29.4561 9.238
3.735 -29.5835 9.2513
3.4547 -29.8307 9.3421
3.7416 -30.8405 9.1898
4.8932 -31.7435 8.6166
2.6869 -28.1174 9.7101
2.8591 -31.234 9.1393
2.8774 -31.4303 9.0119
7.1931 -26.6378 9.9674
2.6722 -28.3286 9.6522
7.7678 -28.8356 8.9798
8.926 -28.9438 9.095
4.0311 -24.7144 10.1023
2.8767 -28.1425 9.6832
8.9254 -24.4768 9.8384
9.5025 -27.9137 9.1992
7.771 -27.3781 10.5161
8.0587 -27.1217 9.6774
7.7711 -27.1575 9.6986
8.3505 -27.6753 9.8593
7.4776 -27.5236 10.4439
9.5026 -28.8603 9.0763
8.9264 -31.0794 8.2531
8.3431 -28.689 9.0051
8.3512 -30.7979 8.4047
8.0597 -31.0336 8.2004
8.6344 -31.4875 8.0717
7.4774 -30.9374 8.3737
7.1996 -31.2434 8.1691
5.468 -25.5043 9.6899
6.3261 -27.6258 10.1874
3.158 -27.2383 11.2611
4.3184 -26.9343 9.7942
6.6224 -29.9933 8.7011
6.6128 -28.9464 8.0687
5.1813 -30.9201 9.0155
5.1741 -31.8159 8.4945
4.0313 -28.9505 9.8502
4.0204 -29.5261 9.2087
4.0204 -29.7526 9.1864
2.8772 -30.3521 9.3631
2.8591 -31.4324 9.0682
8.634 -29.2292 8.9086
3.7415 -25.1243 9.906
7.1929 -24.3679 9.5409
10.5961 -27.1342 10.7237
8.0533 -27.6752 10.0827
6.9004 -28.0845 9.8053
6.0441 -24.842 9.6662
5.181 -30.1146 9.839
5.4685 -30.1218 9.6634
6.3336 -30.4788 10.3214
9.4935 -24.3213 9.4473
8.6335 -24.5015 9.5532
6.9073 -24.7271 9.5172
6.9003 -25.1378 9.5961
9.7877 -27.5533 10.0143
9.7878 -27.257 9.2731
8.6338 -27.1924 9.4656
8.6339 -27.9748 9.3071
8.0529 -30.618 8.5236
6.6128 -24.6547 9.8214
6.0384 -24.6516 9.808
6.0441 -24.4307 9.5344
4.8925 -24.5158 10.0527
5.4679 -24.9006 9.9298
4.6055 -28.314 9.6202
3.4544 -27.4522 9.8462
6.3335 -29.6177 10.4058
5.7569 -29.9021 10.1573
6.3336 -30.5152 10.3222
3.158 -31.4973 8.9753
10.3747 -27.118 10.6492
10.6551 -26.9964 10.952
8.6337 -26.575 9.7026
7.7675 -27.0697 10.8144
9.214 -27.1157 10.5726
8.6336 -27.2749 10.6452
7.199 -28.2855 9.2249
3.7345 -25.6088 10.0812
3.1581 -24.5934 9.7909
6.3335 -27.6814 10.0792
2.8768 -28.3815 9.5995
6.3261 -30.3237 8.8677
2.6653 -31.0016 9.3144
3.7416 -31.8149 8.8661
2.6883 -26.5763 10.0369
10.3751 -26.0251 9.8141
10.3754 -30.2444 8.496
2.8772 -30.1935 9.3786
4.0204 -31.3593 8.9209
6.6128 -30.5248 8.6448
8.919 -26.3829 9.7975
7.4775 -29.6258 8.86
7.1931 -27.2615 9.8243
2.859 -30.7518 9.3201
3.4439 -29.5969 9.4383
10.0703 -24.3354 9.7778
10.0703 -24.3961 9.6341
9.214 -24.6378 9.7222
8.9255 -24.8115 9.7755
10.0703 -26.4615 9.603
6.9073 -24.5984 9.4395
8.3503 -25.4748 9.4894
10.0702 -28.2024 9.4662
9.2145 -27.6679 9.3308
9.4935 -28.1517 9.3415
7.7712 -27.836 10.0237
7.1986 -27.479 10.4614
8.6338 -27.6439 9.3353
8.3505 -27.0849 9.6244
8.6339 -28.083 9.2664
8.3507 -28.253 9.2218
8.3431 -28.5437 9.0022
8.0591 -28.5988 9.0634
7.7713 -28.1135 9.3639
10.3753 -29.3619 8.8753
9.785 -28.7495 9.028
9.5028 -29.6402 8.789
10.0702 -31.1175 8.3359
9.2154 -31.755 8.1991
8.3508 -28.6951 9.0753
8.0595 -30.3111 8.6285
6.9004 -28.7948 8.7758
7.1934 -29.0801 8.8063
7.1993 -29.8914 8.6888
7.7721 -31.4565 8.0418
7.1997 -31.747 7.9218
6.9083 -31.5678 8.0328
6.622 -25.1133 9.4551
6.3335 -25.0401 9.4645
5.4679 -24.6954 9.8854
5.7485 -24.9348 9.7465
5.7566 -25.524 9.666
6.622 -26.2339 9.8616
4.8872 -25.5757 9.8197
4.3112 -25.5901 9.9199
2.6884 -24.749 10.169
3.7415 -25.9102 9.9192
3.4543 -26.3106 9.9838
6.3334 -26.74 10.0036
6.0383 -28.4576 9.8467
5.4681 -26.8079 9.9365
2.665 -27.0684 10.1743
4.3184 -27.1447 9.8682
2.8765 -26.8044 9.9781
3.158 -27.4878 9.8897
5.1739 -29.5592 10.7436
5.757 -30.1714 9.5456
6.0446 -30.2244 8.8284
4.5957 -29.6547 9.0196
4.6064 -31.2696 8.9131
5.4688 -31.2297 8.7415
4.5954 -31.7491 8.6243
3.7415 -29.1266 9.7669
4.3112 -28.964 9.0244
3.4545 -28.701 10.081
3.158 -29.7085 9.4435
3.158 -30.1822 9.2894
2.8773 -30.9074 9.2053
4.3112 -31.0624 9.0504
3.7416 -31.0364 9.2179
2.687 -31.1012 9.2794
2.8591 -31.3328 9.0823
2.6881 -31.7649 8.8216
7.1997 -31.7834 7.9225
9.5019 -26.9459 11.0066
10.5962 -28.1561 9.3837
5.468 -25.4325 9.7314
4.3181 -24.7603 10.0719
2.6724 -27.4116 9.8886
5.4683 -29.6724 10.5853
4.606 -30.0558 9.2988
6.3339 -30.904 8.6316
6.0383 -30.0044 9.9958
5.4687 -30.9069 8.9496
8.9257 -27.0536 9.4911
6.9003 -24.3905 9.6912
7.1985 -24.4602 9.3587
8.6311 -25.9938 9.7495
7.1986 -25.9168 9.7668
8.3432 -27.0766 10.7735
7.771 -27.3243 10.5472
7.7711 -27.2131 9.7534
7.1986 -27.541 10.3822
10.3752 -28.6941 9.0872
10.3589 -29.4502 8.7317
9.785 -29.6524 8.7671
9.788 -30.591 8.4124
8.3509 -29.2856 8.8539
8.3509 -29.3091 8.8947
8.6311 -29.5712 8.812
6.908 -30.0039 8.6208
7.4844 -31.1097 8.2906
6.0441 -24.3213 9.5107
4.0206 -24.5748 9.7987
2.665 -25.259 10.0681
2.6883 -25.9735 10.0918
6.3261 -26.8887 9.8855
2.665 -27.1402 10.1329
6.6129 -29.8964 9.8987
4.6059 -29.553 9.133
5.4688 -31.113 8.8089
6.0447 -30.8623 8.7099
2.6651 -28.8084 9.7667
2.8591 -30.8523 9.3489
4.0316 -31.6337 8.9199
3.158 -31.7089 8.8856
4.3112 -31.6365 8.697
9.7878 -24.5259 9.6229
9.2039 -24.4308 9.87
9.2039 -24.7305 9.8706
9.2039 -24.774 9.7802
10.3752 -25.4461 9.475
9.7875 -27.0014 10.8001
8.9188 -26.8596 11.1406
10.0703 -26.4328 9.5327
10.6023 -26.9861 9.3873
10.0703 -26.6073 9.6274
8.9256 -26.319 9.774
8.6335 -24.4386 9.5894
7.7676 -24.3969 9.5451
8.3502 -25.0767 9.7952
7.4778 -25.2847 9.5325
8.3502 -27.0205 10.7367
8.0586 -26.4534 9.8678
8.0534 -26.8927 9.7853
10.3748 -27.2021 10.3181
8.9188 -27.2083 10.6458
8.9189 -27.6527 9.9436
9.7849 -28.0746 9.5592
10.0702 -27.5033 9.2509
10.0702 -28.0963 9.1582
10.6552 -28.4635 9.1808
8.9189 -27.4862 9.3446
7.7675 -27.1236 10.7833
7.7676 -27.6087 9.8405
8.0588 -27.7796 9.6558
7.4838 -27.2677 9.8677
7.1987 -27.5363 9.9179
7.4838 -27.7025 9.8122
8.3431 -28.427 9.0697
7.7677 -28.2008 9.4768
7.7677 -28.2533 9.3812
10.0702 -28.9971 9.0179
10.0702 -29.2728 8.9563
10.6554 -29.4959 8.8123
10.5964 -30.1066 8.387
10.5964 -30.2182 8.518
10.3754 -30.1302 8.4642
10.0702 -30.2659 8.4369
9.788 -29.9582 8.5605
9.215 -29.8882 8.6358
8.9188 -30.1483 8.5017
10.6555 -30.6817 8.3985
10.6022 -30.7696 8.3096
10.3593 -31.2252 8.2598
10.0702 -31.3616 8.2817
10.6556 -31.6577 8.1604
9.4935 -31.0005 8.3038
9.2152 -30.6839 8.4589
9.4935 -31.4994 8.0482
9.2036 -31.1262 8.1947
8.9264 -31.8392 8.325
8.6311 -30.0606 8.54
8.053 -30.0725 8.7193
7.7715 -29.0511 9.018
6.9004 -29.4682 8.8429
7.7717 -29.5975 8.8654
7.4842 -30.0464 8.7089
7.768 -31.325 8.1283
8.0598 -31.8558 8.2144
7.4774 -30.963 8.2937
7.4844 -31.406 8.1195
7.4773 -31.467 8.0677
6.3261 -24.7108 9.9706
6.0441 -24.3512 9.6455
6.6219 -24.9303 9.615
5.4678 -24.5616 10.0061
5.7565 -24.4368 9.5661
5.4679 -24.7681 9.8868
5.1803 -24.5408 9.9512
5.1739 -24.7008 10.0858
5.4679 -24.8494 9.6336
5.1804 -25.0807 9.9326
6.3261 -25.4649 9.535
6.0442 -25.444 9.5684
6.0384 -25.569 9.5929
6.0384 -25.7473 9.6529
3.7344 -25.0039 10.2569
4.6047 -25.0834 9.9755
4.0312 -25.5528 10.02
2.8585 -24.6242 10.1321
2.8761 -25.007 10.0169
2.8762 -25.1399 9.8532
6.3335 -27.7302 10.0185
5.1739 -28.2735 10.4871
6.6129 -28.1511 9.8211
5.7569 -28.1209 9.1874
5.4682 -27.2782 9.8388
4.596 -26.9502 9.7891
4.6055 -28.2387 9.7179
4.6055 -28.2605 9.6727
2.859 -27.6547 11.1301
2.688 -27.5097 11.0727
4.0205 -27.4261 10.009
2.6869 -26.8079 10.0754
4.0313 -26.8333 9.7911
2.6883 -26.752 9.968
2.8765 -26.954 9.9677
2.6882 -27.6131 9.8834
3.7415 -28.3767 9.733
2.8767 -27.7787 9.6544
2.8588 -28.0963 9.8216
2.8768 -28.4354 9.5684
5.7481 -29.8056 10.3431
5.4683 -28.9956 10.3461
5.4683 -29.1055 10.3913
5.1809 -29.9475 10.1093
4.8871 -29.865 10.1759
6.6223 -28.7218 8.9248
4.8929 -29.1457 9.2802
4.5956 -30.0279 9.0647
4.887 -30.5678 9.0093
5.1741 -31.3136 8.8064
4.8931 -31.3129 8.8869
6.6128 -30.4944 8.7166
6.3338 -30.4072 8.7664
6.6225 -30.9156 8.4945
6.0383 -31.4603 8.5573
5.7573 -31.1543 8.7391
4.8869 -31.6579 8.5748
4.0204 -29.2721 9.225
3.735 -29.2573 9.2877
3.158 -29.1257 9.3674
3.158 -30.0796 9.3813
2.8771 -29.836 9.4438
2.6881 -30.0056 9.4032
2.6881 -30.2617 9.4943
2.8772 -30.6287 9.3445
4.3112 -31.2685 8.9096
3.4549 -31.08 9.1424
7.4843 -30.5372 8.5016
8.0528 -31.7847 8.284
9.4935 -24.6766 9.5027
9.7878 -25.6486 9.6805
9.7848 -26.1562 9.6791
9.7878 -26.5944 9.5146
9.7878 -26.5973 9.4368
7.1985 -24.5812 9.506
6.9003 -24.8856 9.6984
6.9003 -24.8621 9.6577
8.6337 -26.9244 9.6856
8.3432 -26.8996 9.6591
7.4838 -26.1296 9.7211
7.4838 -26.6862 9.8558
10.6023 -27.089 10.892
10.3752 -27.3346 9.2207
8.9189 -27.7821 9.3801
9.2145 -28.053 9.5212
7.7676 -27.3128 9.805
8.6338 -27.6456 9.6492
6.9004 -27.6314 10.078
7.1932 -27.9076 9.8856
7.1988 -27.922 9.6736
8.3432 -27.3665 9.6174
8.6311 -28.0109 9.3443
8.6311 -28.06 9.305
10.0702 -29.9307 8.4785
10.3591 -30.2201 8.4062
9.7879 -28.9441 8.9397
9.785 -29.599 8.8197
9.2153 -31.0983 8.285
8.9264 -31.1346 8.2864
8.9188 -31.2872 8.2347
8.9188 -31.6228 8.2146
7.7717 -29.633 8.8232
6.908 -29.8346 8.7838
6.9004 -29.9073 8.7739
8.0598 -31.8383 8.2463
6.0441 -24.2884 9.6818
5.4679 -24.7506 9.9187
6.622 -26.1612 9.8601
6.0384 -26.0214 9.7335
3.4439 -24.8059 9.6426
4.3182 -25.9236 9.889
3.1581 -26.2223 9.958
4.6051 -27.4049 10.7205
4.6051 -27.4677 10.6842
2.859 -27.8565 11.0027
2.688 -27.8749 10.9379
2.6651 -27.5365 9.9691
6.3335 -29.0239 10.2273
6.0443 -29.1102 10.3406
6.6129 -29.5871 10.5446
6.3261 -29.9085 10.1178
6.6129 -29.8861 9.8395
5.7481 -30.1214 9.7913
5.1808 -28.7503 10.1923
5.174 -28.6522 10.1271
4.8871 -28.6592 9.83
4.893 -28.8725 8.7863
4.887 -30.3073 9.5944
4.8931 -30.8674 9.0898
6.6128 -30.3242 8.6086
3.7415 -28.6375 10.0603
4.0314 -29.0505 9.4014
3.7416 -29.2313 9.5544
3.7416 -30.0906 9.3839
2.6869 -28.9251 9.6781
3.158 -28.7704 9.5399
3.158 -28.8068 9.5407
3.158 -29.3908 9.4532
2.859 -29.9955 9.4201
2.859 -30.1006 9.4571
4.3112 -31.7674 8.654
2.8774 -31.0883 9.166
2.8591 -31.3063 9.1193
2.6653 -31.2261 9.1848
10.3751 -26.0871 9.7348
10.6551 -26.9614 11.0157
8.6337 -26.9782 9.6545
7.1931 -26.8926 9.994
10.6023 -27.2044 10.7601
10.0702 -27.4845 9.2184
8.6311 -27.2247 9.5379
9.2037 -29.8968 8.6988
8.9255 -25.4597 9.7162
10.3592 -30.9144 8.3851
4.0316 -30.8757 9.1621
3.4545 -27.6826 9.7892
3.158 -26.7358 9.9764
5.4682 -29.5343 10.7193
10.358 -25.0517 9.6987
8.9255 -24.7927 9.7429
10.3582 -26.0563 9.5309
9.7848 -26.0771 9.5836
10.6551 -26.8986 11.052
10.5961 -26.9834 10.8978
10.0702 -26.8535 10.7996
10.6023 -26.777 9.3777
8.9258 -27.0378 9.3808
8.6335 -24.4198 9.5569
7.4778 -25.0411 9.6081
7.193 -25.1084 9.5584
6.9003 -25.1977 9.6376
7.1985 -25.8629 9.7979
8.631 -26.9079 10.9376
8.3432 -26.9643 11.0556
8.3432 -27.0326 10.8423
8.0535 -26.4481 9.8033
7.4835 -26.74 10.9651
7.7674 -26.8731 10.9714
6.9003 -26.3894 9.9592
7.1931 -26.7502 9.9134
10.3585 -27.138 10.47
10.6551 -27.2881 10.1099
9.7849 -28.0203 9.5688
10.5961 -27.3419 9.0938
10.3752 -27.2311 9.2696
10.0702 -27.1553 9.3325
10.6552 -28.0483 9.084
10.0702 -28.1972 9.2085
9.5025 -27.4032 9.3309
9.5025 -27.5438 9.3258
9.2038 -27.8752 9.3241
9.7849 -28.1284 9.5281
7.7675 -27.2193 10.5759
7.7675 -27.5062 10.3885
8.0532 -27.8184 9.9782
6.9004 -27.5776 10.1091
8.0589 -27.8921 9.6018
8.6311 -28.3464 9.0961
7.4839 -28.0347 9.6204
7.7677 -28.1272 9.4324
7.7713 -28.0947 9.3313
7.7678 -28.5521 8.8828
6.9004 -28.2717 9.632
10.6553 -28.6751 9.0911
10.6553 -29.0547 9.0021
10.3589 -29.4314 8.6991
10.0702 -29.6362 8.7355
9.7879 -29.7034 8.762
9.4935 -30.0078 8.6167
9.5029 -30.2426 8.4847
10.6554 -30.3243 8.4639
10.5964 -31.2182 8.3421
10.6022 -31.3712 8.1902
8.9188 -30.8481 8.3037
7.7678 -29.1802 8.9545
7.7678 -29.2383 8.91
7.1934 -29.2545 8.9011
7.1934 -29.6893 8.8454
7.1934 -29.6346 8.8336
7.1992 -29.7845 8.794
7.7719 -30.6933 8.4825
8.0598 -31.7468 8.2122
7.768 -31.8876 7.8794
7.4774 -30.4022 8.6286
7.1994 -30.7063 8.5659
6.9004 -31.489 8.1749
6.0384 -24.513 9.6925
6.0441 -24.6163 9.5033
6.3334 -24.6391 9.62
6.0384 -24.9855 9.93
6.0384 -25.1817 9.7515
6.6219 -24.8692 9.5091
5.7485 -24.7801 9.9554
6.0384 -25.3933 9.6619
5.7484 -25.3341 9.7331
5.468 -25.4265 9.6588
5.468 -25.4501 9.6995
5.1739 -25.8893 9.8009
4.8872 -26.4338 9.8126
4.3112 -25.1882 10.0326
4.3112 -25.6089 9.9525
3.7345 -25.4438 10.0028
3.1581 -24.5391 9.8005
3.4542 -25.1186 10.0962
2.8762 -25.0861 9.8843
4.3112 -26.1369 9.7887
4.6051 -26.0497 9.472
4.0205 -26.2563 9.8701
3.4542 -25.9236 10.1637
6.0383 -28.3841 10.0304
4.596 -27.2724 10.9064
5.1807 -28.2574 10.2923
4.8928 -28.5069 10.04
6.0442 -27.1653 9.8127
6.6129 -28.3337 9.8677
6.0383 -28.5217 9.8749
6.6222 -28.2934 9.3025
4.596 -27.0455 9.7883
4.6056 -28.3931 9.4876
4.8929 -28.3774 9.4631
2.6721 -27.363 11.3178
2.6869 -26.766 10.0235
3.4543 -27.9587 10.6615
4.0205 -27.48 9.9779
3.158 -27.0432 9.9075
4.3112 -28.4806 9.3688
3.7415 -28.236 9.7382
3.4546 -28.5352 9.5034
3.158 -27.7986 9.7645
6.6129 -28.6176 9.986
6.0383 -29.707 10.5587
5.174 -29.9442 10.0214
5.4685 -30.1346 9.8515
5.174 -30.1117 9.7725
6.6223 -28.6863 8.967
6.0383 -30.1694 9.6181
6.3261 -30.1681 8.8056
5.7571 -30.2539 8.9006
6.6128 -28.9918 8.0642
4.5958 -29.0784 9.2656
4.6058 -28.6702 9.0344
4.893 -29.1453 9.0307
4.887 -30.2726 9.4515
5.4687 -30.8526 8.9592
4.6063 -31.0674 9.019
4.5955 -31.0566 8.9592
4.6064 -31.5236 8.8968
6.3261 -31.1488 8.5757
6.0383 -31.1226 8.6981
6.334 -31.338 8.3051
6.6128 -31.7636 8.1569
5.4688 -31.2485 8.7741
5.4689 -31.824 8.4854
5.1741 -31.582 8.6079
4.3111 -28.6621 10.2633
4.3111 -28.6137 10.1174
4.0313 -28.944 9.9842
4.0204 -28.8642 9.0371
4.0204 -28.883 9.0696
3.735 -29.3214 9.3158
3.4439 -28.8561 9.8554
3.158 -28.9141 9.457
2.859 -29.8612 9.5193
4.319 -30.9862 8.9537
4.0204 -31.1156 8.9965
3.158 -31.2091 9.0982
2.6653 -31.4454 9.0255
3.158 -31.6294 8.9967
2.6881 -31.7837 8.8542
2.6882 -31.8495 8.5121
6.6128 -30.149 8.699
7.1996 -31.5217 8.0084
7.1997 -31.6491 8.0217
8.0589 -27.8382 9.6329
9.2039 -24.3499 9.6886
10.0703 -25.5778 9.69
10.596 -26.0727 9.6534
9.7878 -25.5674 9.4777
9.7878 -26.1762 9.4954
10.3584 -26.5916 9.5039
7.1985 -24.4414 9.3261
8.3504 -25.1572 9.2709
6.9003 -25.1028 9.6598
10.6023 -27.1284 9.2399
10.5962 -28.1367 9.1016
9.5025 -28.1779 9.2421
7.7712 -27.721 9.9489
8.0532 -27.8727 9.9686
7.4776 -27.3757 10.5403
7.4776 -27.6958 9.9751
8.6311 -27.748 9.5939
7.4776 -28.4467 9.1611
10.359 -29.7897 8.6767
9.4935 -30.2481 8.5973
10.3592 -30.8494 8.3141
10.0702 -30.8636 8.3522
8.0531 -29.1196 8.9766
8.0593 -29.4312 8.9085
8.0594 -29.7566 8.8292
6.9004 -28.776 8.7432
7.1991 -29.2064 8.9539
8.6343 -31.3264 8.1865
8.0598 -31.7831 8.213
8.0527 -31.8035 8.3165
6.3261 -24.8446 9.8499
6.3261 -25.2973 9.5558
5.7485 -24.391 9.8001
5.7565 -25.0905 9.786
5.1739 -24.9329 9.8865
6.0384 -26.0752 9.7024
5.1805 -25.8704 9.683
5.1739 -25.9645 9.7032
5.1739 -26.124 9.7305
4.5963 -24.742 10.174
3.7415 -25.4732 9.8675
2.665 -25.3535 10.0244
6.622 -26.9624 9.9623
6.0443 -27.9101 9.8171
6.0443 -27.9336 9.8578
6.6222 -28.2947 9.3669
2.6882 -27.121 10.0264
4.3111 -28.3363 10.3212
3.4439 -28.0371 10.6761
4.8871 -29.8753 10.2351
4.887 -30.2431 9.5663
3.4547 -29.3087 9.3502
3.4439 -29.85 9.379
4.3112 -30.4369 9.1076
7.1991 -28.7434 8.9605
9.4935 -27.9148 9.3046
7.4839 -28.1078 9.6434
4.5958 -28.5232 10.3358
6.0443 -29.7498 10.308
7.7679 -30.5106 8.501
5.7481 -30.2867 9.4351
9.503 -31.0742 8.2871
9.503 -31.0306 8.3774
7.1931 -27.2444 9.8777
4.8927 -28.3188 10.3984
9.4935 -31.0467 8.3423
5.1812 -30.4567 9.0007
8.3431 -28.4997 9.0711
2.8589 -28.818 9.5787
7.1995 -31.0159 8.3764
7.7718 -30.0392 8.6973
9.4935 -28.1692 9.3097
2.859 -30.287 9.4689
4.0315 -30.759 9.2295
2.6723 -27.5518 9.8619
7.1994 -30.7726 8.4734
2.687 -31.4197 9.0846
5.7568 -29.1992 10.4328
2.8769 -28.6577 9.5595
4.0204 -31.4863 8.9127
6.0383 -30.0544 9.7714
2.8589 -28.8732 9.612
2.877 -29.1832 9.495
4.8873 -25.3368 9.9035
2.8588 -28.2113 9.6683
2.8768 -28.3486 9.5425
4.0316 -30.744 9.1621
7.1995 -30.9761 8.4319
8.9259 -28.3422 9.2142
5.1811 -30.2733 9.5954
6.6225 -30.6009 8.6545
9.785 -28.5289 9.1229
9.4935 -28.4761 9.2192
7.1931 -27.4873 9.9872
7.7719 -30.5266 8.5462
4.5957 -29.2387 9.1079
4.0315 -30.5918 9.2717
7.7719 -30.4325 8.6114
7.7718 -30.2341 8.6825
7.4841 -29.3071 8.9836
6.3261 -31.2018 8.5016
9.7878 -26.1377 9.6153
2.8588 -27.296 9.9905
2.687 -31.0615 9.3349
2.6869 -28.4894 9.6908
2.6883 -26.3908 10.068
8.3512 -30.6893 8.4239
4.0205 -27.5869 9.8727
2.8766 -27.4799 9.9247
6.3334 -24.6656 9.5829
5.7484 -25.677 9.6219
6.6128 -30.8864 8.5661
5.7564 -24.4663 9.9075
8.0594 -29.7288 8.8019
4.0315 -29.5383 9.2718
2.6869 -25.63 10.2125
4.6059 -29.285 9.1248
5.7565 -25.3842 9.7141
4.596 -27.3365 10.7064
6.3261 -29.7926 10.2282
9.2144 -27.416 9.4545
4.0204 -30.698 9.2269
2.6869 -29.772 9.5691
6.0384 -26.05 9.8038
7.4841 -28.6252 8.9429
7.4776 -28.5993 8.8448
7.1935 -30.1852 8.6675
4.8927 -25.922 9.7513
4.5954 -31.6833 8.7384
10.3594 -31.7044 8.1567
2.687 -29.6579 9.5373
8.0534 -26.9466 9.7542
4.5958 -28.3565 10.3996
7.1994 -30.5691 8.5148
7.4838 -27.7593 9.9314
5.7481 -29.6393 10.6564
5.7568 -29.693 10.6038
5.7567 -27.8819 10.1834
6.3339 -31.1592 8.4517
5.7567 -27.0405 9.8873
2.6721 -28.742 9.6633
8.6311 -28.8406 9.0603
6.6224 -29.0203 8.1769
6.0383 -31.3282 8.5359
6.0383 -31.264 8.5078
8.6311 -30.0577 8.6177
6.0447 -31.2086 8.5425
8.6311 -30.2701 8.571
8.0533 -27.8354 9.6969
9.2038 -27.3464 9.445
8.0595 -30.3906 8.5174
2.6651 -28.9662 9.7081
8.343 -30.287 8.5379
10.5962 -28.6468 9.1762
2.6882 -27.4105 9.9679
8.0589 -27.857 9.6655
2.8772 -30.5252 9.3934
7.4838 -27.1856 9.8499
7.1991 -28.9191 8.8917
7.4776 -28.3813 9.0685
6.3335 -28.4224 9.8904
2.6882 -28.1287 9.7812
7.1995 -30.9393 8.4097
8.343 -30.5098 8.5504
4.0204 -31.4055 8.9594
9.788 -30.3729 8.4079
6.0448 -31.6772 8.3589
6.0382 -31.6599 8.3225
2.6882 -29.03 9.6625
5.1739 -24.5088 10.0229
8.0535 -26.3588 9.8766
8.9189 -28.4721 9.1443
8.6311 -29.6127 8.8423
2.8588 -28.3101 9.6113
8.6342 -30.4302 8.5628
2.6869 -26.9075 10.0613
4.0316 -30.8611 9.1162
2.8766 -27.3619 9.9277
2.6654 -31.7694 8.8818
5.1807 -28.2022 10.4871
2.6652 -30.1833 9.4938
8.059 -28.229 9.19
6.6128 -31.6819 8.1607
10.6023 -26.8988 11.1431
2.6869 -24.7989 10.2038
10.5961 -27.1662 10.2816
8.6343 -30.8347 8.351
2.6721 -27.849 10.8742
2.8587 -26.6157 10.0357
6.0384 -24.4604 9.788
4.8927 -26.5035 9.7631
7.1992 -29.5515 8.9502
5.7482 -28.1714 10.1467
6.0383 -30.7194 8.7464
4.8932 -31.6772 8.7092
10.3753 -27.3521 9.1889
2.6717 -30.9007 9.2963
2.6882 -27.0351 10.0435
2.6869 -29.315 9.6484
5.1807 -28.2377 10.4449
10.5961 -27.3072 10.0698
4.0314 -28.7478 9.2504
7.1996 -31.1993 8.2379
9.503 -31.173 8.2301
10.3752 -27.462 9.234
6.0448 -31.5139 8.3663
4.0204 -30.6655 9.1913
2.8587 -26.5572 10.0587
10.3754 -30.813 8.3196
7.7675 -27.2895 10.6766
8.0595 -30.4406 8.5211
4.0313 -27.2617 9.8695
8.0589 -27.9955 9.5529
4.0313 -27.5763 9.9376
4.0313 -27.7161 9.8895
2.6653 -30.9114 9.3448
2.6653 -31.3821 9.0404
2.6869 -25.654 10.2747
2.6869 -26.6544 10.1205
5.174 -29.9694 10.148
10.3754 -30.0503 8.5538
10.3591 -30.1765 8.4966
10.3754 -30.996 8.3877
3.7352 -30.5515 9.2894
8.6344 -31.4773 8.0125
4.8926 -25.2709 9.8883
7.1995 -30.9791 8.3542
10.3589 -29.2942 8.8761
2.6881 -31.6135 8.9742
2.6882 -27.8427 9.7834
2.6652 -29.3223 9.5785
8.0599 -31.7014 7.9886
8.9261 -29.4611 8.8507
7.771 -27.4346 10.3858
4.0205 -25.8194 10.0465
10.3753 -28.9417 8.9768
7.4838 -27.0137 9.884
4.0205 -27.4971 9.9246
4.0204 -28.893 10.0197
4.0204 -28.7105 10.2012
4.887 -31.0129 9.0128
5.1741 -30.7412 9.0177
7.1991 -28.8199 8.9272
2.672 -29.3992 9.5987
2.6869 -29.7134 9.5921
7.4839 -28.2275 9.4982
8.6344 -31.7188 8.2857
2.665 -27.4514 10.0291
4.8872 -25.6292 9.7671
7.4775 -29.6092 8.9348
4.3112 -26.7363 9.79
2.6652 -29.3394 9.5251
9.2037 -30.2166 8.5684
2.672 -29.0516 9.7017
2.687 -28.8143 9.59
6.3261 -30.3494 8.7877
2.6869 -28.2038 9.7145
8.0533 -26.9795 10.9301
7.7679 -30.9253 8.3483
8.631 -31.7408 8.3186
6.3339 -30.7099 8.6894
8.0593 -29.6245 8.8078
10.3589 -28.9972 9.0044
10.3754 -29.4851 8.6738
10.6023 -29.2049 8.855
7.1991 -28.4617 8.9494
8.6344 -31.7919 8.3087
5.1804 -25.3698 9.8527
5.1741 -31.0853 8.9709
7.1994 -30.3536 8.6392
8.053 -30.14 8.6911
10.3589 -29.3793 8.8161
8.0594 -30.0302 8.6604
5.1805 -25.9157 9.6786
2.6868 -28.5096 10.472
8.053 -29.996 8.7526
2.6652 -29.1295 9.7007
7.4838 -27.5088 9.8914
2.6652 -29.0923 9.657
7.1994 -30.5238 8.5193
6.6128 -30.3619 8.6737
4.0205 -26.3551 9.8131
8.0528 -31.5199 7.9916
6.3339 -31.2225 8.4369
10.6022 -29.7641 8.6624
3.4543 -26.4094 9.9268
8.0598 -31.3145 8.1686
7.4843 -30.3448 8.6452
10.359 -29.7251 8.6271
2.687 -29.5493 9.5566
6.6129 -27.6108 10.0465
7.199 -28.3513 9.1108
5.1741 -30.9721 8.9821
8.0597 -30.9798 8.2315
10.359 -29.9418 8.567
2.8768 -28.4995 9.5966
7.7721 -31.5009 7.9944
10.359 -29.5913 8.7479
2.6651 -28.7708 9.7015
6.3261 -29.109 10.3299
6.3261 -29.5674 10.543
10.3754 -29.987 8.5686
8.053 -29.8057 8.7757
2.6721 -28.8506 9.644
7.1932 -27.8975 8.9356
10.6554 -29.5497 8.7812
3.4549 -31.3186 9.0372
9.2039 -25.535 9.6881
8.6336 -27.0261 10.6911
10.375 -27.6245 9.8679
2.6883 -25.2544 10.2355
2.8588 -26.9706 10.0697
10.6552 -27.7275 9.8343
7.4776 -27.1077 10.7603
5.4681 -27.9186 10.3053
5.7482 -29.2314 10.4685
2.8589 -29.2126 9.5571
9.7879 -28.1215 9.1323
9.7878 -26.5396 9.5027
8.9257 -26.5653 9.5992
7.4779 -24.4237 9.6172
7.1929 -24.7185 9.5882
4.8871 -29.636 10.5255
7.1935 -30.2994 8.6993
2.8768 -28.485 9.5506
2.8589 -28.9625 9.5387
7.7722 -31.7592 7.9648
6.6225 -30.1832 8.6567
7.1935 -30.1545 8.7179
8.0586 -26.5594 9.9477
7.1935 -30.4105 8.5808
2.8767 -28.0404 9.7965
6.9083 -31.6217 8.0017
5.7483 -28.1146 10.2556
2.8587 -26.7307 10.1105
10.596 -25.186 9.5901
10.596 -25.2022 9.4938
9.4935 -24.577 9.5168
9.5022 -24.831 9.6862
8.9255 -25.1228 9.6718
8.9256 -25.6089 9.6844
8.9256 -25.806 9.5489
10.6551 -26.9819 10.9061
10.3585 -26.7906 11.0293
9.4935 -26.9123 10.9267
9.502 -26.8933 10.8741
9.7848 -26.0972 9.6806
9.7848 -26.3328 9.6531
9.5023 -26.1881 9.6522
9.5023 -26.1808 9.5152
8.9257 -26.4935 9.6407
8.3502 -25.154 9.8048
8.3503 -24.9895 9.5197
7.4778 -25.2309 9.5636
8.631 -27.0161 10.8968
8.3501 -26.8652 11.1521
8.6311 -26.0785 9.668
8.0586 -26.5154 9.7885
8.3432 -26.8235 9.7139
7.4776 -26.6046 11.0293
7.4835 -26.8755 10.9303
7.7676 -26.3513 9.8608
6.9004 -26.7079 9.9924
6.9004 -26.84 10.0139
7.1931 -26.8738 9.9615
6.9074 -26.8751 9.754
10.3747 -27.1483 10.5773
10.6023 -27.1316 10.3025
8.9188 -27.2421 10.7458
10.3752 -27.5744 9.1799
10.3752 -27.6428 9.1947
10.6552 -28.0788 9.4683
10.6552 -28.0779 9.4253
9.5025 -27.1479 9.2828
9.2144 -27.2514 9.3974
8.9258 -27.4256 9.4719
8.0532 -27.806 10.0397
8.0532 -27.9671 9.6968
8.3432 -27.2395 9.6256
8.0589 -27.8232 9.5655
8.6311 -28.4233 9.0842
10.6554 -29.5643 8.8271
9.7879 -28.9266 8.9716
9.5028 -29.9044 8.6039
9.5029 -29.939 8.5188
10.6556 -31.2875 8.2657
10.3754 -31.2042 8.3544
10.3754 -31.4329 8.2114
10.5965 -31.8612 8.253
10.3594 -31.5463 8.1938
9.2152 -30.7015 8.4271
9.2036 -30.8911 8.2437
9.4935 -31.2377 8.1341
9.4935 -31.8556 8.3746
9.2154 -31.3176 8.1258
9.2036 -31.4747 8.1346
8.9187 -31.7587 8.2012
8.9187 -31.8678 8.2034
7.1992 -29.6909 8.8806
8.631 -30.9016 8.3582
7.7679 -31.0052 8.2587
8.6344 -31.4281 8.0518
8.0528 -31.4768 8.1034
8.0599 -31.7327 7.9597
7.1994 -30.3527 8.5963
7.1936 -31.2626 8.2733
6.6128 -24.6768 9.5696
6.0384 -25.1847 9.6738
6.622 -24.9179 9.4484
6.622 -24.944 9.3899
6.3335 -25.094 9.4334
5.7485 -24.5334 9.8807
5.7565 -24.3098 9.5742
6.3261 -25.5752 9.6016
6.3334 -26.0367 9.8014
5.1806 -26.1513 9.6512
3.7415 -24.657 9.9261
3.7416 -24.9366 9.8298
2.6869 -24.8575 10.1808
2.6884 -24.9564 10.0927
2.8761 -25.0373 9.945
2.6869 -25.061 10.1393
3.7346 -26.1047 9.9033
3.1581 -26.2163 10.1135
6.622 -27.6371 10.0941
4.596 -27.3531 10.6316
5.4682 -28.1042 10.2743
6.3335 -27.0803 9.7637
6.6222 -28.3049 9.4261
6.3261 -28.1579 9.326
6.6222 -28.4409 9.1847
6.6223 -28.5042 9.1699
4.8927 -27.0448 9.809
4.6056 -28.4683 9.3899
2.6721 -27.7242 10.9897
3.4439 -28.1585 10.6169
3.4439 -28.1935 10.5532
3.4544 -27.0772 9.9431
3.7415 -27.6199 9.8116
2.6651 -28.023 9.775
6.3335 -28.9187 10.1903
5.1808 -28.8102 10.2338
4.6054 -28.6042 10.2889
4.6055 -28.6033 10.2459
5.4684 -29.8533 10.318
4.8871 -29.7518 10.4152
5.4684 -29.8148 10.2099
4.5958 -29.025 9.5463
4.893 -29.7537 9.0269
4.893 -30.1008 9.1306
4.5956 -30.1075 9.1817
5.7481 -30.9975 8.8831
5.1813 -31.1895 8.86
4.8869 -31.2817 8.8356
6.0448 -31.8597 8.1774
5.4689 -31.4007 8.6645
4.6065 -31.7297 8.7561
3.7415 -28.8141 10.0343
4.3186 -28.7215 9.9245
4.3188 -29.5685 9.1314
3.7351 -29.8849 9.3378
3.4439 -28.9676 9.7584
3.4439 -29.1049 9.8095
3.4546 -29.0217 9.5375
2.877 -29.3008 9.4706
2.877 -29.332 9.4417
2.877 -29.2901 9.3899
2.877 -29.5949 9.4202
2.8771 -29.9527 9.3764
4.0204 -30.403 9.2344
4.0204 -30.975 9.0017
3.7416 -30.6751 9.318
3.158 -30.9894 9.236
4.3112 -31.1616 9.0148
4.0204 -31.0425 8.9735
3.4438 -31.6986 8.952
7.1997 -31.6987 8.004
8.9256 -25.9441 9.6429
7.1985 -24.302 9.3957
10.6551 -27.3074 10.164
9.7877 -27.5952 9.8381
9.2038 -27.8517 9.2834
9.5025 -28.2275 9.2244
7.4776 -27.5587 10.3803
8.9188 -31.073 8.1956
3.7345 -25.6508 10.1331
6.0442 -27.043 9.829
6.6221 -28.2793 9.7342
4.893 -29.2235 9.0832
2.687 -30.0653 9.4758
10.0703 -26.7077 9.4282
5.7481 -31.4199 8.6608
9.7879 -25.0253 9.3889
9.2039 -25.5692 9.5814
10.3585 -26.9266 11.0159
10.3584 -26.7779 9.2876
8.9257 -26.9514 9.6044
6.9073 -24.5523 9.401
6.9073 -25.0174 9.5016
8.6311 -26.471 9.767
7.771 -26.8732 9.7868
6.9004 -26.666 9.9406
10.6551 -27.1566 10.5661
9.4935 -27.2404 10.3134
9.4935 -27.2259 10.2675
9.2143 -27.7434 9.9388
10.5962 -27.9983 9.4423
10.5962 -28.2376 9.1519
8.6336 -27.0992 10.7141
7.7676 -27.6074 9.7761
7.4776 -27.0857 9.8932
10.6553 -29.2868 8.8027
10.5963 -29.7412 8.7285
10.0702 -29.7666 8.6711
10.6022 -29.9749 8.5298
9.5027 -28.9903 8.9904
9.5028 -29.7086 8.8039
8.9188 -30.2167 8.5165
10.6554 -30.3389 8.5098
10.6555 -30.6086 8.3756
10.6555 -30.7172 8.3563
9.7851 -30.9341 8.3742
8.9188 -30.9071 8.3022
9.2154 -31.5199 8.0199
7.7678 -28.9168 8.9546
5.4678 -24.565 9.9498
3.7415 -25.0038 10.0083
4.3182 -25.2545 9.8083
3.4541 -24.6778 10.0791
3.4542 -24.6988 9.991
4.6051 -26.446 9.7645
2.8763 -26.166 10.0752
2.8764 -26.5713 9.9063
6.0442 -27.68 10.1237
6.0383 -28.2357 10.1052
5.7483 -28.0693 10.2601
4.5958 -28.5069 9.9759
6.0384 -27.1463 9.8983
4.8929 -28.3394 9.3765
2.859 -27.644 11.0494
2.6869 -26.772 10.0961
2.6649 -27.7966 11.1657
4.0313 -26.9299 9.8548
3.7415 -26.8798 9.8154
3.4545 -28.371 9.6959
6.0442 -29.3676 10.4961
5.4683 -29.1384 10.4483
6.6128 -31.7285 8.2206
4.0314 -28.9838 9.4725
4.0315 -29.4849 9.3244
2.8769 -28.7133 9.6143
2.859 -29.756 9.4823
2.8772 -30.4803 9.4193
2.6653 -30.9871 9.2685
4.0316 -31.0424 9.0984
4.3112 -31.3129 8.8622
10.3594 -31.7147 8.2159
9.788 -31.0019 8.2946
3.4543 -26.5701 10.0186
6.0383 -27.6261 10.2728
4.6061 -30.4115 9.1478
4.3188 -29.4761 9.0544
4.5961 -26.299 9.6982
2.6654 -31.7972 8.9092
2.859 -29.9412 9.4297
8.3431 -29.1824 8.9264
7.4774 -30.8698 8.4019
10.0702 -26.8975 10.7307
8.6338 -27.0355 9.5671
7.1932 -27.693 10.053
3.1581 -26.2796 10.0987
4.0313 -28.611 10.1331
4.0205 -28.6761 9.1675
10.0703 -26.5808 9.6645
8.9189 -29.1903 8.9575
9.7878 -24.5195 9.7569
9.4935 -24.3894 9.6687
8.9255 -24.7637 9.651
9.7848 -25.7308 9.751
9.7848 -25.6978 9.466
9.5023 -25.6994 9.5108
10.3585 -26.8624 10.9878
8.9188 -26.9087 11.1013
9.2143 -26.7785 9.5944
9.4935 -27.0128 9.6085
8.6335 -24.2787 9.5406
7.7676 -24.3794 9.577
8.631 -26.8708 11.122
8.6336 -27.0543 10.74
10.3749 -27.2308 10.1604
8.9189 -27.4159 10.1348
10.0702 -27.3815 9.2887
8.9258 -27.4247 9.429
8.0585 -27.1328 10.6919
8.3432 -27.1143 9.7197
8.3431 -28.0133 9.4934
8.3431 -28.2192 9.1246
7.4839 -28.0993 9.4419
10.6023 -28.9356 9.0106
10.5963 -29.6741 8.7781
10.6554 -29.6532 8.7322
10.6554 -29.7028 8.7144
10.3754 -29.6659 8.6346
9.2149 -29.3683 8.7513
10.5964 -30.8736 8.3674
10.3755 -31.4363 8.1551
10.0702 -31.6917 8.2105
8.0591 -28.6621 9.0485
8.3431 -29.288 8.9849
8.6342 -30.2421 8.465
7.1991 -28.6925 8.9139
6.908 -30.3318 8.6704
8.6344 -31.4585 7.9799
8.0528 -31.4126 8.0753
6.0442 -25.0451 9.3752
5.7484 -25.7882 9.7314
4.8872 -25.8344 9.8114
4.8872 -26.0738 9.7491
5.1806 -26.5865 9.8452
4.8872 -26.4937 9.854
4.0206 -24.5299 9.8247
3.7415 -24.9422 10.109
3.1581 -25.0782 9.9671
3.1581 -25.1415 9.9522
3.7415 -25.7524 9.9778
2.8763 -25.9895 10.1011
6.0383 -27.9626 10.2956
4.596 -27.1877 10.9879
5.1806 -28.0287 10.4352
6.0384 -26.8684 9.8524
5.7566 -26.6514 9.9599
6.0444 -28.1174 9.2847
5.4681 -27.0285 9.8418
3.7414 -27.9513 10.7172
3.7415 -26.8807 9.8584
2.8767 -27.7885 9.6922
6.3335 -28.9333 10.2362
6.0383 -29.6356 10.6217
4.6058 -29.1268 9.1618
4.893 -29.681 9.0254
4.893 -29.8734 9.1099
6.0446 -30.2928 8.8432
6.6128 -31.0181 8.566
6.6226 -31.2892 8.3331
6.3261 -31.7148 8.2704
4.0313 -28.6439 10.1901
4.0313 -28.6794 10.1479
4.0314 -28.9329 9.4259
4.3188 -29.7228 9.1292
3.158 -29.6546 9.4746
2.859 -29.8202 9.5104
10.0703 -25.6582 9.6218
2.8763 -26.1806 10.1211
10.3752 -24.683 9.6877
9.4935 -24.1914 9.5333
9.7848 -25.6641 9.8222
7.193 -25.037 9.6214
6.9003 -25.6766 9.741
7.4776 -26.6144 10.839
10.6551 -27.2488 10.187
10.6551 -27.3227 10.0248
9.4935 -27.1969 10.6318
8.9188 -27.36 10.5147
10.6552 -28.1711 9.3172
10.3587 -28.1337 9.4165
10.3588 -28.5419 9.1698
8.3432 -27.2044 10.5801
7.4776 -27.3903 10.5862
8.6338 -27.1338 9.4886
8.6338 -27.5755 9.3205
7.7677 -28.1678 9.4198
6.9004 -28.4311 9.2032
10.3588 -28.6689 9.1615
10.3752 -28.857 9.0583
10.6554 -30.0712 8.5232
8.926 -29.046 8.9817
8.926 -29.0789 9.0387
10.6555 -30.5787 8.4689
10.0702 -31.3065 8.2484
9.7851 -30.4048 8.4736
9.5031 -31.6976 8.1227
9.2154 -31.4668 8.094
8.631 -31.3816 8.0699
8.0528 -31.4759 8.0605
6.3334 -24.7639 9.5045
5.1804 -24.5882 9.826
3.4439 -25.7299 9.9778
2.8763 -25.9262 10.116
5.1739 -28.2772 10.2243
4.8872 -28.1554 10.5122
3.158 -27.1874 11.2145
2.665 -28.2109 10.7635
4.0205 -26.7762 9.7544
5.7482 -28.6118 10.1421
5.7482 -28.5789 10.0851
6.0383 -29.9796 9.8907
5.7481 -30.9518 8.8661
4.5955 -31.0027 8.9904
3.158 -29.9308 9.4346
3.4439 -30.2592 9.4033
4.0204 -31.2875 8.9624
9.2141 -27.2435 10.6074
3.4542 -24.7176 10.0236
6.6221 -28.2151 9.706
6.6222 -28.2511 9.6853
9.7848 -25.8283 9.6296
9.4935 -26.9982 9.5626
8.9257 -26.8283 9.5778
6.9003 -24.9343 9.6377
6.9073 -25.1252 9.4394
8.6337 -26.3489 9.7463
8.6311 -26.4496 9.8337
10.6023 -27.6707 9.7848
10.6552 -27.757 9.7195
10.0702 -27.4311 9.271
10.0702 -28.3421 9.1899
8.9258 -27.225 9.4356
9.2038 -27.4088 9.3872
8.631 -27.3062 10.425
7.4776 -27.9907 9.7396
8.6339 -28.189 9.3463
7.7677 -28.1123 9.5931
6.9077 -28.212 9.3948
6.9004 -28.4157 9.1143
7.1991 -28.6182 8.8265
6.9004 -28.5251 8.9099
10.0702 -28.9796 9.0497
10.6553 -29.2381 8.8635
9.2148 -29.1045 8.9578
9.4935 -30.2695 8.5307
10.6556 -31.3494 8.1864
8.9263 -30.4573 8.4819
9.5031 -31.8566 8.1287
9.2154 -31.2402 8.1161
8.053 -29.9695 8.7897
7.1992 -29.159 8.851
7.1992 -29.6549 8.9013
7.1993 -29.8576 8.8169
8.0597 -30.8955 8.3345
7.768 -31.5319 8.0305
6.9004 -30.9769 8.4491
6.0441 -24.4324 9.8484
4.8926 -25.0088 9.9528
6.6128 -26.0437 9.8007
5.1739 -25.7747 9.7477
3.7415 -24.6079 9.9654
4.3112 -25.1433 10.0585
4.0312 -25.5703 9.9882
3.4439 -25.3537 10.0104
2.6649 -25.2192 10.1237
3.1581 -26.1501 9.978
5.7566 -26.7194 9.9532
5.1739 -27.0125 9.8797
4.3185 -27.5752 9.826
3.158 -27.4476 9.9237
5.4683 -29.3816 10.5794
4.8871 -28.622 9.7863
4.5958 -28.9848 9.5804
6.0446 -30.3612 8.858
4.8931 -31.2009 8.9624
6.0447 -30.8584 8.7447
6.3261 -31.7593 8.223
4.3112 -28.8791 9.5405
3.158 -30.5823 9.319
2.8591 -30.7885 9.3423
4.0204 -31.6782 8.7475
2.8774 -31.3884 8.9601
6.6227 -31.8669 8.1516
2.687 -29.6036 9.5469
10.596 -25.1962 9.4212
10.5961 -26.8915 11.0704
9.4935 -26.9089 9.636
7.4837 -24.3814 9.4922
7.193 -24.9262 9.5333
10.5964 -30.4773 8.5312
10.0702 -31.0038 8.3255
6.0441 -24.3208 9.7173
6.0441 -24.3401 9.5433
6.3261 -24.6478 9.5508
6.0384 -25.0701 9.8486
5.1739 -25.4006 9.8878
5.1739 -25.4301 9.773
4.3112 -25.2951 9.9274
4.8872 -28.1272 10.4634
2.8587 -26.7478 10.0572
3.4439 -27.8261 9.6684
5.4686 -30.4434 9.3909
6.3261 -30.6046 8.8358
6.6225 -30.9558 8.4604
6.6128 -31.4327 8.1852
2.8589 -29.051 9.6505
3.158 -29.9936 9.3983
3.4548 -30.8359 9.1964
4.3112 -31.7862 8.6866
7.768 -31.6298 7.9305
9.2039 -24.3874 9.5257
9.214 -24.7182 9.6541
8.9255 -24.8654 9.7444
8.9255 -25.3421 9.7407
8.9256 -25.4811 9.6496
8.9256 -25.9548 9.7236
10.3748 -27.0508 10.2426
9.7848 -26.7726 10.974
8.9188 -26.9433 11.0161
10.0703 -26.1045 9.4617
10.3584 -26.9802 9.4097
9.7849 -26.5824 9.65
9.2038 -27.0574 9.5251
8.6311 -24.9116 9.4515
7.1985 -24.8946 9.5098
8.3503 -25.5261 9.5576
6.9073 -25.2034 9.492
10.3747 -27.1765 10.6262
9.2039 -27.1806 10.6706
9.7877 -27.7338 9.7255
9.4935 -28.0436 9.6104
10.3752 -28.1674 9.3153
9.7849 -27.8594 9.249
9.4935 -28.3983 9.1882
7.7712 -27.8232 9.8356
7.4838 -27.5306 9.8462
8.6338 -27.4194 9.4649
8.6338 -27.4554 9.4441
9.4935 -29.2542 8.8457
8.9189 -29.0103 9.0397
8.9189 -28.9774 8.9827
10.3755 -31.5979 8.0618
9.2152 -30.778 8.3938
8.9188 -31.663 8.1805
8.634 -28.7692 9.0657
8.343 -29.9275 8.7239
8.6342 -30.0142 8.6509
7.4775 -28.8776 8.9121
6.9004 -29.0744 8.6794
6.9004 -29.1924 8.6764
7.7722 -31.5779 7.9826
6.622 -24.7516 9.3055
6.622 -25.0958 9.4869
6.3335 -25.091 9.5111
6.0442 -25.0934 9.521
5.4678 -24.5163 10.0105
5.4679 -25.3119 9.8336
5.1739 -25.1642 9.8723
6.6128 -25.4759 9.564
6.0384 -25.7024 9.6788
5.7484 -26.1195 9.7246
5.1739 -25.5203 9.7426
4.8927 -26.2978 9.6972
3.7415 -24.8708 9.9438
2.6727 -25.5608 10.2081
2.6869 -26.0742 10.1732
6.3334 -26.6502 10.0555
4.6049 -26.9294 11.0167
6.0383 -28.2167 9.1604
5.4682 -27.1594 9.7988
4.596 -26.9904 9.755
4.8927 -27.3598 9.8986
4.8871 -28.3209 9.4932
2.6649 -27.8608 11.1938
2.665 -28.0005 10.9176
3.158 -28.3638 9.6444
6.0383 -30.0916 9.8151
6.3338 -30.2887 8.7479
6.0446 -30.1752 8.8677
6.6224 -29.2712 8.6945
4.893 -29.9016 9.1587
4.893 -29.9461 9.1113
4.0204 -28.8088 10.1227
4.0313 -28.7782 10.0908
3.7416 -29.5267 9.3403
4.0204 -29.8848 9.2079
3.4439 -29.1887 9.685
4.0204 -31.4807 8.8616
4.3112 -31.6425 8.7695
3.4438 -31.086 9.1973
9.7851 -30.0346 8.5789
9.7848 -25.1771 9.5387
9.5022 -24.7002 9.7291
8.3507 -28.0097 9.3188
8.6311 -28.3712 9.2012
6.9078 -28.779 8.9045
7.1992 -29.4232 8.8939
8.3511 -30.443 8.5987
6.0441 -24.2212 9.5033
2.8763 -25.7475 10.0345
3.4543 -26.456 9.9867
6.622 -27.1232 9.826
5.1739 -26.8038 9.8916
2.6882 -27.4066 10.0027
3.7415 -28.0402 9.7101
5.7482 -28.72 10.1014
4.8871 -28.6354 10.2239
5.4688 -31.2699 8.7075
4.0315 -29.3707 9.2925
3.4546 -28.6293 9.4383
3.158 -30.8128 9.2619
2.6654 -31.6801 8.9551
6.0383 -31.5 8.5018
9.2036 -30.4901 8.3994
4.0204 -28.5509 9.4896
3.158 -26.7897 9.9453
10.3585 -26.8907 11.0366
6.9003 -24.9262 9.6858
6.9073 -25.0734 9.5779
10.6551 -27.1774 10.2499
10.6551 -27.4915 9.8403
8.9189 -27.853 9.2956
8.9189 -28.3404 9.1444
7.4776 -27.4514 10.464
8.059 -28.105 9.3485
7.4841 -28.6244 8.8999
10.6556 -31.8501 8.2447
8.3512 -30.5974 8.3684
5.4679 -24.8754 9.8032
2.6869 -25.7604 10.1481
2.6726 -26.3252 10.0599
6.0442 -27.0041 9.9275
6.3261 -28.1636 9.8333
4.3185 -27.6556 9.7579
4.3186 -28.5312 9.4913
2.6651 -27.9029 9.8987
4.6058 -28.8968 9.0122
4.3187 -28.6629 9.2632
2.859 -29.7522 9.5171
10.3753 -27.6103 9.1592
7.1985 -25.9408 9.829
10.6022 -31.4661 8.168
9.2039 -24.2458 9.2599
9.4935 -24.8413 9.7878
9.5023 -25.563 9.5026
9.5023 -25.7353 9.49
10.6023 -26.8667 11.129
10.3585 -26.8368 11.0678
10.0702 -26.9334 10.7099
10.6023 -27.0611 10.4084
10.655 -26.6166 9.466
9.5024 -26.5985 9.513
8.0533 -26.8764 11.0005
7.4776 -26.6357 10.7723
10.6023 -27.2866 9.2028
10.6023 -28.2653 9.3218
8.0585 -27.1687 10.6711
8.0533 -27.2445 10.7878
8.0533 -27.3209 10.5264
8.3506 -27.9848 9.6698
8.0533 -27.6966 10.0161
8.0532 -28.0347 9.6686
7.4836 -27.162 10.7215
8.6339 -28.3352 9.1642
7.7713 -28.0002 9.6031
7.4776 -28.445 9.0752
7.199 -28.3881 9.133
6.9078 -28.4839 8.912
10.3753 -29.5676 8.7131
9.7879 -29.7073 8.7271
9.7879 -29.8052 8.6272
10.0702 -30.3753 8.4605
10.6555 -30.9702 8.2969
10.6555 -31.0028 8.3325
10.5964 -31.1541 8.314
10.0702 -31.8135 8.1727
9.4935 -31.758 8.0399
7.7678 -28.7838 8.8902
7.7715 -28.8878 9.0254
7.7678 -28.9318 9.0219
7.4842 -29.7262 8.8177
7.1934 -29.8244 8.7891
7.1993 -30.183 8.7377
7.7679 -30.485 8.581
7.4845 -31.6126 8.0003
6.0441 -24.83 9.7491
6.3261 -24.9489 9.8439
6.6128 -25.1963 9.6604
5.7565 -24.2303 9.4573
5.1739 -24.8025 9.951
5.7566 -25.3017 9.4468
5.7484 -25.4401 9.5849
5.7566 -25.3461 9.3994
4.8926 -25.6604 9.8372
3.7415 -24.6853 9.975
3.7345 -25.1103 10.1303
4.0312 -25.4604 9.943
4.0312 -25.5378 9.9526
3.4542 -24.7526 9.9599
3.7415 -26.1611 9.9807
2.6883 -26.5686 9.8784
5.7567 -27.6147 10.2182
5.7483 -27.8081 10.3675
4.5958 -28.5215 10.2499
5.7483 -28.0542 9.9646
6.0443 -28.3286 9.8578
6.6222 -28.3314 9.6172
5.7569 -28.0858 9.2511
3.4439 -28.0584 10.6095
3.7415 -26.6682 9.9051
3.7415 -27.584 9.8323
3.158 -27.3395 9.9645
2.8588 -27.5345 9.8853
4.8871 -28.7324 10.081
6.3262 -29.2722 8.0631
4.893 -29.8221 9.0417
5.1812 -30.5345 9.0318
5.1813 -31.0129 8.8859
6.0448 -31.4925 8.4329
4.0205 -28.712 9.1467
3.7351 -29.9208 9.3171
4.3112 -30.3745 9.1654
3.4549 -31.1929 9.1098
3.7416 -31.59 8.9742
2.8591 -31.01 9.2904
3.158 -31.322 9.0656
7.7716 -29.5073 8.8958
10.358 -25.0277 9.6365
9.2039 -24.2911 9.2555
10.0703 -25.7287 9.744
9.7878 -26.3425 9.4102
10.6551 -27.0684 9.1289
9.7878 -26.6268 9.5501
9.2038 -26.4714 9.7335
9.2038 -26.5696 9.4269
8.9257 -26.7834 9.6037
8.6311 -24.4701 9.8478
7.4837 -24.4968 9.5885
8.6311 -24.9831 9.6166
8.3432 -26.9022 9.7879
7.4777 -26.0818 9.8758
7.193 -26.2158 9.9831
9.2145 -28.0129 9.5553
10.0702 -27.4768 9.288
8.6339 -27.6251 9.3027
8.6311 -27.9707 9.3784
6.9077 -28.2937 9.3911
9.2037 -29.4779 8.8649
7.4775 -28.8451 8.8766
7.1933 -28.8086 8.8546
6.9078 -28.6892 8.9564
8.343 -30.8051 8.3362
7.4843 -30.7895 8.3994
6.9082 -31.1638 8.266
6.6128 -24.6079 9.5333
4.8926 -24.7779 9.9883
5.1805 -25.7434 9.6912
4.0206 -25.0311 10.1326
3.7345 -25.103 9.9933
2.6727 -25.5206 10.2422
2.6725 -26.6027 10.0843
6.0384 -26.9064 9.9391
3.7414 -28.0629 10.6202
3.7347 -26.8285 9.7676
3.7415 -27.5519 9.8183
5.7481 -29.9821 10.089
6.3261 -30.0813 8.7797
6.6129 -30.3592 10.3265
6.3261 -30.3823 8.8447
3.735 -29.0248 9.6935
4.3187 -28.6881 9.1618
3.735 -29.4112 9.2639
3.4439 -29.2613 9.4584
4.0316 -30.8068 9.1258
9.2143 -26.9731 9.5581
7.7674 -26.9988 10.8988
6.9084 -31.9077 7.9994
9.7878 -24.9321 9.497
9.4935 -24.6053 9.5657
8.9255 -24.9022 9.7666
10.6549 -25.762 9.6449
8.9257 -27.0596 9.5637
8.6335 -24.3146 9.5198
7.1929 -24.0578 9.2529
8.3502 -25.0942 9.7633
6.9073 -24.996 9.5683
8.6311 -26.849 9.8202
7.4777 -26.1143 9.9113
7.4838 -26.732 9.8729
7.4776 -26.9497 9.9066
10.3585 -27.1833 10.4656
10.5961 -27.2863 10.1579
10.0702 -27.4368 10.0063
10.6023 -27.9199 9.5322
9.4935 -27.3307 10.5111
10.6551 -27.2369 9.151
9.7849 -28.2485 9.1763
8.0585 -27.2495 10.6245
7.7676 -27.2444 9.7903
7.7712 -27.8433 9.7045
7.4776 -27.4886 10.5076
7.4776 -27.8484 9.887
7.1932 -27.9832 9.8093
8.3431 -28.5762 9.0378
8.0591 -28.4321 9.1271
7.7713 -28.0746 9.4624
6.9004 -28.3909 9.2372
10.5963 -28.84 9.0754
10.0702 -28.6572 9.0513
10.3753 -29.3218 8.9093
10.6554 -30.1939 8.5283
9.4935 -28.7843 8.9651
9.2037 -29.5138 8.8442
9.2037 -29.7182 8.8455
10.0702 -30.9179 8.3426
10.0702 -31.8503 8.1949
9.788 -30.8518 8.2835
8.9188 -31.7754 8.1264
8.0531 -28.9417 8.9382
8.6311 -30.0205 8.5741
8.053 -30.1883 8.6089
6.9004 -29.1197 8.6749
6.9004 -29.1522 8.7105
6.9004 -30.2685 8.6738
8.6343 -30.5756 8.3376
8.0529 -30.868 8.3139
7.4774 -30.4235 8.562
6.9004 -30.9324 8.4965
6.0441 -24.3957 9.8262
6.6128 -25.024 9.6731
6.6128 -25.3056 9.456
6.3261 -25.2759 9.6224
5.7485 -24.91 9.8695
5.7566 -26.6117 10.0154
5.1739 -25.4622 9.787
5.1739 -25.9923 9.7306
4.8927 -25.9622 9.7172
4.3112 -25.3716 9.8941
2.6884 -24.8063 10.0816
3.4439 -25.818 10.0681
2.8586 -25.6687 10.1372
2.6883 -26.1886 10.1739
3.4543 -26.5021 10.0253
6.0442 -27.5659 10.0918
6.0383 -28.3024 10.0341
5.4682 -28.108 10.2395
5.1739 -28.3423 10.2953
5.4681 -26.899 9.9491
2.6721 -27.6045 11.1349
2.665 -28.437 10.4917
2.8588 -27.5747 9.8513
2.8588 -27.6662 9.6572
3.4439 -28.0501 9.7453
3.158 -28.404 9.6104
2.6882 -28.4959 9.5256
6.0443 -29.7258 10.2458
6.6222 -29.8308 9.8919
6.6129 -29.9263 9.8054
6.3261 -29.9811 9.8912
4.5958 -28.5613 10.1944
5.174 -29.6297 10.6376
5.1809 -29.8517 10.3166
5.1809 -29.853 10.153
6.0445 -30.1833 9.5038
4.893 -29.7896 9.0062
6.3336 -30.5028 10.1556
6.3261 -30.4148 8.8803
6.0446 -30.6438 8.9121
6.3339 -30.768 8.645
6.0447 -30.7528 8.6862
6.0447 -30.988 8.6373
6.334 -31.7027 8.1489
4.5954 -31.723 8.6828
4.0313 -28.5751 10.1538
3.7415 -28.8936 9.9232
3.735 -29.0539 9.7854
3.158 -29.1274 9.4533
3.4439 -29.2801 9.491
3.158 -30.2147 9.325
3.158 -30.4515 9.362
2.6881 -30.2198 9.4424
3.4438 -31.5263 8.9646
3.455 -31.7906 8.7974
3.158 -31.1685 9.1108
4.319 -30.8036 9.1351
8.0593 -29.4949 8.9152
8.351 -29.5182 8.9043
7.1934 -29.9283 8.7617
3.4548 -30.9 9.2245
10.596 -25.1564 9.4768
8.9255 -25.2515 9.7495
9.7848 -26.4157 9.7138
9.7878 -26.2963 9.3717
8.9189 -27.0519 9.6499
8.0538 -24.2937 9.7011
6.9003 -26.4838 9.9155
10.6551 -27.3586 10.004
10.6023 -28.2977 9.1293
8.0533 -27.6256 10.1005
8.0588 -27.6086 9.7329
7.7718 -29.9985 8.7099
7.7718 -30.1743 8.641
8.0529 -31.0745 8.1946
7.768 -31.6657 7.9098
6.9082 -31.1599 8.3009
6.0442 -26.1281 9.7165
4.3183 -26.5337 9.7431
2.6869 -26.1897 10.0414
3.1581 -26.4241 10.0587
6.0442 -27.008 9.8927
6.0442 -27.0575 9.8749
6.3335 -28.012 9.8015
4.596 -26.9327 9.8209
4.0205 -28.5227 9.4407
4.5958 -29.0528 9.3456
5.1741 -30.9036 8.9673
5.1741 -31.4029 8.7331
10.6553 -28.838 9.0621
7.4774 -31.0554 8.3707
8.0585 -26.2213 9.8389
10.3594 -31.4338 8.2479
8.9187 -31.8036 8.1753
3.7344 -25.0377 10.1288
9.5023 -26.1735 9.6063
9.2143 -26.7247 9.6254
9.2038 -27.0763 9.5577
7.4837 -24.3078 9.4478
6.9073 -24.5954 9.5172
8.3504 -26.2934 9.788
8.0585 -26.1315 9.8907
8.6337 -26.4528 9.7189
7.4835 -26.9196 10.8614
9.5023 -27.5921 9.9278
9.4935 -27.879 9.7815
10.3752 -27.2995 9.2844
10.5962 -28.1073 9.4445
10.0702 -28.5653 9.2239
10.0702 -28.5645 9.1809
8.9258 -27.5572 9.4719
8.9259 -28.1161 9.2579
8.0533 -27.5624 10.1153
8.0588 -27.6078 9.6899
7.4838 -27.685 9.844
6.9075 -27.8803 9.8361
8.6338 -27.676 9.5774
7.484 -28.3836 9.1258
7.4776 -28.4527 9.0055
10.6553 -29.306 8.8568
9.4935 -29.0349 9.005
7.772 -31.0212 8.304
7.7722 -31.8494 8.1625
6.3261 -24.9412 9.9136
6.0384 -25.1141 9.7797
6.0384 -25.1133 9.7367
5.4679 -24.6779 9.9172
4.8926 -25.1862 9.9698
6.622 -25.6311 9.6883
4.318 -24.5384 10.1023
4.3181 -25.0052 10.0608
4.6048 -25.4378 9.9881
4.6048 -25.4827 9.9622
2.8762 -25.7312 10.1308
4.596 -27.1775 10.9286
5.4682 -28.0546 10.292
5.7566 -26.6874 9.9391
6.3261 -28.0473 9.9222
6.6129 -28.3482 9.9136
3.158 -27.2019 11.2604
2.8765 -27.1319 10.0062
3.7347 -26.9829 9.7653
2.6869 -26.8199 9.9924
2.8766 -27.6842 9.9262
4.0205 -27.8664 9.7764
2.6883 -27.7768 9.6694
6.3261 -28.604 9.8287
5.7482 -28.6473 10.0999
5.7481 -29.5449 10.7001
6.3336 -30.0244 10.3014
6.0444 -29.9165 10.0162
6.0383 -30.0399 9.7255
6.0383 -30.0895 9.7077
5.4684 -29.8037 10.3358
5.1808 -29.7559 10.524
4.8871 -29.8214 10.2663
5.4685 -30.1423 9.7819
4.6057 -28.5846 9.073
6.6226 -31.0733 8.436
4.5954 -31.6179 8.6458
4.3112 -28.8034 9.6168
4.3112 -29.1116 9.1346
2.8769 -29.0558 9.4817
2.8771 -29.8856 9.4261
2.6881 -29.8619 9.4862
3.7352 -30.9029 9.1516
4.3112 -31.4164 8.8133
3.455 -31.656 8.8751
9.5022 -24.563 9.678
9.7878 -25.6054 9.5643
9.7849 -28.1548 9.263
2.6721 -27.8986 10.8564
6.6129 -28.7605 10.0881
4.8931 -31.2727 8.921
6.334 -31.7429 8.1148
2.8762 -25.6915 10.1863
6.0447 -31.1197 8.6373
6.6219 -24.7503 9.6972
8.9188 -31.5526 8.1139
7.484 -28.3297 9.3849
6.3261 -29.6311 10.5496
10.3592 -30.6194 8.3927
3.4439 -28.9959 9.8073
10.3592 -30.5027 8.4601
7.1992 -29.3552 8.9006
10.5962 -28.7746 8.9829
10.596 -25.1603 9.442
9.7848 -26.4012 9.6679
7.7676 -24.4658 9.5814
7.4778 -25.183 9.6673
8.0586 -26.5458 9.7167
7.4776 -26.5901 10.9834
7.7676 -26.9875 9.8844
10.6023 -27.9117 9.1242
10.6554 -30.0216 8.541
9.7879 -29.1074 8.9323
9.2037 -29.6498 8.8308
10.6022 -31.1771 8.2481
6.3334 -24.557 9.8303
6.0443 -28.1384 9.8808
5.1808 -29.7217 10.6306
6.0383 -30.2741 9.4056
5.4686 -30.2587 9.465
4.3111 -28.6351 10.0508
2.8589 -29.0869 9.6297
4.0204 -29.4765 9.2265
9.2039 -25.5701 9.6244
9.2139 -26.8159 11.028
7.4837 -24.3117 9.413
7.4778 -25.2454 9.6095
8.3432 -26.1254 9.7698
8.6311 -26.4855 9.8129
7.4836 -26.9828 10.8466
10.6023 -27.2373 10.5891
10.6552 -28.0061 9.4668
10.0702 -27.9624 9.0508
9.5025 -27.2488 9.3331
8.9189 -27.3464 9.3928
9.7849 -28.0955 9.4711
9.2038 -27.9735 9.2455
7.7676 -27.8571 9.7731
7.1991 -28.539 8.959
10.3754 -30.406 8.4027
10.5964 -31.0861 8.3207
10.0702 -31.4108 8.2425
10.6556 -31.7774 8.2432
9.4935 -31.8411 8.3287
9.5031 -31.8925 8.1079
6.9079 -29.2651 8.9171
6.9004 -30.0693 8.702
6.9082 -31.2673 8.2172
6.0384 -24.6028 9.8687
6.0384 -26.4892 9.9629
4.3112 -25.9856 9.9413
3.1581 -25.7063 10.0388
3.4439 -26.4165 10.0264
4.3111 -27.8323 10.5472
2.665 -28.3729 10.4636
4.0205 -27.1961 9.8595
4.0205 -27.4436 9.9771
6.6128 -29.4266 8.0085
4.6057 -28.9031 9.5624
4.5957 -29.582 9.0182
2.877 -29.2268 9.4047
3.158 -30.6332 9.3656
3.4439 -30.7602 9.2551
9.2039 -27.3811 10.4787
8.0535 -26.3985 9.8211
6.3335 -29.5344 10.5517
4.8873 -25.0944 10.0435
8.6311 -28.6713 8.9952
8.9189 -26.9297 9.6662
9.5031 -31.5886 8.1205
9.7851 -31.6873 8.1236
3.4548 -30.7473 9.3126
3.4439 -30.4263 9.3611
7.1996 -31.1215 8.2068
2.8591 -31.6654 8.912
9.2038 -26.91 9.643
3.4439 -30.4716 9.3566
9.2039 -27.0866 10.7358
4.8873 -25.2923 9.9509
7.4773 -31.3832 8.1921
6.6225 -30.7326 8.6545
8.9263 -30.4223 8.5456
3.7348 -28.0064 9.6302
6.3335 -28.5459 9.9385
7.4774 -31.3597 8.1514
4.5954 -31.7957 8.6843
7.4776 -28.3929 9.1922
3.4439 -29.8863 9.3797
3.4439 -28.3703 9.6364
10.3593 -31.2893 8.2879
2.6651 -27.486 9.944
7.4775 -29.8203 8.8236
2.8771 -29.6505 9.475
7.1991 -28.4877 8.8909
4.5955 -31.4178 8.8592
4.887 -30.8996 9.0239
4.8931 -30.92 8.9943
6.6225 -30.3106 8.67
5.1813 -30.7055 8.9548
2.6651 -27.8905 9.7321
7.7675 -27.4938 10.45
7.4779 -24.4681 9.5698
8.9262 -30.0606 8.6241
9.2038 -28.2048 9.2313
10.3746 -26.9679 10.8662
9.2146 -28.2968 9.2176
5.1741 -31.0349 8.9458
3.4439 -28.232 10.4332
5.1741 -30.6907 8.9925
2.6884 -24.6939 10.1357
3.7415 -27.7777 9.7531
8.9263 -30.6976 8.4627
7.4775 -29.1264 8.8661
9.4935 -28.7223 9.0444
9.4935 -28.5052 9.083
9.4935 -28.6138 9.0637
5.1804 -24.8071 9.8734
9.2038 -28.3489 9.1698
9.503 -31.0986 8.3708
6.3335 -28.1364 9.8926
5.1804 -25.2338 9.866
8.3432 -27.7431 9.6061
5.1739 -26.0291 9.7528
5.7485 -24.7288 9.8873
9.2039 -27.0204 10.8284
7.4841 -29.2285 8.9096
4.3112 -31.4848 8.8281
4.6062 -30.7198 9.1219
2.6716 -31.8263 8.8052
6.3335 -27.8824 9.9089
5.7566 -25.4428 9.6912
4.5956 -30.4794 9.1623
7.1989 -28.2551 9.2967
8.3432 -26.8519 11.1098
7.1936 -31.8188 8.1583
4.606 -29.7702 9.0945
2.6718 -30.282 9.469
7.1933 -28.494 9.0146
5.1806 -27.0419 9.9081
4.0204 -30.5351 9.2558
3.4549 -31.5084 8.9928
8.9188 -31.182 8.1977
6.0384 -26.788 9.9206
3.4438 -31.5682 9.0164
3.4545 -28.1346 9.6804
8.926 -28.9117 9.0809
5.7484 -25.7236 9.6818
4.5961 -26.7651 9.8417
4.0315 -30.0929 9.2991
9.4935 -29.3995 8.8487
10.5964 -30.1857 8.4825
9.4935 -29.7334 8.7426
10.5962 -28.1915 9.3415
6.3335 -29.4668 10.5798
10.6022 -30.1912 8.4483
9.4935 -28.0862 9.249
10.6023 -29.3221 8.8091
4.3112 -30.8735 9.1378
8.3511 -30.1446 8.6623
8.9189 -28.679 9.0465
4.5957 -29.2263 9.1693
9.4935 -27.837 9.2735
8.9189 -28.1574 9.3044
7.7676 -27.816 9.7642
2.6719 -30.0003 9.4579
7.4776 -28.2719 9.2729
9.2037 -29.0906 9.0236
4.3112 -30.7285 9.1564
2.8775 -31.5487 9.0304
2.8775 -31.7967 8.9415
4.5959 -28.2631 9.5954
6.9083 -31.8675 8.0335
5.7481 -31.2741 8.6365
3.4543 -28.0232 10.7111
4.606 -29.8023 9.1085
8.9189 -28.2741 9.237
4.3112 -30.5323 9.1068
8.9258 -27.818 9.3431
5.7573 -31.1671 8.6992
5.7567 -27.0948 9.8776
8.3513 -31.2285 8.1345
4.6055 -28.4627 10.023
7.7714 -28.2294 9.2535
4.3185 -28.5962 10.2466
9.4935 -27.9545 9.249
2.8591 -31.1079 9.1905
2.8774 -31.3487 9.0156
4.319 -31.0961 8.9988
8.9189 -27.7368 9.3845
8.343 -30.5614 8.4119
7.7709 -27.0259 10.839
3.7348 -28.0953 9.7635
7.7718 -30.067 8.7247
4.8873 -25.2522 9.985
4.0204 -29.2546 9.2569
8.0592 -28.7886 9.0189
4.5955 -31.2105 8.9355
6.9005 -31.7224 8.0401
6.3334 -24.4176 9.8999
6.6129 -27.6741 10.0316
2.6882 -26.9547 10.1116
4.596 -26.8822 9.7957
7.7712 -27.966 9.7097
2.8774 -31.2721 9.049
2.6869 -27.4851 9.8798
7.7709 -27.1434 10.8146
8.9258 -27.2212 9.4704
9.7879 -29.2066 8.8968
4.5954 -31.8175 8.6391
7.768 -31.2014 8.0802
6.6219 -24.8132 9.6609
6.3339 -29.6868 7.9333
2.672 -27.7324 11.1696
4.5956 -30.4209 9.1853
4.3187 -28.7672 9.0292
4.596 -27.0744 10.999
2.859 -30.612 9.3682
2.8772 -30.2311 9.4438
2.859 -30.3542 9.4193
3.7416 -30.3809 9.3684
9.7879 -28.9377 9.0738
8.9189 -29.3331 8.8315
7.1936 -31.0808 8.2696
8.6311 -29.1693 8.9247
4.5958 -28.5497 10.2988
7.7678 -29.3576 8.9715
7.771 -26.9237 9.812
7.768 -31.3327 8.0587
7.7719 -30.4137 8.5788
4.596 -27.5056 9.8592
9.5027 -29.2926 8.8919
6.3262 -29.7001 7.8919
3.7416 -30.416 9.3047
7.7722 -31.7232 7.9855
7.7717 -29.7159 8.8839
3.4439 -30.1027 9.2982
8.6311 -28.9231 9.0995
6.3262 -29.6202 7.9816
9.5028 -29.765 8.6735
2.6869 -26.7271 10.122
3.4543 -26.4718 10.0971
8.9189 -27.01 9.5981
8.351 -29.8598 8.7289
4.0204 -28.8511 9.9679
5.7568 -28.4724 9.9619
2.859 -29.9151 9.4882
3.7416 -30.1903 9.3699
9.7878 -28.281 9.1597
7.1935 -30.8209 8.4415
7.7716 -29.0635 8.9565
9.4935 -29.904 8.6441
9.5029 -30.1126 8.5706
3.4545 -27.8314 9.7359
8.9257 -26.762 9.6703
8.6339 -28.2241 9.2827
8.6311 -28.222 9.2331
2.6724 -27.341 9.9945
8.634 -28.6337 9.1005
9.2038 -28.549 9.1845
8.3503 -25.9972 9.7309
4.8931 -30.6024 9.0039
3.4439 -29.5507 9.3998
8.919 -26.4363 9.7449
8.3432 -26.2297 9.7638
3.4546 -28.4501 9.5634
3.4439 -28.5862 9.5334
3.735 -29.0137 9.8194
6.9083 -31.729 8.146
3.4439 -29.3408 9.3473
3.4439 -29.4045 9.354
9.2038 -27.6807 9.3604
8.3432 -27.7 9.718
5.7482 -29.1219 10.4448
9.7878 -28.287 9.2323
9.7878 -28.2502 9.2101
8.9188 -29.4463 8.8204
9.7878 -28.3131 9.1738
6.3261 -31.0321 8.6431
10.6023 -27.4505 9.9011
10.6023 -27.2507 9.2236
6.9004 -31.4206 8.1602
3.4543 -27.9834 10.7667
4.8869 -31.8357 8.6132
4.0205 -27.5903 9.8164
3.4543 -27.9197 10.76
3.4439 -30.1527 9.3019
3.4439 -29.3643 9.388
9.5028 -29.576 8.7609
7.771 -27.2867 10.7102
5.1741 -31.6953 8.5967
6.6129 -26.6612 10.0196
4.6051 -27.4707 10.6065
8.6311 -26.9199 9.7357
6.3261 -25.1956 9.6906
5.1814 -31.7701 8.6008
7.4773 -31.7286 7.9817
5.7482 -29.2254 10.3959
7.4842 -29.9707 8.7852
3.7415 -26.7216 9.8525
4.8927 -28.3449 10.3399
5.7481 -29.862 10.2128
10.6023 -29.013 9.0202
5.7569 -29.9055 10.101
5.1806 -26.0568 9.6949
2.8764 -26.65 9.9804
5.7568 -29.7041 10.4779
9.4935 -29.5346 8.7923
10.6023 -27.0279 11.0142
10.5961 -27.0954 10.8222
10.3589 -29.2391 8.8428
4.8871 -28.4153 10.3403
3.7346 -26.0834 9.97
7.7675 -27.0347 10.8781
8.631 -31.2119 8.2115
6.3335 -29.6366 10.4384
6.0446 -30.2214 8.9062
7.4842 -29.8848 8.8022
5.1739 -26.5947 9.8821
10.6023 -29.1036 9.0113
4.5956 -30.6641 9.0882
8.6341 -29.3472 8.9057
7.1991 -28.9824 8.8769
4.0204 -31.7971 8.7875
10.6022 -29.4952 8.8394
10.6022 -29.7453 8.6298
6.0442 -26.8074 9.8564
4.0204 -31.0994 9.0927
5.174 -29.7011 10.5747
8.634 -28.9855 8.9842
4.5957 -29.5375 9.0656
6.6128 -31.0386 8.4564
5.1814 -31.2968 8.7763
7.199 -28.3163 9.1745
9.4935 -28.677 9.0488
10.5964 -31.122 8.2999
6.3261 -31.6366 8.2179
10.6022 -30.915 8.3126
4.0204 -30.9989 9.0639
4.0316 -31.151 9.0791
9.2148 -28.8928 9.0474
4.0204 -29.0708 9.3739
10.6022 -31.4122 8.1991
8.3502 -26.9016 10.9247
4.0204 -30.4402 9.278
10.3752 -27.9096 9.1384
4.6059 -29.217 9.1315
4.606 -29.9485 9.1544
8.634 -28.5302 9.1493
2.859 -30.5406 9.4312
8.6311 -29.1343 8.9884
8.634 -29.1758 8.9612
5.174 -29.7882 10.3939
8.9188 -30.5745 8.4727
9.2153 -31.088 8.2257
8.6311 -28.5328 9.1079
5.7481 -31.2014 8.635
10.6022 -31.7884 8.1664
4.6054 -28.4699 10.3881
10.3589 -29.1596 8.954
5.7571 -30.386 9.3783
2.8771 -30.1216 9.4201
6.6128 -29.7856 8.6918
6.9004 -31.1196 8.3232
9.4935 -27.0977 10.6674
2.8591 -30.8924 9.3149
8.9189 -27.5876 9.4164
9.2152 -30.5616 8.4752
4.0315 -29.3028 9.2992
4.0204 -29.5983 9.1887
8.0584 -27.0785 10.9296
6.9004 -27.0644 9.8842
5.7481 -30.0508 9.8972
8.3508 -28.7682 9.0982
4.0204 -30.0233 9.3233
9.4935 -30.7799 8.3987
4.6058 -28.6368 8.956
8.9265 -31.7362 8.1672
8.9265 -31.631 8.1302
9.2037 -30.5273 8.4431
6.9072 -24.2752 9.6261
6.9072 -24.3667 9.6601
9.7849 -28.1852 9.1911
2.8588 -27.7372 9.8009
8.0528 -31.2198 8.1975
6.9004 -27.9187 9.912
2.6881 -30.1659 9.4735
6.6129 -27.8322 9.9945
4.6058 -29.1631 9.1626
4.8873 -25.0346 10.0021
9.2154 -31.4125 8.1036
4.0315 -29.7102 9.2377
4.0204 -29.7073 9.1909
8.0583 -26.8994 11.0547
9.4935 -31.7286 8.1547
7.4775 -29.3325 8.9534
2.8769 -28.6753 9.5277
8.0584 -26.9207 10.9881
4.0312 -25.0196 9.926
3.4549 -31.0402 9.1979
4.887 -31.0394 8.9757
5.7481 -29.6628 10.469
2.8588 -27.3135 9.9586
9.2147 -28.4546 9.1592
9.2038 -28.5434 9.1334
4.0313 -27.6794 9.8673
2.6653 -31.1765 9.2026
4.8926 -24.9874 10.0194
4.8926 -24.8767 9.9313
9.4935 -31.4866 8.0881
6.9004 -28.2076 9.6039
8.3506 -28.008 9.4609
8.9188 -30.9755 8.317
4.0204 -31.3516 8.9905
9.4935 -27.9397 9.6378
8.0599 -31.7476 8.0271
4.6052 -27.2613 9.8912
4.596 -27.4124 9.9674
8.0598 -31.4453 8.1256
9.5028 -30.0493 8.5854
6.9004 -28.173 9.689
9.4935 -27.9029 9.6156
8.9188 -30.7677 8.3719
4.0313 -26.7747 9.814
8.631 -30.9503 8.2975
9.4935 -31.4263 8.2533
5.174 -30.069 9.9058
9.5029 -30.0848 8.5432
8.6311 -31.12 8.156
4.6056 -28.3345 9.5106
4.5959 -28.3242 9.4732
5.1741 -30.6142 9.0259
5.1741 -30.5727 8.9956
3.7351 -30.0978 9.3126
3.7346 -26.133 9.9522
10.3754 -29.8728 8.5368
9.2146 -28.1078 9.305
6.9003 -24.9797 9.6332
6.9078 -28.9017 8.9097
6.9004 -28.7961 8.8402
3.455 -31.4982 8.9336
8.0597 -31.0033 8.2723
8.926 -28.751 8.9891
9.5029 -30.5962 8.4544
9.4935 -30.0519 8.5478
2.672 -29.276 9.5721
5.757 -30.2137 9.6189
9.5024 -28.009 9.6546
9.2037 -30.0276 8.6558
4.0205 -28.6423 9.2956
4.0315 -30.2925 9.2925
3.7416 -30.537 9.2239
10.3591 -29.991 8.5278
2.8764 -26.4568 10.0811
3.4549 -31.3682 9.0195
9.2037 -29.0141 9.0569
3.7416 -31.0039 9.1824
9.2154 -31.7738 8.2317
8.0529 -30.7372 8.3569
4.3181 -25.0591 10.0297
3.7416 -29.1958 9.5966
3.735 -29.1983 9.5172
3.7416 -29.2698 9.4344
2.672 -29.2273 9.6328
8.9263 -30.8374 8.4145
7.4841 -28.7928 8.9221
6.0384 -25.4057 9.6004
4.0206 -24.9323 10.1896
4.0311 -25.0051 10.1082
9.503 -31.1247 8.3123
8.9188 -29.9876 8.638
8.6342 -30.1271 8.6183
5.1807 -28.1471 10.4538
3.7416 -30.1261 9.3417
8.3431 -29.6975 8.8025
2.6717 -30.8289 9.3378
8.9188 -29.7683 8.7973
5.174 -28.4243 10.085
2.6869 -28.8199 9.6411
8.3509 -29.0025 9.0064
9.785 -28.4015 9.1096
5.7481 -30.1636 9.6365
8.9188 -31.3641 8.2228
4.6047 -24.8701 9.9792
6.3261 -26.8447 9.9544
3.7352 -30.4698 9.2932
4.0312 -24.9957 9.8638
7.1997 -31.8094 8.0921
3.7349 -28.1903 9.7412
8.631 -30.5147 8.5383
8.6342 -30.6957 8.442
3.7352 -31.0615 9.136
3.4542 -25.1088 10.0584
3.4439 -25.0651 10.112
8.3514 -31.2918 8.1197
4.0204 -29.6582 9.2301
4.6063 -30.8814 9.0286
6.6225 -29.2918 8.1287
3.7351 -29.8495 9.38
3.7416 -30.0346 9.3077
4.8869 -31.6019 8.7266
3.7416 -29.2727 9.3567
8.0597 -30.955 8.3545
3.7344 -25.0274 10.0696
4.0205 -26.8946 9.7729
8.9188 -30.1316 8.5765
8.6311 -29.3399 8.8261
4.0312 -26.0513 9.9711
9.2142 -27.5527 10.1683
4.0314 -28.6503 9.3718
4.0312 -25.5164 10.0193
8.9261 -29.5154 8.841
5.1809 -29.8136 10.4581
4.0315 -29.3382 9.257
3.7416 -30.7768 9.1832
4.0204 -31.7116 8.826
4.0205 -26.114 9.7894
6.9004 -29.2963 8.877
6.9079 -29.4459 8.8778
4.5957 -29.4884 9.1048
6.9004 -30.0368 8.6664
9.4935 -25.7263 9.7652
5.1813 -31.1407 8.9207
6.0383 -29.8275 10.2284
6.0443 -29.7994 10.2902
9.2037 -29.5672 8.7916
10.3582 -26.0188 9.6938
9.2037 -29.8241 8.6974
8.053 -29.6646 8.7594
4.0313 -27.6922 9.8273
5.1809 -29.9877 10.0752
3.4439 -30.8513 9.2677
8.3431 -27.9372 9.5483
4.0316 -31.3344 8.9406
7.484 -28.3032 9.422
5.1741 -31.1332 8.8672
4.0315 -30.7269 9.2154
8.9188 -30.669 8.429
8.9189 -28.8517 9.0553
8.926 -28.8014 9.0143
9.5025 -28.2596 9.2384
8.9259 -28.3093 9.1572
6.0383 -29.9446 9.9544
4.6065 -31.7468 8.7028
8.6343 -31.1895 8.1569
6.0382 -31.5795 8.3907
6.0382 -31.7676 8.2603
8.0584 -27.0191 10.9096
6.0383 -31.0319 8.707
8.9263 -30.7994 8.3279
5.1814 -31.6427 8.5875
6.9004 -27.7524 9.9972
2.6652 -30.2214 9.5805
8.0531 -29.1781 8.9536
8.3431 -27.9714 9.4416
4.0204 -30.8288 9.1839
8.9188 -31.4813 8.1769
6.6225 -30.777 8.6071
2.6869 -27.2743 10.0123
4.5954 -31.8167 8.5962
6.0383 -30.0749 9.6618
6.9004 -30.1646 8.7012
8.0593 -29.6706 8.8463
9.5029 -30.2028 8.5403
2.6729 -24.7967 10.1498
8.3505 -26.9455 9.694
8.3431 -28.967 9.0509
10.6023 -26.6701 9.4829
9.7878 -26.6593 9.5857
8.3431 -27.9407 9.7201
6.9004 -31.5604 8.112
5.174 -28.4884 10.1131
9.7875 -26.9552 10.9896
8.6311 -28.1635 9.2561
5.7566 -26.5142 9.9088
5.7572 -30.6725 8.9413
6.6226 -31.2632 8.3916
5.7484 -26.5642 9.9348
8.3508 -28.799 9.0479
2.6723 -27.7164 9.9189
9.2153 -31.0529 8.2894
6.0382 -31.7279 8.3158
6.0448 -31.7759 8.3019
6.908 -30.2959 8.6912
8.9258 -27.5957 9.3519
5.7484 -26.2525 9.789
7.768 -31.3746 8.1105
8.0529 -30.4551 8.5525
2.6884 -24.734 10.1016
2.6651 -27.5532 9.8943
2.6652 -30.324 9.4886
6.6226 -31.3957 8.2064
8.343 -29.8288 8.781
6.6227 -31.8023 8.102
4.0204 -28.4788 10.1938
6.6128 -31.8695 8.0088
7.1936 -31.7123 8.0569
6.6128 -31.858 8.1132
4.887 -30.8491 8.9988
8.343 -29.7296 8.8166
8.343 -30.2614 8.6179
3.4439 -30.2758 9.3285
8.3431 -28.1235 9.332
2.6717 -30.8601 9.3089
6.6128 -31.5515 8.2251
6.6226 -31.645 8.182
6.908 -30.133 8.72
6.908 -30.1048 8.6712
5.7481 -30.5217 8.93
8.6344 -31.609 8.2406
9.4935 -30.1472 8.547
4.8872 -27.3381 9.844
4.0204 -29.45 9.2635
4.8872 -27.2432 9.8662
5.7482 -28.3736 10.0408
8.3507 -28.1564 9.1581
9.2036 -31.2712 8.1761
3.7353 -31.4483 8.9559
9.4935 -27.1242 10.6304
8.9189 -26.8168 9.6988
6.6227 -31.9096 8.0183
6.6221 -27.9338 9.9445
2.6882 -28.1646 9.7604
6.6128 -31.2207 8.4815
3.7345 -25.7217 10.0486
4.5954 -31.6461 8.6947
2.6869 -27.5223 9.9234
6.9004 -30.4314 8.6448
6.6128 -25.1607 9.4746
6.9004 -26.8892 9.9746
4.5955 -31.4764 8.8362
6.6219 -24.761 9.7779
6.6219 -24.7195 9.7476
8.3512 -30.6214 8.4306
10.3589 -29.2276 8.9473
10.6022 -29.9445 8.6016
6.6225 -30.556 8.6804
10.6022 -30.136 8.4149
10.3589 -29.1955 8.9332
2.6882 -27.2245 9.9775
6.9004 -28.8594 8.8253
5.7566 -26.8686 9.9213
9.4935 -30.0061 8.5308
8.3511 -29.9676 8.6667
8.0589 -27.937 9.5758
8.0529 -30.3794 8.6288
8.0595 -30.3466 8.5863
6.9074 -27.6075 10.0479
6.6225 -29.3405 8.068
9.5026 -28.3258 9.1459
9.4935 -28.4791 9.1415
8.351 -29.856 8.7637
2.8589 -29.0031 9.5261
10.6023 -26.9295 11.0927
6.0383 -28.1475 9.3307
8.053 -29.7886 8.829
4.8932 -31.6597 8.741
3.7352 -30.6408 9.2161
4.8869 -31.7866 8.6525
8.6311 -27.7168 9.6228
4.6063 -30.9396 8.9842
6.3261 -24.8048 9.9055
4.3111 -27.275 9.935
5.1739 -25.0056 9.8879
3.4438 -31.7397 8.9608
10.5962 -28.2321 9.1008
3.7344 -24.8213 10.2104
9.503 -30.9797 8.3308
6.0383 -31.058 8.6485
10.3594 -31.8045 8.164
9.4935 -31.773 8.1073
2.6882 -29.422 9.5122
9.2151 -30.4449 8.5426
2.877 -29.4465 9.495
9.4935 -28.2213 9.1927
6.6219 -24.7679 9.6654
3.7349 -28.127 9.756
10.6022 -26.8949 11.1779
10.5961 -26.9727 11.0452
10.655 -26.6658 9.4267
6.9072 -24.5651 9.589
7.1932 -27.8127 9.9078
10.6556 -31.8219 8.1958
6.3261 -25.6757 9.6304
5.7566 -25.5133 9.5853
3.4439 -25.5123 9.9948
2.859 -27.4499 11.1071
3.4545 -28.0662 9.6655
5.4683 -29.073 10.3557
4.893 -29.2731 9.0655
5.1741 -31.4149 8.6501
4.0314 -28.9368 9.391
4.3112 -30.9944 9.0571
10.3582 -26.02 9.5301
7.1985 -24.3379 9.375
8.6311 -25.0113 9.6655
8.3432 -26.8744 9.7606
10.6551 -27.1475 9.2244
8.0585 -27.0883 10.7393
7.1933 -28.6256 9.0146
10.0702 -29.1677 8.9193
10.3754 -31.7595 8.1966
8.6341 -29.3904 8.7939
8.6311 -29.6721 8.8623
6.9004 -31.2253 8.3816
7.4773 -31.8112 8.249
3.7345 -25.3946 10.0421
5.174 -27.2121 9.873
3.158 -26.7371 10.0408
2.8588 -26.9984 10.0971
4.0313 -27.4062 9.8295
3.7415 -28.1868 9.7775
4.8871 -28.6278 10.2935
6.6224 -29.3319 8.3228
4.8871 -28.8879 9.6869
4.5957 -29.9698 9.1091
5.1741 -30.8438 8.9258
6.6128 -31.1378 8.4208
6.3261 -31.198 8.5364
6.0383 -31.3046 8.4952
9.7848 -26.7697 11.0517
8.3432 -26.1925 9.7201
10.3748 -27.2872 10.2582
10.5965 -31.3982 8.2598
10.3746 -26.9504 10.898
8.6335 -24.4309 9.8871
4.3112 -30.876 9.0386
4.3111 -28.4911 10.3404
8.9261 -29.5415 8.7825
10.3591 -30.4557 8.3787
2.8589 -28.4242 9.6431
9.2037 -30.4209 8.5697
2.6882 -28.6661 9.6337
2.6882 -28.7751 9.6359
8.9256 -26.4165 9.6526
10.5961 -27.4394 9.2004
2.6869 -30.0845 9.5298
9.2039 -25.0635 9.7216
10.3752 -25.7129 9.4187
8.9256 -25.5751 9.5844
10.0703 -26.3559 9.5446
6.9073 -25.4497 9.5453
8.3504 -26.3623 9.8243
8.3432 -26.5405 9.8666
7.771 -26.644 9.9082
7.771 -26.8557 9.8186
7.771 -26.8929 9.8623
7.7676 -27.0512 9.891
10.6023 -27.1552 10.7994
10.5961 -27.6945 9.9112
9.5023 -27.6558 9.9345
10.5961 -27.4022 9.1567
9.7878 -27.4742 9.2346
9.5025 -27.4395 9.3317
9.5025 -27.6118 9.3191
9.5026 -28.2792 9.0859
8.9259 -28.4282 9.1972
9.2037 -28.6413 9.0334
8.0586 -27.2598 10.4556
7.7709 -27.19 10.8746
7.1988 -28.049 9.6654
8.6311 -27.397 9.5252
8.3506 -27.6479 9.6253
7.4776 -28.2078 9.4729
7.199 -28.3821 9.0605
10.0702 -29.1548 8.9593
10.3754 -29.963 8.5064
9.785 -29.1031 8.9976
9.2151 -29.9827 8.5921
8.9262 -30.1782 8.5996
10.6555 -30.7497 8.3918
9.788 -30.8479 8.3183
8.9188 -30.5301 8.5201
9.7851 -31.1782 8.32
9.4935 -31.2642 8.0971
8.0531 -29.4599 8.9646
8.0593 -29.5026 8.8456
7.1993 -29.8337 8.7547
6.9004 -29.9842 8.762
7.7719 -30.4582 8.5314
7.4844 -31.3141 8.064
6.9004 -31.3325 8.2979
5.1739 -24.885 9.9902
5.1804 -25.0705 9.8734
6.3334 -26.1466 9.8466
5.468 -25.3333 9.7669
5.1805 -25.7079 9.7334
4.3181 -24.7367 10.0312
4.6048 -25.546 9.9474
4.3112 -25.588 10.0406
2.6869 -25.0298 10.1682
2.6883 -26.015 10.1221
3.1581 -26.2757 9.9054
4.6049 -26.9487 11.0708
5.7566 -26.7511 9.9458
5.7566 -26.7789 9.9732
6.0442 -27.0469 9.7942
5.4681 -26.8254 9.9047
4.6053 -27.5337 9.886
4.8929 -28.5241 9.0744
4.0205 -27.6106 10.8257
3.158 -26.7183 10.0083
2.8587 -26.6662 10.0609
2.8765 -26.8369 10.0137
4.3111 -28.1148 10.3731
2.672 -27.7306 11.0837
4.3112 -26.7508 9.8359
3.158 -27.103 9.949
3.158 -27.528 9.8556
3.7349 -28.1548 9.7834
5.4683 -28.7015 10.1684
5.174 -29.6652 10.5954
4.8929 -29.1132 9.2447
5.4685 -30.2167 9.6412
5.7481 -30.382 9.4343
5.1812 -30.638 8.983
4.8931 -31.4622 8.8551
6.6225 -30.8296 8.5115
5.7573 -31.2244 8.6118
5.4688 -31.1835 8.703
5.7481 -31.3156 8.6668
5.4689 -31.5397 8.5735
3.7349 -28.8552 10.0631
3.735 -29.1346 9.5106
4.0315 -29.8342 9.3073
4.0204 -30.1084 9.2633
3.4439 -29.2451 9.5547
4.3112 -30.3874 9.1254
4.3189 -30.4996 9.1477
3.4548 -30.1744 9.2741
3.158 -30.5695 9.359
2.8773 -30.7005 9.303
4.3112 -31.0299 9.0148
4.319 -31.0307 8.9063
9.5026 -28.1634 9.1962
9.7878 -24.7816 9.6925
10.0703 -24.9484 9.554
9.5022 -24.5912 9.7269
8.9255 -24.7435 9.7821
8.9256 -25.496 9.717
9.7848 -26.1998 9.5887
10.3584 -26.7036 9.4284
10.3585 -27.0374 9.3223
9.5023 -26.4933 9.7041
9.2143 -26.6605 9.5973
8.6335 -24.4335 9.7879
8.0538 -24.4865 9.5789
7.1929 -24.086 9.3018
7.1984 -24.5059 9.6038
7.1985 -24.9869 9.5868
8.0584 -26.9845 10.9947
10.6023 -27.2137 10.0922
9.7848 -27.1437 10.6836
9.4935 -27.2815 10.5503
9.5023 -27.4565 9.9626
9.2143 -27.5908 10.0269
9.4935 -27.8234 9.7267
9.2143 -27.7041 10.0158
9.2145 -28 9.5952
10.3753 -27.3966 9.1415
10.6553 -28.6298 9.0956
9.7849 -27.1591 9.4255
9.5025 -28.024 9.2658
9.5026 -28.375 9.1066
8.6336 -27.1672 10.7074
8.6336 -27.251 10.583
8.0587 -27.5907 9.9713
8.0587 -27.6262 9.9291
8.3505 -27.765 9.8075
7.1986 -27.6308 10.3304
6.9004 -27.8695 9.9513
7.4838 -27.7705 9.8055
7.4839 -27.9902 9.6678
7.484 -28.2528 9.3968
7.4776 -28.2758 9.4662
10.0702 -29.9769 8.517
9.7879 -28.8761 8.9464
9.2148 -28.9959 8.9771
9.2149 -29.2614 8.8564
9.788 -29.777 8.5783
10.3593 -31.0397 8.291
10.5964 -31.1502 8.3488
10.6556 -31.4221 8.1879
10.3755 -31.5487 8.1011
10.3755 -31.6539 8.1381
10.0702 -31.8058 8.2423
9.503 -31.3641 8.2501
9.4935 -31.3015 8.1408
9.2154 -31.2184 8.1613
8.9188 -31.6908 8.2079
8.634 -29.0681 9.0234
8.3509 -29.1612 8.9909
7.1933 -28.8501 8.8849
6.9078 -28.6537 8.9986
7.7678 -29.9403 8.8195
8.0595 -30.4966 8.5974
8.343 -31.1475 8.2035
7.7721 -31.1816 8.1463
7.7721 -31.4329 8.0011
7.4843 -30.4487 8.6178
7.1936 -31.6631 8.0962
6.6128 -24.4328 9.8518
6.3334 -25.1667 9.6629
6.3335 -25.1569 9.3971
5.7565 -24.3739 9.6024
5.7565 -25.1007 9.8452
5.4679 -24.9109 9.761
5.1739 -24.8979 9.9502
4.5963 -24.8215 10.0629
3.7415 -25.492 9.9001
2.8585 -24.5161 9.9448
4.0312 -25.944 9.8267
3.4543 -26.1883 10
3.1581 -25.9004 9.7529
6.6221 -27.685 9.9904
6.0442 -27.7784 10.0452
4.5958 -28.4937 10.2225
6.0384 -26.6914 9.8569
6.3335 -27.8379 9.9563
6.6129 -28.4111 9.8773
6.0444 -28.0336 9.4091
4.8872 -26.6485 9.8732
2.8765 -26.8877 10.0603
4.0205 -26.8262 9.7581
3.7416 -27.7806 9.6753
2.6651 -28.3355 9.7357
6.6129 -28.5501 10.0142
6.3335 -28.5699 10.0007
5.7482 -29.1634 10.4751
6.6129 -29.4798 10.6283
6.3336 -30.0923 10.2948
6.3336 -29.8717 10.1615
4.8928 -28.5702 10.0252
5.4683 -29.6942 10.5402
5.1809 -29.8945 10.1834
6.0383 -30.1655 9.6529
6.6128 -30.2041 8.7323
5.4686 -30.3305 9.4235
6.3261 -30.5272 8.8262
5.4687 -30.6093 9.0562
5.1811 -30.2946 9.5287
4.5956 -30.5299 9.1875
5.1741 -30.8399 8.9606
4.893 -30.5216 9.0506
4.5955 -30.8176 9.043
5.1741 -31.084 8.9065
6.6128 -30.8877 8.6305
6.3339 -31.0429 8.5406
6.0447 -31.0235 8.5951
6.0383 -31.5244 8.5854
5.4689 -31.6902 8.6061
5.1741 -31.4752 8.7131
5.1814 -31.6435 8.6304
4.8869 -31.6681 8.634
4.0204 -29.146 9.2762
4.3112 -29.6122 9.193
3.7416 -29.395 9.3404
4.0315 -29.956 9.2695
2.6651 -28.8935 9.7067
3.4547 -29.1876 9.4309
2.6882 -29.5208 9.4551
2.6719 -29.663 9.6202
3.4439 -30.3447 9.3648
3.158 -30.891 9.3145
4.0317 -31.7513 8.6674
3.7416 -31.6798 8.9224
2.8591 -31.3003 9.0468
2.8775 -31.5064 8.9571
10.3586 -27.936 9.0745
8.634 -28.6657 9.1145
8.351 -29.6165 8.8259
6.0443 -29.7002 10.3257
5.4688 -30.9838 8.9378
8.3432 -27.8462 9.7638
7.7676 -26.5155 9.8963
10.0702 -28.4418 9.1758
8.0588 -27.6706 9.6536
10.5964 -30.0386 8.3937
6.6129 -28.9397 10.191
6.0444 -29.967 9.8133
6.3339 -30.8082 8.6109
4.3112 -28.8821 9.4628
4.0205 -27.1794 9.9343
6.3261 -31.8012 8.2748
9.7849 -27.086 9.4025
10.6554 -30.1554 8.4202
9.785 -29.2766 8.8213
10.0702 -30.495 8.3154
6.9004 -28.6657 8.9047
4.0205 -26.5415 9.8249
5.7483 -26.8135 9.9103
5.7481 -29.7658 10.3987
4.887 -30.1555 9.7255
10.5961 -27.6432 9.8431
10.0702 -27.1938 9.2125
10.0702 -28.216 9.2411
8.631 -27.2618 10.4724
8.0589 -28.0169 9.4862
10.3588 -28.7564 9.0023
9.788 -30.0886 8.4961
10.6022 -30.4994 8.4223
7.1996 -31.4255 8.1943
6.0441 -24.4064 9.6788
5.4679 -24.8682 9.6662
4.3181 -24.9509 10.0704
4.3182 -25.452 9.9223
2.665 -26.5322 10.1582
5.1739 -26.649 9.8725
3.4439 -28.0384 10.7406
2.8588 -28.3516 9.6416
6.6224 -29.7043 8.7811
4.3185 -28.6086 10.1851
4.3189 -29.8913 9.1514
4.3112 -30.8132 9.0749
4.0204 -31.5166 8.8409
3.7353 -31.2637 9.03
6.3262 -29.5608 7.9616
8.351 -29.3442 8.831
4.6066 -31.8503 8.6539
9.7878 -24.4507 9.7206
9.5023 -25.7092 9.5485
9.7848 -26.9667 10.9162
10.655 -26.6021 9.4201
9.7878 -26.667 9.5161
9.5023 -26.2449 9.5434
9.4935 -26.6365 9.6412
9.4935 -26.8901 9.6034
8.9257 -26.8979 9.657
8.3503 -24.9797 9.4819
6.9003 -25.1391 9.6605
8.631 -27.0088 10.7598
7.4837 -26.3549 9.8625
7.1986 -26.6017 9.9579
6.9004 -26.8302 9.9761
10.6023 -27.2007 9.2199
10.3585 -27.137 9.3082
9.2145 -27.6178 9.3271
9.2038 -27.7761 9.3597
9.2145 -27.7577 9.279
9.785 -28.3151 9.1052
8.0533 -27.3078 10.773
8.3505 -27.6966 9.7926
6.9075 -27.7729 9.9198
10.6023 -29.7132 8.6157
10.5964 -30.0852 8.4536
9.785 -28.7008 9.0888
10.0702 -30.7054 8.3893
10.3593 -30.9542 8.3296
10.6556 -31.2516 8.2864
10.3593 -31.1204 8.2443
10.3755 -31.3722 8.127
10.6556 -31.6376 8.0634
9.788 -31.1502 8.2198
9.2154 -31.3364 8.1584
8.9265 -31.4018 8.0236
8.3431 -29.0422 8.9531
8.053 -30.2281 8.5534
7.4774 -30.2406 8.722
6.908 -29.7845 8.7801
8.343 -30.9846 8.2325
8.0529 -30.6906 8.525
7.1935 -30.4028 8.6504
6.622 -24.9402 9.4247
5.7485 -24.5432 9.9185
5.4679 -24.8322 9.915
5.7484 -26.5492 9.8674
4.3181 -24.9886 10.1356
4.0206 -24.8065 9.8061
4.0206 -25.0379 10.02
3.7416 -25.1897 9.7705
3.4542 -25.0011 9.8925
4.3183 -25.9587 9.8253
4.3183 -25.9424 9.4654
4.3112 -26.3092 9.776
3.7346 -26.5447 9.8773
2.665 -26.4142 10.1612
4.6055 -28.5273 10.0726
4.8929 -28.5301 9.1469
3.158 -27.2813 10.0089
3.4544 -28.3192 10.2906
2.859 -27.8821 10.9227
4.3185 -27.6701 9.8038
2.8766 -27.6334 9.8795
2.6651 -27.5951 9.9461
6.6129 -29.6457 10.5216
6.3336 -29.9371 10.254
6.6223 -28.5392 9.1062
6.3336 -30.5733 10.0497
5.7572 -30.5716 8.891
4.8931 -31.4267 8.8973
6.6225 -30.8035 8.57
6.0448 -31.5288 8.4337
3.7415 -28.6187 10.0277
4.0314 -29.0184 9.3873
4.0314 -29.1091 9.3784
4.3188 -29.0045 9.0877
4.3188 -29.1892 9.2417
3.735 -29.5151 9.2365
3.158 -28.8743 9.5125
2.6881 -29.6353 9.5084
3.4547 -29.832 9.4066
4.0316 -31.6012 8.8843
3.7416 -31.2321 9.018
3.158 -31.174 9.1619
2.6653 -31.3924 9.0996
6.622 -24.8718 9.4099
10.3585 -26.901 11.0959
9.502 -27.0255 10.6675
9.7849 -26.7765 9.5922
8.6311 -24.957 9.6751
10.6023 -27.1682 9.1844
10.6023 -27.3148 9.2517
8.0533 -27.2095 10.8515
10.0702 -31.4651 8.2328
9.5029 -30.3739 8.4633
9.2154 -31.4202 8.034
7.1991 -29.0145 8.8909
7.4774 -31.1438 8.2544
5.4678 -24.4975 9.9779
5.4679 -25.0127 9.8543
4.8927 -26.0477 9.6787
4.6048 -25.2596 9.9281
5.7483 -27.8979 10.3157
4.3185 -28.5325 10.2399
4.0313 -26.811 9.8148
6.3339 -30.8719 8.6176
4.8932 -31.717 8.6536
4.0204 -31.5811 8.6624
9.5021 -27.0516 10.609
9.5028 -29.4991 8.7727
5.7573 -31.0992 8.7058
4.0317 -31.5957 8.8332
10.0703 -24.3478 9.7164
9.214 -24.5792 9.7451
10.0703 -25.5923 9.7359
10.6551 -27.0465 10.9557
8.6337 -26.277 9.7878
8.3432 -26.877 9.8894
9.5025 -27.8641 9.2169
9.7878 -28.6218 9.1693
8.926 -28.5953 9.155
7.7675 -27.2646 10.5715
7.1987 -27.1841 9.7846
8.6338 -27.3061 9.476
10.5963 -28.9401 9.0828
10.6554 -29.7014 8.65
9.5028 -29.6303 8.7513
9.2037 -29.9421 8.6944
10.3754 -31.0776 8.384
9.5029 -30.4465 8.4648
9.7851 -31.6296 8.1895
7.7678 -30.0528 8.7655
8.6344 -31.6325 8.0532
7.1995 -30.8949 8.4571
6.3334 -24.7502 9.7296
6.0441 -24.8668 9.5433
5.1804 -25.2659 9.8801
6.622 -25.8 9.732
6.0442 -25.6591 9.6506
5.7484 -25.3739 9.6775
5.468 -25.9362 9.7121
4.3181 -24.8424 9.8616
4.3182 -25.5628 9.7824
3.4439 -24.853 10.1802
4.0205 -26.1165 9.9183
3.1581 -25.8563 9.8218
5.4682 -28.1576 10.2217
3.4543 -27.9352 10.6208
3.7349 -28.2221 10.418
2.6723 -27.7237 9.8279
2.6651 -28.2582 9.7261
6.3335 -28.7764 10.1096
6.0442 -29.3453 10.5198
6.3335 -30.2355 10.4184
4.8871 -28.5431 10.375
6.6224 -29.609 8.7819
6.3262 -29.3308 8.0402
5.4687 -30.6811 9.0148
4.3188 -29.4723 9.0892
3.158 -28.8688 9.4614
2.8769 -28.9668 9.5765
3.4547 -29.4579 9.3184
3.7352 -30.9572 9.142
2.859 -30.3914 9.463
2.687 -30.7263 9.3764
2.6881 -31.6011 9.0357
8.3502 -26.9456 10.8559
8.631 -27.2857 10.5346
9.4935 -31.6418 8.1288
7.4776 -27.8693 9.7988
6.908 -29.9872 8.6956
10.3592 -30.8281 8.3807
10.6022 -31.5272 8.2739
6.9004 -29.8478 8.7539
4.5956 -30.2708 9.1742
7.4838 -27.0847 9.7996
5.1811 -30.2412 9.5813
2.6882 -28.2976 9.5968
8.3511 -30.1433 8.5979
4.8869 -31.4741 8.6919
6.9004 -29.6683 8.8576
8.9262 -30.064 8.5678
8.9188 -30.082 8.5943
9.4935 -29.6612 8.7627
2.6651 -28.5194 9.6186
2.6882 -27.9692 9.7538
10.5961 -27.4551 9.9735
9.7849 -27.2224 9.4106
8.0533 -27.3492 10.5753
10.3753 -29.6031 8.6709
10.359 -29.8388 8.6374
10.3591 -30.0722 8.5025
6.0441 -24.5209 9.504
6.3261 -24.9173 9.8514
6.0383 -27.789 10.2439
5.1806 -27.1462 9.9021
4.8872 -27.2039 9.9433
10.3583 -26.09 9.4027
8.6311 -24.8625 9.4908
8.3432 -26.591 9.8918
10.0702 -28.5683 9.1461
10.6555 -30.9348 8.3392
9.2036 -31.2395 8.1835
8.634 -28.8047 9.0234
6.9004 -30.313 8.6264
8.631 -30.9691 8.33
6.9083 -31.3566 8.1439
6.9083 -31.4643 8.0816
5.7565 -24.4543 9.5343
6.0384 -25.5502 9.5604
6.6129 -27.7292 10.0649
6.0383 -29.6579 10.598
4.5956 -30.3127 9.226
4.3112 -29.5079 9.1989
3.158 -29.1629 9.411
2.6882 -29.0466 9.5877
4.0204 -30.1413 9.3203
2.6881 -30.3284 9.4232
3.158 -30.6183 9.2983
10.5961 -27.0325 10.8585
9.7849 -26.8847 9.5515
9.2037 -30.2038 8.6084
7.4775 -29.7036 8.891
6.6128 -25.2419 9.4493
2.6649 -27.4371 11.3516
4.3111 -27.3854 10.0016
4.0314 -29.1552 9.4169
3.7416 -29.4583 9.3255
9.2039 -24.4115 9.816
9.4935 -26.6716 9.5776
6.9072 -24.4928 9.609
6.9003 -26.1662 9.9253
8.9189 -27.6538 9.3238
9.7878 -28.1493 9.1597
9.7879 -28.9903 8.9782
10.6022 -30.3793 8.5459
10.6556 -31.2238 8.2591
8.0592 -28.9118 9.0456
7.1995 -31.0373 8.3098
2.8766 -27.3589 10.0055
